契約番号,請求回,請求日,顧客コード,前受金金額,請求金額,消費税,前受金からの取崩金額,差引請求額,担当部署名,売上集計区分,契約月数,延長区分,契約期間
B22012829,39,2025/9/30,10754,0,75200,7520,0,82720,熊本支店,レンタル法人,49,新規,12ヶ月以上
B22012829,40,2025/10/31,10754,0,75200,7520,0,82720,熊本支店,レンタル法人,49,新規,12ヶ月以上
B22012829,41,2025/11/30,10754,0,75200,7520,0,82720,熊本支店,レンタル法人,49,新規,12ヶ月以上
B22012829,42,2025/12/31,10754,0,75200,7520,0,82720,熊本支店,レンタル法人,49,新規,12ヶ月以上
B22012829,43,2026/1/31,10754,0,75200,7520,0,82720,熊本支店,レンタル法人,49,新規,12ヶ月以上
B22012829,44,2026/2/28,10754,0,75200,7520,0,82720,熊本支店,レンタル法人,49,新規,12ヶ月以上
B22012829,45,2026/3/31,10754,0,75200,7520,0,82720,熊本支店,レンタル法人,49,新規,12ヶ月以上
B22012829,46,2026/4/30,10754,0,75200,7520,0,82720,熊本支店,レンタル法人,49,新規,12ヶ月以上
B22012829,47,2026/5/31,10754,0,75200,7520,0,82720,熊本支店,レンタル法人,49,新規,12ヶ月以上
B22012829,48,2026/6/30,10754,0,75200,7520,0,82720,熊本支店,レンタル法人,49,新規,12ヶ月以上
B22012829,49,2026/7/31,10754,0,75200,7520,0,82720,熊本支店,レンタル法人,49,新規,12ヶ月以上
B22014249,36,2025/9/30,10986,0,3800,380,0,4180,熊本支店,レンタル法人,48,新規,12ヶ月以上
B22014249,37,2025/10/31,10986,0,3800,380,0,4180,熊本支店,レンタル法人,48,新規,12ヶ月以上
B22014249,38,2025/11/30,10986,0,3800,380,0,4180,熊本支店,レンタル法人,48,新規,12ヶ月以上
B22014249,39,2025/12/31,10986,0,3800,380,0,4180,熊本支店,レンタル法人,48,新規,12ヶ月以上
B22014249,40,2026/1/31,10986,0,3800,380,0,4180,熊本支店,レンタル法人,48,新規,12ヶ月以上
B22014249,41,2026/2/28,10986,0,3800,380,0,4180,熊本支店,レンタル法人,48,新規,12ヶ月以上
B22014249,42,2026/3/31,10986,0,3800,380,0,4180,熊本支店,レンタル法人,48,新規,12ヶ月以上
B22014249,43,2026/4/30,10986,0,3800,380,0,4180,熊本支店,レンタル法人,48,新規,12ヶ月以上
B22014249,44,2026/5/31,10986,0,3800,380,0,4180,熊本支店,レンタル法人,48,新規,12ヶ月以上
B22014249,45,2026/6/30,10986,0,3800,380,0,4180,熊本支店,レンタル法人,48,新規,12ヶ月以上
B22014249,46,2026/7/31,10986,0,3800,380,0,4180,熊本支店,レンタル法人,48,新規,12ヶ月以上
B22014249,47,2026/8/31,10986,0,3800,380,0,4180,熊本支店,レンタル法人,48,新規,12ヶ月以上
B22015849,37,2025/9/30,10751,0,6200,620,0,6820,熊本支店,レンタル法人,57,新規,12ヶ月以上
B22015849,38,2025/10/31,10751,0,6200,620,0,6820,熊本支店,レンタル法人,57,新規,12ヶ月以上
B22015849,39,2025/11/30,10751,0,6200,620,0,6820,熊本支店,レンタル法人,57,新規,12ヶ月以上
B22015849,40,2025/12/31,10751,0,6200,620,0,6820,熊本支店,レンタル法人,57,新規,12ヶ月以上
B22015849,41,2026/1/31,10751,0,6200,620,0,6820,熊本支店,レンタル法人,57,新規,12ヶ月以上
B22015849,42,2026/2/28,10751,0,6200,620,0,6820,熊本支店,レンタル法人,57,新規,12ヶ月以上
B22015849,43,2026/3/31,10751,0,6200,620,0,6820,熊本支店,レンタル法人,57,新規,12ヶ月以上
B22015849,44,2026/4/30,10751,0,6200,620,0,6820,熊本支店,レンタル法人,57,新規,12ヶ月以上
B22015849,45,2026/5/31,10751,0,6200,620,0,6820,熊本支店,レンタル法人,57,新規,12ヶ月以上
B22015849,46,2026/6/30,10751,0,6200,620,0,6820,熊本支店,レンタル法人,57,新規,12ヶ月以上
B22015849,47,2026/7/31,10751,0,6200,620,0,6820,熊本支店,レンタル法人,57,新規,12ヶ月以上
B22015849,48,2026/8/31,10751,0,6200,620,0,6820,熊本支店,レンタル法人,57,新規,12ヶ月以上
B22016578,36,2025/9/30,8988,0,3600,360,0,3960,熊本支店,レンタル法人,36,新規,12ヶ月以上
B22016584,36,2025/9/30,10856,0,3600,360,0,3960,熊本支店,レンタル法人,48,新規,12ヶ月以上
B22016584,37,2025/10/31,10856,0,3600,360,0,3960,熊本支店,レンタル法人,48,新規,12ヶ月以上
B22016584,38,2025/11/30,10856,0,3600,360,0,3960,熊本支店,レンタル法人,48,新規,12ヶ月以上
B22016584,39,2025/12/31,10856,0,3600,360,0,3960,熊本支店,レンタル法人,48,新規,12ヶ月以上
B22016584,40,2026/1/31,10856,0,3600,360,0,3960,熊本支店,レンタル法人,48,新規,12ヶ月以上
B22016584,41,2026/2/28,10856,0,3600,360,0,3960,熊本支店,レンタル法人,48,新規,12ヶ月以上
B22016584,42,2026/3/31,10856,0,3600,360,0,3960,熊本支店,レンタル法人,48,新規,12ヶ月以上
B22016584,43,2026/4/30,10856,0,3600,360,0,3960,熊本支店,レンタル法人,48,新規,12ヶ月以上
B22016584,44,2026/5/31,10856,0,3600,360,0,3960,熊本支店,レンタル法人,48,新規,12ヶ月以上
B22016584,45,2026/6/30,10856,0,3600,360,0,3960,熊本支店,レンタル法人,48,新規,12ヶ月以上
B22016584,46,2026/7/31,10856,0,3600,360,0,3960,熊本支店,レンタル法人,48,新規,12ヶ月以上
B22016584,47,2026/8/31,10856,0,3600,360,0,3960,熊本支店,レンタル法人,48,新規,12ヶ月以上
B22017353,30,2025/9/30,10784,0,2093660,209366,0,2303026,熊本支店,レンタル法人,48,新規,12ヶ月以上
B22017353,31,2025/10/31,10784,0,2093660,209366,0,2303026,熊本支店,レンタル法人,48,新規,12ヶ月以上
B22017353,32,2025/11/30,10784,0,2093660,209366,0,2303026,熊本支店,レンタル法人,48,新規,12ヶ月以上
B22017353,33,2025/12/31,10784,0,2093660,209366,0,2303026,熊本支店,レンタル法人,48,新規,12ヶ月以上
B22017353,34,2026/1/31,10784,0,2093660,209366,0,2303026,熊本支店,レンタル法人,48,新規,12ヶ月以上
B22017353,35,2026/2/28,10784,0,2093660,209366,0,2303026,熊本支店,レンタル法人,48,新規,12ヶ月以上
B22017353,36,2026/3/31,10784,0,2093660,209366,0,2303026,熊本支店,レンタル法人,48,新規,12ヶ月以上
B22017353,37,2026/4/30,10784,0,1013660,101366,0,1115026,熊本支店,レンタル法人,48,新規,12ヶ月以上
B22017353,38,2026/5/31,10784,0,1013660,101366,0,1115026,熊本支店,レンタル法人,48,新規,12ヶ月以上
B22017353,39,2026/6/30,10784,0,1013660,101366,0,1115026,熊本支店,レンタル法人,48,新規,12ヶ月以上
B22017353,40,2026/7/31,10784,0,1013660,101366,0,1115026,熊本支店,レンタル法人,48,新規,12ヶ月以上
B22017353,41,2026/8/31,10784,0,1013660,101366,0,1115026,熊本支店,レンタル法人,48,新規,12ヶ月以上
B22017779,36,2025/9/30,8988,0,2000,200,0,2200,熊本支店,レンタル法人,36,新規,12ヶ月以上
B22018213,35,2025/9/30,10856,0,1800,180,0,1980,熊本支店,レンタル法人,48,新規,12ヶ月以上
B22018213,36,2025/10/31,10856,0,1800,180,0,1980,熊本支店,レンタル法人,48,新規,12ヶ月以上
B22018213,37,2025/11/30,10856,0,1800,180,0,1980,熊本支店,レンタル法人,48,新規,12ヶ月以上
B22018213,38,2025/12/31,10856,0,1800,180,0,1980,熊本支店,レンタル法人,48,新規,12ヶ月以上
B22018213,39,2026/1/31,10856,0,1800,180,0,1980,熊本支店,レンタル法人,48,新規,12ヶ月以上
B22018213,40,2026/2/28,10856,0,1800,180,0,1980,熊本支店,レンタル法人,48,新規,12ヶ月以上
B22018213,41,2026/3/31,10856,0,1800,180,0,1980,熊本支店,レンタル法人,48,新規,12ヶ月以上
B22018213,42,2026/4/30,10856,0,1800,180,0,1980,熊本支店,レンタル法人,48,新規,12ヶ月以上
B22018213,43,2026/5/31,10856,0,1800,180,0,1980,熊本支店,レンタル法人,48,新規,12ヶ月以上
B22018213,44,2026/6/30,10856,0,1800,180,0,1980,熊本支店,レンタル法人,48,新規,12ヶ月以上
B22018213,45,2026/7/31,10856,0,1800,180,0,1980,熊本支店,レンタル法人,48,新規,12ヶ月以上
B22018213,46,2026/8/31,10856,0,1800,180,0,1980,熊本支店,レンタル法人,48,新規,12ヶ月以上
B22018332,36,2025/9/30,10314,0,50080,5008,0,55088,熊本支店,レンタル法人,55,新規,12ヶ月以上
B22018332,37,2025/10/31,10314,0,50080,5008,0,55088,熊本支店,レンタル法人,55,新規,12ヶ月以上
B22018332,38,2025/11/30,10314,0,50080,5008,0,55088,熊本支店,レンタル法人,55,新規,12ヶ月以上
B22018332,39,2025/12/31,10314,0,50080,5008,0,55088,熊本支店,レンタル法人,55,新規,12ヶ月以上
B22018332,40,2026/1/31,10314,0,50080,5008,0,55088,熊本支店,レンタル法人,55,新規,12ヶ月以上
B22018332,41,2026/2/28,10314,0,50080,5008,0,55088,熊本支店,レンタル法人,55,新規,12ヶ月以上
B22018332,42,2026/3/31,10314,0,50080,5008,0,55088,熊本支店,レンタル法人,55,新規,12ヶ月以上
B22018332,43,2026/4/30,10314,0,50080,5008,0,55088,熊本支店,レンタル法人,55,新規,12ヶ月以上
B22018332,44,2026/5/31,10314,0,50080,5008,0,55088,熊本支店,レンタル法人,55,新規,12ヶ月以上
B22018332,45,2026/6/30,10314,0,50080,5008,0,55088,熊本支店,レンタル法人,55,新規,12ヶ月以上
B22018332,46,2026/7/31,10314,0,50080,5008,0,55088,熊本支店,レンタル法人,55,新規,12ヶ月以上
B22018332,47,2026/8/31,10314,0,50080,5008,0,55088,熊本支店,レンタル法人,55,新規,12ヶ月以上
B22018582,35,2025/9/30,11682,0,1900,190,0,2090,熊本支店,レンタル法人,60,新規,12ヶ月以上
B22018582,36,2025/10/31,11682,0,1900,190,0,2090,熊本支店,レンタル法人,60,新規,12ヶ月以上
B22018582,37,2025/11/30,11682,0,1900,190,0,2090,熊本支店,レンタル法人,60,新規,12ヶ月以上
B22018582,38,2025/12/31,11682,0,1900,190,0,2090,熊本支店,レンタル法人,60,新規,12ヶ月以上
B22018582,39,2026/1/31,11682,0,1900,190,0,2090,熊本支店,レンタル法人,60,新規,12ヶ月以上
B22018582,40,2026/2/28,11682,0,1900,190,0,2090,熊本支店,レンタル法人,60,新規,12ヶ月以上
B22018582,41,2026/3/31,11682,0,1900,190,0,2090,熊本支店,レンタル法人,60,新規,12ヶ月以上
B22018582,42,2026/4/30,11682,0,1900,190,0,2090,熊本支店,レンタル法人,60,新規,12ヶ月以上
B22018582,43,2026/5/31,11682,0,1900,190,0,2090,熊本支店,レンタル法人,60,新規,12ヶ月以上
B22018582,44,2026/6/30,11682,0,1900,190,0,2090,熊本支店,レンタル法人,60,新規,12ヶ月以上
B22018582,45,2026/7/31,11682,0,1900,190,0,2090,熊本支店,レンタル法人,60,新規,12ヶ月以上
B22018582,46,2026/8/31,11682,0,1900,190,0,2090,熊本支店,レンタル法人,60,新規,12ヶ月以上
B22018588,35,2025/9/30,11602,0,7100,710,0,7810,熊本支店,レンタル法人,60,新規,12ヶ月以上
B22018588,36,2025/10/31,11602,0,7100,710,0,7810,熊本支店,レンタル法人,60,新規,12ヶ月以上
B22018588,37,2025/11/30,11602,0,7100,710,0,7810,熊本支店,レンタル法人,60,新規,12ヶ月以上
B22018588,38,2025/12/31,11602,0,7100,710,0,7810,熊本支店,レンタル法人,60,新規,12ヶ月以上
B22018588,39,2026/1/31,11602,0,7100,710,0,7810,熊本支店,レンタル法人,60,新規,12ヶ月以上
B22018588,40,2026/2/28,11602,0,7100,710,0,7810,熊本支店,レンタル法人,60,新規,12ヶ月以上
B22018588,41,2026/3/31,11602,0,7100,710,0,7810,熊本支店,レンタル法人,60,新規,12ヶ月以上
B22018588,42,2026/4/30,11602,0,7100,710,0,7810,熊本支店,レンタル法人,60,新規,12ヶ月以上
B22018588,43,2026/5/31,11602,0,7100,710,0,7810,熊本支店,レンタル法人,60,新規,12ヶ月以上
B22018588,44,2026/6/30,11602,0,7100,710,0,7810,熊本支店,レンタル法人,60,新規,12ヶ月以上
B22018588,45,2026/7/31,11602,0,7100,710,0,7810,熊本支店,レンタル法人,60,新規,12ヶ月以上
B22018588,46,2026/8/31,11602,0,7100,710,0,7810,熊本支店,レンタル法人,60,新規,12ヶ月以上
B22019775,35,2025/9/30,11602,0,300,30,0,330,熊本支店,レンタル法人,60,新規,12ヶ月以上
B22019775,36,2025/10/31,11602,0,300,30,0,330,熊本支店,レンタル法人,60,新規,12ヶ月以上
B22019775,37,2025/11/30,11602,0,300,30,0,330,熊本支店,レンタル法人,60,新規,12ヶ月以上
B22019775,38,2025/12/31,11602,0,300,30,0,330,熊本支店,レンタル法人,60,新規,12ヶ月以上
B22019775,39,2026/1/31,11602,0,300,30,0,330,熊本支店,レンタル法人,60,新規,12ヶ月以上
B22019775,40,2026/2/28,11602,0,300,30,0,330,熊本支店,レンタル法人,60,新規,12ヶ月以上
B22019775,41,2026/3/31,11602,0,300,30,0,330,熊本支店,レンタル法人,60,新規,12ヶ月以上
B22019775,42,2026/4/30,11602,0,300,30,0,330,熊本支店,レンタル法人,60,新規,12ヶ月以上
B22019775,43,2026/5/31,11602,0,300,30,0,330,熊本支店,レンタル法人,60,新規,12ヶ月以上
B22019775,44,2026/6/30,11602,0,300,30,0,330,熊本支店,レンタル法人,60,新規,12ヶ月以上
B22019775,45,2026/7/31,11602,0,300,30,0,330,熊本支店,レンタル法人,60,新規,12ヶ月以上
B22019775,46,2026/8/31,11602,0,300,30,0,330,熊本支店,レンタル法人,60,新規,12ヶ月以上
B22020057,34,2025/9/30,10856,0,1800,180,0,1980,熊本支店,レンタル法人,48,新規,12ヶ月以上
B22020057,35,2025/10/31,10856,0,1800,180,0,1980,熊本支店,レンタル法人,48,新規,12ヶ月以上
B22020057,36,2025/11/30,10856,0,1800,180,0,1980,熊本支店,レンタル法人,48,新規,12ヶ月以上
B22020057,37,2025/12/31,10856,0,1800,180,0,1980,熊本支店,レンタル法人,48,新規,12ヶ月以上
B22020057,38,2026/1/31,10856,0,1800,180,0,1980,熊本支店,レンタル法人,48,新規,12ヶ月以上
B22020057,39,2026/2/28,10856,0,1800,180,0,1980,熊本支店,レンタル法人,48,新規,12ヶ月以上
B22020057,40,2026/3/31,10856,0,1800,180,0,1980,熊本支店,レンタル法人,48,新規,12ヶ月以上
B22020057,41,2026/4/30,10856,0,1800,180,0,1980,熊本支店,レンタル法人,48,新規,12ヶ月以上
B22020057,42,2026/5/31,10856,0,1800,180,0,1980,熊本支店,レンタル法人,48,新規,12ヶ月以上
B22020057,43,2026/6/30,10856,0,1800,180,0,1980,熊本支店,レンタル法人,48,新規,12ヶ月以上
B22020057,44,2026/7/31,10856,0,1800,180,0,1980,熊本支店,レンタル法人,48,新規,12ヶ月以上
B22020057,45,2026/8/31,10856,0,1800,180,0,1980,熊本支店,レンタル法人,48,新規,12ヶ月以上
B22020059,34,2025/9/30,10856,0,1800,180,0,1980,熊本支店,レンタル法人,48,新規,12ヶ月以上
B22020059,35,2025/10/31,10856,0,1800,180,0,1980,熊本支店,レンタル法人,48,新規,12ヶ月以上
B22020059,36,2025/11/30,10856,0,1800,180,0,1980,熊本支店,レンタル法人,48,新規,12ヶ月以上
B22020059,37,2025/12/31,10856,0,1800,180,0,1980,熊本支店,レンタル法人,48,新規,12ヶ月以上
B22020059,38,2026/1/31,10856,0,1800,180,0,1980,熊本支店,レンタル法人,48,新規,12ヶ月以上
B22020059,39,2026/2/28,10856,0,1800,180,0,1980,熊本支店,レンタル法人,48,新規,12ヶ月以上
B22020059,40,2026/3/31,10856,0,1800,180,0,1980,熊本支店,レンタル法人,48,新規,12ヶ月以上
B22020059,41,2026/4/30,10856,0,1800,180,0,1980,熊本支店,レンタル法人,48,新規,12ヶ月以上
B22020059,42,2026/5/31,10856,0,1800,180,0,1980,熊本支店,レンタル法人,48,新規,12ヶ月以上
B22020059,43,2026/6/30,10856,0,1800,180,0,1980,熊本支店,レンタル法人,48,新規,12ヶ月以上
B22020059,44,2026/7/31,10856,0,1800,180,0,1980,熊本支店,レンタル法人,48,新規,12ヶ月以上
B22020059,45,2026/8/31,10856,0,1800,180,0,1980,熊本支店,レンタル法人,48,新規,12ヶ月以上
B22020086,34,2025/9/30,10856,0,1800,180,0,1980,熊本支店,レンタル法人,48,新規,12ヶ月以上
B22020086,35,2025/10/31,10856,0,1800,180,0,1980,熊本支店,レンタル法人,48,新規,12ヶ月以上
B22020086,36,2025/11/30,10856,0,1800,180,0,1980,熊本支店,レンタル法人,48,新規,12ヶ月以上
B22020086,37,2025/12/31,10856,0,1800,180,0,1980,熊本支店,レンタル法人,48,新規,12ヶ月以上
B22020086,38,2026/1/31,10856,0,1800,180,0,1980,熊本支店,レンタル法人,48,新規,12ヶ月以上
B22020086,39,2026/2/28,10856,0,1800,180,0,1980,熊本支店,レンタル法人,48,新規,12ヶ月以上
B22020086,40,2026/3/31,10856,0,1800,180,0,1980,熊本支店,レンタル法人,48,新規,12ヶ月以上
B22020086,41,2026/4/30,10856,0,1800,180,0,1980,熊本支店,レンタル法人,48,新規,12ヶ月以上
B22020086,42,2026/5/31,10856,0,1800,180,0,1980,熊本支店,レンタル法人,48,新規,12ヶ月以上
B22020086,43,2026/6/30,10856,0,1800,180,0,1980,熊本支店,レンタル法人,48,新規,12ヶ月以上
B22020086,44,2026/7/31,10856,0,1800,180,0,1980,熊本支店,レンタル法人,48,新規,12ヶ月以上
B22020086,45,2026/8/31,10856,0,1800,180,0,1980,熊本支店,レンタル法人,48,新規,12ヶ月以上
B22020415,34,2025/9/30,10856,0,1800,180,0,1980,熊本支店,レンタル法人,48,新規,12ヶ月以上
B22020415,35,2025/10/31,10856,0,1800,180,0,1980,熊本支店,レンタル法人,48,新規,12ヶ月以上
B22020415,36,2025/11/30,10856,0,1800,180,0,1980,熊本支店,レンタル法人,48,新規,12ヶ月以上
B22020415,37,2025/12/31,10856,0,1800,180,0,1980,熊本支店,レンタル法人,48,新規,12ヶ月以上
B22020415,38,2026/1/31,10856,0,1800,180,0,1980,熊本支店,レンタル法人,48,新規,12ヶ月以上
B22020415,39,2026/2/28,10856,0,1800,180,0,1980,熊本支店,レンタル法人,48,新規,12ヶ月以上
B22020415,40,2026/3/31,10856,0,1800,180,0,1980,熊本支店,レンタル法人,48,新規,12ヶ月以上
B22020415,41,2026/4/30,10856,0,1800,180,0,1980,熊本支店,レンタル法人,48,新規,12ヶ月以上
B22020415,42,2026/5/31,10856,0,1800,180,0,1980,熊本支店,レンタル法人,48,新規,12ヶ月以上
B22020415,43,2026/6/30,10856,0,1800,180,0,1980,熊本支店,レンタル法人,48,新規,12ヶ月以上
B22020415,44,2026/7/31,10856,0,1800,180,0,1980,熊本支店,レンタル法人,48,新規,12ヶ月以上
B22020415,45,2026/8/31,10856,0,1800,180,0,1980,熊本支店,レンタル法人,48,新規,12ヶ月以上
B22020816,31,2025/9/30,11992,0,59750,5975,0,65725,熊本支店,レンタル法人,60,新規,12ヶ月以上
B22020816,32,2025/10/31,11992,0,59750,5975,0,65725,熊本支店,レンタル法人,60,新規,12ヶ月以上
B22020816,33,2025/11/30,11992,0,59750,5975,0,65725,熊本支店,レンタル法人,60,新規,12ヶ月以上
B22020816,34,2025/12/31,11992,0,59750,5975,0,65725,熊本支店,レンタル法人,60,新規,12ヶ月以上
B22020816,35,2026/1/31,11992,0,59750,5975,0,65725,熊本支店,レンタル法人,60,新規,12ヶ月以上
B22020816,36,2026/2/28,11992,0,59750,5975,0,65725,熊本支店,レンタル法人,60,新規,12ヶ月以上
B22020816,37,2026/3/31,11992,0,59750,5975,0,65725,熊本支店,レンタル法人,60,新規,12ヶ月以上
B22020816,38,2026/4/30,11992,0,59750,5975,0,65725,熊本支店,レンタル法人,60,新規,12ヶ月以上
B22020816,39,2026/5/31,11992,0,59750,5975,0,65725,熊本支店,レンタル法人,60,新規,12ヶ月以上
B22020816,40,2026/6/30,11992,0,59750,5975,0,65725,熊本支店,レンタル法人,60,新規,12ヶ月以上
B22020816,41,2026/7/31,11992,0,59750,5975,0,65725,熊本支店,レンタル法人,60,新規,12ヶ月以上
B22020816,42,2026/8/31,11992,0,59750,5975,0,65725,熊本支店,レンタル法人,60,新規,12ヶ月以上
B22022223,33,2025/9/30,10986,0,1700,170,0,1870,熊本支店,レンタル法人,48,新規,12ヶ月以上
B22022223,34,2025/10/31,10986,0,1700,170,0,1870,熊本支店,レンタル法人,48,新規,12ヶ月以上
B22022223,35,2025/11/30,10986,0,1700,170,0,1870,熊本支店,レンタル法人,48,新規,12ヶ月以上
B22022223,36,2025/12/31,10986,0,1700,170,0,1870,熊本支店,レンタル法人,48,新規,12ヶ月以上
B22022223,37,2026/1/31,10986,0,1700,170,0,1870,熊本支店,レンタル法人,48,新規,12ヶ月以上
B22022223,38,2026/2/28,10986,0,1700,170,0,1870,熊本支店,レンタル法人,48,新規,12ヶ月以上
B22022223,39,2026/3/31,10986,0,1700,170,0,1870,熊本支店,レンタル法人,48,新規,12ヶ月以上
B22022223,40,2026/4/30,10986,0,1700,170,0,1870,熊本支店,レンタル法人,48,新規,12ヶ月以上
B22022223,41,2026/5/31,10986,0,1700,170,0,1870,熊本支店,レンタル法人,48,新規,12ヶ月以上
B22022223,42,2026/6/30,10986,0,1700,170,0,1870,熊本支店,レンタル法人,48,新規,12ヶ月以上
B22022223,43,2026/7/31,10986,0,1700,170,0,1870,熊本支店,レンタル法人,48,新規,12ヶ月以上
B22022223,44,2026/8/31,10986,0,1700,170,0,1870,熊本支店,レンタル法人,48,新規,12ヶ月以上
B22022743,33,2025/9/30,10856,0,7200,720,0,7920,熊本支店,レンタル法人,48,新規,12ヶ月以上
B22022743,34,2025/10/31,10856,0,7200,720,0,7920,熊本支店,レンタル法人,48,新規,12ヶ月以上
B22022743,35,2025/11/30,10856,0,7200,720,0,7920,熊本支店,レンタル法人,48,新規,12ヶ月以上
B22022743,36,2025/12/31,10856,0,7200,720,0,7920,熊本支店,レンタル法人,48,新規,12ヶ月以上
B22022743,37,2026/1/31,10856,0,7200,720,0,7920,熊本支店,レンタル法人,48,新規,12ヶ月以上
B22022743,38,2026/2/28,10856,0,7200,720,0,7920,熊本支店,レンタル法人,48,新規,12ヶ月以上
B22022743,39,2026/3/31,10856,0,7200,720,0,7920,熊本支店,レンタル法人,48,新規,12ヶ月以上
B22022743,40,2026/4/30,10856,0,7200,720,0,7920,熊本支店,レンタル法人,48,新規,12ヶ月以上
B22022743,41,2026/5/31,10856,0,7200,720,0,7920,熊本支店,レンタル法人,48,新規,12ヶ月以上
B22022743,42,2026/6/30,10856,0,7200,720,0,7920,熊本支店,レンタル法人,48,新規,12ヶ月以上
B22022743,43,2026/7/31,10856,0,7200,720,0,7920,熊本支店,レンタル法人,48,新規,12ヶ月以上
B22022743,44,2026/8/31,10856,0,7200,720,0,7920,熊本支店,レンタル法人,48,新規,12ヶ月以上
B22022841,33,2025/9/30,10986,0,3700,370,0,4070,熊本支店,レンタル法人,48,新規,12ヶ月以上
B22022841,34,2025/10/31,10986,0,3700,370,0,4070,熊本支店,レンタル法人,48,新規,12ヶ月以上
B22022841,35,2025/11/30,10986,0,3700,370,0,4070,熊本支店,レンタル法人,48,新規,12ヶ月以上
B22022841,36,2025/12/31,10986,0,3700,370,0,4070,熊本支店,レンタル法人,48,新規,12ヶ月以上
B22022841,37,2026/1/31,10986,0,3700,370,0,4070,熊本支店,レンタル法人,48,新規,12ヶ月以上
B22022841,38,2026/2/28,10986,0,3700,370,0,4070,熊本支店,レンタル法人,48,新規,12ヶ月以上
B22022841,39,2026/3/31,10986,0,3700,370,0,4070,熊本支店,レンタル法人,48,新規,12ヶ月以上
B22022841,40,2026/4/30,10986,0,3700,370,0,4070,熊本支店,レンタル法人,48,新規,12ヶ月以上
B22022841,41,2026/5/31,10986,0,3700,370,0,4070,熊本支店,レンタル法人,48,新規,12ヶ月以上
B22022841,42,2026/6/30,10986,0,3700,370,0,4070,熊本支店,レンタル法人,48,新規,12ヶ月以上
B22022841,43,2026/7/31,10986,0,3700,370,0,4070,熊本支店,レンタル法人,48,新規,12ヶ月以上
B22022841,44,2026/8/31,10986,0,3700,370,0,4070,熊本支店,レンタル法人,48,新規,12ヶ月以上
B22023434,32,2025/9/30,10986,0,2600,260,0,2860,熊本支店,レンタル法人,48,新規,12ヶ月以上
B22023434,33,2025/10/31,10986,0,2600,260,0,2860,熊本支店,レンタル法人,48,新規,12ヶ月以上
B22023434,34,2025/11/30,10986,0,2600,260,0,2860,熊本支店,レンタル法人,48,新規,12ヶ月以上
B22023434,35,2025/12/31,10986,0,2600,260,0,2860,熊本支店,レンタル法人,48,新規,12ヶ月以上
B22023434,36,2026/1/31,10986,0,2600,260,0,2860,熊本支店,レンタル法人,48,新規,12ヶ月以上
B22023434,37,2026/2/28,10986,0,2600,260,0,2860,熊本支店,レンタル法人,48,新規,12ヶ月以上
B22023434,38,2026/3/31,10986,0,2600,260,0,2860,熊本支店,レンタル法人,48,新規,12ヶ月以上
B22023434,39,2026/4/30,10986,0,2600,260,0,2860,熊本支店,レンタル法人,48,新規,12ヶ月以上
B22023434,40,2026/5/31,10986,0,2600,260,0,2860,熊本支店,レンタル法人,48,新規,12ヶ月以上
B22023434,41,2026/6/30,10986,0,2600,260,0,2860,熊本支店,レンタル法人,48,新規,12ヶ月以上
B22023434,42,2026/7/31,10986,0,2600,260,0,2860,熊本支店,レンタル法人,48,新規,12ヶ月以上
B22023434,43,2026/8/31,10986,0,2600,260,0,2860,熊本支店,レンタル法人,48,新規,12ヶ月以上
B22023435,33,2025/9/30,10314,0,2280,228,0,2508,熊本支店,レンタル法人,60,新規,12ヶ月以上
B22023435,34,2025/10/31,10314,0,2280,228,0,2508,熊本支店,レンタル法人,60,新規,12ヶ月以上
B22023435,35,2025/11/30,10314,0,2280,228,0,2508,熊本支店,レンタル法人,60,新規,12ヶ月以上
B22023435,36,2025/12/31,10314,0,2280,228,0,2508,熊本支店,レンタル法人,60,新規,12ヶ月以上
B22023435,37,2026/1/31,10314,0,2280,228,0,2508,熊本支店,レンタル法人,60,新規,12ヶ月以上
B22023435,38,2026/2/28,10314,0,2280,228,0,2508,熊本支店,レンタル法人,60,新規,12ヶ月以上
B22023435,39,2026/3/31,10314,0,2280,228,0,2508,熊本支店,レンタル法人,60,新規,12ヶ月以上
B22023435,40,2026/4/30,10314,0,2280,228,0,2508,熊本支店,レンタル法人,60,新規,12ヶ月以上
B22023435,41,2026/5/31,10314,0,2280,228,0,2508,熊本支店,レンタル法人,60,新規,12ヶ月以上
B22023435,42,2026/6/30,10314,0,2280,228,0,2508,熊本支店,レンタル法人,60,新規,12ヶ月以上
B22023435,43,2026/7/31,10314,0,2280,228,0,2508,熊本支店,レンタル法人,60,新規,12ヶ月以上
B22023435,44,2026/8/31,10314,0,2280,228,0,2508,熊本支店,レンタル法人,60,新規,12ヶ月以上
B23000457,31,2025/9/30,10986,0,1200,120,0,1320,熊本支店,レンタル法人,48,新規,12ヶ月以上
B23000457,32,2025/10/31,10986,0,1200,120,0,1320,熊本支店,レンタル法人,48,新規,12ヶ月以上
B23000457,33,2025/11/30,10986,0,1200,120,0,1320,熊本支店,レンタル法人,48,新規,12ヶ月以上
B23000457,34,2025/12/31,10986,0,1200,120,0,1320,熊本支店,レンタル法人,48,新規,12ヶ月以上
B23000457,35,2026/1/31,10986,0,1200,120,0,1320,熊本支店,レンタル法人,48,新規,12ヶ月以上
B23000457,36,2026/2/28,10986,0,1200,120,0,1320,熊本支店,レンタル法人,48,新規,12ヶ月以上
B23000457,37,2026/3/31,10986,0,1200,120,0,1320,熊本支店,レンタル法人,48,新規,12ヶ月以上
B23000457,38,2026/4/30,10986,0,1200,120,0,1320,熊本支店,レンタル法人,48,新規,12ヶ月以上
B23000457,39,2026/5/31,10986,0,1200,120,0,1320,熊本支店,レンタル法人,48,新規,12ヶ月以上
B23000457,40,2026/6/30,10986,0,1200,120,0,1320,熊本支店,レンタル法人,48,新規,12ヶ月以上
B23000457,41,2026/7/31,10986,0,1200,120,0,1320,熊本支店,レンタル法人,48,新規,12ヶ月以上
B23000457,42,2026/8/31,10986,0,1200,120,0,1320,熊本支店,レンタル法人,48,新規,12ヶ月以上
B23000461,31,2025/9/30,10986,0,4000,400,0,4400,熊本支店,レンタル法人,48,新規,12ヶ月以上
B23000461,32,2025/10/31,10986,0,4000,400,0,4400,熊本支店,レンタル法人,48,新規,12ヶ月以上
B23000461,33,2025/11/30,10986,0,4000,400,0,4400,熊本支店,レンタル法人,48,新規,12ヶ月以上
B23000461,34,2025/12/31,10986,0,4000,400,0,4400,熊本支店,レンタル法人,48,新規,12ヶ月以上
B23000461,35,2026/1/31,10986,0,4000,400,0,4400,熊本支店,レンタル法人,48,新規,12ヶ月以上
B23000461,36,2026/2/28,10986,0,4000,400,0,4400,熊本支店,レンタル法人,48,新規,12ヶ月以上
B23000461,37,2026/3/31,10986,0,4000,400,0,4400,熊本支店,レンタル法人,48,新規,12ヶ月以上
B23000461,38,2026/4/30,10986,0,4000,400,0,4400,熊本支店,レンタル法人,48,新規,12ヶ月以上
B23000461,39,2026/5/31,10986,0,4000,400,0,4400,熊本支店,レンタル法人,48,新規,12ヶ月以上
B23000461,40,2026/6/30,10986,0,4000,400,0,4400,熊本支店,レンタル法人,48,新規,12ヶ月以上
B23000461,41,2026/7/31,10986,0,4000,400,0,4400,熊本支店,レンタル法人,48,新規,12ヶ月以上
B23000461,42,2026/8/31,10986,0,4000,400,0,4400,熊本支店,レンタル法人,48,新規,12ヶ月以上
B23000554,32,2025/9/30,12172,0,49000,4900,0,53900,熊本支店,レンタル法人,60,新規,12ヶ月以上
B23000554,33,2025/10/31,12172,0,49000,4900,0,53900,熊本支店,レンタル法人,60,新規,12ヶ月以上
B23000554,34,2025/11/30,12172,0,49000,4900,0,53900,熊本支店,レンタル法人,60,新規,12ヶ月以上
B23000554,35,2025/12/31,12172,0,49000,4900,0,53900,熊本支店,レンタル法人,60,新規,12ヶ月以上
B23000554,36,2026/1/31,12172,0,49000,4900,0,53900,熊本支店,レンタル法人,60,新規,12ヶ月以上
B23000554,37,2026/2/28,12172,0,49000,4900,0,53900,熊本支店,レンタル法人,60,新規,12ヶ月以上
B23000554,38,2026/3/31,12172,0,49000,4900,0,53900,熊本支店,レンタル法人,60,新規,12ヶ月以上
B23000554,39,2026/4/30,12172,0,49000,4900,0,53900,熊本支店,レンタル法人,60,新規,12ヶ月以上
B23000554,40,2026/5/31,12172,0,49000,4900,0,53900,熊本支店,レンタル法人,60,新規,12ヶ月以上
B23000554,41,2026/6/30,12172,0,49000,4900,0,53900,熊本支店,レンタル法人,60,新規,12ヶ月以上
B23000554,42,2026/7/31,12172,0,49000,4900,0,53900,熊本支店,レンタル法人,60,新規,12ヶ月以上
B23000554,43,2026/8/31,12172,0,49000,4900,0,53900,熊本支店,レンタル法人,60,新規,12ヶ月以上
B23000683,32,2025/9/30,10856,0,1800,180,0,1980,熊本支店,レンタル法人,48,新規,12ヶ月以上
B23000683,33,2025/10/31,10856,0,1800,180,0,1980,熊本支店,レンタル法人,48,新規,12ヶ月以上
B23000683,34,2025/11/30,10856,0,1800,180,0,1980,熊本支店,レンタル法人,48,新規,12ヶ月以上
B23000683,35,2025/12/31,10856,0,1800,180,0,1980,熊本支店,レンタル法人,48,新規,12ヶ月以上
B23000683,36,2026/1/31,10856,0,1800,180,0,1980,熊本支店,レンタル法人,48,新規,12ヶ月以上
B23000683,37,2026/2/28,10856,0,1800,180,0,1980,熊本支店,レンタル法人,48,新規,12ヶ月以上
B23000683,38,2026/3/31,10856,0,1800,180,0,1980,熊本支店,レンタル法人,48,新規,12ヶ月以上
B23000683,39,2026/4/30,10856,0,1800,180,0,1980,熊本支店,レンタル法人,48,新規,12ヶ月以上
B23000683,40,2026/5/31,10856,0,1800,180,0,1980,熊本支店,レンタル法人,48,新規,12ヶ月以上
B23000683,41,2026/6/30,10856,0,1800,180,0,1980,熊本支店,レンタル法人,48,新規,12ヶ月以上
B23000683,42,2026/7/31,10856,0,1800,180,0,1980,熊本支店,レンタル法人,48,新規,12ヶ月以上
B23000683,43,2026/8/31,10856,0,1800,180,0,1980,熊本支店,レンタル法人,48,新規,12ヶ月以上
B23001087,32,2025/9/30,10856,0,3600,360,0,3960,熊本支店,レンタル法人,48,新規,12ヶ月以上
B23001087,33,2025/10/31,10856,0,3600,360,0,3960,熊本支店,レンタル法人,48,新規,12ヶ月以上
B23001087,34,2025/11/30,10856,0,3600,360,0,3960,熊本支店,レンタル法人,48,新規,12ヶ月以上
B23001087,35,2025/12/31,10856,0,3600,360,0,3960,熊本支店,レンタル法人,48,新規,12ヶ月以上
B23001087,36,2026/1/31,10856,0,3600,360,0,3960,熊本支店,レンタル法人,48,新規,12ヶ月以上
B23001087,37,2026/2/28,10856,0,3600,360,0,3960,熊本支店,レンタル法人,48,新規,12ヶ月以上
B23001087,38,2026/3/31,10856,0,3600,360,0,3960,熊本支店,レンタル法人,48,新規,12ヶ月以上
B23001087,39,2026/4/30,10856,0,3600,360,0,3960,熊本支店,レンタル法人,48,新規,12ヶ月以上
B23001087,40,2026/5/31,10856,0,3600,360,0,3960,熊本支店,レンタル法人,48,新規,12ヶ月以上
B23001087,41,2026/6/30,10856,0,3600,360,0,3960,熊本支店,レンタル法人,48,新規,12ヶ月以上
B23001087,42,2026/7/31,10856,0,3600,360,0,3960,熊本支店,レンタル法人,48,新規,12ヶ月以上
B23001087,43,2026/8/31,10856,0,3600,360,0,3960,熊本支店,レンタル法人,48,新規,12ヶ月以上
B23001122,32,2025/9/30,10856,0,1800,180,0,1980,熊本支店,レンタル法人,48,新規,12ヶ月以上
B23001122,33,2025/10/31,10856,0,1800,180,0,1980,熊本支店,レンタル法人,48,新規,12ヶ月以上
B23001122,34,2025/11/30,10856,0,1800,180,0,1980,熊本支店,レンタル法人,48,新規,12ヶ月以上
B23001122,35,2025/12/31,10856,0,1800,180,0,1980,熊本支店,レンタル法人,48,新規,12ヶ月以上
B23001122,36,2026/1/31,10856,0,1800,180,0,1980,熊本支店,レンタル法人,48,新規,12ヶ月以上
B23001122,37,2026/2/28,10856,0,1800,180,0,1980,熊本支店,レンタル法人,48,新規,12ヶ月以上
B23001122,38,2026/3/31,10856,0,1800,180,0,1980,熊本支店,レンタル法人,48,新規,12ヶ月以上
B23001122,39,2026/4/30,10856,0,1800,180,0,1980,熊本支店,レンタル法人,48,新規,12ヶ月以上
B23001122,40,2026/5/31,10856,0,1800,180,0,1980,熊本支店,レンタル法人,48,新規,12ヶ月以上
B23001122,41,2026/6/30,10856,0,1800,180,0,1980,熊本支店,レンタル法人,48,新規,12ヶ月以上
B23001122,42,2026/7/31,10856,0,1800,180,0,1980,熊本支店,レンタル法人,48,新規,12ヶ月以上
B23001122,43,2026/8/31,10856,0,1800,180,0,1980,熊本支店,レンタル法人,48,新規,12ヶ月以上
B23001157,32,2025/9/30,10856,0,59400,5940,0,65340,熊本支店,レンタル法人,48,新規,12ヶ月以上
B23001157,33,2025/10/31,10856,0,59400,5940,0,65340,熊本支店,レンタル法人,48,新規,12ヶ月以上
B23001157,34,2025/11/30,10856,0,59400,5940,0,65340,熊本支店,レンタル法人,48,新規,12ヶ月以上
B23001157,35,2025/12/31,10856,0,59400,5940,0,65340,熊本支店,レンタル法人,48,新規,12ヶ月以上
B23001157,36,2026/1/31,10856,0,59400,5940,0,65340,熊本支店,レンタル法人,48,新規,12ヶ月以上
B23001157,37,2026/2/28,10856,0,59400,5940,0,65340,熊本支店,レンタル法人,48,新規,12ヶ月以上
B23001157,38,2026/3/31,10856,0,59400,5940,0,65340,熊本支店,レンタル法人,48,新規,12ヶ月以上
B23001157,39,2026/4/30,10856,0,59400,5940,0,65340,熊本支店,レンタル法人,48,新規,12ヶ月以上
B23001157,40,2026/5/31,10856,0,59400,5940,0,65340,熊本支店,レンタル法人,48,新規,12ヶ月以上
B23001157,41,2026/6/30,10856,0,59400,5940,0,65340,熊本支店,レンタル法人,48,新規,12ヶ月以上
B23001157,42,2026/7/31,10856,0,59400,5940,0,65340,熊本支店,レンタル法人,48,新規,12ヶ月以上
B23001157,43,2026/8/31,10856,0,59400,5940,0,65340,熊本支店,レンタル法人,48,新規,12ヶ月以上
B23001190,32,2025/9/30,8988,0,6000,600,0,6600,熊本支店,レンタル法人,36,新規,12ヶ月以上
B23001190,33,2025/10/31,8988,0,6000,600,0,6600,熊本支店,レンタル法人,36,新規,12ヶ月以上
B23001190,34,2025/11/30,8988,0,6000,600,0,6600,熊本支店,レンタル法人,36,新規,12ヶ月以上
B23001190,35,2025/12/31,8988,0,6000,600,0,6600,熊本支店,レンタル法人,36,新規,12ヶ月以上
B23001190,36,2026/1/31,8988,0,6000,600,0,6600,熊本支店,レンタル法人,36,新規,12ヶ月以上
B23001686,32,2025/9/30,10856,0,3600,360,0,3960,熊本支店,レンタル法人,48,新規,12ヶ月以上
B23001686,33,2025/10/31,10856,0,3600,360,0,3960,熊本支店,レンタル法人,48,新規,12ヶ月以上
B23001686,34,2025/11/30,10856,0,3600,360,0,3960,熊本支店,レンタル法人,48,新規,12ヶ月以上
B23001686,35,2025/12/31,10856,0,3600,360,0,3960,熊本支店,レンタル法人,48,新規,12ヶ月以上
B23001686,36,2026/1/31,10856,0,3600,360,0,3960,熊本支店,レンタル法人,48,新規,12ヶ月以上
B23001686,37,2026/2/28,10856,0,3600,360,0,3960,熊本支店,レンタル法人,48,新規,12ヶ月以上
B23001686,38,2026/3/31,10856,0,3600,360,0,3960,熊本支店,レンタル法人,48,新規,12ヶ月以上
B23001686,39,2026/4/30,10856,0,3600,360,0,3960,熊本支店,レンタル法人,48,新規,12ヶ月以上
B23001686,40,2026/5/31,10856,0,3600,360,0,3960,熊本支店,レンタル法人,48,新規,12ヶ月以上
B23001686,41,2026/6/30,10856,0,3600,360,0,3960,熊本支店,レンタル法人,48,新規,12ヶ月以上
B23001686,42,2026/7/31,10856,0,3600,360,0,3960,熊本支店,レンタル法人,48,新規,12ヶ月以上
B23001686,43,2026/8/31,10856,0,3600,360,0,3960,熊本支店,レンタル法人,48,新規,12ヶ月以上
B23002593,31,2025/9/30,10856,0,4800,480,0,5280,熊本支店,レンタル法人,48,新規,12ヶ月以上
B23002593,32,2025/10/31,10856,0,4800,480,0,5280,熊本支店,レンタル法人,48,新規,12ヶ月以上
B23002593,33,2025/11/30,10856,0,4800,480,0,5280,熊本支店,レンタル法人,48,新規,12ヶ月以上
B23002593,34,2025/12/31,10856,0,4800,480,0,5280,熊本支店,レンタル法人,48,新規,12ヶ月以上
B23002593,35,2026/1/31,10856,0,4800,480,0,5280,熊本支店,レンタル法人,48,新規,12ヶ月以上
B23002593,36,2026/2/28,10856,0,4800,480,0,5280,熊本支店,レンタル法人,48,新規,12ヶ月以上
B23002593,37,2026/3/31,10856,0,4800,480,0,5280,熊本支店,レンタル法人,48,新規,12ヶ月以上
B23002593,38,2026/4/30,10856,0,4800,480,0,5280,熊本支店,レンタル法人,48,新規,12ヶ月以上
B23002593,39,2026/5/31,10856,0,4800,480,0,5280,熊本支店,レンタル法人,48,新規,12ヶ月以上
B23002593,40,2026/6/30,10856,0,4800,480,0,5280,熊本支店,レンタル法人,48,新規,12ヶ月以上
B23002593,41,2026/7/31,10856,0,4800,480,0,5280,熊本支店,レンタル法人,48,新規,12ヶ月以上
B23002593,42,2026/8/31,10856,0,4800,480,0,5280,熊本支店,レンタル法人,48,新規,12ヶ月以上
B23002895,31,2025/9/30,10856,0,1800,180,0,1980,熊本支店,レンタル法人,48,新規,12ヶ月以上
B23002895,32,2025/10/31,10856,0,1800,180,0,1980,熊本支店,レンタル法人,48,新規,12ヶ月以上
B23002895,33,2025/11/30,10856,0,1800,180,0,1980,熊本支店,レンタル法人,48,新規,12ヶ月以上
B23002895,34,2025/12/31,10856,0,1800,180,0,1980,熊本支店,レンタル法人,48,新規,12ヶ月以上
B23002895,35,2026/1/31,10856,0,1800,180,0,1980,熊本支店,レンタル法人,48,新規,12ヶ月以上
B23002895,36,2026/2/28,10856,0,1800,180,0,1980,熊本支店,レンタル法人,48,新規,12ヶ月以上
B23002895,37,2026/3/31,10856,0,1800,180,0,1980,熊本支店,レンタル法人,48,新規,12ヶ月以上
B23002895,38,2026/4/30,10856,0,1800,180,0,1980,熊本支店,レンタル法人,48,新規,12ヶ月以上
B23002895,39,2026/5/31,10856,0,1800,180,0,1980,熊本支店,レンタル法人,48,新規,12ヶ月以上
B23002895,40,2026/6/30,10856,0,1800,180,0,1980,熊本支店,レンタル法人,48,新規,12ヶ月以上
B23002895,41,2026/7/31,10856,0,1800,180,0,1980,熊本支店,レンタル法人,48,新規,12ヶ月以上
B23002895,42,2026/8/31,10856,0,1800,180,0,1980,熊本支店,レンタル法人,48,新規,12ヶ月以上
B23003249,31,2025/9/30,12548,0,8800,880,0,9680,熊本支店,レンタル法人,60,新規,12ヶ月以上
B23003249,32,2025/10/31,12548,0,8800,880,0,9680,熊本支店,レンタル法人,60,新規,12ヶ月以上
B23003249,33,2025/11/30,12548,0,8800,880,0,9680,熊本支店,レンタル法人,60,新規,12ヶ月以上
B23003249,34,2025/12/31,12548,0,8800,880,0,9680,熊本支店,レンタル法人,60,新規,12ヶ月以上
B23003249,35,2026/1/31,12548,0,8800,880,0,9680,熊本支店,レンタル法人,60,新規,12ヶ月以上
B23003249,36,2026/2/28,12548,0,8800,880,0,9680,熊本支店,レンタル法人,60,新規,12ヶ月以上
B23003249,37,2026/3/31,12548,0,8800,880,0,9680,熊本支店,レンタル法人,60,新規,12ヶ月以上
B23003249,38,2026/4/30,12548,0,8800,880,0,9680,熊本支店,レンタル法人,60,新規,12ヶ月以上
B23003249,39,2026/5/31,12548,0,8800,880,0,9680,熊本支店,レンタル法人,60,新規,12ヶ月以上
B23003249,40,2026/6/30,12548,0,8800,880,0,9680,熊本支店,レンタル法人,60,新規,12ヶ月以上
B23003249,41,2026/7/31,12548,0,8800,880,0,9680,熊本支店,レンタル法人,60,新規,12ヶ月以上
B23003249,42,2026/8/31,12548,0,8800,880,0,9680,熊本支店,レンタル法人,60,新規,12ヶ月以上
B23003435,31,2025/9/30,10856,0,4800,480,0,5280,熊本支店,レンタル法人,48,新規,12ヶ月以上
B23003435,32,2025/10/31,10856,0,4800,480,0,5280,熊本支店,レンタル法人,48,新規,12ヶ月以上
B23003435,33,2025/11/30,10856,0,4800,480,0,5280,熊本支店,レンタル法人,48,新規,12ヶ月以上
B23003435,34,2025/12/31,10856,0,4800,480,0,5280,熊本支店,レンタル法人,48,新規,12ヶ月以上
B23003435,35,2026/1/31,10856,0,4800,480,0,5280,熊本支店,レンタル法人,48,新規,12ヶ月以上
B23003435,36,2026/2/28,10856,0,4800,480,0,5280,熊本支店,レンタル法人,48,新規,12ヶ月以上
B23003435,37,2026/3/31,10856,0,4800,480,0,5280,熊本支店,レンタル法人,48,新規,12ヶ月以上
B23003435,38,2026/4/30,10856,0,4800,480,0,5280,熊本支店,レンタル法人,48,新規,12ヶ月以上
B23003435,39,2026/5/31,10856,0,4800,480,0,5280,熊本支店,レンタル法人,48,新規,12ヶ月以上
B23003435,40,2026/6/30,10856,0,4800,480,0,5280,熊本支店,レンタル法人,48,新規,12ヶ月以上
B23003435,41,2026/7/31,10856,0,4800,480,0,5280,熊本支店,レンタル法人,48,新規,12ヶ月以上
B23003435,42,2026/8/31,10856,0,4800,480,0,5280,熊本支店,レンタル法人,48,新規,12ヶ月以上
B23003693,31,2025/9/30,12587,0,3600,360,0,3960,熊本支店,レンタル法人,48,新規,12ヶ月以上
B23003693,32,2025/10/31,12587,0,3600,360,0,3960,熊本支店,レンタル法人,48,新規,12ヶ月以上
B23003693,33,2025/11/30,12587,0,3600,360,0,3960,熊本支店,レンタル法人,48,新規,12ヶ月以上
B23003693,34,2025/12/31,12587,0,3600,360,0,3960,熊本支店,レンタル法人,48,新規,12ヶ月以上
B23003693,35,2026/1/31,12587,0,3600,360,0,3960,熊本支店,レンタル法人,48,新規,12ヶ月以上
B23003693,36,2026/2/28,12587,0,3600,360,0,3960,熊本支店,レンタル法人,48,新規,12ヶ月以上
B23003693,37,2026/3/31,12587,0,3600,360,0,3960,熊本支店,レンタル法人,48,新規,12ヶ月以上
B23003693,38,2026/4/30,12587,0,3600,360,0,3960,熊本支店,レンタル法人,48,新規,12ヶ月以上
B23003693,39,2026/5/31,12587,0,3600,360,0,3960,熊本支店,レンタル法人,48,新規,12ヶ月以上
B23003693,40,2026/6/30,12587,0,3600,360,0,3960,熊本支店,レンタル法人,48,新規,12ヶ月以上
B23003693,41,2026/7/31,12587,0,3600,360,0,3960,熊本支店,レンタル法人,48,新規,12ヶ月以上
B23003693,42,2026/8/31,12587,0,3600,360,0,3960,熊本支店,レンタル法人,48,新規,12ヶ月以上
B23004715,30,2025/9/30,10986,0,5500,550,0,6050,熊本支店,レンタル法人,48,新規,12ヶ月以上
B23004715,31,2025/10/31,10986,0,5500,550,0,6050,熊本支店,レンタル法人,48,新規,12ヶ月以上
B23004715,32,2025/11/30,10986,0,5500,550,0,6050,熊本支店,レンタル法人,48,新規,12ヶ月以上
B23004715,33,2025/12/31,10986,0,5500,550,0,6050,熊本支店,レンタル法人,48,新規,12ヶ月以上
B23004715,34,2026/1/31,10986,0,5500,550,0,6050,熊本支店,レンタル法人,48,新規,12ヶ月以上
B23004715,35,2026/2/28,10986,0,5500,550,0,6050,熊本支店,レンタル法人,48,新規,12ヶ月以上
B23004715,36,2026/3/31,10986,0,5500,550,0,6050,熊本支店,レンタル法人,48,新規,12ヶ月以上
B23004715,37,2026/4/30,10986,0,5500,550,0,6050,熊本支店,レンタル法人,48,新規,12ヶ月以上
B23004715,38,2026/5/31,10986,0,5500,550,0,6050,熊本支店,レンタル法人,48,新規,12ヶ月以上
B23004715,39,2026/6/30,10986,0,5500,550,0,6050,熊本支店,レンタル法人,48,新規,12ヶ月以上
B23004715,40,2026/7/31,10986,0,5500,550,0,6050,熊本支店,レンタル法人,48,新規,12ヶ月以上
B23004715,41,2026/8/31,10986,0,5500,550,0,6050,熊本支店,レンタル法人,48,新規,12ヶ月以上
B23004716,30,2025/9/30,10986,0,400,40,0,440,熊本支店,レンタル法人,48,新規,12ヶ月以上
B23004716,31,2025/10/31,10986,0,400,40,0,440,熊本支店,レンタル法人,48,新規,12ヶ月以上
B23004716,32,2025/11/30,10986,0,400,40,0,440,熊本支店,レンタル法人,48,新規,12ヶ月以上
B23004716,33,2025/12/31,10986,0,400,40,0,440,熊本支店,レンタル法人,48,新規,12ヶ月以上
B23004716,34,2026/1/31,10986,0,400,40,0,440,熊本支店,レンタル法人,48,新規,12ヶ月以上
B23004716,35,2026/2/28,10986,0,400,40,0,440,熊本支店,レンタル法人,48,新規,12ヶ月以上
B23004716,36,2026/3/31,10986,0,400,40,0,440,熊本支店,レンタル法人,48,新規,12ヶ月以上
B23004716,37,2026/4/30,10986,0,400,40,0,440,熊本支店,レンタル法人,48,新規,12ヶ月以上
B23004716,38,2026/5/31,10986,0,400,40,0,440,熊本支店,レンタル法人,48,新規,12ヶ月以上
B23004716,39,2026/6/30,10986,0,400,40,0,440,熊本支店,レンタル法人,48,新規,12ヶ月以上
B23004716,40,2026/7/31,10986,0,400,40,0,440,熊本支店,レンタル法人,48,新規,12ヶ月以上
B23004716,41,2026/8/31,10986,0,400,40,0,440,熊本支店,レンタル法人,48,新規,12ヶ月以上
B23005434,30,2025/9/30,10856,0,1800,180,0,1980,熊本支店,レンタル法人,48,新規,12ヶ月以上
B23005434,31,2025/10/31,10856,0,1800,180,0,1980,熊本支店,レンタル法人,48,新規,12ヶ月以上
B23005434,32,2025/11/30,10856,0,1800,180,0,1980,熊本支店,レンタル法人,48,新規,12ヶ月以上
B23005434,33,2025/12/31,10856,0,1800,180,0,1980,熊本支店,レンタル法人,48,新規,12ヶ月以上
B23005434,34,2026/1/31,10856,0,1800,180,0,1980,熊本支店,レンタル法人,48,新規,12ヶ月以上
B23005434,35,2026/2/28,10856,0,1800,180,0,1980,熊本支店,レンタル法人,48,新規,12ヶ月以上
B23005434,36,2026/3/31,10856,0,1800,180,0,1980,熊本支店,レンタル法人,48,新規,12ヶ月以上
B23005434,37,2026/4/30,10856,0,1800,180,0,1980,熊本支店,レンタル法人,48,新規,12ヶ月以上
B23005434,38,2026/5/31,10856,0,1800,180,0,1980,熊本支店,レンタル法人,48,新規,12ヶ月以上
B23005434,39,2026/6/30,10856,0,1800,180,0,1980,熊本支店,レンタル法人,48,新規,12ヶ月以上
B23005434,40,2026/7/31,10856,0,1800,180,0,1980,熊本支店,レンタル法人,48,新規,12ヶ月以上
B23005434,41,2026/8/31,10856,0,1800,180,0,1980,熊本支店,レンタル法人,48,新規,12ヶ月以上
B23005615,30,2025/9/30,10986,0,1300,130,0,1430,熊本支店,レンタル法人,48,新規,12ヶ月以上
B23005615,31,2025/10/31,10986,0,1300,130,0,1430,熊本支店,レンタル法人,48,新規,12ヶ月以上
B23005615,32,2025/11/30,10986,0,1300,130,0,1430,熊本支店,レンタル法人,48,新規,12ヶ月以上
B23005615,33,2025/12/31,10986,0,1300,130,0,1430,熊本支店,レンタル法人,48,新規,12ヶ月以上
B23005615,34,2026/1/31,10986,0,1300,130,0,1430,熊本支店,レンタル法人,48,新規,12ヶ月以上
B23005615,35,2026/2/28,10986,0,1300,130,0,1430,熊本支店,レンタル法人,48,新規,12ヶ月以上
B23005615,36,2026/3/31,10986,0,1300,130,0,1430,熊本支店,レンタル法人,48,新規,12ヶ月以上
B23005615,37,2026/4/30,10986,0,1300,130,0,1430,熊本支店,レンタル法人,48,新規,12ヶ月以上
B23005615,38,2026/5/31,10986,0,1300,130,0,1430,熊本支店,レンタル法人,48,新規,12ヶ月以上
B23005615,39,2026/6/30,10986,0,1300,130,0,1430,熊本支店,レンタル法人,48,新規,12ヶ月以上
B23005615,40,2026/7/31,10986,0,1300,130,0,1430,熊本支店,レンタル法人,48,新規,12ヶ月以上
B23005615,41,2026/8/31,10986,0,1300,130,0,1430,熊本支店,レンタル法人,48,新規,12ヶ月以上
B23006594,30,2025/9/30,10856,0,5400,540,0,5940,熊本支店,レンタル法人,48,新規,12ヶ月以上
B23006594,31,2025/10/31,10856,0,5400,540,0,5940,熊本支店,レンタル法人,48,新規,12ヶ月以上
B23006594,32,2025/11/30,10856,0,5400,540,0,5940,熊本支店,レンタル法人,48,新規,12ヶ月以上
B23006594,33,2025/12/31,10856,0,5400,540,0,5940,熊本支店,レンタル法人,48,新規,12ヶ月以上
B23006594,34,2026/1/31,10856,0,5400,540,0,5940,熊本支店,レンタル法人,48,新規,12ヶ月以上
B23006594,35,2026/2/28,10856,0,5400,540,0,5940,熊本支店,レンタル法人,48,新規,12ヶ月以上
B23006594,36,2026/3/31,10856,0,5400,540,0,5940,熊本支店,レンタル法人,48,新規,12ヶ月以上
B23006594,37,2026/4/30,10856,0,5400,540,0,5940,熊本支店,レンタル法人,48,新規,12ヶ月以上
B23006594,38,2026/5/31,10856,0,5400,540,0,5940,熊本支店,レンタル法人,48,新規,12ヶ月以上
B23006594,39,2026/6/30,10856,0,5400,540,0,5940,熊本支店,レンタル法人,48,新規,12ヶ月以上
B23006594,40,2026/7/31,10856,0,5400,540,0,5940,熊本支店,レンタル法人,48,新規,12ヶ月以上
B23006594,41,2026/8/31,10856,0,5400,540,0,5940,熊本支店,レンタル法人,48,新規,12ヶ月以上
B23007654,29,2025/9/30,10753,0,49000,4900,0,53900,熊本支店,レンタル法人,36,新規,12ヶ月以上
B23007654,30,2025/10/31,10753,0,49000,4900,0,53900,熊本支店,レンタル法人,36,新規,12ヶ月以上
B23007654,31,2025/11/30,10753,0,49000,4900,0,53900,熊本支店,レンタル法人,36,新規,12ヶ月以上
B23007654,32,2025/12/31,10753,0,49000,4900,0,53900,熊本支店,レンタル法人,36,新規,12ヶ月以上
B23007654,33,2026/1/31,10753,0,49000,4900,0,53900,熊本支店,レンタル法人,36,新規,12ヶ月以上
B23007654,34,2026/2/28,10753,0,49000,4900,0,53900,熊本支店,レンタル法人,36,新規,12ヶ月以上
B23007654,35,2026/3/31,10753,0,49000,4900,0,53900,熊本支店,レンタル法人,36,新規,12ヶ月以上
B23007654,36,2026/4/30,10753,0,49000,4900,0,53900,熊本支店,レンタル法人,36,新規,12ヶ月以上
B23007723,29,2025/9/30,10856,0,5400,540,0,5940,熊本支店,レンタル法人,48,新規,12ヶ月以上
B23007723,30,2025/10/31,10856,0,5400,540,0,5940,熊本支店,レンタル法人,48,新規,12ヶ月以上
B23007723,31,2025/11/30,10856,0,5400,540,0,5940,熊本支店,レンタル法人,48,新規,12ヶ月以上
B23007723,32,2025/12/31,10856,0,5400,540,0,5940,熊本支店,レンタル法人,48,新規,12ヶ月以上
B23007723,33,2026/1/31,10856,0,5400,540,0,5940,熊本支店,レンタル法人,48,新規,12ヶ月以上
B23007723,34,2026/2/28,10856,0,5400,540,0,5940,熊本支店,レンタル法人,48,新規,12ヶ月以上
B23007723,35,2026/3/31,10856,0,5400,540,0,5940,熊本支店,レンタル法人,48,新規,12ヶ月以上
B23007723,36,2026/4/30,10856,0,5400,540,0,5940,熊本支店,レンタル法人,48,新規,12ヶ月以上
B23007723,37,2026/5/31,10856,0,5400,540,0,5940,熊本支店,レンタル法人,48,新規,12ヶ月以上
B23007723,38,2026/6/30,10856,0,5400,540,0,5940,熊本支店,レンタル法人,48,新規,12ヶ月以上
B23007723,39,2026/7/31,10856,0,5400,540,0,5940,熊本支店,レンタル法人,48,新規,12ヶ月以上
B23007723,40,2026/8/31,10856,0,5400,540,0,5940,熊本支店,レンタル法人,48,新規,12ヶ月以上
B23008079,29,2025/9/30,10856,0,7200,720,0,7920,熊本支店,レンタル法人,48,新規,12ヶ月以上
B23008079,30,2025/10/31,10856,0,7200,720,0,7920,熊本支店,レンタル法人,48,新規,12ヶ月以上
B23008079,31,2025/11/30,10856,0,7200,720,0,7920,熊本支店,レンタル法人,48,新規,12ヶ月以上
B23008079,32,2025/12/31,10856,0,7200,720,0,7920,熊本支店,レンタル法人,48,新規,12ヶ月以上
B23008079,33,2026/1/31,10856,0,7200,720,0,7920,熊本支店,レンタル法人,48,新規,12ヶ月以上
B23008079,34,2026/2/28,10856,0,7200,720,0,7920,熊本支店,レンタル法人,48,新規,12ヶ月以上
B23008079,35,2026/3/31,10856,0,7200,720,0,7920,熊本支店,レンタル法人,48,新規,12ヶ月以上
B23008079,36,2026/4/30,10856,0,7200,720,0,7920,熊本支店,レンタル法人,48,新規,12ヶ月以上
B23008079,37,2026/5/31,10856,0,7200,720,0,7920,熊本支店,レンタル法人,48,新規,12ヶ月以上
B23008079,38,2026/6/30,10856,0,7200,720,0,7920,熊本支店,レンタル法人,48,新規,12ヶ月以上
B23008079,39,2026/7/31,10856,0,7200,720,0,7920,熊本支店,レンタル法人,48,新規,12ヶ月以上
B23008079,40,2026/8/31,10856,0,7200,720,0,7920,熊本支店,レンタル法人,48,新規,12ヶ月以上
B23008701,28,2025/9/30,12916,0,34350,3435,0,37785,熊本支店,レンタル法人,60,新規,12ヶ月以上
B23008701,29,2025/10/31,12916,0,34350,3435,0,37785,熊本支店,レンタル法人,60,新規,12ヶ月以上
B23008701,30,2025/11/30,12916,0,34350,3435,0,37785,熊本支店,レンタル法人,60,新規,12ヶ月以上
B23008701,31,2025/12/31,12916,0,34350,3435,0,37785,熊本支店,レンタル法人,60,新規,12ヶ月以上
B23008701,32,2026/1/31,12916,0,34350,3435,0,37785,熊本支店,レンタル法人,60,新規,12ヶ月以上
B23008701,33,2026/2/28,12916,0,34350,3435,0,37785,熊本支店,レンタル法人,60,新規,12ヶ月以上
B23008701,34,2026/3/31,12916,0,34350,3435,0,37785,熊本支店,レンタル法人,60,新規,12ヶ月以上
B23008701,35,2026/4/30,12916,0,34350,3435,0,37785,熊本支店,レンタル法人,60,新規,12ヶ月以上
B23008701,36,2026/5/31,12916,0,34350,3435,0,37785,熊本支店,レンタル法人,60,新規,12ヶ月以上
B23008701,37,2026/6/30,12916,0,34350,3435,0,37785,熊本支店,レンタル法人,60,新規,12ヶ月以上
B23008701,38,2026/7/31,12916,0,34350,3435,0,37785,熊本支店,レンタル法人,60,新規,12ヶ月以上
B23008701,39,2026/8/31,12916,0,34350,3435,0,37785,熊本支店,レンタル法人,60,新規,12ヶ月以上
B23009304,29,2025/9/30,10856,0,10800,1080,0,11880,熊本支店,レンタル法人,48,新規,12ヶ月以上
B23009304,30,2025/10/31,10856,0,10800,1080,0,11880,熊本支店,レンタル法人,48,新規,12ヶ月以上
B23009304,31,2025/11/30,10856,0,10800,1080,0,11880,熊本支店,レンタル法人,48,新規,12ヶ月以上
B23009304,32,2025/12/31,10856,0,10800,1080,0,11880,熊本支店,レンタル法人,48,新規,12ヶ月以上
B23009304,33,2026/1/31,10856,0,10800,1080,0,11880,熊本支店,レンタル法人,48,新規,12ヶ月以上
B23009304,34,2026/2/28,10856,0,10800,1080,0,11880,熊本支店,レンタル法人,48,新規,12ヶ月以上
B23009304,35,2026/3/31,10856,0,10800,1080,0,11880,熊本支店,レンタル法人,48,新規,12ヶ月以上
B23009304,36,2026/4/30,10856,0,10800,1080,0,11880,熊本支店,レンタル法人,48,新規,12ヶ月以上
B23009304,37,2026/5/31,10856,0,10800,1080,0,11880,熊本支店,レンタル法人,48,新規,12ヶ月以上
B23009304,38,2026/6/30,10856,0,10800,1080,0,11880,熊本支店,レンタル法人,48,新規,12ヶ月以上
B23009304,39,2026/7/31,10856,0,10800,1080,0,11880,熊本支店,レンタル法人,48,新規,12ヶ月以上
B23009304,40,2026/8/31,10856,0,10800,1080,0,11880,熊本支店,レンタル法人,48,新規,12ヶ月以上
B23009307,29,2025/9/30,10856,0,5400,540,0,5940,熊本支店,レンタル法人,48,新規,12ヶ月以上
B23009307,30,2025/10/31,10856,0,5400,540,0,5940,熊本支店,レンタル法人,48,新規,12ヶ月以上
B23009307,31,2025/11/30,10856,0,5400,540,0,5940,熊本支店,レンタル法人,48,新規,12ヶ月以上
B23009307,32,2025/12/31,10856,0,5400,540,0,5940,熊本支店,レンタル法人,48,新規,12ヶ月以上
B23009307,33,2026/1/31,10856,0,5400,540,0,5940,熊本支店,レンタル法人,48,新規,12ヶ月以上
B23009307,34,2026/2/28,10856,0,5400,540,0,5940,熊本支店,レンタル法人,48,新規,12ヶ月以上
B23009307,35,2026/3/31,10856,0,5400,540,0,5940,熊本支店,レンタル法人,48,新規,12ヶ月以上
B23009307,36,2026/4/30,10856,0,5400,540,0,5940,熊本支店,レンタル法人,48,新規,12ヶ月以上
B23009307,37,2026/5/31,10856,0,5400,540,0,5940,熊本支店,レンタル法人,48,新規,12ヶ月以上
B23009307,38,2026/6/30,10856,0,5400,540,0,5940,熊本支店,レンタル法人,48,新規,12ヶ月以上
B23009307,39,2026/7/31,10856,0,5400,540,0,5940,熊本支店,レンタル法人,48,新規,12ヶ月以上
B23009307,40,2026/8/31,10856,0,5400,540,0,5940,熊本支店,レンタル法人,48,新規,12ヶ月以上
B23010175,29,2025/9/30,12172,0,41160,4116,0,45276,熊本支店,レンタル法人,60,新規,12ヶ月以上
B23010175,30,2025/10/31,12172,0,41160,4116,0,45276,熊本支店,レンタル法人,60,新規,12ヶ月以上
B23010175,31,2025/11/30,12172,0,41160,4116,0,45276,熊本支店,レンタル法人,60,新規,12ヶ月以上
B23010175,32,2025/12/31,12172,0,41160,4116,0,45276,熊本支店,レンタル法人,60,新規,12ヶ月以上
B23010175,33,2026/1/31,12172,0,41160,4116,0,45276,熊本支店,レンタル法人,60,新規,12ヶ月以上
B23010175,34,2026/2/28,12172,0,41160,4116,0,45276,熊本支店,レンタル法人,60,新規,12ヶ月以上
B23010175,35,2026/3/31,12172,0,41160,4116,0,45276,熊本支店,レンタル法人,60,新規,12ヶ月以上
B23010175,36,2026/4/30,12172,0,41160,4116,0,45276,熊本支店,レンタル法人,60,新規,12ヶ月以上
B23010175,37,2026/5/31,12172,0,41160,4116,0,45276,熊本支店,レンタル法人,60,新規,12ヶ月以上
B23010175,38,2026/6/30,12172,0,41160,4116,0,45276,熊本支店,レンタル法人,60,新規,12ヶ月以上
B23010175,39,2026/7/31,12172,0,41160,4116,0,45276,熊本支店,レンタル法人,60,新規,12ヶ月以上
B23010175,40,2026/8/31,12172,0,41160,4116,0,45276,熊本支店,レンタル法人,60,新規,12ヶ月以上
B23010408,28,2025/9/30,10986,0,1300,130,0,1430,熊本支店,レンタル法人,48,新規,12ヶ月以上
B23010408,29,2025/10/31,10986,0,1300,130,0,1430,熊本支店,レンタル法人,48,新規,12ヶ月以上
B23010408,30,2025/11/30,10986,0,1300,130,0,1430,熊本支店,レンタル法人,48,新規,12ヶ月以上
B23010408,31,2025/12/31,10986,0,1300,130,0,1430,熊本支店,レンタル法人,48,新規,12ヶ月以上
B23010408,32,2026/1/31,10986,0,1300,130,0,1430,熊本支店,レンタル法人,48,新規,12ヶ月以上
B23010408,33,2026/2/28,10986,0,1300,130,0,1430,熊本支店,レンタル法人,48,新規,12ヶ月以上
B23010408,34,2026/3/31,10986,0,1300,130,0,1430,熊本支店,レンタル法人,48,新規,12ヶ月以上
B23010408,35,2026/4/30,10986,0,1300,130,0,1430,熊本支店,レンタル法人,48,新規,12ヶ月以上
B23010408,36,2026/5/31,10986,0,1300,130,0,1430,熊本支店,レンタル法人,48,新規,12ヶ月以上
B23010408,37,2026/6/30,10986,0,1300,130,0,1430,熊本支店,レンタル法人,48,新規,12ヶ月以上
B23010408,38,2026/7/31,10986,0,1300,130,0,1430,熊本支店,レンタル法人,48,新規,12ヶ月以上
B23010408,39,2026/8/31,10986,0,1300,130,0,1430,熊本支店,レンタル法人,48,新規,12ヶ月以上
B23010735,27,2025/9/30,10986,0,1300,130,0,1430,熊本支店,レンタル法人,48,新規,12ヶ月以上
B23010735,28,2025/10/31,10986,0,1300,130,0,1430,熊本支店,レンタル法人,48,新規,12ヶ月以上
B23010735,29,2025/11/30,10986,0,1300,130,0,1430,熊本支店,レンタル法人,48,新規,12ヶ月以上
B23010735,30,2025/12/31,10986,0,1300,130,0,1430,熊本支店,レンタル法人,48,新規,12ヶ月以上
B23010735,31,2026/1/31,10986,0,1300,130,0,1430,熊本支店,レンタル法人,48,新規,12ヶ月以上
B23010735,32,2026/2/28,10986,0,1300,130,0,1430,熊本支店,レンタル法人,48,新規,12ヶ月以上
B23010735,33,2026/3/31,10986,0,1300,130,0,1430,熊本支店,レンタル法人,48,新規,12ヶ月以上
B23010735,34,2026/4/30,10986,0,1300,130,0,1430,熊本支店,レンタル法人,48,新規,12ヶ月以上
B23010735,35,2026/5/31,10986,0,1300,130,0,1430,熊本支店,レンタル法人,48,新規,12ヶ月以上
B23010735,36,2026/6/30,10986,0,1300,130,0,1430,熊本支店,レンタル法人,48,新規,12ヶ月以上
B23010735,37,2026/7/31,10986,0,1300,130,0,1430,熊本支店,レンタル法人,48,新規,12ヶ月以上
B23010735,38,2026/8/31,10986,0,1300,130,0,1430,熊本支店,レンタル法人,48,新規,12ヶ月以上
B23011042,25,2025/9/30,11577,0,456300,45630,0,501930,熊本支店,レンタル法人,35,新規,12ヶ月以上
B23011042,26,2025/10/31,11577,0,456300,45630,0,501930,熊本支店,レンタル法人,35,新規,12ヶ月以上
B23011042,27,2025/11/30,11577,0,456300,45630,0,501930,熊本支店,レンタル法人,35,新規,12ヶ月以上
B23011042,28,2025/12/31,11577,0,456300,45630,0,501930,熊本支店,レンタル法人,35,新規,12ヶ月以上
B23011042,29,2026/1/31,11577,0,456300,45630,0,501930,熊本支店,レンタル法人,35,新規,12ヶ月以上
B23011042,30,2026/2/28,11577,0,456300,45630,0,501930,熊本支店,レンタル法人,35,新規,12ヶ月以上
B23011042,31,2026/3/31,11577,0,456300,45630,0,501930,熊本支店,レンタル法人,35,新規,12ヶ月以上
B23011042,32,2026/4/30,11577,0,456300,45630,0,501930,熊本支店,レンタル法人,35,新規,12ヶ月以上
B23011042,33,2026/5/31,11577,0,456300,45630,0,501930,熊本支店,レンタル法人,35,新規,12ヶ月以上
B23011042,34,2026/6/30,11577,0,456300,45630,0,501930,熊本支店,レンタル法人,35,新規,12ヶ月以上
B23011042,35,2026/7/31,11577,0,456300,45630,0,501930,熊本支店,レンタル法人,35,新規,12ヶ月以上
B23011134,28,2025/9/30,10856,0,5400,540,0,5940,熊本支店,レンタル法人,48,新規,12ヶ月以上
B23011134,29,2025/10/31,10856,0,5400,540,0,5940,熊本支店,レンタル法人,48,新規,12ヶ月以上
B23011134,30,2025/11/30,10856,0,5400,540,0,5940,熊本支店,レンタル法人,48,新規,12ヶ月以上
B23011134,31,2025/12/31,10856,0,5400,540,0,5940,熊本支店,レンタル法人,48,新規,12ヶ月以上
B23011134,32,2026/1/31,10856,0,5400,540,0,5940,熊本支店,レンタル法人,48,新規,12ヶ月以上
B23011134,33,2026/2/28,10856,0,5400,540,0,5940,熊本支店,レンタル法人,48,新規,12ヶ月以上
B23011134,34,2026/3/31,10856,0,5400,540,0,5940,熊本支店,レンタル法人,48,新規,12ヶ月以上
B23011134,35,2026/4/30,10856,0,5400,540,0,5940,熊本支店,レンタル法人,48,新規,12ヶ月以上
B23011134,36,2026/5/31,10856,0,5400,540,0,5940,熊本支店,レンタル法人,48,新規,12ヶ月以上
B23011134,37,2026/6/30,10856,0,5400,540,0,5940,熊本支店,レンタル法人,48,新規,12ヶ月以上
B23011134,38,2026/7/31,10856,0,5400,540,0,5940,熊本支店,レンタル法人,48,新規,12ヶ月以上
B23011134,39,2026/8/31,10856,0,5400,540,0,5940,熊本支店,レンタル法人,48,新規,12ヶ月以上
B23011764,28,2025/9/30,10856,0,16200,1620,0,17820,熊本支店,レンタル法人,48,新規,12ヶ月以上
B23011764,29,2025/10/31,10856,0,16200,1620,0,17820,熊本支店,レンタル法人,48,新規,12ヶ月以上
B23011764,30,2025/11/30,10856,0,16200,1620,0,17820,熊本支店,レンタル法人,48,新規,12ヶ月以上
B23011764,31,2025/12/31,10856,0,16200,1620,0,17820,熊本支店,レンタル法人,48,新規,12ヶ月以上
B23011764,32,2026/1/31,10856,0,16200,1620,0,17820,熊本支店,レンタル法人,48,新規,12ヶ月以上
B23011764,33,2026/2/28,10856,0,16200,1620,0,17820,熊本支店,レンタル法人,48,新規,12ヶ月以上
B23011764,34,2026/3/31,10856,0,16200,1620,0,17820,熊本支店,レンタル法人,48,新規,12ヶ月以上
B23011764,35,2026/4/30,10856,0,16200,1620,0,17820,熊本支店,レンタル法人,48,新規,12ヶ月以上
B23011764,36,2026/5/31,10856,0,16200,1620,0,17820,熊本支店,レンタル法人,48,新規,12ヶ月以上
B23011764,37,2026/6/30,10856,0,16200,1620,0,17820,熊本支店,レンタル法人,48,新規,12ヶ月以上
B23011764,38,2026/7/31,10856,0,16200,1620,0,17820,熊本支店,レンタル法人,48,新規,12ヶ月以上
B23011764,39,2026/8/31,10856,0,16200,1620,0,17820,熊本支店,レンタル法人,48,新規,12ヶ月以上
B23011771,27,2025/9/30,12172,0,37240,3724,0,40964,熊本支店,レンタル法人,60,新規,12ヶ月以上
B23011771,28,2025/10/31,12172,0,37240,3724,0,40964,熊本支店,レンタル法人,60,新規,12ヶ月以上
B23011771,29,2025/11/30,12172,0,37240,3724,0,40964,熊本支店,レンタル法人,60,新規,12ヶ月以上
B23011771,30,2025/12/31,12172,0,37240,3724,0,40964,熊本支店,レンタル法人,60,新規,12ヶ月以上
B23011771,31,2026/1/31,12172,0,37240,3724,0,40964,熊本支店,レンタル法人,60,新規,12ヶ月以上
B23011771,32,2026/2/28,12172,0,37240,3724,0,40964,熊本支店,レンタル法人,60,新規,12ヶ月以上
B23011771,33,2026/3/31,12172,0,37240,3724,0,40964,熊本支店,レンタル法人,60,新規,12ヶ月以上
B23011771,34,2026/4/30,12172,0,37240,3724,0,40964,熊本支店,レンタル法人,60,新規,12ヶ月以上
B23011771,35,2026/5/31,12172,0,37240,3724,0,40964,熊本支店,レンタル法人,60,新規,12ヶ月以上
B23011771,36,2026/6/30,12172,0,37240,3724,0,40964,熊本支店,レンタル法人,60,新規,12ヶ月以上
B23011771,37,2026/7/31,12172,0,37240,3724,0,40964,熊本支店,レンタル法人,60,新規,12ヶ月以上
B23011771,38,2026/8/31,12172,0,37240,3724,0,40964,熊本支店,レンタル法人,60,新規,12ヶ月以上
B23012743,26,2025/9/30,10750,0,401150,40115,0,441265,熊本支店,レンタル法人,36,新規,12ヶ月以上
B23012743,27,2025/10/31,10750,0,401150,40115,0,441265,熊本支店,レンタル法人,36,新規,12ヶ月以上
B23012743,28,2025/11/30,10750,0,401150,40115,0,441265,熊本支店,レンタル法人,36,新規,12ヶ月以上
B23012743,29,2025/12/31,10750,0,401150,40115,0,441265,熊本支店,レンタル法人,36,新規,12ヶ月以上
B23012743,30,2026/1/31,10750,0,401150,40115,0,441265,熊本支店,レンタル法人,36,新規,12ヶ月以上
B23012743,31,2026/2/28,10750,0,401150,40115,0,441265,熊本支店,レンタル法人,36,新規,12ヶ月以上
B23012743,32,2026/3/31,10750,0,401150,40115,0,441265,熊本支店,レンタル法人,36,新規,12ヶ月以上
B23012743,33,2026/4/30,10750,0,401150,40115,0,441265,熊本支店,レンタル法人,36,新規,12ヶ月以上
B23012743,34,2026/5/31,10750,0,401150,40115,0,441265,熊本支店,レンタル法人,36,新規,12ヶ月以上
B23012743,35,2026/6/30,10750,0,401150,40115,0,441265,熊本支店,レンタル法人,36,新規,12ヶ月以上
B23012743,36,2026/7/31,10750,0,401150,40115,0,441265,熊本支店,レンタル法人,36,新規,12ヶ月以上
B23013135,26,2025/9/30,10986,0,10000,1000,0,11000,熊本支店,レンタル法人,48,新規,12ヶ月以上
B23013135,27,2025/10/31,10986,0,10000,1000,0,11000,熊本支店,レンタル法人,48,新規,12ヶ月以上
B23013135,28,2025/11/30,10986,0,10000,1000,0,11000,熊本支店,レンタル法人,48,新規,12ヶ月以上
B23013135,29,2025/12/31,10986,0,10000,1000,0,11000,熊本支店,レンタル法人,48,新規,12ヶ月以上
B23013135,30,2026/1/31,10986,0,10000,1000,0,11000,熊本支店,レンタル法人,48,新規,12ヶ月以上
B23013135,31,2026/2/28,10986,0,10000,1000,0,11000,熊本支店,レンタル法人,48,新規,12ヶ月以上
B23013135,32,2026/3/31,10986,0,10000,1000,0,11000,熊本支店,レンタル法人,48,新規,12ヶ月以上
B23013135,33,2026/4/30,10986,0,10000,1000,0,11000,熊本支店,レンタル法人,48,新規,12ヶ月以上
B23013135,34,2026/5/31,10986,0,10000,1000,0,11000,熊本支店,レンタル法人,48,新規,12ヶ月以上
B23013135,35,2026/6/30,10986,0,10000,1000,0,11000,熊本支店,レンタル法人,48,新規,12ヶ月以上
B23013135,36,2026/7/31,10986,0,10000,1000,0,11000,熊本支店,レンタル法人,48,新規,12ヶ月以上
B23013135,37,2026/8/31,10986,0,10000,1000,0,11000,熊本支店,レンタル法人,48,新規,12ヶ月以上
B23015355,25,2025/9/30,10986,0,1100,110,0,1210,熊本支店,レンタル法人,48,新規,12ヶ月以上
B23015355,26,2025/10/31,10986,0,1100,110,0,1210,熊本支店,レンタル法人,48,新規,12ヶ月以上
B23015355,27,2025/11/30,10986,0,1100,110,0,1210,熊本支店,レンタル法人,48,新規,12ヶ月以上
B23015355,28,2025/12/31,10986,0,1100,110,0,1210,熊本支店,レンタル法人,48,新規,12ヶ月以上
B23015355,29,2026/1/31,10986,0,1100,110,0,1210,熊本支店,レンタル法人,48,新規,12ヶ月以上
B23015355,30,2026/2/28,10986,0,1100,110,0,1210,熊本支店,レンタル法人,48,新規,12ヶ月以上
B23015355,31,2026/3/31,10986,0,1100,110,0,1210,熊本支店,レンタル法人,48,新規,12ヶ月以上
B23015355,32,2026/4/30,10986,0,1100,110,0,1210,熊本支店,レンタル法人,48,新規,12ヶ月以上
B23015355,33,2026/5/31,10986,0,1100,110,0,1210,熊本支店,レンタル法人,48,新規,12ヶ月以上
B23015355,34,2026/6/30,10986,0,1100,110,0,1210,熊本支店,レンタル法人,48,新規,12ヶ月以上
B23015355,35,2026/7/31,10986,0,1100,110,0,1210,熊本支店,レンタル法人,48,新規,12ヶ月以上
B23015355,36,2026/8/31,10986,0,1100,110,0,1210,熊本支店,レンタル法人,48,新規,12ヶ月以上
B23015356,26,2025/9/30,12916,0,2950,295,0,3245,熊本支店,レンタル法人,48,新規,12ヶ月以上
B23015356,27,2025/10/31,12916,0,2950,295,0,3245,熊本支店,レンタル法人,48,新規,12ヶ月以上
B23015356,28,2025/11/30,12916,0,2950,295,0,3245,熊本支店,レンタル法人,48,新規,12ヶ月以上
B23015356,29,2025/12/31,12916,0,2950,295,0,3245,熊本支店,レンタル法人,48,新規,12ヶ月以上
B23015356,30,2026/1/31,12916,0,2950,295,0,3245,熊本支店,レンタル法人,48,新規,12ヶ月以上
B23015356,31,2026/2/28,12916,0,2950,295,0,3245,熊本支店,レンタル法人,48,新規,12ヶ月以上
B23015356,32,2026/3/31,12916,0,2950,295,0,3245,熊本支店,レンタル法人,48,新規,12ヶ月以上
B23015356,33,2026/4/30,12916,0,2950,295,0,3245,熊本支店,レンタル法人,48,新規,12ヶ月以上
B23015356,34,2026/5/31,12916,0,2950,295,0,3245,熊本支店,レンタル法人,48,新規,12ヶ月以上
B23015356,35,2026/6/30,12916,0,2950,295,0,3245,熊本支店,レンタル法人,48,新規,12ヶ月以上
B23015356,36,2026/7/31,12916,0,2950,295,0,3245,熊本支店,レンタル法人,48,新規,12ヶ月以上
B23015356,37,2026/8/31,12916,0,2950,295,0,3245,熊本支店,レンタル法人,48,新規,12ヶ月以上
B23015820,25,2025/9/30,13443,0,5200,520,0,5720,熊本支店,レンタル法人,36,新規,12ヶ月以上
B23015820,26,2025/10/31,13443,0,5200,520,0,5720,熊本支店,レンタル法人,36,新規,12ヶ月以上
B23015820,27,2025/11/30,13443,0,5200,520,0,5720,熊本支店,レンタル法人,36,新規,12ヶ月以上
B23015820,28,2025/12/31,13443,0,5200,520,0,5720,熊本支店,レンタル法人,36,新規,12ヶ月以上
B23015820,29,2026/1/31,13443,0,5200,520,0,5720,熊本支店,レンタル法人,36,新規,12ヶ月以上
B23015820,30,2026/2/28,13443,0,5200,520,0,5720,熊本支店,レンタル法人,36,新規,12ヶ月以上
B23015820,31,2026/3/31,13443,0,5200,520,0,5720,熊本支店,レンタル法人,36,新規,12ヶ月以上
B23015820,32,2026/4/30,13443,0,5200,520,0,5720,熊本支店,レンタル法人,36,新規,12ヶ月以上
B23015820,33,2026/5/31,13443,0,5200,520,0,5720,熊本支店,レンタル法人,36,新規,12ヶ月以上
B23015820,34,2026/6/30,13443,0,5200,520,0,5720,熊本支店,レンタル法人,36,新規,12ヶ月以上
B23015820,35,2026/7/31,13443,0,5200,520,0,5720,熊本支店,レンタル法人,36,新規,12ヶ月以上
B23015820,36,2026/8/31,13443,0,5200,520,0,5720,熊本支店,レンタル法人,36,新規,12ヶ月以上
B23017246,25,2025/9/30,10856,0,2000,200,0,2200,熊本支店,レンタル法人,48,新規,12ヶ月以上
B23017246,26,2025/10/31,10856,0,2000,200,0,2200,熊本支店,レンタル法人,48,新規,12ヶ月以上
B23017246,27,2025/11/30,10856,0,2000,200,0,2200,熊本支店,レンタル法人,48,新規,12ヶ月以上
B23017246,28,2025/12/31,10856,0,2000,200,0,2200,熊本支店,レンタル法人,48,新規,12ヶ月以上
B23017246,29,2026/1/31,10856,0,2000,200,0,2200,熊本支店,レンタル法人,48,新規,12ヶ月以上
B23017246,30,2026/2/28,10856,0,2000,200,0,2200,熊本支店,レンタル法人,48,新規,12ヶ月以上
B23017246,31,2026/3/31,10856,0,2000,200,0,2200,熊本支店,レンタル法人,48,新規,12ヶ月以上
B23017246,32,2026/4/30,10856,0,2000,200,0,2200,熊本支店,レンタル法人,48,新規,12ヶ月以上
B23017246,33,2026/5/31,10856,0,2000,200,0,2200,熊本支店,レンタル法人,48,新規,12ヶ月以上
B23017246,34,2026/6/30,10856,0,2000,200,0,2200,熊本支店,レンタル法人,48,新規,12ヶ月以上
B23017246,35,2026/7/31,10856,0,2000,200,0,2200,熊本支店,レンタル法人,48,新規,12ヶ月以上
B23017246,36,2026/8/31,10856,0,2000,200,0,2200,熊本支店,レンタル法人,48,新規,12ヶ月以上
B23017572,24,2025/9/30,10986,0,5900,590,0,6490,熊本支店,レンタル法人,48,新規,12ヶ月以上
B23017572,25,2025/10/31,10986,0,5900,590,0,6490,熊本支店,レンタル法人,48,新規,12ヶ月以上
B23017572,26,2025/11/30,10986,0,5900,590,0,6490,熊本支店,レンタル法人,48,新規,12ヶ月以上
B23017572,27,2025/12/31,10986,0,5900,590,0,6490,熊本支店,レンタル法人,48,新規,12ヶ月以上
B23017572,28,2026/1/31,10986,0,5900,590,0,6490,熊本支店,レンタル法人,48,新規,12ヶ月以上
B23017572,29,2026/2/28,10986,0,5900,590,0,6490,熊本支店,レンタル法人,48,新規,12ヶ月以上
B23017572,30,2026/3/31,10986,0,5900,590,0,6490,熊本支店,レンタル法人,48,新規,12ヶ月以上
B23017572,31,2026/4/30,10986,0,5900,590,0,6490,熊本支店,レンタル法人,48,新規,12ヶ月以上
B23017572,32,2026/5/31,10986,0,5900,590,0,6490,熊本支店,レンタル法人,48,新規,12ヶ月以上
B23017572,33,2026/6/30,10986,0,5900,590,0,6490,熊本支店,レンタル法人,48,新規,12ヶ月以上
B23017572,34,2026/7/31,10986,0,5900,590,0,6490,熊本支店,レンタル法人,48,新規,12ヶ月以上
B23017572,35,2026/8/31,10986,0,5900,590,0,6490,熊本支店,レンタル法人,48,新規,12ヶ月以上
B23017714,25,2025/9/30,13613,0,1000,100,0,1100,熊本支店,レンタル法人,60,新規,12ヶ月以上
B23017714,26,2025/10/31,13613,0,1000,100,0,1100,熊本支店,レンタル法人,60,新規,12ヶ月以上
B23017714,27,2025/11/30,13613,0,1000,100,0,1100,熊本支店,レンタル法人,60,新規,12ヶ月以上
B23017714,28,2025/12/31,13613,0,1000,100,0,1100,熊本支店,レンタル法人,60,新規,12ヶ月以上
B23017714,29,2026/1/31,13613,0,1000,100,0,1100,熊本支店,レンタル法人,60,新規,12ヶ月以上
B23017714,30,2026/2/28,13613,0,1000,100,0,1100,熊本支店,レンタル法人,60,新規,12ヶ月以上
B23017714,31,2026/3/31,13613,0,1000,100,0,1100,熊本支店,レンタル法人,60,新規,12ヶ月以上
B23017714,32,2026/4/30,13613,0,1000,100,0,1100,熊本支店,レンタル法人,60,新規,12ヶ月以上
B23017714,33,2026/5/31,13613,0,1000,100,0,1100,熊本支店,レンタル法人,60,新規,12ヶ月以上
B23017714,34,2026/6/30,13613,0,1000,100,0,1100,熊本支店,レンタル法人,60,新規,12ヶ月以上
B23017714,35,2026/7/31,13613,0,1000,100,0,1100,熊本支店,レンタル法人,60,新規,12ヶ月以上
B23017714,36,2026/8/31,13613,0,1000,100,0,1100,熊本支店,レンタル法人,60,新規,12ヶ月以上
B23017814,26,2025/9/30,8988,0,2000,200,0,2200,熊本支店,レンタル法人,36,新規,12ヶ月以上
B23017814,27,2025/10/31,8988,0,2000,200,0,2200,熊本支店,レンタル法人,36,新規,12ヶ月以上
B23017814,28,2025/11/30,8988,0,2000,200,0,2200,熊本支店,レンタル法人,36,新規,12ヶ月以上
B23017814,29,2025/12/31,8988,0,2000,200,0,2200,熊本支店,レンタル法人,36,新規,12ヶ月以上
B23017814,30,2026/1/31,8988,0,2000,200,0,2200,熊本支店,レンタル法人,36,新規,12ヶ月以上
B23017814,31,2026/2/28,8988,0,2000,200,0,2200,熊本支店,レンタル法人,36,新規,12ヶ月以上
B23017814,32,2026/3/31,8988,0,2000,200,0,2200,熊本支店,レンタル法人,36,新規,12ヶ月以上
B23017814,33,2026/4/30,8988,0,2000,200,0,2200,熊本支店,レンタル法人,36,新規,12ヶ月以上
B23017814,34,2026/5/31,8988,0,2000,200,0,2200,熊本支店,レンタル法人,36,新規,12ヶ月以上
B23017814,35,2026/6/30,8988,0,2000,200,0,2200,熊本支店,レンタル法人,36,新規,12ヶ月以上
B23017814,36,2026/7/31,8988,0,2000,200,0,2200,熊本支店,レンタル法人,36,新規,12ヶ月以上
B23017949,24,2025/9/30,11577,0,54000,5400,0,59400,熊本支店,レンタル法人,36,新規,12ヶ月以上
B23017949,25,2025/10/31,11577,0,54000,5400,0,59400,熊本支店,レンタル法人,36,新規,12ヶ月以上
B23017949,26,2025/11/30,11577,0,54000,5400,0,59400,熊本支店,レンタル法人,36,新規,12ヶ月以上
B23017949,27,2025/12/31,11577,0,54000,5400,0,59400,熊本支店,レンタル法人,36,新規,12ヶ月以上
B23017949,28,2026/1/31,11577,0,54000,5400,0,59400,熊本支店,レンタル法人,36,新規,12ヶ月以上
B23017949,29,2026/2/28,11577,0,54000,5400,0,59400,熊本支店,レンタル法人,36,新規,12ヶ月以上
B23017949,30,2026/3/31,11577,0,54000,5400,0,59400,熊本支店,レンタル法人,36,新規,12ヶ月以上
B23017949,31,2026/4/30,11577,0,54000,5400,0,59400,熊本支店,レンタル法人,36,新規,12ヶ月以上
B23017949,32,2026/5/31,11577,0,54000,5400,0,59400,熊本支店,レンタル法人,36,新規,12ヶ月以上
B23017949,33,2026/6/30,11577,0,54000,5400,0,59400,熊本支店,レンタル法人,36,新規,12ヶ月以上
B23017949,34,2026/7/31,11577,0,54000,5400,0,59400,熊本支店,レンタル法人,36,新規,12ヶ月以上
B23017949,35,2026/8/31,11577,0,54000,5400,0,59400,熊本支店,レンタル法人,36,新規,12ヶ月以上
B23017997,24,2025/9/30,10784,0,20500,2050,0,22550,熊本支店,レンタル法人,36,新規,12ヶ月以上
B23017997,25,2025/10/31,10784,0,20500,2050,0,22550,熊本支店,レンタル法人,36,新規,12ヶ月以上
B23017997,26,2025/11/30,10784,0,20500,2050,0,22550,熊本支店,レンタル法人,36,新規,12ヶ月以上
B23017997,27,2025/12/31,10784,0,20500,2050,0,22550,熊本支店,レンタル法人,36,新規,12ヶ月以上
B23017997,28,2026/1/31,10784,0,20500,2050,0,22550,熊本支店,レンタル法人,36,新規,12ヶ月以上
B23017997,29,2026/2/28,10784,0,20500,2050,0,22550,熊本支店,レンタル法人,36,新規,12ヶ月以上
B23017997,30,2026/3/31,10784,0,20500,2050,0,22550,熊本支店,レンタル法人,36,新規,12ヶ月以上
B23017997,31,2026/4/30,10784,0,20500,2050,0,22550,熊本支店,レンタル法人,36,新規,12ヶ月以上
B23017997,32,2026/5/31,10784,0,20500,2050,0,22550,熊本支店,レンタル法人,36,新規,12ヶ月以上
B23017997,33,2026/6/30,10784,0,20500,2050,0,22550,熊本支店,レンタル法人,36,新規,12ヶ月以上
B23017997,34,2026/7/31,10784,0,20500,2050,0,22550,熊本支店,レンタル法人,36,新規,12ヶ月以上
B23017997,35,2026/8/31,10784,0,20500,2050,0,22550,熊本支店,レンタル法人,36,新規,12ヶ月以上
B23018014,25,2025/9/30,10856,0,3600,360,0,3960,熊本支店,レンタル法人,48,新規,12ヶ月以上
B23018014,26,2025/10/31,10856,0,3600,360,0,3960,熊本支店,レンタル法人,48,新規,12ヶ月以上
B23018014,27,2025/11/30,10856,0,3600,360,0,3960,熊本支店,レンタル法人,48,新規,12ヶ月以上
B23018014,28,2025/12/31,10856,0,3600,360,0,3960,熊本支店,レンタル法人,48,新規,12ヶ月以上
B23018014,29,2026/1/31,10856,0,3600,360,0,3960,熊本支店,レンタル法人,48,新規,12ヶ月以上
B23018014,30,2026/2/28,10856,0,3600,360,0,3960,熊本支店,レンタル法人,48,新規,12ヶ月以上
B23018014,31,2026/3/31,10856,0,3600,360,0,3960,熊本支店,レンタル法人,48,新規,12ヶ月以上
B23018014,32,2026/4/30,10856,0,3600,360,0,3960,熊本支店,レンタル法人,48,新規,12ヶ月以上
B23018014,33,2026/5/31,10856,0,3600,360,0,3960,熊本支店,レンタル法人,48,新規,12ヶ月以上
B23018014,34,2026/6/30,10856,0,3600,360,0,3960,熊本支店,レンタル法人,48,新規,12ヶ月以上
B23018014,35,2026/7/31,10856,0,3600,360,0,3960,熊本支店,レンタル法人,48,新規,12ヶ月以上
B23018014,36,2026/8/31,10856,0,3600,360,0,3960,熊本支店,レンタル法人,48,新規,12ヶ月以上
B23018217,25,2025/9/30,8988,0,2000,200,0,2200,熊本支店,レンタル法人,36,新規,12ヶ月以上
B23018217,26,2025/10/31,8988,0,2000,200,0,2200,熊本支店,レンタル法人,36,新規,12ヶ月以上
B23018217,27,2025/11/30,8988,0,2000,200,0,2200,熊本支店,レンタル法人,36,新規,12ヶ月以上
B23018217,28,2025/12/31,8988,0,2000,200,0,2200,熊本支店,レンタル法人,36,新規,12ヶ月以上
B23018217,29,2026/1/31,8988,0,2000,200,0,2200,熊本支店,レンタル法人,36,新規,12ヶ月以上
B23018217,30,2026/2/28,8988,0,2000,200,0,2200,熊本支店,レンタル法人,36,新規,12ヶ月以上
B23018217,31,2026/3/31,8988,0,2000,200,0,2200,熊本支店,レンタル法人,36,新規,12ヶ月以上
B23018217,32,2026/4/30,8988,0,2000,200,0,2200,熊本支店,レンタル法人,36,新規,12ヶ月以上
B23018217,33,2026/5/31,8988,0,2000,200,0,2200,熊本支店,レンタル法人,36,新規,12ヶ月以上
B23018217,34,2026/6/30,8988,0,2000,200,0,2200,熊本支店,レンタル法人,36,新規,12ヶ月以上
B23018217,35,2026/7/31,8988,0,2000,200,0,2200,熊本支店,レンタル法人,36,新規,12ヶ月以上
B23018217,36,2026/8/31,8988,0,2000,200,0,2200,熊本支店,レンタル法人,36,新規,12ヶ月以上
B23018368,25,2025/9/30,12916,0,2050,205,0,2255,熊本支店,レンタル法人,48,新規,12ヶ月以上
B23018368,26,2025/10/31,12916,0,2050,205,0,2255,熊本支店,レンタル法人,48,新規,12ヶ月以上
B23018368,27,2025/11/30,12916,0,2050,205,0,2255,熊本支店,レンタル法人,48,新規,12ヶ月以上
B23018368,28,2025/12/31,12916,0,2050,205,0,2255,熊本支店,レンタル法人,48,新規,12ヶ月以上
B23018368,29,2026/1/31,12916,0,2050,205,0,2255,熊本支店,レンタル法人,48,新規,12ヶ月以上
B23018368,30,2026/2/28,12916,0,2050,205,0,2255,熊本支店,レンタル法人,48,新規,12ヶ月以上
B23018368,31,2026/3/31,12916,0,2050,205,0,2255,熊本支店,レンタル法人,48,新規,12ヶ月以上
B23018368,32,2026/4/30,12916,0,2050,205,0,2255,熊本支店,レンタル法人,48,新規,12ヶ月以上
B23018368,33,2026/5/31,12916,0,2050,205,0,2255,熊本支店,レンタル法人,48,新規,12ヶ月以上
B23018368,34,2026/6/30,12916,0,2050,205,0,2255,熊本支店,レンタル法人,48,新規,12ヶ月以上
B23018368,35,2026/7/31,12916,0,2050,205,0,2255,熊本支店,レンタル法人,48,新規,12ヶ月以上
B23018368,36,2026/8/31,12916,0,2050,205,0,2255,熊本支店,レンタル法人,48,新規,12ヶ月以上
B23018369,25,2025/9/30,12916,0,3600,360,0,3960,熊本支店,レンタル法人,48,新規,12ヶ月以上
B23018369,26,2025/10/31,12916,0,3600,360,0,3960,熊本支店,レンタル法人,48,新規,12ヶ月以上
B23018369,27,2025/11/30,12916,0,3600,360,0,3960,熊本支店,レンタル法人,48,新規,12ヶ月以上
B23018369,28,2025/12/31,12916,0,3600,360,0,3960,熊本支店,レンタル法人,48,新規,12ヶ月以上
B23018369,29,2026/1/31,12916,0,3600,360,0,3960,熊本支店,レンタル法人,48,新規,12ヶ月以上
B23018369,30,2026/2/28,12916,0,3600,360,0,3960,熊本支店,レンタル法人,48,新規,12ヶ月以上
B23018369,31,2026/3/31,12916,0,3600,360,0,3960,熊本支店,レンタル法人,48,新規,12ヶ月以上
B23018369,32,2026/4/30,12916,0,3600,360,0,3960,熊本支店,レンタル法人,48,新規,12ヶ月以上
B23018369,33,2026/5/31,12916,0,3600,360,0,3960,熊本支店,レンタル法人,48,新規,12ヶ月以上
B23018369,34,2026/6/30,12916,0,3600,360,0,3960,熊本支店,レンタル法人,48,新規,12ヶ月以上
B23018369,35,2026/7/31,12916,0,3600,360,0,3960,熊本支店,レンタル法人,48,新規,12ヶ月以上
B23018369,36,2026/8/31,12916,0,3600,360,0,3960,熊本支店,レンタル法人,48,新規,12ヶ月以上
B23018398,25,2025/9/30,10314,0,2280,228,0,2508,熊本支店,レンタル法人,60,新規,12ヶ月以上
B23018398,26,2025/10/31,10314,0,2280,228,0,2508,熊本支店,レンタル法人,60,新規,12ヶ月以上
B23018398,27,2025/11/30,10314,0,2280,228,0,2508,熊本支店,レンタル法人,60,新規,12ヶ月以上
B23018398,28,2025/12/31,10314,0,2280,228,0,2508,熊本支店,レンタル法人,60,新規,12ヶ月以上
B23018398,29,2026/1/31,10314,0,2280,228,0,2508,熊本支店,レンタル法人,60,新規,12ヶ月以上
B23018398,30,2026/2/28,10314,0,2280,228,0,2508,熊本支店,レンタル法人,60,新規,12ヶ月以上
B23018398,31,2026/3/31,10314,0,2280,228,0,2508,熊本支店,レンタル法人,60,新規,12ヶ月以上
B23018398,32,2026/4/30,10314,0,2280,228,0,2508,熊本支店,レンタル法人,60,新規,12ヶ月以上
B23018398,33,2026/5/31,10314,0,2280,228,0,2508,熊本支店,レンタル法人,60,新規,12ヶ月以上
B23018398,34,2026/6/30,10314,0,2280,228,0,2508,熊本支店,レンタル法人,60,新規,12ヶ月以上
B23018398,35,2026/7/31,10314,0,2280,228,0,2508,熊本支店,レンタル法人,60,新規,12ヶ月以上
B23018398,36,2026/8/31,10314,0,2280,228,0,2508,熊本支店,レンタル法人,60,新規,12ヶ月以上
B23018866,25,2025/9/30,10856,0,3600,360,0,3960,熊本支店,レンタル法人,48,新規,12ヶ月以上
B23018866,26,2025/10/31,10856,0,3600,360,0,3960,熊本支店,レンタル法人,48,新規,12ヶ月以上
B23018866,27,2025/11/30,10856,0,3600,360,0,3960,熊本支店,レンタル法人,48,新規,12ヶ月以上
B23018866,28,2025/12/31,10856,0,3600,360,0,3960,熊本支店,レンタル法人,48,新規,12ヶ月以上
B23018866,29,2026/1/31,10856,0,3600,360,0,3960,熊本支店,レンタル法人,48,新規,12ヶ月以上
B23018866,30,2026/2/28,10856,0,3600,360,0,3960,熊本支店,レンタル法人,48,新規,12ヶ月以上
B23018866,31,2026/3/31,10856,0,3600,360,0,3960,熊本支店,レンタル法人,48,新規,12ヶ月以上
B23018866,32,2026/4/30,10856,0,3600,360,0,3960,熊本支店,レンタル法人,48,新規,12ヶ月以上
B23018866,33,2026/5/31,10856,0,3600,360,0,3960,熊本支店,レンタル法人,48,新規,12ヶ月以上
B23018866,34,2026/6/30,10856,0,3600,360,0,3960,熊本支店,レンタル法人,48,新規,12ヶ月以上
B23018866,35,2026/7/31,10856,0,3600,360,0,3960,熊本支店,レンタル法人,48,新規,12ヶ月以上
B23018866,36,2026/8/31,10856,0,3600,360,0,3960,熊本支店,レンタル法人,48,新規,12ヶ月以上
B23019478,23,2025/9/30,10986,0,14400,1440,0,15840,熊本支店,レンタル法人,48,新規,12ヶ月以上
B23019478,24,2025/10/31,10986,0,14400,1440,0,15840,熊本支店,レンタル法人,48,新規,12ヶ月以上
B23019478,25,2025/11/30,10986,0,14400,1440,0,15840,熊本支店,レンタル法人,48,新規,12ヶ月以上
B23019478,26,2025/12/31,10986,0,14400,1440,0,15840,熊本支店,レンタル法人,48,新規,12ヶ月以上
B23019478,27,2026/1/31,10986,0,14400,1440,0,15840,熊本支店,レンタル法人,48,新規,12ヶ月以上
B23019478,28,2026/2/28,10986,0,14400,1440,0,15840,熊本支店,レンタル法人,48,新規,12ヶ月以上
B23019478,29,2026/3/31,10986,0,14400,1440,0,15840,熊本支店,レンタル法人,48,新規,12ヶ月以上
B23019478,30,2026/4/30,10986,0,14400,1440,0,15840,熊本支店,レンタル法人,48,新規,12ヶ月以上
B23019478,31,2026/5/31,10986,0,14400,1440,0,15840,熊本支店,レンタル法人,48,新規,12ヶ月以上
B23019478,32,2026/6/30,10986,0,14400,1440,0,15840,熊本支店,レンタル法人,48,新規,12ヶ月以上
B23019478,33,2026/7/31,10986,0,14400,1440,0,15840,熊本支店,レンタル法人,48,新規,12ヶ月以上
B23019478,34,2026/8/31,10986,0,14400,1440,0,15840,熊本支店,レンタル法人,48,新規,12ヶ月以上
B23019802,23,2025/9/30,10986,0,1200,120,0,1320,熊本支店,レンタル法人,48,新規,12ヶ月以上
B23019802,24,2025/10/31,10986,0,1200,120,0,1320,熊本支店,レンタル法人,48,新規,12ヶ月以上
B23019802,25,2025/11/30,10986,0,1200,120,0,1320,熊本支店,レンタル法人,48,新規,12ヶ月以上
B23019802,26,2025/12/31,10986,0,1200,120,0,1320,熊本支店,レンタル法人,48,新規,12ヶ月以上
B23019802,27,2026/1/31,10986,0,1200,120,0,1320,熊本支店,レンタル法人,48,新規,12ヶ月以上
B23019802,28,2026/2/28,10986,0,1200,120,0,1320,熊本支店,レンタル法人,48,新規,12ヶ月以上
B23019802,29,2026/3/31,10986,0,1200,120,0,1320,熊本支店,レンタル法人,48,新規,12ヶ月以上
B23019802,30,2026/4/30,10986,0,1200,120,0,1320,熊本支店,レンタル法人,48,新規,12ヶ月以上
B23019802,31,2026/5/31,10986,0,1200,120,0,1320,熊本支店,レンタル法人,48,新規,12ヶ月以上
B23019802,32,2026/6/30,10986,0,1200,120,0,1320,熊本支店,レンタル法人,48,新規,12ヶ月以上
B23019802,33,2026/7/31,10986,0,1200,120,0,1320,熊本支店,レンタル法人,48,新規,12ヶ月以上
B23019802,34,2026/8/31,10986,0,1200,120,0,1320,熊本支店,レンタル法人,48,新規,12ヶ月以上
B23019827,24,2025/9/30,10856,0,1800,180,0,1980,熊本支店,レンタル法人,48,新規,12ヶ月以上
B23019827,25,2025/10/31,10856,0,1800,180,0,1980,熊本支店,レンタル法人,48,新規,12ヶ月以上
B23019827,26,2025/11/30,10856,0,1800,180,0,1980,熊本支店,レンタル法人,48,新規,12ヶ月以上
B23019827,27,2025/12/31,10856,0,1800,180,0,1980,熊本支店,レンタル法人,48,新規,12ヶ月以上
B23019827,28,2026/1/31,10856,0,1800,180,0,1980,熊本支店,レンタル法人,48,新規,12ヶ月以上
B23019827,29,2026/2/28,10856,0,1800,180,0,1980,熊本支店,レンタル法人,48,新規,12ヶ月以上
B23019827,30,2026/3/31,10856,0,1800,180,0,1980,熊本支店,レンタル法人,48,新規,12ヶ月以上
B23019827,31,2026/4/30,10856,0,1800,180,0,1980,熊本支店,レンタル法人,48,新規,12ヶ月以上
B23019827,32,2026/5/31,10856,0,1800,180,0,1980,熊本支店,レンタル法人,48,新規,12ヶ月以上
B23019827,33,2026/6/30,10856,0,1800,180,0,1980,熊本支店,レンタル法人,48,新規,12ヶ月以上
B23019827,34,2026/7/31,10856,0,1800,180,0,1980,熊本支店,レンタル法人,48,新規,12ヶ月以上
B23019827,35,2026/8/31,10856,0,1800,180,0,1980,熊本支店,レンタル法人,48,新規,12ヶ月以上
B23019963,24,2025/9/30,13834,0,11060,1106,0,12166,熊本支店,レンタル法人,36,新規,12ヶ月以上
B23019963,25,2025/10/31,13834,0,11060,1106,0,12166,熊本支店,レンタル法人,36,新規,12ヶ月以上
B23019963,26,2025/11/30,13834,0,11060,1106,0,12166,熊本支店,レンタル法人,36,新規,12ヶ月以上
B23019963,27,2025/12/31,13834,0,11060,1106,0,12166,熊本支店,レンタル法人,36,新規,12ヶ月以上
B23019963,28,2026/1/31,13834,0,11060,1106,0,12166,熊本支店,レンタル法人,36,新規,12ヶ月以上
B23019963,29,2026/2/28,13834,0,11060,1106,0,12166,熊本支店,レンタル法人,36,新規,12ヶ月以上
B23019963,30,2026/3/31,13834,0,11060,1106,0,12166,熊本支店,レンタル法人,36,新規,12ヶ月以上
B23019963,31,2026/4/30,13834,0,11060,1106,0,12166,熊本支店,レンタル法人,36,新規,12ヶ月以上
B23019963,32,2026/5/31,13834,0,11060,1106,0,12166,熊本支店,レンタル法人,36,新規,12ヶ月以上
B23019963,33,2026/6/30,13834,0,11060,1106,0,12166,熊本支店,レンタル法人,36,新規,12ヶ月以上
B23019963,34,2026/7/31,13834,0,11060,1106,0,12166,熊本支店,レンタル法人,36,新規,12ヶ月以上
B23019963,35,2026/8/31,13834,0,11060,1106,0,12166,熊本支店,レンタル法人,36,新規,12ヶ月以上
B23020339,24,2025/9/30,10753,0,4200,420,0,4620,熊本支店,レンタル法人,31,新規,12ヶ月以上
B23020339,25,2025/10/31,10753,0,4200,420,0,4620,熊本支店,レンタル法人,31,新規,12ヶ月以上
B23020339,26,2025/11/30,10753,0,4200,420,0,4620,熊本支店,レンタル法人,31,新規,12ヶ月以上
B23020339,27,2025/12/31,10753,0,4200,420,0,4620,熊本支店,レンタル法人,31,新規,12ヶ月以上
B23020339,28,2026/1/31,10753,0,4200,420,0,4620,熊本支店,レンタル法人,31,新規,12ヶ月以上
B23020339,29,2026/2/28,10753,0,4200,420,0,4620,熊本支店,レンタル法人,31,新規,12ヶ月以上
B23020339,30,2026/3/31,10753,0,4200,420,0,4620,熊本支店,レンタル法人,31,新規,12ヶ月以上
B23020339,31,2026/4/30,10753,0,4200,420,0,4620,熊本支店,レンタル法人,31,新規,12ヶ月以上
B23020360,24,2025/9/30,10856,0,5400,540,0,5940,熊本支店,レンタル法人,48,新規,12ヶ月以上
B23020360,25,2025/10/31,10856,0,5400,540,0,5940,熊本支店,レンタル法人,48,新規,12ヶ月以上
B23020360,26,2025/11/30,10856,0,5400,540,0,5940,熊本支店,レンタル法人,48,新規,12ヶ月以上
B23020360,27,2025/12/31,10856,0,5400,540,0,5940,熊本支店,レンタル法人,48,新規,12ヶ月以上
B23020360,28,2026/1/31,10856,0,5400,540,0,5940,熊本支店,レンタル法人,48,新規,12ヶ月以上
B23020360,29,2026/2/28,10856,0,5400,540,0,5940,熊本支店,レンタル法人,48,新規,12ヶ月以上
B23020360,30,2026/3/31,10856,0,5400,540,0,5940,熊本支店,レンタル法人,48,新規,12ヶ月以上
B23020360,31,2026/4/30,10856,0,5400,540,0,5940,熊本支店,レンタル法人,48,新規,12ヶ月以上
B23020360,32,2026/5/31,10856,0,5400,540,0,5940,熊本支店,レンタル法人,48,新規,12ヶ月以上
B23020360,33,2026/6/30,10856,0,5400,540,0,5940,熊本支店,レンタル法人,48,新規,12ヶ月以上
B23020360,34,2026/7/31,10856,0,5400,540,0,5940,熊本支店,レンタル法人,48,新規,12ヶ月以上
B23020360,35,2026/8/31,10856,0,5400,540,0,5940,熊本支店,レンタル法人,48,新規,12ヶ月以上
B23020444,24,2025/9/30,10856,0,1800,180,0,1980,熊本支店,レンタル法人,48,新規,12ヶ月以上
B23020444,25,2025/10/31,10856,0,1800,180,0,1980,熊本支店,レンタル法人,48,新規,12ヶ月以上
B23020444,26,2025/11/30,10856,0,1800,180,0,1980,熊本支店,レンタル法人,48,新規,12ヶ月以上
B23020444,27,2025/12/31,10856,0,1800,180,0,1980,熊本支店,レンタル法人,48,新規,12ヶ月以上
B23020444,28,2026/1/31,10856,0,1800,180,0,1980,熊本支店,レンタル法人,48,新規,12ヶ月以上
B23020444,29,2026/2/28,10856,0,1800,180,0,1980,熊本支店,レンタル法人,48,新規,12ヶ月以上
B23020444,30,2026/3/31,10856,0,1800,180,0,1980,熊本支店,レンタル法人,48,新規,12ヶ月以上
B23020444,31,2026/4/30,10856,0,1800,180,0,1980,熊本支店,レンタル法人,48,新規,12ヶ月以上
B23020444,32,2026/5/31,10856,0,1800,180,0,1980,熊本支店,レンタル法人,48,新規,12ヶ月以上
B23020444,33,2026/6/30,10856,0,1800,180,0,1980,熊本支店,レンタル法人,48,新規,12ヶ月以上
B23020444,34,2026/7/31,10856,0,1800,180,0,1980,熊本支店,レンタル法人,48,新規,12ヶ月以上
B23020444,35,2026/8/31,10856,0,1800,180,0,1980,熊本支店,レンタル法人,48,新規,12ヶ月以上
B23020599,24,2025/9/30,12916,0,5150,515,0,5665,熊本支店,レンタル法人,48,新規,12ヶ月以上
B23020599,25,2025/10/31,12916,0,5150,515,0,5665,熊本支店,レンタル法人,48,新規,12ヶ月以上
B23020599,26,2025/11/30,12916,0,5150,515,0,5665,熊本支店,レンタル法人,48,新規,12ヶ月以上
B23020599,27,2025/12/31,12916,0,5150,515,0,5665,熊本支店,レンタル法人,48,新規,12ヶ月以上
B23020599,28,2026/1/31,12916,0,5150,515,0,5665,熊本支店,レンタル法人,48,新規,12ヶ月以上
B23020599,29,2026/2/28,12916,0,5150,515,0,5665,熊本支店,レンタル法人,48,新規,12ヶ月以上
B23020599,30,2026/3/31,12916,0,5150,515,0,5665,熊本支店,レンタル法人,48,新規,12ヶ月以上
B23020599,31,2026/4/30,12916,0,5150,515,0,5665,熊本支店,レンタル法人,48,新規,12ヶ月以上
B23020599,32,2026/5/31,12916,0,5150,515,0,5665,熊本支店,レンタル法人,48,新規,12ヶ月以上
B23020599,33,2026/6/30,12916,0,5150,515,0,5665,熊本支店,レンタル法人,48,新規,12ヶ月以上
B23020599,34,2026/7/31,12916,0,5150,515,0,5665,熊本支店,レンタル法人,48,新規,12ヶ月以上
B23020599,35,2026/8/31,12916,0,5150,515,0,5665,熊本支店,レンタル法人,48,新規,12ヶ月以上
B23021995,22,2025/9/30,10986,0,8600,860,0,9460,熊本支店,レンタル法人,48,新規,12ヶ月以上
B23021995,23,2025/10/31,10986,0,8600,860,0,9460,熊本支店,レンタル法人,48,新規,12ヶ月以上
B23021995,24,2025/11/30,10986,0,8600,860,0,9460,熊本支店,レンタル法人,48,新規,12ヶ月以上
B23021995,25,2025/12/31,10986,0,8600,860,0,9460,熊本支店,レンタル法人,48,新規,12ヶ月以上
B23021995,26,2026/1/31,10986,0,8600,860,0,9460,熊本支店,レンタル法人,48,新規,12ヶ月以上
B23021995,27,2026/2/28,10986,0,8600,860,0,9460,熊本支店,レンタル法人,48,新規,12ヶ月以上
B23021995,28,2026/3/31,10986,0,8600,860,0,9460,熊本支店,レンタル法人,48,新規,12ヶ月以上
B23021995,29,2026/4/30,10986,0,8600,860,0,9460,熊本支店,レンタル法人,48,新規,12ヶ月以上
B23021995,30,2026/5/31,10986,0,8600,860,0,9460,熊本支店,レンタル法人,48,新規,12ヶ月以上
B23021995,31,2026/6/30,10986,0,8600,860,0,9460,熊本支店,レンタル法人,48,新規,12ヶ月以上
B23021995,32,2026/7/31,10986,0,8600,860,0,9460,熊本支店,レンタル法人,48,新規,12ヶ月以上
B23021995,33,2026/8/31,10986,0,8600,860,0,9460,熊本支店,レンタル法人,48,新規,12ヶ月以上
B23022902,22,2025/9/30,10756,0,3500,350,0,3850,熊本支店,レンタル法人,36,新規,12ヶ月以上
B23022902,23,2025/10/31,10756,0,3500,350,0,3850,熊本支店,レンタル法人,36,新規,12ヶ月以上
B23022902,24,2025/11/30,10756,0,3500,350,0,3850,熊本支店,レンタル法人,36,新規,12ヶ月以上
B23022902,25,2025/12/31,10756,0,3500,350,0,3850,熊本支店,レンタル法人,36,新規,12ヶ月以上
B23022902,26,2026/1/31,10756,0,3500,350,0,3850,熊本支店,レンタル法人,36,新規,12ヶ月以上
B23022902,27,2026/2/28,10756,0,3500,350,0,3850,熊本支店,レンタル法人,36,新規,12ヶ月以上
B23022902,28,2026/3/31,10756,0,3500,350,0,3850,熊本支店,レンタル法人,36,新規,12ヶ月以上
B23022902,29,2026/4/30,10756,0,3500,350,0,3850,熊本支店,レンタル法人,36,新規,12ヶ月以上
B23022902,30,2026/5/31,10756,0,3500,350,0,3850,熊本支店,レンタル法人,36,新規,12ヶ月以上
B23022902,31,2026/6/30,10756,0,3500,350,0,3850,熊本支店,レンタル法人,36,新規,12ヶ月以上
B23022902,32,2026/7/31,10756,0,3500,350,0,3850,熊本支店,レンタル法人,36,新規,12ヶ月以上
B23022902,33,2026/8/31,10756,0,3500,350,0,3850,熊本支店,レンタル法人,36,新規,12ヶ月以上
B23022903,20,2025/9/30,10756,0,10500,1050,0,11550,熊本支店,レンタル法人,36,新規,12ヶ月以上
B23022903,21,2025/10/31,10756,0,10500,1050,0,11550,熊本支店,レンタル法人,36,新規,12ヶ月以上
B23022903,22,2025/11/30,10756,0,10500,1050,0,11550,熊本支店,レンタル法人,36,新規,12ヶ月以上
B23022903,23,2025/12/31,10756,0,10500,1050,0,11550,熊本支店,レンタル法人,36,新規,12ヶ月以上
B23022903,24,2026/1/31,10756,0,10500,1050,0,11550,熊本支店,レンタル法人,36,新規,12ヶ月以上
B23022903,25,2026/2/28,10756,0,10500,1050,0,11550,熊本支店,レンタル法人,36,新規,12ヶ月以上
B23022903,26,2026/3/31,10756,0,10500,1050,0,11550,熊本支店,レンタル法人,36,新規,12ヶ月以上
B23022903,27,2026/4/30,10756,0,10500,1050,0,11550,熊本支店,レンタル法人,36,新規,12ヶ月以上
B23022903,28,2026/5/31,10756,0,10500,1050,0,11550,熊本支店,レンタル法人,36,新規,12ヶ月以上
B23022903,29,2026/6/30,10756,0,10500,1050,0,11550,熊本支店,レンタル法人,36,新規,12ヶ月以上
B23022903,30,2026/7/31,10756,0,10500,1050,0,11550,熊本支店,レンタル法人,36,新規,12ヶ月以上
B23022903,31,2026/8/31,10756,0,10500,1050,0,11550,熊本支店,レンタル法人,36,新規,12ヶ月以上
B23023218,23,2025/9/30,10986,0,3300,330,0,3630,熊本支店,レンタル法人,48,新規,12ヶ月以上
B23023218,24,2025/10/31,10986,0,3300,330,0,3630,熊本支店,レンタル法人,48,新規,12ヶ月以上
B23023218,25,2025/11/30,10986,0,3300,330,0,3630,熊本支店,レンタル法人,48,新規,12ヶ月以上
B23023218,26,2025/12/31,10986,0,3300,330,0,3630,熊本支店,レンタル法人,48,新規,12ヶ月以上
B23023218,27,2026/1/31,10986,0,3300,330,0,3630,熊本支店,レンタル法人,48,新規,12ヶ月以上
B23023218,28,2026/2/28,10986,0,3300,330,0,3630,熊本支店,レンタル法人,48,新規,12ヶ月以上
B23023218,29,2026/3/31,10986,0,3300,330,0,3630,熊本支店,レンタル法人,48,新規,12ヶ月以上
B23023218,30,2026/4/30,10986,0,3300,330,0,3630,熊本支店,レンタル法人,48,新規,12ヶ月以上
B23023218,31,2026/5/31,10986,0,3300,330,0,3630,熊本支店,レンタル法人,48,新規,12ヶ月以上
B23023218,32,2026/6/30,10986,0,3300,330,0,3630,熊本支店,レンタル法人,48,新規,12ヶ月以上
B23023218,33,2026/7/31,10986,0,3300,330,0,3630,熊本支店,レンタル法人,48,新規,12ヶ月以上
B23023218,34,2026/8/31,10986,0,3300,330,0,3630,熊本支店,レンタル法人,48,新規,12ヶ月以上
B23023890,23,2025/9/30,10856,0,9000,900,0,9900,熊本支店,レンタル法人,48,新規,12ヶ月以上
B23023890,24,2025/10/31,10856,0,9000,900,0,9900,熊本支店,レンタル法人,48,新規,12ヶ月以上
B23023890,25,2025/11/30,10856,0,9000,900,0,9900,熊本支店,レンタル法人,48,新規,12ヶ月以上
B23023890,26,2025/12/31,10856,0,9000,900,0,9900,熊本支店,レンタル法人,48,新規,12ヶ月以上
B23023890,27,2026/1/31,10856,0,9000,900,0,9900,熊本支店,レンタル法人,48,新規,12ヶ月以上
B23023890,28,2026/2/28,10856,0,9000,900,0,9900,熊本支店,レンタル法人,48,新規,12ヶ月以上
B23023890,29,2026/3/31,10856,0,9000,900,0,9900,熊本支店,レンタル法人,48,新規,12ヶ月以上
B23023890,30,2026/4/30,10856,0,9000,900,0,9900,熊本支店,レンタル法人,48,新規,12ヶ月以上
B23023890,31,2026/5/31,10856,0,9000,900,0,9900,熊本支店,レンタル法人,48,新規,12ヶ月以上
B23023890,32,2026/6/30,10856,0,9000,900,0,9900,熊本支店,レンタル法人,48,新規,12ヶ月以上
B23023890,33,2026/7/31,10856,0,9000,900,0,9900,熊本支店,レンタル法人,48,新規,12ヶ月以上
B23023890,34,2026/8/31,10856,0,9000,900,0,9900,熊本支店,レンタル法人,48,新規,12ヶ月以上
B23023956,22,2025/9/30,10784,0,20500,2050,0,22550,熊本支店,レンタル法人,36,新規,12ヶ月以上
B23023956,23,2025/10/31,10784,0,20500,2050,0,22550,熊本支店,レンタル法人,36,新規,12ヶ月以上
B23023956,24,2025/11/30,10784,0,20500,2050,0,22550,熊本支店,レンタル法人,36,新規,12ヶ月以上
B23023956,25,2025/12/31,10784,0,20500,2050,0,22550,熊本支店,レンタル法人,36,新規,12ヶ月以上
B23023956,26,2026/1/31,10784,0,20500,2050,0,22550,熊本支店,レンタル法人,36,新規,12ヶ月以上
B23023956,27,2026/2/28,10784,0,20500,2050,0,22550,熊本支店,レンタル法人,36,新規,12ヶ月以上
B23023956,28,2026/3/31,10784,0,20500,2050,0,22550,熊本支店,レンタル法人,36,新規,12ヶ月以上
B23023956,29,2026/4/30,10784,0,20500,2050,0,22550,熊本支店,レンタル法人,36,新規,12ヶ月以上
B23023956,30,2026/5/31,10784,0,20500,2050,0,22550,熊本支店,レンタル法人,36,新規,12ヶ月以上
B23023956,31,2026/6/30,10784,0,20500,2050,0,22550,熊本支店,レンタル法人,36,新規,12ヶ月以上
B23023956,32,2026/7/31,10784,0,20500,2050,0,22550,熊本支店,レンタル法人,36,新規,12ヶ月以上
B23023956,33,2026/8/31,10784,0,20500,2050,0,22550,熊本支店,レンタル法人,36,新規,12ヶ月以上
B23024218,23,2025/9/30,12299,0,29000,2900,0,31900,熊本支店,レンタル法人,24,新規,12ヶ月以上
B23024218,24,2025/10/31,12299,0,29000,2900,0,31900,熊本支店,レンタル法人,24,新規,12ヶ月以上
B23024224,21,2025/9/30,10986,0,2700,270,0,2970,熊本支店,レンタル法人,48,新規,12ヶ月以上
B23024224,22,2025/10/31,10986,0,2700,270,0,2970,熊本支店,レンタル法人,48,新規,12ヶ月以上
B23024224,23,2025/11/30,10986,0,2700,270,0,2970,熊本支店,レンタル法人,48,新規,12ヶ月以上
B23024224,24,2025/12/31,10986,0,2700,270,0,2970,熊本支店,レンタル法人,48,新規,12ヶ月以上
B23024224,25,2026/1/31,10986,0,2700,270,0,2970,熊本支店,レンタル法人,48,新規,12ヶ月以上
B23024224,26,2026/2/28,10986,0,2700,270,0,2970,熊本支店,レンタル法人,48,新規,12ヶ月以上
B23024224,27,2026/3/31,10986,0,2700,270,0,2970,熊本支店,レンタル法人,48,新規,12ヶ月以上
B23024224,28,2026/4/30,10986,0,2700,270,0,2970,熊本支店,レンタル法人,48,新規,12ヶ月以上
B23024224,29,2026/5/31,10986,0,2700,270,0,2970,熊本支店,レンタル法人,48,新規,12ヶ月以上
B23024224,30,2026/6/30,10986,0,2700,270,0,2970,熊本支店,レンタル法人,48,新規,12ヶ月以上
B23024224,31,2026/7/31,10986,0,2700,270,0,2970,熊本支店,レンタル法人,48,新規,12ヶ月以上
B23024224,32,2026/8/31,10986,0,2700,270,0,2970,熊本支店,レンタル法人,48,新規,12ヶ月以上
B23024278,23,2025/9/30,13834,0,6900,690,0,7590,熊本支店,レンタル法人,36,新規,12ヶ月以上
B23024278,24,2025/10/31,13834,0,6900,690,0,7590,熊本支店,レンタル法人,36,新規,12ヶ月以上
B23024278,25,2025/11/30,13834,0,6900,690,0,7590,熊本支店,レンタル法人,36,新規,12ヶ月以上
B23024278,26,2025/12/31,13834,0,6900,690,0,7590,熊本支店,レンタル法人,36,新規,12ヶ月以上
B23024278,27,2026/1/31,13834,0,6900,690,0,7590,熊本支店,レンタル法人,36,新規,12ヶ月以上
B23024278,28,2026/2/28,13834,0,6900,690,0,7590,熊本支店,レンタル法人,36,新規,12ヶ月以上
B23024278,29,2026/3/31,13834,0,6900,690,0,7590,熊本支店,レンタル法人,36,新規,12ヶ月以上
B23024278,30,2026/4/30,13834,0,6900,690,0,7590,熊本支店,レンタル法人,36,新規,12ヶ月以上
B23024278,31,2026/5/31,13834,0,6900,690,0,7590,熊本支店,レンタル法人,36,新規,12ヶ月以上
B23024278,32,2026/6/30,13834,0,6900,690,0,7590,熊本支店,レンタル法人,36,新規,12ヶ月以上
B23024278,33,2026/7/31,13834,0,6900,690,0,7590,熊本支店,レンタル法人,36,新規,12ヶ月以上
B23024278,34,2026/8/31,13834,0,6900,690,0,7590,熊本支店,レンタル法人,36,新規,12ヶ月以上
B23024552,22,2025/9/30,10784,0,20500,2050,0,22550,熊本支店,レンタル法人,36,新規,12ヶ月以上
B23024552,23,2025/10/31,10784,0,20500,2050,0,22550,熊本支店,レンタル法人,36,新規,12ヶ月以上
B23024552,24,2025/11/30,10784,0,20500,2050,0,22550,熊本支店,レンタル法人,36,新規,12ヶ月以上
B23024552,25,2025/12/31,10784,0,20500,2050,0,22550,熊本支店,レンタル法人,36,新規,12ヶ月以上
B23024552,26,2026/1/31,10784,0,20500,2050,0,22550,熊本支店,レンタル法人,36,新規,12ヶ月以上
B23024552,27,2026/2/28,10784,0,20500,2050,0,22550,熊本支店,レンタル法人,36,新規,12ヶ月以上
B23024552,28,2026/3/31,10784,0,20500,2050,0,22550,熊本支店,レンタル法人,36,新規,12ヶ月以上
B23024552,29,2026/4/30,10784,0,20500,2050,0,22550,熊本支店,レンタル法人,36,新規,12ヶ月以上
B23024552,30,2026/5/31,10784,0,20500,2050,0,22550,熊本支店,レンタル法人,36,新規,12ヶ月以上
B23024552,31,2026/6/30,10784,0,20500,2050,0,22550,熊本支店,レンタル法人,36,新規,12ヶ月以上
B23024552,32,2026/7/31,10784,0,20500,2050,0,22550,熊本支店,レンタル法人,36,新規,12ヶ月以上
B23024552,33,2026/8/31,10784,0,20500,2050,0,22550,熊本支店,レンタル法人,36,新規,12ヶ月以上
B23025161,22,2025/9/30,10772,0,7350,735,0,8085,熊本支店,レンタル法人,24,新規,12ヶ月以上
B23025161,23,2025/10/31,10772,0,7350,735,0,8085,熊本支店,レンタル法人,24,新規,12ヶ月以上
B23025161,24,2025/11/30,10772,0,7350,735,0,8085,熊本支店,レンタル法人,24,新規,12ヶ月以上
B23025194,22,2025/9/30,10856,0,7200,720,0,7920,熊本支店,レンタル法人,48,新規,12ヶ月以上
B23025194,23,2025/10/31,10856,0,7200,720,0,7920,熊本支店,レンタル法人,48,新規,12ヶ月以上
B23025194,24,2025/11/30,10856,0,7200,720,0,7920,熊本支店,レンタル法人,48,新規,12ヶ月以上
B23025194,25,2025/12/31,10856,0,7200,720,0,7920,熊本支店,レンタル法人,48,新規,12ヶ月以上
B23025194,26,2026/1/31,10856,0,7200,720,0,7920,熊本支店,レンタル法人,48,新規,12ヶ月以上
B23025194,27,2026/2/28,10856,0,7200,720,0,7920,熊本支店,レンタル法人,48,新規,12ヶ月以上
B23025194,28,2026/3/31,10856,0,7200,720,0,7920,熊本支店,レンタル法人,48,新規,12ヶ月以上
B23025194,29,2026/4/30,10856,0,7200,720,0,7920,熊本支店,レンタル法人,48,新規,12ヶ月以上
B23025194,30,2026/5/31,10856,0,7200,720,0,7920,熊本支店,レンタル法人,48,新規,12ヶ月以上
B23025194,31,2026/6/30,10856,0,7200,720,0,7920,熊本支店,レンタル法人,48,新規,12ヶ月以上
B23025194,32,2026/7/31,10856,0,7200,720,0,7920,熊本支店,レンタル法人,48,新規,12ヶ月以上
B23025194,33,2026/8/31,10856,0,7200,720,0,7920,熊本支店,レンタル法人,48,新規,12ヶ月以上
B23025289,22,2025/9/30,10767,0,6000,600,0,6600,熊本支店,レンタル法人,48,新規,12ヶ月以上
B23025289,23,2025/10/31,10767,0,6000,600,0,6600,熊本支店,レンタル法人,48,新規,12ヶ月以上
B23025289,24,2025/11/30,10767,0,6000,600,0,6600,熊本支店,レンタル法人,48,新規,12ヶ月以上
B23025289,25,2025/12/31,10767,0,6000,600,0,6600,熊本支店,レンタル法人,48,新規,12ヶ月以上
B23025289,26,2026/1/31,10767,0,6000,600,0,6600,熊本支店,レンタル法人,48,新規,12ヶ月以上
B23025289,27,2026/2/28,10767,0,6000,600,0,6600,熊本支店,レンタル法人,48,新規,12ヶ月以上
B23025289,28,2026/3/31,10767,0,6000,600,0,6600,熊本支店,レンタル法人,48,新規,12ヶ月以上
B23025289,29,2026/4/30,10767,0,6000,600,0,6600,熊本支店,レンタル法人,48,新規,12ヶ月以上
B23025289,30,2026/5/31,10767,0,6000,600,0,6600,熊本支店,レンタル法人,48,新規,12ヶ月以上
B23025289,31,2026/6/30,10767,0,6000,600,0,6600,熊本支店,レンタル法人,48,新規,12ヶ月以上
B23025289,32,2026/7/31,10767,0,6000,600,0,6600,熊本支店,レンタル法人,48,新規,12ヶ月以上
B23025289,33,2026/8/31,10767,0,6000,600,0,6600,熊本支店,レンタル法人,48,新規,12ヶ月以上
B23025558,22,2025/9/30,12916,0,2050,205,0,2255,熊本支店,レンタル法人,48,新規,12ヶ月以上
B23025558,23,2025/10/31,12916,0,2050,205,0,2255,熊本支店,レンタル法人,48,新規,12ヶ月以上
B23025558,24,2025/11/30,12916,0,2050,205,0,2255,熊本支店,レンタル法人,48,新規,12ヶ月以上
B23025558,25,2025/12/31,12916,0,2050,205,0,2255,熊本支店,レンタル法人,48,新規,12ヶ月以上
B23025558,26,2026/1/31,12916,0,2050,205,0,2255,熊本支店,レンタル法人,48,新規,12ヶ月以上
B23025558,27,2026/2/28,12916,0,2050,205,0,2255,熊本支店,レンタル法人,48,新規,12ヶ月以上
B23025558,28,2026/3/31,12916,0,2050,205,0,2255,熊本支店,レンタル法人,48,新規,12ヶ月以上
B23025558,29,2026/4/30,12916,0,2050,205,0,2255,熊本支店,レンタル法人,48,新規,12ヶ月以上
B23025558,30,2026/5/31,12916,0,2050,205,0,2255,熊本支店,レンタル法人,48,新規,12ヶ月以上
B23025558,31,2026/6/30,12916,0,2050,205,0,2255,熊本支店,レンタル法人,48,新規,12ヶ月以上
B23025558,32,2026/7/31,12916,0,2050,205,0,2255,熊本支店,レンタル法人,48,新規,12ヶ月以上
B23025558,33,2026/8/31,12916,0,2050,205,0,2255,熊本支店,レンタル法人,48,新規,12ヶ月以上
B23025608,22,2025/9/30,11577,0,30600,3060,0,33660,熊本支店,レンタル法人,36,新規,12ヶ月以上
B23025608,23,2025/10/31,11577,0,30600,3060,0,33660,熊本支店,レンタル法人,36,新規,12ヶ月以上
B23025608,24,2025/11/30,11577,0,30600,3060,0,33660,熊本支店,レンタル法人,36,新規,12ヶ月以上
B23025608,25,2025/12/31,11577,0,30600,3060,0,33660,熊本支店,レンタル法人,36,新規,12ヶ月以上
B23025608,26,2026/1/31,11577,0,30600,3060,0,33660,熊本支店,レンタル法人,36,新規,12ヶ月以上
B23025608,27,2026/2/28,11577,0,30600,3060,0,33660,熊本支店,レンタル法人,36,新規,12ヶ月以上
B23025608,28,2026/3/31,11577,0,30600,3060,0,33660,熊本支店,レンタル法人,36,新規,12ヶ月以上
B23025608,29,2026/4/30,11577,0,30600,3060,0,33660,熊本支店,レンタル法人,36,新規,12ヶ月以上
B23025608,30,2026/5/31,11577,0,30600,3060,0,33660,熊本支店,レンタル法人,36,新規,12ヶ月以上
B23025608,31,2026/6/30,11577,0,30600,3060,0,33660,熊本支店,レンタル法人,36,新規,12ヶ月以上
B23025608,32,2026/7/31,11577,0,30600,3060,0,33660,熊本支店,レンタル法人,36,新規,12ヶ月以上
B23025608,33,2026/8/31,11577,0,30600,3060,0,33660,熊本支店,レンタル法人,36,新規,12ヶ月以上
B23025746,23,2025/9/30,10772,0,10500,1050,0,11550,熊本支店,レンタル法人,24,延長,12ヶ月以上
B23025746,24,2025/10/31,10772,0,10500,1050,0,11550,熊本支店,レンタル法人,24,延長,12ヶ月以上
B23027033,18,2025/9/30,10784,0,2295600,229560,0,2525160,熊本支店,レンタル法人,48,新規,12ヶ月以上
B23027033,19,2025/10/31,10784,0,2295600,229560,0,2525160,熊本支店,レンタル法人,48,新規,12ヶ月以上
B23027033,20,2025/11/30,10784,0,2295600,229560,0,2525160,熊本支店,レンタル法人,48,新規,12ヶ月以上
B23027033,21,2025/12/31,10784,0,2295600,229560,0,2525160,熊本支店,レンタル法人,48,新規,12ヶ月以上
B23027033,22,2026/1/31,10784,0,2295600,229560,0,2525160,熊本支店,レンタル法人,48,新規,12ヶ月以上
B23027033,23,2026/2/28,10784,0,2295600,229560,0,2525160,熊本支店,レンタル法人,48,新規,12ヶ月以上
B23027033,24,2026/3/31,10784,0,2295600,229560,0,2525160,熊本支店,レンタル法人,48,新規,12ヶ月以上
B23027033,25,2026/4/30,10784,0,2295600,229560,0,2525160,熊本支店,レンタル法人,48,新規,12ヶ月以上
B23027033,26,2026/5/31,10784,0,2295600,229560,0,2525160,熊本支店,レンタル法人,48,新規,12ヶ月以上
B23027033,27,2026/6/30,10784,0,2295600,229560,0,2525160,熊本支店,レンタル法人,48,新規,12ヶ月以上
B23027033,28,2026/7/31,10784,0,2295600,229560,0,2525160,熊本支店,レンタル法人,48,新規,12ヶ月以上
B23027033,29,2026/8/31,10784,0,2295600,229560,0,2525160,熊本支店,レンタル法人,48,新規,12ヶ月以上
B23027308,21,2025/9/30,10856,0,3800,380,0,4180,熊本支店,レンタル法人,48,新規,12ヶ月以上
B23027308,22,2025/10/31,10856,0,3800,380,0,4180,熊本支店,レンタル法人,48,新規,12ヶ月以上
B23027308,23,2025/11/30,10856,0,3800,380,0,4180,熊本支店,レンタル法人,48,新規,12ヶ月以上
B23027308,24,2025/12/31,10856,0,3800,380,0,4180,熊本支店,レンタル法人,48,新規,12ヶ月以上
B23027308,25,2026/1/31,10856,0,3800,380,0,4180,熊本支店,レンタル法人,48,新規,12ヶ月以上
B23027308,26,2026/2/28,10856,0,3800,380,0,4180,熊本支店,レンタル法人,48,新規,12ヶ月以上
B23027308,27,2026/3/31,10856,0,3800,380,0,4180,熊本支店,レンタル法人,48,新規,12ヶ月以上
B23027308,28,2026/4/30,10856,0,3800,380,0,4180,熊本支店,レンタル法人,48,新規,12ヶ月以上
B23027308,29,2026/5/31,10856,0,3800,380,0,4180,熊本支店,レンタル法人,48,新規,12ヶ月以上
B23027308,30,2026/6/30,10856,0,3800,380,0,4180,熊本支店,レンタル法人,48,新規,12ヶ月以上
B23027308,31,2026/7/31,10856,0,3800,380,0,4180,熊本支店,レンタル法人,48,新規,12ヶ月以上
B23027308,32,2026/8/31,10856,0,3800,380,0,4180,熊本支店,レンタル法人,48,新規,12ヶ月以上
B23027393,21,2025/9/30,10856,0,3600,360,0,3960,熊本支店,レンタル法人,48,新規,12ヶ月以上
B23027393,22,2025/10/31,10856,0,3600,360,0,3960,熊本支店,レンタル法人,48,新規,12ヶ月以上
B23027393,23,2025/11/30,10856,0,3600,360,0,3960,熊本支店,レンタル法人,48,新規,12ヶ月以上
B23027393,24,2025/12/31,10856,0,3600,360,0,3960,熊本支店,レンタル法人,48,新規,12ヶ月以上
B23027393,25,2026/1/31,10856,0,3600,360,0,3960,熊本支店,レンタル法人,48,新規,12ヶ月以上
B23027393,26,2026/2/28,10856,0,3600,360,0,3960,熊本支店,レンタル法人,48,新規,12ヶ月以上
B23027393,27,2026/3/31,10856,0,3600,360,0,3960,熊本支店,レンタル法人,48,新規,12ヶ月以上
B23027393,28,2026/4/30,10856,0,3600,360,0,3960,熊本支店,レンタル法人,48,新規,12ヶ月以上
B23027393,29,2026/5/31,10856,0,3600,360,0,3960,熊本支店,レンタル法人,48,新規,12ヶ月以上
B23027393,30,2026/6/30,10856,0,3600,360,0,3960,熊本支店,レンタル法人,48,新規,12ヶ月以上
B23027393,31,2026/7/31,10856,0,3600,360,0,3960,熊本支店,レンタル法人,48,新規,12ヶ月以上
B23027393,32,2026/8/31,10856,0,3600,360,0,3960,熊本支店,レンタル法人,48,新規,12ヶ月以上
B23027838,22,2025/9/30,11602,0,200,20,0,220,熊本支店,レンタル法人,47,新規,12ヶ月以上
B23027838,23,2025/10/31,11602,0,200,20,0,220,熊本支店,レンタル法人,47,新規,12ヶ月以上
B23027838,24,2025/11/30,11602,0,200,20,0,220,熊本支店,レンタル法人,47,新規,12ヶ月以上
B23027838,25,2025/12/31,11602,0,200,20,0,220,熊本支店,レンタル法人,47,新規,12ヶ月以上
B23027838,26,2026/1/31,11602,0,200,20,0,220,熊本支店,レンタル法人,47,新規,12ヶ月以上
B23027838,27,2026/2/28,11602,0,200,20,0,220,熊本支店,レンタル法人,47,新規,12ヶ月以上
B23027838,28,2026/3/31,11602,0,200,20,0,220,熊本支店,レンタル法人,47,新規,12ヶ月以上
B23027838,29,2026/4/30,11602,0,200,20,0,220,熊本支店,レンタル法人,47,新規,12ヶ月以上
B23027838,30,2026/5/31,11602,0,200,20,0,220,熊本支店,レンタル法人,47,新規,12ヶ月以上
B23027838,31,2026/6/30,11602,0,200,20,0,220,熊本支店,レンタル法人,47,新規,12ヶ月以上
B23027838,32,2026/7/31,11602,0,200,20,0,220,熊本支店,レンタル法人,47,新規,12ヶ月以上
B23027838,33,2026/8/31,11602,0,200,20,0,220,熊本支店,レンタル法人,47,新規,12ヶ月以上
B23027883,19,2025/9/30,11154,0,88010,8801,0,96811,熊本支店,レンタル法人,31,新規,12ヶ月以上
B23027883,20,2025/10/31,11154,0,88010,8801,0,96811,熊本支店,レンタル法人,31,新規,12ヶ月以上
B23027883,21,2025/11/30,11154,0,88010,8801,0,96811,熊本支店,レンタル法人,31,新規,12ヶ月以上
B23027883,22,2025/12/31,11154,0,88010,8801,0,96811,熊本支店,レンタル法人,31,新規,12ヶ月以上
B23027883,23,2026/1/31,11154,0,88010,8801,0,96811,熊本支店,レンタル法人,31,新規,12ヶ月以上
B23027883,24,2026/2/28,11154,0,88010,8801,0,96811,熊本支店,レンタル法人,31,新規,12ヶ月以上
B23027883,25,2026/3/31,11154,0,88010,8801,0,96811,熊本支店,レンタル法人,31,新規,12ヶ月以上
B23027883,26,2026/4/30,11154,0,88010,8801,0,96811,熊本支店,レンタル法人,31,新規,12ヶ月以上
B23027883,27,2026/5/31,11154,0,88010,8801,0,96811,熊本支店,レンタル法人,31,新規,12ヶ月以上
B23027883,28,2026/6/30,11154,0,88010,8801,0,96811,熊本支店,レンタル法人,31,新規,12ヶ月以上
B23027883,29,2026/7/31,11154,0,88010,8801,0,96811,熊本支店,レンタル法人,31,新規,12ヶ月以上
B23027883,30,2026/8/31,11154,0,88010,8801,0,96811,熊本支店,レンタル法人,31,新規,12ヶ月以上
B23027884,21,2025/9/30,10751,0,1600,160,0,1760,熊本支店,レンタル法人,42,新規,12ヶ月以上
B23027884,22,2025/10/31,10751,0,1600,160,0,1760,熊本支店,レンタル法人,42,新規,12ヶ月以上
B23027884,23,2025/11/30,10751,0,1600,160,0,1760,熊本支店,レンタル法人,42,新規,12ヶ月以上
B23027884,24,2025/12/31,10751,0,1600,160,0,1760,熊本支店,レンタル法人,42,新規,12ヶ月以上
B23027884,25,2026/1/31,10751,0,1600,160,0,1760,熊本支店,レンタル法人,42,新規,12ヶ月以上
B23027884,26,2026/2/28,10751,0,1600,160,0,1760,熊本支店,レンタル法人,42,新規,12ヶ月以上
B23027884,27,2026/3/31,10751,0,1600,160,0,1760,熊本支店,レンタル法人,42,新規,12ヶ月以上
B23027884,28,2026/4/30,10751,0,1600,160,0,1760,熊本支店,レンタル法人,42,新規,12ヶ月以上
B23027884,29,2026/5/31,10751,0,1600,160,0,1760,熊本支店,レンタル法人,42,新規,12ヶ月以上
B23027884,30,2026/6/30,10751,0,1600,160,0,1760,熊本支店,レンタル法人,42,新規,12ヶ月以上
B23027884,31,2026/7/31,10751,0,1600,160,0,1760,熊本支店,レンタル法人,42,新規,12ヶ月以上
B23027884,32,2026/8/31,10751,0,1600,160,0,1760,熊本支店,レンタル法人,42,新規,12ヶ月以上
B23027922,21,2025/9/30,12916,0,2050,205,0,2255,熊本支店,レンタル法人,48,新規,12ヶ月以上
B23027922,22,2025/10/31,12916,0,2050,205,0,2255,熊本支店,レンタル法人,48,新規,12ヶ月以上
B23027922,23,2025/11/30,12916,0,2050,205,0,2255,熊本支店,レンタル法人,48,新規,12ヶ月以上
B23027922,24,2025/12/31,12916,0,2050,205,0,2255,熊本支店,レンタル法人,48,新規,12ヶ月以上
B23027922,25,2026/1/31,12916,0,2050,205,0,2255,熊本支店,レンタル法人,48,新規,12ヶ月以上
B23027922,26,2026/2/28,12916,0,2050,205,0,2255,熊本支店,レンタル法人,48,新規,12ヶ月以上
B23027922,27,2026/3/31,12916,0,2050,205,0,2255,熊本支店,レンタル法人,48,新規,12ヶ月以上
B23027922,28,2026/4/30,12916,0,2050,205,0,2255,熊本支店,レンタル法人,48,新規,12ヶ月以上
B23027922,29,2026/5/31,12916,0,2050,205,0,2255,熊本支店,レンタル法人,48,新規,12ヶ月以上
B23027922,30,2026/6/30,12916,0,2050,205,0,2255,熊本支店,レンタル法人,48,新規,12ヶ月以上
B23027922,31,2026/7/31,12916,0,2050,205,0,2255,熊本支店,レンタル法人,48,新規,12ヶ月以上
B23027922,32,2026/8/31,12916,0,2050,205,0,2255,熊本支店,レンタル法人,48,新規,12ヶ月以上
B24000059,20,2025/9/30,10767,0,9000,900,0,9900,熊本支店,レンタル法人,48,新規,12ヶ月以上
B24000059,21,2025/10/31,10767,0,9000,900,0,9900,熊本支店,レンタル法人,48,新規,12ヶ月以上
B24000059,22,2025/11/30,10767,0,9000,900,0,9900,熊本支店,レンタル法人,48,新規,12ヶ月以上
B24000059,23,2025/12/31,10767,0,9000,900,0,9900,熊本支店,レンタル法人,48,新規,12ヶ月以上
B24000059,24,2026/1/31,10767,0,9000,900,0,9900,熊本支店,レンタル法人,48,新規,12ヶ月以上
B24000059,25,2026/2/28,10767,0,9000,900,0,9900,熊本支店,レンタル法人,48,新規,12ヶ月以上
B24000059,26,2026/3/31,10767,0,9000,900,0,9900,熊本支店,レンタル法人,48,新規,12ヶ月以上
B24000059,27,2026/4/30,10767,0,9000,900,0,9900,熊本支店,レンタル法人,48,新規,12ヶ月以上
B24000059,28,2026/5/31,10767,0,9000,900,0,9900,熊本支店,レンタル法人,48,新規,12ヶ月以上
B24000059,29,2026/6/30,10767,0,9000,900,0,9900,熊本支店,レンタル法人,48,新規,12ヶ月以上
B24000059,30,2026/7/31,10767,0,9000,900,0,9900,熊本支店,レンタル法人,48,新規,12ヶ月以上
B24000059,31,2026/8/31,10767,0,9000,900,0,9900,熊本支店,レンタル法人,48,新規,12ヶ月以上
B24000157,19,2025/9/30,10986,0,6000,600,0,6600,熊本支店,レンタル法人,48,新規,12ヶ月以上
B24000157,20,2025/10/31,10986,0,6000,600,0,6600,熊本支店,レンタル法人,48,新規,12ヶ月以上
B24000157,21,2025/11/30,10986,0,6000,600,0,6600,熊本支店,レンタル法人,48,新規,12ヶ月以上
B24000157,22,2025/12/31,10986,0,6000,600,0,6600,熊本支店,レンタル法人,48,新規,12ヶ月以上
B24000157,23,2026/1/31,10986,0,6000,600,0,6600,熊本支店,レンタル法人,48,新規,12ヶ月以上
B24000157,24,2026/2/28,10986,0,6000,600,0,6600,熊本支店,レンタル法人,48,新規,12ヶ月以上
B24000157,25,2026/3/31,10986,0,6000,600,0,6600,熊本支店,レンタル法人,48,新規,12ヶ月以上
B24000157,26,2026/4/30,10986,0,6000,600,0,6600,熊本支店,レンタル法人,48,新規,12ヶ月以上
B24000157,27,2026/5/31,10986,0,6000,600,0,6600,熊本支店,レンタル法人,48,新規,12ヶ月以上
B24000157,28,2026/6/30,10986,0,6000,600,0,6600,熊本支店,レンタル法人,48,新規,12ヶ月以上
B24000157,29,2026/7/31,10986,0,6000,600,0,6600,熊本支店,レンタル法人,48,新規,12ヶ月以上
B24000157,30,2026/8/31,10986,0,6000,600,0,6600,熊本支店,レンタル法人,48,新規,12ヶ月以上
B24000670,20,2025/9/30,10856,0,3600,360,0,3960,熊本支店,レンタル法人,48,新規,12ヶ月以上
B24000670,21,2025/10/31,10856,0,3600,360,0,3960,熊本支店,レンタル法人,48,新規,12ヶ月以上
B24000670,22,2025/11/30,10856,0,3600,360,0,3960,熊本支店,レンタル法人,48,新規,12ヶ月以上
B24000670,23,2025/12/31,10856,0,3600,360,0,3960,熊本支店,レンタル法人,48,新規,12ヶ月以上
B24000670,24,2026/1/31,10856,0,3600,360,0,3960,熊本支店,レンタル法人,48,新規,12ヶ月以上
B24000670,25,2026/2/28,10856,0,3600,360,0,3960,熊本支店,レンタル法人,48,新規,12ヶ月以上
B24000670,26,2026/3/31,10856,0,3600,360,0,3960,熊本支店,レンタル法人,48,新規,12ヶ月以上
B24000670,27,2026/4/30,10856,0,3600,360,0,3960,熊本支店,レンタル法人,48,新規,12ヶ月以上
B24000670,28,2026/5/31,10856,0,3600,360,0,3960,熊本支店,レンタル法人,48,新規,12ヶ月以上
B24000670,29,2026/6/30,10856,0,3600,360,0,3960,熊本支店,レンタル法人,48,新規,12ヶ月以上
B24000670,30,2026/7/31,10856,0,3600,360,0,3960,熊本支店,レンタル法人,48,新規,12ヶ月以上
B24000670,31,2026/8/31,10856,0,3600,360,0,3960,熊本支店,レンタル法人,48,新規,12ヶ月以上
B24000945,20,2025/9/30,12172,0,25480,2548,0,28028,熊本支店,レンタル法人,60,新規,12ヶ月以上
B24000945,21,2025/10/31,12172,0,25480,2548,0,28028,熊本支店,レンタル法人,60,新規,12ヶ月以上
B24000945,22,2025/11/30,12172,0,25480,2548,0,28028,熊本支店,レンタル法人,60,新規,12ヶ月以上
B24000945,23,2025/12/31,12172,0,25480,2548,0,28028,熊本支店,レンタル法人,60,新規,12ヶ月以上
B24000945,24,2026/1/31,12172,0,25480,2548,0,28028,熊本支店,レンタル法人,60,新規,12ヶ月以上
B24000945,25,2026/2/28,12172,0,25480,2548,0,28028,熊本支店,レンタル法人,60,新規,12ヶ月以上
B24000945,26,2026/3/31,12172,0,25480,2548,0,28028,熊本支店,レンタル法人,60,新規,12ヶ月以上
B24000945,27,2026/4/30,12172,0,25480,2548,0,28028,熊本支店,レンタル法人,60,新規,12ヶ月以上
B24000945,28,2026/5/31,12172,0,25480,2548,0,28028,熊本支店,レンタル法人,60,新規,12ヶ月以上
B24000945,29,2026/6/30,12172,0,25480,2548,0,28028,熊本支店,レンタル法人,60,新規,12ヶ月以上
B24000945,30,2026/7/31,12172,0,25480,2548,0,28028,熊本支店,レンタル法人,60,新規,12ヶ月以上
B24000945,31,2026/8/31,12172,0,25480,2548,0,28028,熊本支店,レンタル法人,60,新規,12ヶ月以上
B24001140,20,2025/9/30,14606,0,137600,13760,0,151360,熊本支店,レンタル法人,60,新規,12ヶ月以上
B24001140,21,2025/10/31,14606,0,137600,13760,0,151360,熊本支店,レンタル法人,60,新規,12ヶ月以上
B24001140,22,2025/11/30,14606,0,137600,13760,0,151360,熊本支店,レンタル法人,60,新規,12ヶ月以上
B24001140,23,2025/12/31,14606,0,137600,13760,0,151360,熊本支店,レンタル法人,60,新規,12ヶ月以上
B24001140,24,2026/1/31,14606,0,137600,13760,0,151360,熊本支店,レンタル法人,60,新規,12ヶ月以上
B24001140,25,2026/2/28,14606,0,137600,13760,0,151360,熊本支店,レンタル法人,60,新規,12ヶ月以上
B24001140,26,2026/3/31,14606,0,137600,13760,0,151360,熊本支店,レンタル法人,60,新規,12ヶ月以上
B24001140,27,2026/4/30,14606,0,137600,13760,0,151360,熊本支店,レンタル法人,60,新規,12ヶ月以上
B24001140,28,2026/5/31,14606,0,137600,13760,0,151360,熊本支店,レンタル法人,60,新規,12ヶ月以上
B24001140,29,2026/6/30,14606,0,137600,13760,0,151360,熊本支店,レンタル法人,60,新規,12ヶ月以上
B24001140,30,2026/7/31,14606,0,137600,13760,0,151360,熊本支店,レンタル法人,60,新規,12ヶ月以上
B24001140,31,2026/8/31,14606,0,137600,13760,0,151360,熊本支店,レンタル法人,60,新規,12ヶ月以上
B24001638,20,2025/9/30,12299,0,5800,580,0,6380,熊本支店,レンタル法人,21,新規,12ヶ月以上
B24001638,21,2025/10/31,12299,0,5800,580,0,6380,熊本支店,レンタル法人,21,新規,12ヶ月以上
B24001793,20,2025/9/30,10856,0,3600,360,0,3960,熊本支店,レンタル法人,48,新規,12ヶ月以上
B24001793,21,2025/10/31,10856,0,3600,360,0,3960,熊本支店,レンタル法人,48,新規,12ヶ月以上
B24001793,22,2025/11/30,10856,0,3600,360,0,3960,熊本支店,レンタル法人,48,新規,12ヶ月以上
B24001793,23,2025/12/31,10856,0,3600,360,0,3960,熊本支店,レンタル法人,48,新規,12ヶ月以上
B24001793,24,2026/1/31,10856,0,3600,360,0,3960,熊本支店,レンタル法人,48,新規,12ヶ月以上
B24001793,25,2026/2/28,10856,0,3600,360,0,3960,熊本支店,レンタル法人,48,新規,12ヶ月以上
B24001793,26,2026/3/31,10856,0,3600,360,0,3960,熊本支店,レンタル法人,48,新規,12ヶ月以上
B24001793,27,2026/4/30,10856,0,3600,360,0,3960,熊本支店,レンタル法人,48,新規,12ヶ月以上
B24001793,28,2026/5/31,10856,0,3600,360,0,3960,熊本支店,レンタル法人,48,新規,12ヶ月以上
B24001793,29,2026/6/30,10856,0,3600,360,0,3960,熊本支店,レンタル法人,48,新規,12ヶ月以上
B24001793,30,2026/7/31,10856,0,3600,360,0,3960,熊本支店,レンタル法人,48,新規,12ヶ月以上
B24001793,31,2026/8/31,10856,0,3600,360,0,3960,熊本支店,レンタル法人,48,新規,12ヶ月以上
B24002117,20,2025/9/30,10772,0,7350,735,0,8085,熊本支店,レンタル法人,24,新規,12ヶ月以上
B24002117,21,2025/10/31,10772,0,7350,735,0,8085,熊本支店,レンタル法人,24,新規,12ヶ月以上
B24002117,22,2025/11/30,10772,0,7350,735,0,8085,熊本支店,レンタル法人,24,新規,12ヶ月以上
B24002117,23,2025/12/31,10772,0,7350,735,0,8085,熊本支店,レンタル法人,24,新規,12ヶ月以上
B24002117,24,2026/1/31,10772,0,7350,735,0,8085,熊本支店,レンタル法人,24,新規,12ヶ月以上
B24002237,19,2025/9/30,11761,0,2000,200,0,2200,熊本支店,レンタル法人,36,新規,12ヶ月以上
B24002237,20,2025/10/31,11761,0,2000,200,0,2200,熊本支店,レンタル法人,36,新規,12ヶ月以上
B24002237,21,2025/11/30,11761,0,2000,200,0,2200,熊本支店,レンタル法人,36,新規,12ヶ月以上
B24002237,22,2025/12/31,11761,0,2000,200,0,2200,熊本支店,レンタル法人,36,新規,12ヶ月以上
B24002237,23,2026/1/31,11761,0,2000,200,0,2200,熊本支店,レンタル法人,36,新規,12ヶ月以上
B24002237,24,2026/2/28,11761,0,2000,200,0,2200,熊本支店,レンタル法人,36,新規,12ヶ月以上
B24002237,25,2026/3/31,11761,0,2000,200,0,2200,熊本支店,レンタル法人,36,新規,12ヶ月以上
B24002237,26,2026/4/30,11761,0,2000,200,0,2200,熊本支店,レンタル法人,36,新規,12ヶ月以上
B24002237,27,2026/5/31,11761,0,2000,200,0,2200,熊本支店,レンタル法人,36,新規,12ヶ月以上
B24002237,28,2026/6/30,11761,0,2000,200,0,2200,熊本支店,レンタル法人,36,新規,12ヶ月以上
B24002237,29,2026/7/31,11761,0,2000,200,0,2200,熊本支店,レンタル法人,36,新規,12ヶ月以上
B24002237,30,2026/8/31,11761,0,2000,200,0,2200,熊本支店,レンタル法人,36,新規,12ヶ月以上
B24002325,20,2025/9/30,11577,0,26000,2600,0,28600,熊本支店,レンタル法人,36,新規,12ヶ月以上
B24002325,21,2025/10/31,11577,0,26000,2600,0,28600,熊本支店,レンタル法人,36,新規,12ヶ月以上
B24002325,22,2025/11/30,11577,0,26000,2600,0,28600,熊本支店,レンタル法人,36,新規,12ヶ月以上
B24002325,23,2025/12/31,11577,0,26000,2600,0,28600,熊本支店,レンタル法人,36,新規,12ヶ月以上
B24002325,24,2026/1/31,11577,0,26000,2600,0,28600,熊本支店,レンタル法人,36,新規,12ヶ月以上
B24002325,25,2026/2/28,11577,0,26000,2600,0,28600,熊本支店,レンタル法人,36,新規,12ヶ月以上
B24002325,26,2026/3/31,11577,0,26000,2600,0,28600,熊本支店,レンタル法人,36,新規,12ヶ月以上
B24002325,27,2026/4/30,11577,0,26000,2600,0,28600,熊本支店,レンタル法人,36,新規,12ヶ月以上
B24002325,28,2026/5/31,11577,0,26000,2600,0,28600,熊本支店,レンタル法人,36,新規,12ヶ月以上
B24002325,29,2026/6/30,11577,0,26000,2600,0,28600,熊本支店,レンタル法人,36,新規,12ヶ月以上
B24002325,30,2026/7/31,11577,0,26000,2600,0,28600,熊本支店,レンタル法人,36,新規,12ヶ月以上
B24002325,31,2026/8/31,11577,0,26000,2600,0,28600,熊本支店,レンタル法人,36,新規,12ヶ月以上
B24002541,19,2025/9/30,8988,0,2000,200,0,2200,熊本支店,レンタル法人,36,新規,12ヶ月以上
B24002541,20,2025/10/31,8988,0,2000,200,0,2200,熊本支店,レンタル法人,36,新規,12ヶ月以上
B24002541,21,2025/11/30,8988,0,2000,200,0,2200,熊本支店,レンタル法人,36,新規,12ヶ月以上
B24002541,22,2025/12/31,8988,0,2000,200,0,2200,熊本支店,レンタル法人,36,新規,12ヶ月以上
B24002541,23,2026/1/31,8988,0,2000,200,0,2200,熊本支店,レンタル法人,36,新規,12ヶ月以上
B24002541,24,2026/2/28,8988,0,2000,200,0,2200,熊本支店,レンタル法人,36,新規,12ヶ月以上
B24002541,25,2026/3/31,8988,0,2000,200,0,2200,熊本支店,レンタル法人,36,新規,12ヶ月以上
B24002541,26,2026/4/30,8988,0,2000,200,0,2200,熊本支店,レンタル法人,36,新規,12ヶ月以上
B24002541,27,2026/5/31,8988,0,2000,200,0,2200,熊本支店,レンタル法人,36,新規,12ヶ月以上
B24002541,28,2026/6/30,8988,0,2000,200,0,2200,熊本支店,レンタル法人,36,新規,12ヶ月以上
B24002541,29,2026/7/31,8988,0,2000,200,0,2200,熊本支店,レンタル法人,36,新規,12ヶ月以上
B24002541,30,2026/8/31,8988,0,2000,200,0,2200,熊本支店,レンタル法人,36,新規,12ヶ月以上
B24003014,18,2025/9/30,10986,0,1300,130,0,1430,熊本支店,レンタル法人,48,新規,12ヶ月以上
B24003014,19,2025/10/31,10986,0,1300,130,0,1430,熊本支店,レンタル法人,48,新規,12ヶ月以上
B24003014,20,2025/11/30,10986,0,1300,130,0,1430,熊本支店,レンタル法人,48,新規,12ヶ月以上
B24003014,21,2025/12/31,10986,0,1300,130,0,1430,熊本支店,レンタル法人,48,新規,12ヶ月以上
B24003014,22,2026/1/31,10986,0,1300,130,0,1430,熊本支店,レンタル法人,48,新規,12ヶ月以上
B24003014,23,2026/2/28,10986,0,1300,130,0,1430,熊本支店,レンタル法人,48,新規,12ヶ月以上
B24003014,24,2026/3/31,10986,0,1300,130,0,1430,熊本支店,レンタル法人,48,新規,12ヶ月以上
B24003014,25,2026/4/30,10986,0,1300,130,0,1430,熊本支店,レンタル法人,48,新規,12ヶ月以上
B24003014,26,2026/5/31,10986,0,1300,130,0,1430,熊本支店,レンタル法人,48,新規,12ヶ月以上
B24003014,27,2026/6/30,10986,0,1300,130,0,1430,熊本支店,レンタル法人,48,新規,12ヶ月以上
B24003014,28,2026/7/31,10986,0,1300,130,0,1430,熊本支店,レンタル法人,48,新規,12ヶ月以上
B24003014,29,2026/8/31,10986,0,1300,130,0,1430,熊本支店,レンタル法人,48,新規,12ヶ月以上
B24003137,20,2025/9/30,10772,0,7350,735,0,8085,熊本支店,レンタル法人,24,新規,12ヶ月以上
B24003137,21,2025/10/31,10772,0,7350,735,0,8085,熊本支店,レンタル法人,24,新規,12ヶ月以上
B24003137,22,2025/11/30,10772,0,7350,735,0,8085,熊本支店,レンタル法人,24,新規,12ヶ月以上
B24003137,23,2025/12/31,10772,0,7350,735,0,8085,熊本支店,レンタル法人,24,新規,12ヶ月以上
B24003137,24,2026/1/31,10772,0,7350,735,0,8085,熊本支店,レンタル法人,24,新規,12ヶ月以上
B24003437,20,2025/9/30,10772,0,200,20,0,220,熊本支店,レンタル法人,42,新規,12ヶ月以上
B24003437,21,2025/10/31,10772,0,200,20,0,220,熊本支店,レンタル法人,42,新規,12ヶ月以上
B24003437,22,2025/11/30,10772,0,200,20,0,220,熊本支店,レンタル法人,42,新規,12ヶ月以上
B24003437,23,2025/12/31,10772,0,200,20,0,220,熊本支店,レンタル法人,42,新規,12ヶ月以上
B24003437,24,2026/1/31,10772,0,200,20,0,220,熊本支店,レンタル法人,42,新規,12ヶ月以上
B24003437,25,2026/2/28,10772,0,200,20,0,220,熊本支店,レンタル法人,42,新規,12ヶ月以上
B24003437,26,2026/3/31,10772,0,200,20,0,220,熊本支店,レンタル法人,42,新規,12ヶ月以上
B24003437,27,2026/4/30,10772,0,200,20,0,220,熊本支店,レンタル法人,42,新規,12ヶ月以上
B24003437,28,2026/5/31,10772,0,200,20,0,220,熊本支店,レンタル法人,42,新規,12ヶ月以上
B24003437,29,2026/6/30,10772,0,200,20,0,220,熊本支店,レンタル法人,42,新規,12ヶ月以上
B24003437,30,2026/7/31,10772,0,200,20,0,220,熊本支店,レンタル法人,42,新規,12ヶ月以上
B24003437,31,2026/8/31,10772,0,200,20,0,220,熊本支店,レンタル法人,42,新規,12ヶ月以上
B24003706,19,2025/9/30,12172,0,980,98,0,1078,熊本支店,レンタル法人,60,新規,12ヶ月以上
B24003706,20,2025/10/31,12172,0,980,98,0,1078,熊本支店,レンタル法人,60,新規,12ヶ月以上
B24003706,21,2025/11/30,12172,0,980,98,0,1078,熊本支店,レンタル法人,60,新規,12ヶ月以上
B24003706,22,2025/12/31,12172,0,980,98,0,1078,熊本支店,レンタル法人,60,新規,12ヶ月以上
B24003706,23,2026/1/31,12172,0,980,98,0,1078,熊本支店,レンタル法人,60,新規,12ヶ月以上
B24003706,24,2026/2/28,12172,0,980,98,0,1078,熊本支店,レンタル法人,60,新規,12ヶ月以上
B24003706,25,2026/3/31,12172,0,980,98,0,1078,熊本支店,レンタル法人,60,新規,12ヶ月以上
B24003706,26,2026/4/30,12172,0,980,98,0,1078,熊本支店,レンタル法人,60,新規,12ヶ月以上
B24003706,27,2026/5/31,12172,0,980,98,0,1078,熊本支店,レンタル法人,60,新規,12ヶ月以上
B24003706,28,2026/6/30,12172,0,980,98,0,1078,熊本支店,レンタル法人,60,新規,12ヶ月以上
B24003706,29,2026/7/31,12172,0,980,98,0,1078,熊本支店,レンタル法人,60,新規,12ヶ月以上
B24003706,30,2026/8/31,12172,0,980,98,0,1078,熊本支店,レンタル法人,60,新規,12ヶ月以上
B24003837,19,2025/9/30,10856,0,1800,180,0,1980,熊本支店,レンタル法人,48,新規,12ヶ月以上
B24003837,20,2025/10/31,10856,0,1800,180,0,1980,熊本支店,レンタル法人,48,新規,12ヶ月以上
B24003837,21,2025/11/30,10856,0,1800,180,0,1980,熊本支店,レンタル法人,48,新規,12ヶ月以上
B24003837,22,2025/12/31,10856,0,1800,180,0,1980,熊本支店,レンタル法人,48,新規,12ヶ月以上
B24003837,23,2026/1/31,10856,0,1800,180,0,1980,熊本支店,レンタル法人,48,新規,12ヶ月以上
B24003837,24,2026/2/28,10856,0,1800,180,0,1980,熊本支店,レンタル法人,48,新規,12ヶ月以上
B24003837,25,2026/3/31,10856,0,1800,180,0,1980,熊本支店,レンタル法人,48,新規,12ヶ月以上
B24003837,26,2026/4/30,10856,0,1800,180,0,1980,熊本支店,レンタル法人,48,新規,12ヶ月以上
B24003837,27,2026/5/31,10856,0,1800,180,0,1980,熊本支店,レンタル法人,48,新規,12ヶ月以上
B24003837,28,2026/6/30,10856,0,1800,180,0,1980,熊本支店,レンタル法人,48,新規,12ヶ月以上
B24003837,29,2026/7/31,10856,0,1800,180,0,1980,熊本支店,レンタル法人,48,新規,12ヶ月以上
B24003837,30,2026/8/31,10856,0,1800,180,0,1980,熊本支店,レンタル法人,48,新規,12ヶ月以上
B24003838,19,2025/9/30,10856,0,1800,180,0,1980,熊本支店,レンタル法人,48,新規,12ヶ月以上
B24003838,20,2025/10/31,10856,0,1800,180,0,1980,熊本支店,レンタル法人,48,新規,12ヶ月以上
B24003838,21,2025/11/30,10856,0,1800,180,0,1980,熊本支店,レンタル法人,48,新規,12ヶ月以上
B24003838,22,2025/12/31,10856,0,1800,180,0,1980,熊本支店,レンタル法人,48,新規,12ヶ月以上
B24003838,23,2026/1/31,10856,0,1800,180,0,1980,熊本支店,レンタル法人,48,新規,12ヶ月以上
B24003838,24,2026/2/28,10856,0,1800,180,0,1980,熊本支店,レンタル法人,48,新規,12ヶ月以上
B24003838,25,2026/3/31,10856,0,1800,180,0,1980,熊本支店,レンタル法人,48,新規,12ヶ月以上
B24003838,26,2026/4/30,10856,0,1800,180,0,1980,熊本支店,レンタル法人,48,新規,12ヶ月以上
B24003838,27,2026/5/31,10856,0,1800,180,0,1980,熊本支店,レンタル法人,48,新規,12ヶ月以上
B24003838,28,2026/6/30,10856,0,1800,180,0,1980,熊本支店,レンタル法人,48,新規,12ヶ月以上
B24003838,29,2026/7/31,10856,0,1800,180,0,1980,熊本支店,レンタル法人,48,新規,12ヶ月以上
B24003838,30,2026/8/31,10856,0,1800,180,0,1980,熊本支店,レンタル法人,48,新規,12ヶ月以上
B24004259,15,2025/9/30,11577,0,236800,23680,0,260480,熊本支店,レンタル法人,36,新規,12ヶ月以上
B24004259,16,2025/10/31,11577,0,236800,23680,0,260480,熊本支店,レンタル法人,36,新規,12ヶ月以上
B24004259,17,2025/11/30,11577,0,236800,23680,0,260480,熊本支店,レンタル法人,36,新規,12ヶ月以上
B24004259,18,2025/12/31,11577,0,236800,23680,0,260480,熊本支店,レンタル法人,36,新規,12ヶ月以上
B24004259,19,2026/1/31,11577,0,236800,23680,0,260480,熊本支店,レンタル法人,36,新規,12ヶ月以上
B24004259,20,2026/2/28,11577,0,236800,23680,0,260480,熊本支店,レンタル法人,36,新規,12ヶ月以上
B24004259,21,2026/3/31,11577,0,236800,23680,0,260480,熊本支店,レンタル法人,36,新規,12ヶ月以上
B24004259,22,2026/4/30,11577,0,236800,23680,0,260480,熊本支店,レンタル法人,36,新規,12ヶ月以上
B24004259,23,2026/5/31,11577,0,236800,23680,0,260480,熊本支店,レンタル法人,36,新規,12ヶ月以上
B24004259,24,2026/6/30,11577,0,236800,23680,0,260480,熊本支店,レンタル法人,36,新規,12ヶ月以上
B24004259,25,2026/7/31,11577,0,236800,23680,0,260480,熊本支店,レンタル法人,36,新規,12ヶ月以上
B24004259,26,2026/8/31,11577,0,236800,23680,0,260480,熊本支店,レンタル法人,36,新規,12ヶ月以上
B24004535,18,2025/9/30,8988,0,2000,200,0,2200,熊本支店,レンタル法人,36,新規,12ヶ月以上
B24004535,19,2025/10/31,8988,0,2000,200,0,2200,熊本支店,レンタル法人,36,新規,12ヶ月以上
B24004535,20,2025/11/30,8988,0,2000,200,0,2200,熊本支店,レンタル法人,36,新規,12ヶ月以上
B24004535,21,2025/12/31,8988,0,2000,200,0,2200,熊本支店,レンタル法人,36,新規,12ヶ月以上
B24004535,22,2026/1/31,8988,0,2000,200,0,2200,熊本支店,レンタル法人,36,新規,12ヶ月以上
B24004535,23,2026/2/28,8988,0,2000,200,0,2200,熊本支店,レンタル法人,36,新規,12ヶ月以上
B24004535,24,2026/3/31,8988,0,2000,200,0,2200,熊本支店,レンタル法人,36,新規,12ヶ月以上
B24004535,25,2026/4/30,8988,0,2000,200,0,2200,熊本支店,レンタル法人,36,新規,12ヶ月以上
B24004535,26,2026/5/31,8988,0,2000,200,0,2200,熊本支店,レンタル法人,36,新規,12ヶ月以上
B24004535,27,2026/6/30,8988,0,2000,200,0,2200,熊本支店,レンタル法人,36,新規,12ヶ月以上
B24004535,28,2026/7/31,8988,0,2000,200,0,2200,熊本支店,レンタル法人,36,新規,12ヶ月以上
B24004535,29,2026/8/31,8988,0,2000,200,0,2200,熊本支店,レンタル法人,36,新規,12ヶ月以上
B24004554,19,2025/9/30,14801,0,2000,200,0,2200,熊本支店,レンタル法人,48,新規,12ヶ月以上
B24004554,20,2025/10/31,14801,0,2000,200,0,2200,熊本支店,レンタル法人,48,新規,12ヶ月以上
B24004554,21,2025/11/30,14801,0,2000,200,0,2200,熊本支店,レンタル法人,48,新規,12ヶ月以上
B24004554,22,2025/12/31,14801,0,2000,200,0,2200,熊本支店,レンタル法人,48,新規,12ヶ月以上
B24004554,23,2026/1/31,14801,0,2000,200,0,2200,熊本支店,レンタル法人,48,新規,12ヶ月以上
B24004554,24,2026/2/28,14801,0,2000,200,0,2200,熊本支店,レンタル法人,48,新規,12ヶ月以上
B24004554,25,2026/3/31,14801,0,2000,200,0,2200,熊本支店,レンタル法人,48,新規,12ヶ月以上
B24004554,26,2026/4/30,14801,0,2000,200,0,2200,熊本支店,レンタル法人,48,新規,12ヶ月以上
B24004554,27,2026/5/31,14801,0,2000,200,0,2200,熊本支店,レンタル法人,48,新規,12ヶ月以上
B24004554,28,2026/6/30,14801,0,2000,200,0,2200,熊本支店,レンタル法人,48,新規,12ヶ月以上
B24004554,29,2026/7/31,14801,0,2000,200,0,2200,熊本支店,レンタル法人,48,新規,12ヶ月以上
B24004554,30,2026/8/31,14801,0,2000,200,0,2200,熊本支店,レンタル法人,48,新規,12ヶ月以上
B24004557,19,2025/9/30,14801,0,1950,195,0,2145,熊本支店,レンタル法人,48,新規,12ヶ月以上
B24004557,20,2025/10/31,14801,0,1950,195,0,2145,熊本支店,レンタル法人,48,新規,12ヶ月以上
B24004557,21,2025/11/30,14801,0,1950,195,0,2145,熊本支店,レンタル法人,48,新規,12ヶ月以上
B24004557,22,2025/12/31,14801,0,1950,195,0,2145,熊本支店,レンタル法人,48,新規,12ヶ月以上
B24004557,23,2026/1/31,14801,0,1950,195,0,2145,熊本支店,レンタル法人,48,新規,12ヶ月以上
B24004557,24,2026/2/28,14801,0,1950,195,0,2145,熊本支店,レンタル法人,48,新規,12ヶ月以上
B24004557,25,2026/3/31,14801,0,1950,195,0,2145,熊本支店,レンタル法人,48,新規,12ヶ月以上
B24004557,26,2026/4/30,14801,0,1950,195,0,2145,熊本支店,レンタル法人,48,新規,12ヶ月以上
B24004557,27,2026/5/31,14801,0,1950,195,0,2145,熊本支店,レンタル法人,48,新規,12ヶ月以上
B24004557,28,2026/6/30,14801,0,1950,195,0,2145,熊本支店,レンタル法人,48,新規,12ヶ月以上
B24004557,29,2026/7/31,14801,0,1950,195,0,2145,熊本支店,レンタル法人,48,新規,12ヶ月以上
B24004557,30,2026/8/31,14801,0,1950,195,0,2145,熊本支店,レンタル法人,48,新規,12ヶ月以上
B24004600,18,2025/9/30,8988,0,2000,200,0,2200,熊本支店,レンタル法人,36,新規,12ヶ月以上
B24004600,19,2025/10/31,8988,0,2000,200,0,2200,熊本支店,レンタル法人,36,新規,12ヶ月以上
B24004600,20,2025/11/30,8988,0,2000,200,0,2200,熊本支店,レンタル法人,36,新規,12ヶ月以上
B24004600,21,2025/12/31,8988,0,2000,200,0,2200,熊本支店,レンタル法人,36,新規,12ヶ月以上
B24004600,22,2026/1/31,8988,0,2000,200,0,2200,熊本支店,レンタル法人,36,新規,12ヶ月以上
B24004600,23,2026/2/28,8988,0,2000,200,0,2200,熊本支店,レンタル法人,36,新規,12ヶ月以上
B24004600,24,2026/3/31,8988,0,2000,200,0,2200,熊本支店,レンタル法人,36,新規,12ヶ月以上
B24004600,25,2026/4/30,8988,0,2000,200,0,2200,熊本支店,レンタル法人,36,新規,12ヶ月以上
B24004600,26,2026/5/31,8988,0,2000,200,0,2200,熊本支店,レンタル法人,36,新規,12ヶ月以上
B24004600,27,2026/6/30,8988,0,2000,200,0,2200,熊本支店,レンタル法人,36,新規,12ヶ月以上
B24004600,28,2026/7/31,8988,0,2000,200,0,2200,熊本支店,レンタル法人,36,新規,12ヶ月以上
B24004600,29,2026/8/31,8988,0,2000,200,0,2200,熊本支店,レンタル法人,36,新規,12ヶ月以上
B24004739,20,2025/9/30,15439,0,4500,450,0,4950,熊本支店,レンタル法人,48,新規,12ヶ月以上
B24004739,21,2025/10/31,15439,0,4500,450,0,4950,熊本支店,レンタル法人,48,新規,12ヶ月以上
B24004739,22,2025/11/30,15439,0,4500,450,0,4950,熊本支店,レンタル法人,48,新規,12ヶ月以上
B24004739,23,2025/12/31,15439,0,4500,450,0,4950,熊本支店,レンタル法人,48,新規,12ヶ月以上
B24004739,24,2026/1/31,15439,0,4500,450,0,4950,熊本支店,レンタル法人,48,新規,12ヶ月以上
B24004739,25,2026/2/28,15439,0,4500,450,0,4950,熊本支店,レンタル法人,48,新規,12ヶ月以上
B24004739,26,2026/3/31,15439,0,4500,450,0,4950,熊本支店,レンタル法人,48,新規,12ヶ月以上
B24004739,27,2026/4/30,15439,0,4500,450,0,4950,熊本支店,レンタル法人,48,新規,12ヶ月以上
B24004739,28,2026/5/31,15439,0,4500,450,0,4950,熊本支店,レンタル法人,48,新規,12ヶ月以上
B24004739,29,2026/6/30,15439,0,4500,450,0,4950,熊本支店,レンタル法人,48,新規,12ヶ月以上
B24004739,30,2026/7/31,15439,0,4500,450,0,4950,熊本支店,レンタル法人,48,新規,12ヶ月以上
B24004739,31,2026/8/31,15439,0,4500,450,0,4950,熊本支店,レンタル法人,48,新規,12ヶ月以上
B24005364,18,2025/9/30,10767,0,7500,750,0,8250,熊本支店,レンタル法人,48,新規,12ヶ月以上
B24005364,19,2025/10/31,10767,0,7500,750,0,8250,熊本支店,レンタル法人,48,新規,12ヶ月以上
B24005364,20,2025/11/30,10767,0,7500,750,0,8250,熊本支店,レンタル法人,48,新規,12ヶ月以上
B24005364,21,2025/12/31,10767,0,7500,750,0,8250,熊本支店,レンタル法人,48,新規,12ヶ月以上
B24005364,22,2026/1/31,10767,0,7500,750,0,8250,熊本支店,レンタル法人,48,新規,12ヶ月以上
B24005364,23,2026/2/28,10767,0,7500,750,0,8250,熊本支店,レンタル法人,48,新規,12ヶ月以上
B24005364,24,2026/3/31,10767,0,7500,750,0,8250,熊本支店,レンタル法人,48,新規,12ヶ月以上
B24005364,25,2026/4/30,10767,0,7500,750,0,8250,熊本支店,レンタル法人,48,新規,12ヶ月以上
B24005364,26,2026/5/31,10767,0,7500,750,0,8250,熊本支店,レンタル法人,48,新規,12ヶ月以上
B24005364,27,2026/6/30,10767,0,7500,750,0,8250,熊本支店,レンタル法人,48,新規,12ヶ月以上
B24005364,28,2026/7/31,10767,0,7500,750,0,8250,熊本支店,レンタル法人,48,新規,12ヶ月以上
B24005364,29,2026/8/31,10767,0,7500,750,0,8250,熊本支店,レンタル法人,48,新規,12ヶ月以上
B24005416,17,2025/9/30,10986,0,18600,1860,0,20460,熊本支店,レンタル法人,48,新規,12ヶ月以上
B24005416,18,2025/10/31,10986,0,18600,1860,0,20460,熊本支店,レンタル法人,48,新規,12ヶ月以上
B24005416,19,2025/11/30,10986,0,18600,1860,0,20460,熊本支店,レンタル法人,48,新規,12ヶ月以上
B24005416,20,2025/12/31,10986,0,18600,1860,0,20460,熊本支店,レンタル法人,48,新規,12ヶ月以上
B24005416,21,2026/1/31,10986,0,18600,1860,0,20460,熊本支店,レンタル法人,48,新規,12ヶ月以上
B24005416,22,2026/2/28,10986,0,18600,1860,0,20460,熊本支店,レンタル法人,48,新規,12ヶ月以上
B24005416,23,2026/3/31,10986,0,18600,1860,0,20460,熊本支店,レンタル法人,48,新規,12ヶ月以上
B24005416,24,2026/4/30,10986,0,18600,1860,0,20460,熊本支店,レンタル法人,48,新規,12ヶ月以上
B24005416,25,2026/5/31,10986,0,18600,1860,0,20460,熊本支店,レンタル法人,48,新規,12ヶ月以上
B24005416,26,2026/6/30,10986,0,18600,1860,0,20460,熊本支店,レンタル法人,48,新規,12ヶ月以上
B24005416,27,2026/7/31,10986,0,18600,1860,0,20460,熊本支店,レンタル法人,48,新規,12ヶ月以上
B24005416,28,2026/8/31,10986,0,18600,1860,0,20460,熊本支店,レンタル法人,48,新規,12ヶ月以上
B24005586,18,2025/9/30,10767,0,7500,750,0,8250,熊本支店,レンタル法人,48,新規,12ヶ月以上
B24005586,19,2025/10/31,10767,0,7500,750,0,8250,熊本支店,レンタル法人,48,新規,12ヶ月以上
B24005586,20,2025/11/30,10767,0,7500,750,0,8250,熊本支店,レンタル法人,48,新規,12ヶ月以上
B24005586,21,2025/12/31,10767,0,7500,750,0,8250,熊本支店,レンタル法人,48,新規,12ヶ月以上
B24005586,22,2026/1/31,10767,0,7500,750,0,8250,熊本支店,レンタル法人,48,新規,12ヶ月以上
B24005586,23,2026/2/28,10767,0,7500,750,0,8250,熊本支店,レンタル法人,48,新規,12ヶ月以上
B24005586,24,2026/3/31,10767,0,7500,750,0,8250,熊本支店,レンタル法人,48,新規,12ヶ月以上
B24005586,25,2026/4/30,10767,0,7500,750,0,8250,熊本支店,レンタル法人,48,新規,12ヶ月以上
B24005586,26,2026/5/31,10767,0,7500,750,0,8250,熊本支店,レンタル法人,48,新規,12ヶ月以上
B24005586,27,2026/6/30,10767,0,7500,750,0,8250,熊本支店,レンタル法人,48,新規,12ヶ月以上
B24005586,28,2026/7/31,10767,0,7500,750,0,8250,熊本支店,レンタル法人,48,新規,12ヶ月以上
B24005586,29,2026/8/31,10767,0,7500,750,0,8250,熊本支店,レンタル法人,48,新規,12ヶ月以上
B24005627,18,2025/9/30,10314,0,2180,218,0,2398,熊本支店,レンタル法人,60,新規,12ヶ月以上
B24005627,19,2025/10/31,10314,0,2180,218,0,2398,熊本支店,レンタル法人,60,新規,12ヶ月以上
B24005627,20,2025/11/30,10314,0,2180,218,0,2398,熊本支店,レンタル法人,60,新規,12ヶ月以上
B24005627,21,2025/12/31,10314,0,2180,218,0,2398,熊本支店,レンタル法人,60,新規,12ヶ月以上
B24005627,22,2026/1/31,10314,0,2180,218,0,2398,熊本支店,レンタル法人,60,新規,12ヶ月以上
B24005627,23,2026/2/28,10314,0,2180,218,0,2398,熊本支店,レンタル法人,60,新規,12ヶ月以上
B24005627,24,2026/3/31,10314,0,2180,218,0,2398,熊本支店,レンタル法人,60,新規,12ヶ月以上
B24005627,25,2026/4/30,10314,0,2180,218,0,2398,熊本支店,レンタル法人,60,新規,12ヶ月以上
B24005627,26,2026/5/31,10314,0,2180,218,0,2398,熊本支店,レンタル法人,60,新規,12ヶ月以上
B24005627,27,2026/6/30,10314,0,2180,218,0,2398,熊本支店,レンタル法人,60,新規,12ヶ月以上
B24005627,28,2026/7/31,10314,0,2180,218,0,2398,熊本支店,レンタル法人,60,新規,12ヶ月以上
B24005627,29,2026/8/31,10314,0,2180,218,0,2398,熊本支店,レンタル法人,60,新規,12ヶ月以上
B24005652,18,2025/9/30,10856,0,7200,720,0,7920,熊本支店,レンタル法人,48,新規,12ヶ月以上
B24005652,19,2025/10/31,10856,0,7200,720,0,7920,熊本支店,レンタル法人,48,新規,12ヶ月以上
B24005652,20,2025/11/30,10856,0,7200,720,0,7920,熊本支店,レンタル法人,48,新規,12ヶ月以上
B24005652,21,2025/12/31,10856,0,7200,720,0,7920,熊本支店,レンタル法人,48,新規,12ヶ月以上
B24005652,22,2026/1/31,10856,0,7200,720,0,7920,熊本支店,レンタル法人,48,新規,12ヶ月以上
B24005652,23,2026/2/28,10856,0,7200,720,0,7920,熊本支店,レンタル法人,48,新規,12ヶ月以上
B24005652,24,2026/3/31,10856,0,7200,720,0,7920,熊本支店,レンタル法人,48,新規,12ヶ月以上
B24005652,25,2026/4/30,10856,0,7200,720,0,7920,熊本支店,レンタル法人,48,新規,12ヶ月以上
B24005652,26,2026/5/31,10856,0,7200,720,0,7920,熊本支店,レンタル法人,48,新規,12ヶ月以上
B24005652,27,2026/6/30,10856,0,7200,720,0,7920,熊本支店,レンタル法人,48,新規,12ヶ月以上
B24005652,28,2026/7/31,10856,0,7200,720,0,7920,熊本支店,レンタル法人,48,新規,12ヶ月以上
B24005652,29,2026/8/31,10856,0,7200,720,0,7920,熊本支店,レンタル法人,48,新規,12ヶ月以上
B24005667,19,2025/9/30,14801,0,105300,10530,0,115830,熊本支店,レンタル法人,48,新規,12ヶ月以上
B24005667,20,2025/10/31,14801,0,105300,10530,0,115830,熊本支店,レンタル法人,48,新規,12ヶ月以上
B24005667,21,2025/11/30,14801,0,105300,10530,0,115830,熊本支店,レンタル法人,48,新規,12ヶ月以上
B24005667,22,2025/12/31,14801,0,105300,10530,0,115830,熊本支店,レンタル法人,48,新規,12ヶ月以上
B24005667,23,2026/1/31,14801,0,105300,10530,0,115830,熊本支店,レンタル法人,48,新規,12ヶ月以上
B24005667,24,2026/2/28,14801,0,105300,10530,0,115830,熊本支店,レンタル法人,48,新規,12ヶ月以上
B24005667,25,2026/3/31,14801,0,105300,10530,0,115830,熊本支店,レンタル法人,48,新規,12ヶ月以上
B24005667,26,2026/4/30,14801,0,105300,10530,0,115830,熊本支店,レンタル法人,48,新規,12ヶ月以上
B24005667,27,2026/5/31,14801,0,105300,10530,0,115830,熊本支店,レンタル法人,48,新規,12ヶ月以上
B24005667,28,2026/6/30,14801,0,105300,10530,0,115830,熊本支店,レンタル法人,48,新規,12ヶ月以上
B24005667,29,2026/7/31,14801,0,105300,10530,0,115830,熊本支店,レンタル法人,48,新規,12ヶ月以上
B24005667,30,2026/8/31,14801,0,105300,10530,0,115830,熊本支店,レンタル法人,48,新規,12ヶ月以上
B24006469,18,2025/9/30,11992,0,16110,1611,0,17721,熊本支店,レンタル法人,47,新規,12ヶ月以上
B24006469,19,2025/10/31,11992,0,16110,1611,0,17721,熊本支店,レンタル法人,47,新規,12ヶ月以上
B24006469,20,2025/11/30,11992,0,16110,1611,0,17721,熊本支店,レンタル法人,47,新規,12ヶ月以上
B24006469,21,2025/12/31,11992,0,16110,1611,0,17721,熊本支店,レンタル法人,47,新規,12ヶ月以上
B24006469,22,2026/1/31,11992,0,16110,1611,0,17721,熊本支店,レンタル法人,47,新規,12ヶ月以上
B24006469,23,2026/2/28,11992,0,16110,1611,0,17721,熊本支店,レンタル法人,47,新規,12ヶ月以上
B24006469,24,2026/3/31,11992,0,16110,1611,0,17721,熊本支店,レンタル法人,47,新規,12ヶ月以上
B24006469,25,2026/4/30,11992,0,16110,1611,0,17721,熊本支店,レンタル法人,47,新規,12ヶ月以上
B24006469,26,2026/5/31,11992,0,16110,1611,0,17721,熊本支店,レンタル法人,47,新規,12ヶ月以上
B24006469,27,2026/6/30,11992,0,16110,1611,0,17721,熊本支店,レンタル法人,47,新規,12ヶ月以上
B24006469,28,2026/7/31,11992,0,16110,1611,0,17721,熊本支店,レンタル法人,47,新規,12ヶ月以上
B24006469,29,2026/8/31,11992,0,16110,1611,0,17721,熊本支店,レンタル法人,47,新規,12ヶ月以上
B24007427,17,2025/9/30,10986,0,1300,130,0,1430,熊本支店,レンタル法人,48,新規,12ヶ月以上
B24007427,18,2025/10/31,10986,0,1300,130,0,1430,熊本支店,レンタル法人,48,新規,12ヶ月以上
B24007427,19,2025/11/30,10986,0,1300,130,0,1430,熊本支店,レンタル法人,48,新規,12ヶ月以上
B24007427,20,2025/12/31,10986,0,1300,130,0,1430,熊本支店,レンタル法人,48,新規,12ヶ月以上
B24007427,21,2026/1/31,10986,0,1300,130,0,1430,熊本支店,レンタル法人,48,新規,12ヶ月以上
B24007427,22,2026/2/28,10986,0,1300,130,0,1430,熊本支店,レンタル法人,48,新規,12ヶ月以上
B24007427,23,2026/3/31,10986,0,1300,130,0,1430,熊本支店,レンタル法人,48,新規,12ヶ月以上
B24007427,24,2026/4/30,10986,0,1300,130,0,1430,熊本支店,レンタル法人,48,新規,12ヶ月以上
B24007427,25,2026/5/31,10986,0,1300,130,0,1430,熊本支店,レンタル法人,48,新規,12ヶ月以上
B24007427,26,2026/6/30,10986,0,1300,130,0,1430,熊本支店,レンタル法人,48,新規,12ヶ月以上
B24007427,27,2026/7/31,10986,0,1300,130,0,1430,熊本支店,レンタル法人,48,新規,12ヶ月以上
B24007427,28,2026/8/31,10986,0,1300,130,0,1430,熊本支店,レンタル法人,48,新規,12ヶ月以上
B24007429,18,2025/9/30,10314,0,2180,218,0,2398,熊本支店,レンタル法人,60,新規,12ヶ月以上
B24007429,19,2025/10/31,10314,0,2180,218,0,2398,熊本支店,レンタル法人,60,新規,12ヶ月以上
B24007429,20,2025/11/30,10314,0,2180,218,0,2398,熊本支店,レンタル法人,60,新規,12ヶ月以上
B24007429,21,2025/12/31,10314,0,2180,218,0,2398,熊本支店,レンタル法人,60,新規,12ヶ月以上
B24007429,22,2026/1/31,10314,0,2180,218,0,2398,熊本支店,レンタル法人,60,新規,12ヶ月以上
B24007429,23,2026/2/28,10314,0,2180,218,0,2398,熊本支店,レンタル法人,60,新規,12ヶ月以上
B24007429,24,2026/3/31,10314,0,2180,218,0,2398,熊本支店,レンタル法人,60,新規,12ヶ月以上
B24007429,25,2026/4/30,10314,0,2180,218,0,2398,熊本支店,レンタル法人,60,新規,12ヶ月以上
B24007429,26,2026/5/31,10314,0,2180,218,0,2398,熊本支店,レンタル法人,60,新規,12ヶ月以上
B24007429,27,2026/6/30,10314,0,2180,218,0,2398,熊本支店,レンタル法人,60,新規,12ヶ月以上
B24007429,28,2026/7/31,10314,0,2180,218,0,2398,熊本支店,レンタル法人,60,新規,12ヶ月以上
B24007429,29,2026/8/31,10314,0,2180,218,0,2398,熊本支店,レンタル法人,60,新規,12ヶ月以上
B24008132,16,2025/9/30,10986,0,4400,440,0,4840,熊本支店,レンタル法人,48,新規,12ヶ月以上
B24008132,17,2025/10/31,10986,0,4400,440,0,4840,熊本支店,レンタル法人,48,新規,12ヶ月以上
B24008132,18,2025/11/30,10986,0,4400,440,0,4840,熊本支店,レンタル法人,48,新規,12ヶ月以上
B24008132,19,2025/12/31,10986,0,4400,440,0,4840,熊本支店,レンタル法人,48,新規,12ヶ月以上
B24008132,20,2026/1/31,10986,0,4400,440,0,4840,熊本支店,レンタル法人,48,新規,12ヶ月以上
B24008132,21,2026/2/28,10986,0,4400,440,0,4840,熊本支店,レンタル法人,48,新規,12ヶ月以上
B24008132,22,2026/3/31,10986,0,4400,440,0,4840,熊本支店,レンタル法人,48,新規,12ヶ月以上
B24008132,23,2026/4/30,10986,0,4400,440,0,4840,熊本支店,レンタル法人,48,新規,12ヶ月以上
B24008132,24,2026/5/31,10986,0,4400,440,0,4840,熊本支店,レンタル法人,48,新規,12ヶ月以上
B24008132,25,2026/6/30,10986,0,4400,440,0,4840,熊本支店,レンタル法人,48,新規,12ヶ月以上
B24008132,26,2026/7/31,10986,0,4400,440,0,4840,熊本支店,レンタル法人,48,新規,12ヶ月以上
B24008132,27,2026/8/31,10986,0,4400,440,0,4840,熊本支店,レンタル法人,48,新規,12ヶ月以上
B24008135,16,2025/9/30,10986,0,4900,490,0,5390,熊本支店,レンタル法人,48,新規,12ヶ月以上
B24008135,17,2025/10/31,10986,0,4900,490,0,5390,熊本支店,レンタル法人,48,新規,12ヶ月以上
B24008135,18,2025/11/30,10986,0,4900,490,0,5390,熊本支店,レンタル法人,48,新規,12ヶ月以上
B24008135,19,2025/12/31,10986,0,4900,490,0,5390,熊本支店,レンタル法人,48,新規,12ヶ月以上
B24008135,20,2026/1/31,10986,0,4900,490,0,5390,熊本支店,レンタル法人,48,新規,12ヶ月以上
B24008135,21,2026/2/28,10986,0,4900,490,0,5390,熊本支店,レンタル法人,48,新規,12ヶ月以上
B24008135,22,2026/3/31,10986,0,4900,490,0,5390,熊本支店,レンタル法人,48,新規,12ヶ月以上
B24008135,23,2026/4/30,10986,0,4900,490,0,5390,熊本支店,レンタル法人,48,新規,12ヶ月以上
B24008135,24,2026/5/31,10986,0,4900,490,0,5390,熊本支店,レンタル法人,48,新規,12ヶ月以上
B24008135,25,2026/6/30,10986,0,4900,490,0,5390,熊本支店,レンタル法人,48,新規,12ヶ月以上
B24008135,26,2026/7/31,10986,0,4900,490,0,5390,熊本支店,レンタル法人,48,新規,12ヶ月以上
B24008135,27,2026/8/31,10986,0,4900,490,0,5390,熊本支店,レンタル法人,48,新規,12ヶ月以上
B24009697,17,2025/9/30,10856,0,1800,180,0,1980,熊本支店,レンタル法人,48,新規,12ヶ月以上
B24009697,18,2025/10/31,10856,0,1800,180,0,1980,熊本支店,レンタル法人,48,新規,12ヶ月以上
B24009697,19,2025/11/30,10856,0,1800,180,0,1980,熊本支店,レンタル法人,48,新規,12ヶ月以上
B24009697,20,2025/12/31,10856,0,1800,180,0,1980,熊本支店,レンタル法人,48,新規,12ヶ月以上
B24009697,21,2026/1/31,10856,0,1800,180,0,1980,熊本支店,レンタル法人,48,新規,12ヶ月以上
B24009697,22,2026/2/28,10856,0,1800,180,0,1980,熊本支店,レンタル法人,48,新規,12ヶ月以上
B24009697,23,2026/3/31,10856,0,1800,180,0,1980,熊本支店,レンタル法人,48,新規,12ヶ月以上
B24009697,24,2026/4/30,10856,0,1800,180,0,1980,熊本支店,レンタル法人,48,新規,12ヶ月以上
B24009697,25,2026/5/31,10856,0,1800,180,0,1980,熊本支店,レンタル法人,48,新規,12ヶ月以上
B24009697,26,2026/6/30,10856,0,1800,180,0,1980,熊本支店,レンタル法人,48,新規,12ヶ月以上
B24009697,27,2026/7/31,10856,0,1800,180,0,1980,熊本支店,レンタル法人,48,新規,12ヶ月以上
B24009697,28,2026/8/31,10856,0,1800,180,0,1980,熊本支店,レンタル法人,48,新規,12ヶ月以上
B24009700,16,2025/9/30,11577,0,7400,740,0,8140,熊本支店,レンタル法人,36,新規,12ヶ月以上
B24009700,17,2025/10/31,11577,0,7400,740,0,8140,熊本支店,レンタル法人,36,新規,12ヶ月以上
B24009700,18,2025/11/30,11577,0,7400,740,0,8140,熊本支店,レンタル法人,36,新規,12ヶ月以上
B24009700,19,2025/12/31,11577,0,7400,740,0,8140,熊本支店,レンタル法人,36,新規,12ヶ月以上
B24009700,20,2026/1/31,11577,0,7400,740,0,8140,熊本支店,レンタル法人,36,新規,12ヶ月以上
B24009700,21,2026/2/28,11577,0,7400,740,0,8140,熊本支店,レンタル法人,36,新規,12ヶ月以上
B24009700,22,2026/3/31,11577,0,7400,740,0,8140,熊本支店,レンタル法人,36,新規,12ヶ月以上
B24009700,23,2026/4/30,11577,0,7400,740,0,8140,熊本支店,レンタル法人,36,新規,12ヶ月以上
B24009700,24,2026/5/31,11577,0,7400,740,0,8140,熊本支店,レンタル法人,36,新規,12ヶ月以上
B24009700,25,2026/6/30,11577,0,7400,740,0,8140,熊本支店,レンタル法人,36,新規,12ヶ月以上
B24009700,26,2026/7/31,11577,0,7400,740,0,8140,熊本支店,レンタル法人,36,新規,12ヶ月以上
B24009700,27,2026/8/31,11577,0,7400,740,0,8140,熊本支店,レンタル法人,36,新規,12ヶ月以上
B24009744,17,2025/9/30,12587,0,1600,160,0,1760,熊本支店,レンタル法人,36,新規,12ヶ月以上
B24009744,18,2025/10/31,12587,0,1600,160,0,1760,熊本支店,レンタル法人,36,新規,12ヶ月以上
B24009744,19,2025/11/30,12587,0,1600,160,0,1760,熊本支店,レンタル法人,36,新規,12ヶ月以上
B24009744,20,2025/12/31,12587,0,1600,160,0,1760,熊本支店,レンタル法人,36,新規,12ヶ月以上
B24009744,21,2026/1/31,12587,0,1600,160,0,1760,熊本支店,レンタル法人,36,新規,12ヶ月以上
B24009744,22,2026/2/28,12587,0,1600,160,0,1760,熊本支店,レンタル法人,36,新規,12ヶ月以上
B24009744,23,2026/3/31,12587,0,1600,160,0,1760,熊本支店,レンタル法人,36,新規,12ヶ月以上
B24009744,24,2026/4/30,12587,0,1600,160,0,1760,熊本支店,レンタル法人,36,新規,12ヶ月以上
B24009744,25,2026/5/31,12587,0,1600,160,0,1760,熊本支店,レンタル法人,36,新規,12ヶ月以上
B24009744,26,2026/6/30,12587,0,1600,160,0,1760,熊本支店,レンタル法人,36,新規,12ヶ月以上
B24009744,27,2026/7/31,12587,0,1600,160,0,1760,熊本支店,レンタル法人,36,新規,12ヶ月以上
B24009744,28,2026/8/31,12587,0,1600,160,0,1760,熊本支店,レンタル法人,36,新規,12ヶ月以上
B24010640,17,2025/9/30,10767,0,4500,450,0,4950,熊本支店,レンタル法人,48,新規,12ヶ月以上
B24010640,18,2025/10/31,10767,0,4500,450,0,4950,熊本支店,レンタル法人,48,新規,12ヶ月以上
B24010640,19,2025/11/30,10767,0,4500,450,0,4950,熊本支店,レンタル法人,48,新規,12ヶ月以上
B24010640,20,2025/12/31,10767,0,4500,450,0,4950,熊本支店,レンタル法人,48,新規,12ヶ月以上
B24010640,21,2026/1/31,10767,0,4500,450,0,4950,熊本支店,レンタル法人,48,新規,12ヶ月以上
B24010640,22,2026/2/28,10767,0,4500,450,0,4950,熊本支店,レンタル法人,48,新規,12ヶ月以上
B24010640,23,2026/3/31,10767,0,4500,450,0,4950,熊本支店,レンタル法人,48,新規,12ヶ月以上
B24010640,24,2026/4/30,10767,0,4500,450,0,4950,熊本支店,レンタル法人,48,新規,12ヶ月以上
B24010640,25,2026/5/31,10767,0,4500,450,0,4950,熊本支店,レンタル法人,48,新規,12ヶ月以上
B24010640,26,2026/6/30,10767,0,4500,450,0,4950,熊本支店,レンタル法人,48,新規,12ヶ月以上
B24010640,27,2026/7/31,10767,0,4500,450,0,4950,熊本支店,レンタル法人,48,新規,12ヶ月以上
B24010640,28,2026/8/31,10767,0,4500,450,0,4950,熊本支店,レンタル法人,48,新規,12ヶ月以上
B24010825,17,2025/9/30,12587,0,1700,170,0,1870,熊本支店,レンタル法人,48,新規,12ヶ月以上
B24010825,18,2025/10/31,12587,0,1700,170,0,1870,熊本支店,レンタル法人,48,新規,12ヶ月以上
B24010825,19,2025/11/30,12587,0,1700,170,0,1870,熊本支店,レンタル法人,48,新規,12ヶ月以上
B24010825,20,2025/12/31,12587,0,1700,170,0,1870,熊本支店,レンタル法人,48,新規,12ヶ月以上
B24010825,21,2026/1/31,12587,0,1700,170,0,1870,熊本支店,レンタル法人,48,新規,12ヶ月以上
B24010825,22,2026/2/28,12587,0,1700,170,0,1870,熊本支店,レンタル法人,48,新規,12ヶ月以上
B24010825,23,2026/3/31,12587,0,1700,170,0,1870,熊本支店,レンタル法人,48,新規,12ヶ月以上
B24010825,24,2026/4/30,12587,0,1700,170,0,1870,熊本支店,レンタル法人,48,新規,12ヶ月以上
B24010825,25,2026/5/31,12587,0,1700,170,0,1870,熊本支店,レンタル法人,48,新規,12ヶ月以上
B24010825,26,2026/6/30,12587,0,1700,170,0,1870,熊本支店,レンタル法人,48,新規,12ヶ月以上
B24010825,27,2026/7/31,12587,0,1700,170,0,1870,熊本支店,レンタル法人,48,新規,12ヶ月以上
B24010825,28,2026/8/31,12587,0,1700,170,0,1870,熊本支店,レンタル法人,48,新規,12ヶ月以上
B24010943,17,2025/9/30,14801,0,3800,380,0,4180,熊本支店,レンタル法人,48,新規,12ヶ月以上
B24010943,18,2025/10/31,14801,0,3800,380,0,4180,熊本支店,レンタル法人,48,新規,12ヶ月以上
B24010943,19,2025/11/30,14801,0,3800,380,0,4180,熊本支店,レンタル法人,48,新規,12ヶ月以上
B24010943,20,2025/12/31,14801,0,3800,380,0,4180,熊本支店,レンタル法人,48,新規,12ヶ月以上
B24010943,21,2026/1/31,14801,0,3800,380,0,4180,熊本支店,レンタル法人,48,新規,12ヶ月以上
B24010943,22,2026/2/28,14801,0,3800,380,0,4180,熊本支店,レンタル法人,48,新規,12ヶ月以上
B24010943,23,2026/3/31,14801,0,3800,380,0,4180,熊本支店,レンタル法人,48,新規,12ヶ月以上
B24010943,24,2026/4/30,14801,0,3800,380,0,4180,熊本支店,レンタル法人,48,新規,12ヶ月以上
B24010943,25,2026/5/31,14801,0,3800,380,0,4180,熊本支店,レンタル法人,48,新規,12ヶ月以上
B24010943,26,2026/6/30,14801,0,3800,380,0,4180,熊本支店,レンタル法人,48,新規,12ヶ月以上
B24010943,27,2026/7/31,14801,0,3800,380,0,4180,熊本支店,レンタル法人,48,新規,12ヶ月以上
B24010943,28,2026/8/31,14801,0,3800,380,0,4180,熊本支店,レンタル法人,48,新規,12ヶ月以上
B24010989,15,2025/9/30,10986,0,9600,960,0,10560,熊本支店,レンタル法人,48,新規,12ヶ月以上
B24010989,16,2025/10/31,10986,0,9600,960,0,10560,熊本支店,レンタル法人,48,新規,12ヶ月以上
B24010989,17,2025/11/30,10986,0,9600,960,0,10560,熊本支店,レンタル法人,48,新規,12ヶ月以上
B24010989,18,2025/12/31,10986,0,9600,960,0,10560,熊本支店,レンタル法人,48,新規,12ヶ月以上
B24010989,19,2026/1/31,10986,0,9600,960,0,10560,熊本支店,レンタル法人,48,新規,12ヶ月以上
B24010989,20,2026/2/28,10986,0,9600,960,0,10560,熊本支店,レンタル法人,48,新規,12ヶ月以上
B24010989,21,2026/3/31,10986,0,9600,960,0,10560,熊本支店,レンタル法人,48,新規,12ヶ月以上
B24010989,22,2026/4/30,10986,0,9600,960,0,10560,熊本支店,レンタル法人,48,新規,12ヶ月以上
B24010989,23,2026/5/31,10986,0,9600,960,0,10560,熊本支店,レンタル法人,48,新規,12ヶ月以上
B24010989,24,2026/6/30,10986,0,9600,960,0,10560,熊本支店,レンタル法人,48,新規,12ヶ月以上
B24010989,25,2026/7/31,10986,0,9600,960,0,10560,熊本支店,レンタル法人,48,新規,12ヶ月以上
B24010989,26,2026/8/31,10986,0,9600,960,0,10560,熊本支店,レンタル法人,48,新規,12ヶ月以上
B24013310,16,2025/9/30,13187,0,1200,120,0,1320,熊本支店,レンタル法人,36,新規,12ヶ月以上
B24013310,17,2025/10/31,13187,0,1200,120,0,1320,熊本支店,レンタル法人,36,新規,12ヶ月以上
B24013310,18,2025/11/30,13187,0,1200,120,0,1320,熊本支店,レンタル法人,36,新規,12ヶ月以上
B24013310,19,2025/12/31,13187,0,1200,120,0,1320,熊本支店,レンタル法人,36,新規,12ヶ月以上
B24013310,20,2026/1/31,13187,0,1200,120,0,1320,熊本支店,レンタル法人,36,新規,12ヶ月以上
B24013310,21,2026/2/28,13187,0,1200,120,0,1320,熊本支店,レンタル法人,36,新規,12ヶ月以上
B24013310,22,2026/3/31,13187,0,1200,120,0,1320,熊本支店,レンタル法人,36,新規,12ヶ月以上
B24013310,23,2026/4/30,13187,0,1200,120,0,1320,熊本支店,レンタル法人,36,新規,12ヶ月以上
B24013310,24,2026/5/31,13187,0,1200,120,0,1320,熊本支店,レンタル法人,36,新規,12ヶ月以上
B24013310,25,2026/6/30,13187,0,1200,120,0,1320,熊本支店,レンタル法人,36,新規,12ヶ月以上
B24013310,26,2026/7/31,13187,0,1200,120,0,1320,熊本支店,レンタル法人,36,新規,12ヶ月以上
B24013310,27,2026/8/31,13187,0,1200,120,0,1320,熊本支店,レンタル法人,36,新規,12ヶ月以上
B24013556,16,2025/9/30,14801,0,38000,3800,0,41800,熊本支店,レンタル法人,48,新規,12ヶ月以上
B24013556,17,2025/10/31,14801,0,38000,3800,0,41800,熊本支店,レンタル法人,48,新規,12ヶ月以上
B24013556,18,2025/11/30,14801,0,38000,3800,0,41800,熊本支店,レンタル法人,48,新規,12ヶ月以上
B24013556,19,2025/12/31,14801,0,38000,3800,0,41800,熊本支店,レンタル法人,48,新規,12ヶ月以上
B24013556,20,2026/1/31,14801,0,38000,3800,0,41800,熊本支店,レンタル法人,48,新規,12ヶ月以上
B24013556,21,2026/2/28,14801,0,38000,3800,0,41800,熊本支店,レンタル法人,48,新規,12ヶ月以上
B24013556,22,2026/3/31,14801,0,38000,3800,0,41800,熊本支店,レンタル法人,48,新規,12ヶ月以上
B24013556,23,2026/4/30,14801,0,38000,3800,0,41800,熊本支店,レンタル法人,48,新規,12ヶ月以上
B24013556,24,2026/5/31,14801,0,38000,3800,0,41800,熊本支店,レンタル法人,48,新規,12ヶ月以上
B24013556,25,2026/6/30,14801,0,38000,3800,0,41800,熊本支店,レンタル法人,48,新規,12ヶ月以上
B24013556,26,2026/7/31,14801,0,38000,3800,0,41800,熊本支店,レンタル法人,48,新規,12ヶ月以上
B24013556,27,2026/8/31,14801,0,38000,3800,0,41800,熊本支店,レンタル法人,48,新規,12ヶ月以上
B24013598,14,2025/9/30,10986,0,18100,1810,0,19910,熊本支店,レンタル法人,48,新規,12ヶ月以上
B24013598,15,2025/10/31,10986,0,18100,1810,0,19910,熊本支店,レンタル法人,48,新規,12ヶ月以上
B24013598,16,2025/11/30,10986,0,18100,1810,0,19910,熊本支店,レンタル法人,48,新規,12ヶ月以上
B24013598,17,2025/12/31,10986,0,18100,1810,0,19910,熊本支店,レンタル法人,48,新規,12ヶ月以上
B24013598,18,2026/1/31,10986,0,18100,1810,0,19910,熊本支店,レンタル法人,48,新規,12ヶ月以上
B24013598,19,2026/2/28,10986,0,18100,1810,0,19910,熊本支店,レンタル法人,48,新規,12ヶ月以上
B24013598,20,2026/3/31,10986,0,18100,1810,0,19910,熊本支店,レンタル法人,48,新規,12ヶ月以上
B24013598,21,2026/4/30,10986,0,18100,1810,0,19910,熊本支店,レンタル法人,48,新規,12ヶ月以上
B24013598,22,2026/5/31,10986,0,18100,1810,0,19910,熊本支店,レンタル法人,48,新規,12ヶ月以上
B24013598,23,2026/6/30,10986,0,18100,1810,0,19910,熊本支店,レンタル法人,48,新規,12ヶ月以上
B24013598,24,2026/7/31,10986,0,18100,1810,0,19910,熊本支店,レンタル法人,48,新規,12ヶ月以上
B24013598,25,2026/8/31,10986,0,18100,1810,0,19910,熊本支店,レンタル法人,48,新規,12ヶ月以上
B24014125,15,2025/9/30,13187,0,2000,200,0,2200,熊本支店,レンタル法人,36,新規,12ヶ月以上
B24014125,16,2025/10/31,13187,0,2000,200,0,2200,熊本支店,レンタル法人,36,新規,12ヶ月以上
B24014125,17,2025/11/30,13187,0,2000,200,0,2200,熊本支店,レンタル法人,36,新規,12ヶ月以上
B24014125,18,2025/12/31,13187,0,2000,200,0,2200,熊本支店,レンタル法人,36,新規,12ヶ月以上
B24014125,19,2026/1/31,13187,0,2000,200,0,2200,熊本支店,レンタル法人,36,新規,12ヶ月以上
B24014125,20,2026/2/28,13187,0,2000,200,0,2200,熊本支店,レンタル法人,36,新規,12ヶ月以上
B24014125,21,2026/3/31,13187,0,2000,200,0,2200,熊本支店,レンタル法人,36,新規,12ヶ月以上
B24014125,22,2026/4/30,13187,0,2000,200,0,2200,熊本支店,レンタル法人,36,新規,12ヶ月以上
B24014125,23,2026/5/31,13187,0,2000,200,0,2200,熊本支店,レンタル法人,36,新規,12ヶ月以上
B24014125,24,2026/6/30,13187,0,2000,200,0,2200,熊本支店,レンタル法人,36,新規,12ヶ月以上
B24014125,25,2026/7/31,13187,0,2000,200,0,2200,熊本支店,レンタル法人,36,新規,12ヶ月以上
B24014125,26,2026/8/31,13187,0,2000,200,0,2200,熊本支店,レンタル法人,36,新規,12ヶ月以上
B24014792,15,2025/9/30,10750,0,7200,720,0,7920,熊本支店,レンタル法人,25,新規,12ヶ月以上
B24014792,16,2025/10/31,10750,0,7200,720,0,7920,熊本支店,レンタル法人,25,新規,12ヶ月以上
B24014792,17,2025/11/30,10750,0,7200,720,0,7920,熊本支店,レンタル法人,25,新規,12ヶ月以上
B24014792,18,2025/12/31,10750,0,7200,720,0,7920,熊本支店,レンタル法人,25,新規,12ヶ月以上
B24014792,19,2026/1/31,10750,0,7200,720,0,7920,熊本支店,レンタル法人,25,新規,12ヶ月以上
B24014792,20,2026/2/28,10750,0,7200,720,0,7920,熊本支店,レンタル法人,25,新規,12ヶ月以上
B24014792,21,2026/3/31,10750,0,7200,720,0,7920,熊本支店,レンタル法人,25,新規,12ヶ月以上
B24014792,22,2026/4/30,10750,0,7200,720,0,7920,熊本支店,レンタル法人,25,新規,12ヶ月以上
B24014792,23,2026/5/31,10750,0,7200,720,0,7920,熊本支店,レンタル法人,25,新規,12ヶ月以上
B24014792,24,2026/6/30,10750,0,7200,720,0,7920,熊本支店,レンタル法人,25,新規,12ヶ月以上
B24014792,25,2026/7/31,10750,0,7200,720,0,7920,熊本支店,レンタル法人,25,新規,12ヶ月以上
B24014985,14,2025/9/30,10750,0,7700,770,0,8470,熊本支店,レンタル法人,24,新規,12ヶ月以上
B24014985,15,2025/10/31,10750,0,7700,770,0,8470,熊本支店,レンタル法人,24,新規,12ヶ月以上
B24014985,16,2025/11/30,10750,0,7700,770,0,8470,熊本支店,レンタル法人,24,新規,12ヶ月以上
B24014985,17,2025/12/31,10750,0,7700,770,0,8470,熊本支店,レンタル法人,24,新規,12ヶ月以上
B24014985,18,2026/1/31,10750,0,7700,770,0,8470,熊本支店,レンタル法人,24,新規,12ヶ月以上
B24014985,19,2026/2/28,10750,0,7700,770,0,8470,熊本支店,レンタル法人,24,新規,12ヶ月以上
B24014985,20,2026/3/31,10750,0,7700,770,0,8470,熊本支店,レンタル法人,24,新規,12ヶ月以上
B24014985,21,2026/4/30,10750,0,7700,770,0,8470,熊本支店,レンタル法人,24,新規,12ヶ月以上
B24014985,22,2026/5/31,10750,0,7700,770,0,8470,熊本支店,レンタル法人,24,新規,12ヶ月以上
B24014985,23,2026/6/30,10750,0,7700,770,0,8470,熊本支店,レンタル法人,24,新規,12ヶ月以上
B24014985,24,2026/7/31,10750,0,7700,770,0,8470,熊本支店,レンタル法人,24,新規,12ヶ月以上
B24015569,15,2025/9/30,12916,0,1550,155,0,1705,熊本支店,レンタル法人,48,新規,12ヶ月以上
B24015569,16,2025/10/31,12916,0,1550,155,0,1705,熊本支店,レンタル法人,48,新規,12ヶ月以上
B24015569,17,2025/11/30,12916,0,1550,155,0,1705,熊本支店,レンタル法人,48,新規,12ヶ月以上
B24015569,18,2025/12/31,12916,0,1550,155,0,1705,熊本支店,レンタル法人,48,新規,12ヶ月以上
B24015569,19,2026/1/31,12916,0,1550,155,0,1705,熊本支店,レンタル法人,48,新規,12ヶ月以上
B24015569,20,2026/2/28,12916,0,1550,155,0,1705,熊本支店,レンタル法人,48,新規,12ヶ月以上
B24015569,21,2026/3/31,12916,0,1550,155,0,1705,熊本支店,レンタル法人,48,新規,12ヶ月以上
B24015569,22,2026/4/30,12916,0,1550,155,0,1705,熊本支店,レンタル法人,48,新規,12ヶ月以上
B24015569,23,2026/5/31,12916,0,1550,155,0,1705,熊本支店,レンタル法人,48,新規,12ヶ月以上
B24015569,24,2026/6/30,12916,0,1550,155,0,1705,熊本支店,レンタル法人,48,新規,12ヶ月以上
B24015569,25,2026/7/31,12916,0,1550,155,0,1705,熊本支店,レンタル法人,48,新規,12ヶ月以上
B24015569,26,2026/8/31,12916,0,1550,155,0,1705,熊本支店,レンタル法人,48,新規,12ヶ月以上
B24015704,15,2025/9/30,12299,0,8000,800,0,8800,熊本支店,レンタル法人,24,新規,12ヶ月以上
B24015704,16,2025/10/31,12299,0,8000,800,0,8800,熊本支店,レンタル法人,24,新規,12ヶ月以上
B24015704,17,2025/11/30,12299,0,8000,800,0,8800,熊本支店,レンタル法人,24,新規,12ヶ月以上
B24015704,18,2025/12/31,12299,0,8000,800,0,8800,熊本支店,レンタル法人,24,新規,12ヶ月以上
B24015704,19,2026/1/31,12299,0,8000,800,0,8800,熊本支店,レンタル法人,24,新規,12ヶ月以上
B24015704,20,2026/2/28,12299,0,8000,800,0,8800,熊本支店,レンタル法人,24,新規,12ヶ月以上
B24015704,21,2026/3/31,12299,0,8000,800,0,8800,熊本支店,レンタル法人,24,新規,12ヶ月以上
B24015704,22,2026/4/30,12299,0,8000,800,0,8800,熊本支店,レンタル法人,24,新規,12ヶ月以上
B24015704,23,2026/5/31,12299,0,8000,800,0,8800,熊本支店,レンタル法人,24,新規,12ヶ月以上
B24015704,24,2026/6/30,12299,0,8000,800,0,8800,熊本支店,レンタル法人,24,新規,12ヶ月以上
B24015715,14,2025/9/30,15448,0,25760,2576,0,28336,熊本支店,レンタル法人,48,新規,12ヶ月以上
B24015715,15,2025/10/31,15448,0,25760,2576,0,28336,熊本支店,レンタル法人,48,新規,12ヶ月以上
B24015715,16,2025/11/30,15448,0,25760,2576,0,28336,熊本支店,レンタル法人,48,新規,12ヶ月以上
B24015715,17,2025/12/31,15448,0,25760,2576,0,28336,熊本支店,レンタル法人,48,新規,12ヶ月以上
B24015715,18,2026/1/31,15448,0,25760,2576,0,28336,熊本支店,レンタル法人,48,新規,12ヶ月以上
B24015715,19,2026/2/28,15448,0,25760,2576,0,28336,熊本支店,レンタル法人,48,新規,12ヶ月以上
B24015715,20,2026/3/31,15448,0,25760,2576,0,28336,熊本支店,レンタル法人,48,新規,12ヶ月以上
B24015715,21,2026/4/30,15448,0,25760,2576,0,28336,熊本支店,レンタル法人,48,新規,12ヶ月以上
B24015715,22,2026/5/31,15448,0,25760,2576,0,28336,熊本支店,レンタル法人,48,新規,12ヶ月以上
B24015715,23,2026/6/30,15448,0,25760,2576,0,28336,熊本支店,レンタル法人,48,新規,12ヶ月以上
B24015715,24,2026/7/31,15448,0,25760,2576,0,28336,熊本支店,レンタル法人,48,新規,12ヶ月以上
B24015715,25,2026/8/31,15448,0,25760,2576,0,28336,熊本支店,レンタル法人,48,新規,12ヶ月以上
B24015887,14,2025/9/30,10986,0,1300,130,0,1430,熊本支店,レンタル法人,48,新規,12ヶ月以上
B24015887,15,2025/10/31,10986,0,1300,130,0,1430,熊本支店,レンタル法人,48,新規,12ヶ月以上
B24015887,16,2025/11/30,10986,0,1300,130,0,1430,熊本支店,レンタル法人,48,新規,12ヶ月以上
B24015887,17,2025/12/31,10986,0,1300,130,0,1430,熊本支店,レンタル法人,48,新規,12ヶ月以上
B24015887,18,2026/1/31,10986,0,1300,130,0,1430,熊本支店,レンタル法人,48,新規,12ヶ月以上
B24015887,19,2026/2/28,10986,0,1300,130,0,1430,熊本支店,レンタル法人,48,新規,12ヶ月以上
B24015887,20,2026/3/31,10986,0,1300,130,0,1430,熊本支店,レンタル法人,48,新規,12ヶ月以上
B24015887,21,2026/4/30,10986,0,1300,130,0,1430,熊本支店,レンタル法人,48,新規,12ヶ月以上
B24015887,22,2026/5/31,10986,0,1300,130,0,1430,熊本支店,レンタル法人,48,新規,12ヶ月以上
B24015887,23,2026/6/30,10986,0,1300,130,0,1430,熊本支店,レンタル法人,48,新規,12ヶ月以上
B24015887,24,2026/7/31,10986,0,1300,130,0,1430,熊本支店,レンタル法人,48,新規,12ヶ月以上
B24015887,25,2026/8/31,10986,0,1300,130,0,1430,熊本支店,レンタル法人,48,新規,12ヶ月以上
B24015950,15,2025/9/30,12299,0,11600,1160,0,12760,熊本支店,レンタル法人,24,新規,12ヶ月以上
B24015950,16,2025/10/31,12299,0,11600,1160,0,12760,熊本支店,レンタル法人,24,新規,12ヶ月以上
B24015950,17,2025/11/30,12299,0,11600,1160,0,12760,熊本支店,レンタル法人,24,新規,12ヶ月以上
B24015950,18,2025/12/31,12299,0,11600,1160,0,12760,熊本支店,レンタル法人,24,新規,12ヶ月以上
B24015950,19,2026/1/31,12299,0,11600,1160,0,12760,熊本支店,レンタル法人,24,新規,12ヶ月以上
B24015950,20,2026/2/28,12299,0,11600,1160,0,12760,熊本支店,レンタル法人,24,新規,12ヶ月以上
B24015950,21,2026/3/31,12299,0,11600,1160,0,12760,熊本支店,レンタル法人,24,新規,12ヶ月以上
B24015950,22,2026/4/30,12299,0,11600,1160,0,12760,熊本支店,レンタル法人,24,新規,12ヶ月以上
B24015950,23,2026/5/31,12299,0,11600,1160,0,12760,熊本支店,レンタル法人,24,新規,12ヶ月以上
B24015950,24,2026/6/30,12299,0,11600,1160,0,12760,熊本支店,レンタル法人,24,新規,12ヶ月以上
B24016043,15,2025/9/30,10772,0,12250,1225,0,13475,熊本支店,レンタル法人,24,新規,12ヶ月以上
B24016043,16,2025/10/31,10772,0,12250,1225,0,13475,熊本支店,レンタル法人,24,新規,12ヶ月以上
B24016043,17,2025/11/30,10772,0,12250,1225,0,13475,熊本支店,レンタル法人,24,新規,12ヶ月以上
B24016043,18,2025/12/31,10772,0,12250,1225,0,13475,熊本支店,レンタル法人,24,新規,12ヶ月以上
B24016043,19,2026/1/31,10772,0,12250,1225,0,13475,熊本支店,レンタル法人,24,新規,12ヶ月以上
B24016043,20,2026/2/28,10772,0,12250,1225,0,13475,熊本支店,レンタル法人,24,新規,12ヶ月以上
B24016043,21,2026/3/31,10772,0,12250,1225,0,13475,熊本支店,レンタル法人,24,新規,12ヶ月以上
B24016043,22,2026/4/30,10772,0,12250,1225,0,13475,熊本支店,レンタル法人,24,新規,12ヶ月以上
B24016043,23,2026/5/31,10772,0,12250,1225,0,13475,熊本支店,レンタル法人,24,新規,12ヶ月以上
B24016043,24,2026/6/30,10772,0,12250,1225,0,13475,熊本支店,レンタル法人,24,新規,12ヶ月以上
B24016382,15,2025/9/30,10767,0,4500,450,0,4950,熊本支店,レンタル法人,48,新規,12ヶ月以上
B24016382,16,2025/10/31,10767,0,4500,450,0,4950,熊本支店,レンタル法人,48,新規,12ヶ月以上
B24016382,17,2025/11/30,10767,0,4500,450,0,4950,熊本支店,レンタル法人,48,新規,12ヶ月以上
B24016382,18,2025/12/31,10767,0,4500,450,0,4950,熊本支店,レンタル法人,48,新規,12ヶ月以上
B24016382,19,2026/1/31,10767,0,4500,450,0,4950,熊本支店,レンタル法人,48,新規,12ヶ月以上
B24016382,20,2026/2/28,10767,0,4500,450,0,4950,熊本支店,レンタル法人,48,新規,12ヶ月以上
B24016382,21,2026/3/31,10767,0,4500,450,0,4950,熊本支店,レンタル法人,48,新規,12ヶ月以上
B24016382,22,2026/4/30,10767,0,4500,450,0,4950,熊本支店,レンタル法人,48,新規,12ヶ月以上
B24016382,23,2026/5/31,10767,0,4500,450,0,4950,熊本支店,レンタル法人,48,新規,12ヶ月以上
B24016382,24,2026/6/30,10767,0,4500,450,0,4950,熊本支店,レンタル法人,48,新規,12ヶ月以上
B24016382,25,2026/7/31,10767,0,4500,450,0,4950,熊本支店,レンタル法人,48,新規,12ヶ月以上
B24016382,26,2026/8/31,10767,0,4500,450,0,4950,熊本支店,レンタル法人,48,新規,12ヶ月以上
B24016509,15,2025/9/30,10754,0,5000,500,0,5500,熊本支店,レンタル法人,36,新規,12ヶ月以上
B24016509,16,2025/10/31,10754,0,5000,500,0,5500,熊本支店,レンタル法人,36,新規,12ヶ月以上
B24016509,17,2025/11/30,10754,0,5000,500,0,5500,熊本支店,レンタル法人,36,新規,12ヶ月以上
B24016509,18,2025/12/31,10754,0,5000,500,0,5500,熊本支店,レンタル法人,36,新規,12ヶ月以上
B24016509,19,2026/1/31,10754,0,5000,500,0,5500,熊本支店,レンタル法人,36,新規,12ヶ月以上
B24016509,20,2026/2/28,10754,0,5000,500,0,5500,熊本支店,レンタル法人,36,新規,12ヶ月以上
B24016509,21,2026/3/31,10754,0,5000,500,0,5500,熊本支店,レンタル法人,36,新規,12ヶ月以上
B24016509,22,2026/4/30,10754,0,5000,500,0,5500,熊本支店,レンタル法人,36,新規,12ヶ月以上
B24016509,23,2026/5/31,10754,0,5000,500,0,5500,熊本支店,レンタル法人,36,新規,12ヶ月以上
B24016509,24,2026/6/30,10754,0,5000,500,0,5500,熊本支店,レンタル法人,36,新規,12ヶ月以上
B24016509,25,2026/7/31,10754,0,5000,500,0,5500,熊本支店,レンタル法人,36,新規,12ヶ月以上
B24016509,26,2026/8/31,10754,0,5000,500,0,5500,熊本支店,レンタル法人,36,新規,12ヶ月以上
B24016622,14,2025/9/30,15244,0,65420,6542,0,71962,熊本支店,レンタル法人,36,新規,12ヶ月以上
B24016622,15,2025/10/31,15244,0,65420,6542,0,71962,熊本支店,レンタル法人,36,新規,12ヶ月以上
B24016622,16,2025/11/30,15244,0,65420,6542,0,71962,熊本支店,レンタル法人,36,新規,12ヶ月以上
B24016622,17,2025/12/31,15244,0,65420,6542,0,71962,熊本支店,レンタル法人,36,新規,12ヶ月以上
B24016622,18,2026/1/31,15244,0,65420,6542,0,71962,熊本支店,レンタル法人,36,新規,12ヶ月以上
B24016622,19,2026/2/28,15244,0,65420,6542,0,71962,熊本支店,レンタル法人,36,新規,12ヶ月以上
B24016622,20,2026/3/31,15244,0,65420,6542,0,71962,熊本支店,レンタル法人,36,新規,12ヶ月以上
B24016622,21,2026/4/30,15244,0,65420,6542,0,71962,熊本支店,レンタル法人,36,新規,12ヶ月以上
B24016622,22,2026/5/31,15244,0,65420,6542,0,71962,熊本支店,レンタル法人,36,新規,12ヶ月以上
B24016622,23,2026/6/30,15244,0,65420,6542,0,71962,熊本支店,レンタル法人,36,新規,12ヶ月以上
B24016622,24,2026/7/31,15244,0,65420,6542,0,71962,熊本支店,レンタル法人,36,新規,12ヶ月以上
B24016622,25,2026/8/31,15244,0,65420,6542,0,71962,熊本支店,レンタル法人,36,新規,12ヶ月以上
B24016625,14,2025/9/30,10767,0,4500,450,0,4950,熊本支店,レンタル法人,48,新規,12ヶ月以上
B24016625,15,2025/10/31,10767,0,4500,450,0,4950,熊本支店,レンタル法人,48,新規,12ヶ月以上
B24016625,16,2025/11/30,10767,0,4500,450,0,4950,熊本支店,レンタル法人,48,新規,12ヶ月以上
B24016625,17,2025/12/31,10767,0,4500,450,0,4950,熊本支店,レンタル法人,48,新規,12ヶ月以上
B24016625,18,2026/1/31,10767,0,4500,450,0,4950,熊本支店,レンタル法人,48,新規,12ヶ月以上
B24016625,19,2026/2/28,10767,0,4500,450,0,4950,熊本支店,レンタル法人,48,新規,12ヶ月以上
B24016625,20,2026/3/31,10767,0,4500,450,0,4950,熊本支店,レンタル法人,48,新規,12ヶ月以上
B24016625,21,2026/4/30,10767,0,4500,450,0,4950,熊本支店,レンタル法人,48,新規,12ヶ月以上
B24016625,22,2026/5/31,10767,0,4500,450,0,4950,熊本支店,レンタル法人,48,新規,12ヶ月以上
B24016625,23,2026/6/30,10767,0,4500,450,0,4950,熊本支店,レンタル法人,48,新規,12ヶ月以上
B24016625,24,2026/7/31,10767,0,4500,450,0,4950,熊本支店,レンタル法人,48,新規,12ヶ月以上
B24016625,25,2026/8/31,10767,0,4500,450,0,4950,熊本支店,レンタル法人,48,新規,12ヶ月以上
B24016916,14,2025/9/30,12916,0,1800,180,0,1980,熊本支店,レンタル法人,48,新規,12ヶ月以上
B24016916,15,2025/10/31,12916,0,1800,180,0,1980,熊本支店,レンタル法人,48,新規,12ヶ月以上
B24016916,16,2025/11/30,12916,0,1800,180,0,1980,熊本支店,レンタル法人,48,新規,12ヶ月以上
B24016916,17,2025/12/31,12916,0,1800,180,0,1980,熊本支店,レンタル法人,48,新規,12ヶ月以上
B24016916,18,2026/1/31,12916,0,1800,180,0,1980,熊本支店,レンタル法人,48,新規,12ヶ月以上
B24016916,19,2026/2/28,12916,0,1800,180,0,1980,熊本支店,レンタル法人,48,新規,12ヶ月以上
B24016916,20,2026/3/31,12916,0,1800,180,0,1980,熊本支店,レンタル法人,48,新規,12ヶ月以上
B24016916,21,2026/4/30,12916,0,1800,180,0,1980,熊本支店,レンタル法人,48,新規,12ヶ月以上
B24016916,22,2026/5/31,12916,0,1800,180,0,1980,熊本支店,レンタル法人,48,新規,12ヶ月以上
B24016916,23,2026/6/30,12916,0,1800,180,0,1980,熊本支店,レンタル法人,48,新規,12ヶ月以上
B24016916,24,2026/7/31,12916,0,1800,180,0,1980,熊本支店,レンタル法人,48,新規,12ヶ月以上
B24016916,25,2026/8/31,12916,0,1800,180,0,1980,熊本支店,レンタル法人,48,新規,12ヶ月以上
B24017695,14,2025/9/30,10314,0,2930,293,0,3223,熊本支店,レンタル法人,60,新規,12ヶ月以上
B24017695,15,2025/10/31,10314,0,2930,293,0,3223,熊本支店,レンタル法人,60,新規,12ヶ月以上
B24017695,16,2025/11/30,10314,0,2930,293,0,3223,熊本支店,レンタル法人,60,新規,12ヶ月以上
B24017695,17,2025/12/31,10314,0,2930,293,0,3223,熊本支店,レンタル法人,60,新規,12ヶ月以上
B24017695,18,2026/1/31,10314,0,2930,293,0,3223,熊本支店,レンタル法人,60,新規,12ヶ月以上
B24017695,19,2026/2/28,10314,0,2930,293,0,3223,熊本支店,レンタル法人,60,新規,12ヶ月以上
B24017695,20,2026/3/31,10314,0,2930,293,0,3223,熊本支店,レンタル法人,60,新規,12ヶ月以上
B24017695,21,2026/4/30,10314,0,2930,293,0,3223,熊本支店,レンタル法人,60,新規,12ヶ月以上
B24017695,22,2026/5/31,10314,0,2930,293,0,3223,熊本支店,レンタル法人,60,新規,12ヶ月以上
B24017695,23,2026/6/30,10314,0,2930,293,0,3223,熊本支店,レンタル法人,60,新規,12ヶ月以上
B24017695,24,2026/7/31,10314,0,2930,293,0,3223,熊本支店,レンタル法人,60,新規,12ヶ月以上
B24017695,25,2026/8/31,10314,0,2930,293,0,3223,熊本支店,レンタル法人,60,新規,12ヶ月以上
B24017729,14,2025/9/30,10856,0,25500,2550,0,28050,熊本支店,レンタル法人,48,新規,12ヶ月以上
B24017729,15,2025/10/31,10856,0,25500,2550,0,28050,熊本支店,レンタル法人,48,新規,12ヶ月以上
B24017729,16,2025/11/30,10856,0,25500,2550,0,28050,熊本支店,レンタル法人,48,新規,12ヶ月以上
B24017729,17,2025/12/31,10856,0,25500,2550,0,28050,熊本支店,レンタル法人,48,新規,12ヶ月以上
B24017729,18,2026/1/31,10856,0,25500,2550,0,28050,熊本支店,レンタル法人,48,新規,12ヶ月以上
B24017729,19,2026/2/28,10856,0,25500,2550,0,28050,熊本支店,レンタル法人,48,新規,12ヶ月以上
B24017729,20,2026/3/31,10856,0,25500,2550,0,28050,熊本支店,レンタル法人,48,新規,12ヶ月以上
B24017729,21,2026/4/30,10856,0,25500,2550,0,28050,熊本支店,レンタル法人,48,新規,12ヶ月以上
B24017729,22,2026/5/31,10856,0,25500,2550,0,28050,熊本支店,レンタル法人,48,新規,12ヶ月以上
B24017729,23,2026/6/30,10856,0,25500,2550,0,28050,熊本支店,レンタル法人,48,新規,12ヶ月以上
B24017729,24,2026/7/31,10856,0,25500,2550,0,28050,熊本支店,レンタル法人,48,新規,12ヶ月以上
B24017729,25,2026/8/31,10856,0,25500,2550,0,28050,熊本支店,レンタル法人,48,新規,12ヶ月以上
B24017755,14,2025/9/30,12172,0,11760,1176,0,12936,熊本支店,レンタル法人,60,新規,12ヶ月以上
B24017755,15,2025/10/31,12172,0,11760,1176,0,12936,熊本支店,レンタル法人,60,新規,12ヶ月以上
B24017755,16,2025/11/30,12172,0,11760,1176,0,12936,熊本支店,レンタル法人,60,新規,12ヶ月以上
B24017755,17,2025/12/31,12172,0,11760,1176,0,12936,熊本支店,レンタル法人,60,新規,12ヶ月以上
B24017755,18,2026/1/31,12172,0,11760,1176,0,12936,熊本支店,レンタル法人,60,新規,12ヶ月以上
B24017755,19,2026/2/28,12172,0,11760,1176,0,12936,熊本支店,レンタル法人,60,新規,12ヶ月以上
B24017755,20,2026/3/31,12172,0,11760,1176,0,12936,熊本支店,レンタル法人,60,新規,12ヶ月以上
B24017755,21,2026/4/30,12172,0,11760,1176,0,12936,熊本支店,レンタル法人,60,新規,12ヶ月以上
B24017755,22,2026/5/31,12172,0,11760,1176,0,12936,熊本支店,レンタル法人,60,新規,12ヶ月以上
B24017755,23,2026/6/30,12172,0,11760,1176,0,12936,熊本支店,レンタル法人,60,新規,12ヶ月以上
B24017755,24,2026/7/31,12172,0,11760,1176,0,12936,熊本支店,レンタル法人,60,新規,12ヶ月以上
B24017755,25,2026/8/31,12172,0,11760,1176,0,12936,熊本支店,レンタル法人,60,新規,12ヶ月以上
B24017764,14,2025/9/30,12916,0,1550,155,0,1705,熊本支店,レンタル法人,48,新規,12ヶ月以上
B24017764,15,2025/10/31,12916,0,1550,155,0,1705,熊本支店,レンタル法人,48,新規,12ヶ月以上
B24017764,16,2025/11/30,12916,0,1550,155,0,1705,熊本支店,レンタル法人,48,新規,12ヶ月以上
B24017764,17,2025/12/31,12916,0,1550,155,0,1705,熊本支店,レンタル法人,48,新規,12ヶ月以上
B24017764,18,2026/1/31,12916,0,1550,155,0,1705,熊本支店,レンタル法人,48,新規,12ヶ月以上
B24017764,19,2026/2/28,12916,0,1550,155,0,1705,熊本支店,レンタル法人,48,新規,12ヶ月以上
B24017764,20,2026/3/31,12916,0,1550,155,0,1705,熊本支店,レンタル法人,48,新規,12ヶ月以上
B24017764,21,2026/4/30,12916,0,1550,155,0,1705,熊本支店,レンタル法人,48,新規,12ヶ月以上
B24017764,22,2026/5/31,12916,0,1550,155,0,1705,熊本支店,レンタル法人,48,新規,12ヶ月以上
B24017764,23,2026/6/30,12916,0,1550,155,0,1705,熊本支店,レンタル法人,48,新規,12ヶ月以上
B24017764,24,2026/7/31,12916,0,1550,155,0,1705,熊本支店,レンタル法人,48,新規,12ヶ月以上
B24017764,25,2026/8/31,12916,0,1550,155,0,1705,熊本支店,レンタル法人,48,新規,12ヶ月以上
B24018704,13,2025/9/30,11577,0,15750,1575,0,17325,熊本支店,レンタル法人,36,新規,12ヶ月以上
B24018704,14,2025/10/31,11577,0,15750,1575,0,17325,熊本支店,レンタル法人,36,新規,12ヶ月以上
B24018704,15,2025/11/30,11577,0,15750,1575,0,17325,熊本支店,レンタル法人,36,新規,12ヶ月以上
B24018704,16,2025/12/31,11577,0,15750,1575,0,17325,熊本支店,レンタル法人,36,新規,12ヶ月以上
B24018704,17,2026/1/31,11577,0,15750,1575,0,17325,熊本支店,レンタル法人,36,新規,12ヶ月以上
B24018704,18,2026/2/28,11577,0,15750,1575,0,17325,熊本支店,レンタル法人,36,新規,12ヶ月以上
B24018704,19,2026/3/31,11577,0,15750,1575,0,17325,熊本支店,レンタル法人,36,新規,12ヶ月以上
B24018704,20,2026/4/30,11577,0,15750,1575,0,17325,熊本支店,レンタル法人,36,新規,12ヶ月以上
B24018704,21,2026/5/31,11577,0,15750,1575,0,17325,熊本支店,レンタル法人,36,新規,12ヶ月以上
B24018704,22,2026/6/30,11577,0,15750,1575,0,17325,熊本支店,レンタル法人,36,新規,12ヶ月以上
B24018704,23,2026/7/31,11577,0,15750,1575,0,17325,熊本支店,レンタル法人,36,新規,12ヶ月以上
B24018704,24,2026/8/31,11577,0,15750,1575,0,17325,熊本支店,レンタル法人,36,新規,12ヶ月以上
B24018821,13,2025/9/30,12916,0,3200,320,0,3520,熊本支店,レンタル法人,60,新規,12ヶ月以上
B24018821,14,2025/10/31,12916,0,3200,320,0,3520,熊本支店,レンタル法人,60,新規,12ヶ月以上
B24018821,15,2025/11/30,12916,0,3200,320,0,3520,熊本支店,レンタル法人,60,新規,12ヶ月以上
B24018821,16,2025/12/31,12916,0,3200,320,0,3520,熊本支店,レンタル法人,60,新規,12ヶ月以上
B24018821,17,2026/1/31,12916,0,3200,320,0,3520,熊本支店,レンタル法人,60,新規,12ヶ月以上
B24018821,18,2026/2/28,12916,0,3200,320,0,3520,熊本支店,レンタル法人,60,新規,12ヶ月以上
B24018821,19,2026/3/31,12916,0,3200,320,0,3520,熊本支店,レンタル法人,60,新規,12ヶ月以上
B24018821,20,2026/4/30,12916,0,3200,320,0,3520,熊本支店,レンタル法人,60,新規,12ヶ月以上
B24018821,21,2026/5/31,12916,0,3200,320,0,3520,熊本支店,レンタル法人,60,新規,12ヶ月以上
B24018821,22,2026/6/30,12916,0,3200,320,0,3520,熊本支店,レンタル法人,60,新規,12ヶ月以上
B24018821,23,2026/7/31,12916,0,3200,320,0,3520,熊本支店,レンタル法人,60,新規,12ヶ月以上
B24018821,24,2026/8/31,12916,0,3200,320,0,3520,熊本支店,レンタル法人,60,新規,12ヶ月以上
B24018864,14,2025/9/30,11577,0,10400,1040,0,11440,熊本支店,レンタル法人,36,新規,12ヶ月以上
B24018864,15,2025/10/31,11577,0,10400,1040,0,11440,熊本支店,レンタル法人,36,新規,12ヶ月以上
B24018864,16,2025/11/30,11577,0,10400,1040,0,11440,熊本支店,レンタル法人,36,新規,12ヶ月以上
B24018864,17,2025/12/31,11577,0,10400,1040,0,11440,熊本支店,レンタル法人,36,新規,12ヶ月以上
B24018864,18,2026/1/31,11577,0,10400,1040,0,11440,熊本支店,レンタル法人,36,新規,12ヶ月以上
B24018864,19,2026/2/28,11577,0,10400,1040,0,11440,熊本支店,レンタル法人,36,新規,12ヶ月以上
B24018864,20,2026/3/31,11577,0,10400,1040,0,11440,熊本支店,レンタル法人,36,新規,12ヶ月以上
B24018864,21,2026/4/30,11577,0,10400,1040,0,11440,熊本支店,レンタル法人,36,新規,12ヶ月以上
B24018864,22,2026/5/31,11577,0,10400,1040,0,11440,熊本支店,レンタル法人,36,新規,12ヶ月以上
B24018864,23,2026/6/30,11577,0,10400,1040,0,11440,熊本支店,レンタル法人,36,新規,12ヶ月以上
B24018864,24,2026/7/31,11577,0,10400,1040,0,11440,熊本支店,レンタル法人,36,新規,12ヶ月以上
B24018864,25,2026/8/31,11577,0,10400,1040,0,11440,熊本支店,レンタル法人,36,新規,12ヶ月以上
B24019201,13,2025/9/30,10986,0,20700,2070,0,22770,熊本支店,レンタル法人,48,新規,12ヶ月以上
B24019201,14,2025/10/31,10986,0,20700,2070,0,22770,熊本支店,レンタル法人,48,新規,12ヶ月以上
B24019201,15,2025/11/30,10986,0,20700,2070,0,22770,熊本支店,レンタル法人,48,新規,12ヶ月以上
B24019201,16,2025/12/31,10986,0,20700,2070,0,22770,熊本支店,レンタル法人,48,新規,12ヶ月以上
B24019201,17,2026/1/31,10986,0,20700,2070,0,22770,熊本支店,レンタル法人,48,新規,12ヶ月以上
B24019201,18,2026/2/28,10986,0,20700,2070,0,22770,熊本支店,レンタル法人,48,新規,12ヶ月以上
B24019201,19,2026/3/31,10986,0,20700,2070,0,22770,熊本支店,レンタル法人,48,新規,12ヶ月以上
B24019201,20,2026/4/30,10986,0,20700,2070,0,22770,熊本支店,レンタル法人,48,新規,12ヶ月以上
B24019201,21,2026/5/31,10986,0,20700,2070,0,22770,熊本支店,レンタル法人,48,新規,12ヶ月以上
B24019201,22,2026/6/30,10986,0,20700,2070,0,22770,熊本支店,レンタル法人,48,新規,12ヶ月以上
B24019201,23,2026/7/31,10986,0,20700,2070,0,22770,熊本支店,レンタル法人,48,新規,12ヶ月以上
B24019201,24,2026/8/31,10986,0,20700,2070,0,22770,熊本支店,レンタル法人,48,新規,12ヶ月以上
B24020118,13,2025/9/30,10756,0,16400,1640,0,18040,熊本支店,レンタル法人,36,新規,12ヶ月以上
B24020118,14,2025/10/31,10756,0,16400,1640,0,18040,熊本支店,レンタル法人,36,新規,12ヶ月以上
B24020118,15,2025/11/30,10756,0,16400,1640,0,18040,熊本支店,レンタル法人,36,新規,12ヶ月以上
B24020118,16,2025/12/31,10756,0,16400,1640,0,18040,熊本支店,レンタル法人,36,新規,12ヶ月以上
B24020118,17,2026/1/31,10756,0,16400,1640,0,18040,熊本支店,レンタル法人,36,新規,12ヶ月以上
B24020118,18,2026/2/28,10756,0,16400,1640,0,18040,熊本支店,レンタル法人,36,新規,12ヶ月以上
B24020118,19,2026/3/31,10756,0,16400,1640,0,18040,熊本支店,レンタル法人,36,新規,12ヶ月以上
B24020118,20,2026/4/30,10756,0,16400,1640,0,18040,熊本支店,レンタル法人,36,新規,12ヶ月以上
B24020118,21,2026/5/31,10756,0,16400,1640,0,18040,熊本支店,レンタル法人,36,新規,12ヶ月以上
B24020118,22,2026/6/30,10756,0,16400,1640,0,18040,熊本支店,レンタル法人,36,新規,12ヶ月以上
B24020118,23,2026/7/31,10756,0,16400,1640,0,18040,熊本支店,レンタル法人,36,新規,12ヶ月以上
B24020118,24,2026/8/31,10756,0,16400,1640,0,18040,熊本支店,レンタル法人,36,新規,12ヶ月以上
B24020509,13,2025/9/30,10753,0,5600,560,0,6160,熊本支店,レンタル法人,19,新規,12ヶ月以上
B24020509,14,2025/10/31,10753,0,5600,560,0,6160,熊本支店,レンタル法人,19,新規,12ヶ月以上
B24020509,15,2025/11/30,10753,0,5600,560,0,6160,熊本支店,レンタル法人,19,新規,12ヶ月以上
B24020509,16,2025/12/31,10753,0,5600,560,0,6160,熊本支店,レンタル法人,19,新規,12ヶ月以上
B24020509,17,2026/1/31,10753,0,5600,560,0,6160,熊本支店,レンタル法人,19,新規,12ヶ月以上
B24020509,18,2026/2/28,10753,0,5600,560,0,6160,熊本支店,レンタル法人,19,新規,12ヶ月以上
B24020509,19,2026/3/31,10753,0,5600,560,0,6160,熊本支店,レンタル法人,19,新規,12ヶ月以上
B24020509,20,2026/4/30,10753,0,5600,560,0,6160,熊本支店,レンタル法人,19,新規,12ヶ月以上
B24020827,12,2025/9/30,10986,0,9800,980,0,10780,熊本支店,レンタル法人,48,新規,12ヶ月以上
B24020827,13,2025/10/31,10986,0,9800,980,0,10780,熊本支店,レンタル法人,48,新規,12ヶ月以上
B24020827,14,2025/11/30,10986,0,9800,980,0,10780,熊本支店,レンタル法人,48,新規,12ヶ月以上
B24020827,15,2025/12/31,10986,0,9800,980,0,10780,熊本支店,レンタル法人,48,新規,12ヶ月以上
B24020827,16,2026/1/31,10986,0,9800,980,0,10780,熊本支店,レンタル法人,48,新規,12ヶ月以上
B24020827,17,2026/2/28,10986,0,9800,980,0,10780,熊本支店,レンタル法人,48,新規,12ヶ月以上
B24020827,18,2026/3/31,10986,0,9800,980,0,10780,熊本支店,レンタル法人,48,新規,12ヶ月以上
B24020827,19,2026/4/30,10986,0,9800,980,0,10780,熊本支店,レンタル法人,48,新規,12ヶ月以上
B24020827,20,2026/5/31,10986,0,9800,980,0,10780,熊本支店,レンタル法人,48,新規,12ヶ月以上
B24020827,21,2026/6/30,10986,0,9800,980,0,10780,熊本支店,レンタル法人,48,新規,12ヶ月以上
B24020827,22,2026/7/31,10986,0,9800,980,0,10780,熊本支店,レンタル法人,48,新規,12ヶ月以上
B24020827,23,2026/8/31,10986,0,9800,980,0,10780,熊本支店,レンタル法人,48,新規,12ヶ月以上
B24020843,13,2025/9/30,10314,0,2930,293,0,3223,熊本支店,レンタル法人,60,新規,12ヶ月以上
B24020843,14,2025/10/31,10314,0,2930,293,0,3223,熊本支店,レンタル法人,60,新規,12ヶ月以上
B24020843,15,2025/11/30,10314,0,2930,293,0,3223,熊本支店,レンタル法人,60,新規,12ヶ月以上
B24020843,16,2025/12/31,10314,0,2930,293,0,3223,熊本支店,レンタル法人,60,新規,12ヶ月以上
B24020843,17,2026/1/31,10314,0,2930,293,0,3223,熊本支店,レンタル法人,60,新規,12ヶ月以上
B24020843,18,2026/2/28,10314,0,2930,293,0,3223,熊本支店,レンタル法人,60,新規,12ヶ月以上
B24020843,19,2026/3/31,10314,0,2930,293,0,3223,熊本支店,レンタル法人,60,新規,12ヶ月以上
B24020843,20,2026/4/30,10314,0,2930,293,0,3223,熊本支店,レンタル法人,60,新規,12ヶ月以上
B24020843,21,2026/5/31,10314,0,2930,293,0,3223,熊本支店,レンタル法人,60,新規,12ヶ月以上
B24020843,22,2026/6/30,10314,0,2930,293,0,3223,熊本支店,レンタル法人,60,新規,12ヶ月以上
B24020843,23,2026/7/31,10314,0,2930,293,0,3223,熊本支店,レンタル法人,60,新規,12ヶ月以上
B24020843,24,2026/8/31,10314,0,2930,293,0,3223,熊本支店,レンタル法人,60,新規,12ヶ月以上
B24021211,13,2025/9/30,11577,0,38400,3840,0,42240,熊本支店,レンタル法人,36,新規,12ヶ月以上
B24021211,14,2025/10/31,11577,0,38400,3840,0,42240,熊本支店,レンタル法人,36,新規,12ヶ月以上
B24021211,15,2025/11/30,11577,0,38400,3840,0,42240,熊本支店,レンタル法人,36,新規,12ヶ月以上
B24021211,16,2025/12/31,11577,0,38400,3840,0,42240,熊本支店,レンタル法人,36,新規,12ヶ月以上
B24021211,17,2026/1/31,11577,0,38400,3840,0,42240,熊本支店,レンタル法人,36,新規,12ヶ月以上
B24021211,18,2026/2/28,11577,0,38400,3840,0,42240,熊本支店,レンタル法人,36,新規,12ヶ月以上
B24021211,19,2026/3/31,11577,0,38400,3840,0,42240,熊本支店,レンタル法人,36,新規,12ヶ月以上
B24021211,20,2026/4/30,11577,0,38400,3840,0,42240,熊本支店,レンタル法人,36,新規,12ヶ月以上
B24021211,21,2026/5/31,11577,0,38400,3840,0,42240,熊本支店,レンタル法人,36,新規,12ヶ月以上
B24021211,22,2026/6/30,11577,0,38400,3840,0,42240,熊本支店,レンタル法人,36,新規,12ヶ月以上
B24021211,23,2026/7/31,11577,0,38400,3840,0,42240,熊本支店,レンタル法人,36,新規,12ヶ月以上
B24021211,24,2026/8/31,11577,0,38400,3840,0,42240,熊本支店,レンタル法人,36,新規,12ヶ月以上
B24021220,14,2025/9/30,15448,0,200,20,0,220,熊本支店,レンタル法人,48,新規,12ヶ月以上
B24021220,15,2025/10/31,15448,0,200,20,0,220,熊本支店,レンタル法人,48,新規,12ヶ月以上
B24021220,16,2025/11/30,15448,0,200,20,0,220,熊本支店,レンタル法人,48,新規,12ヶ月以上
B24021220,17,2025/12/31,15448,0,200,20,0,220,熊本支店,レンタル法人,48,新規,12ヶ月以上
B24021220,18,2026/1/31,15448,0,200,20,0,220,熊本支店,レンタル法人,48,新規,12ヶ月以上
B24021220,19,2026/2/28,15448,0,200,20,0,220,熊本支店,レンタル法人,48,新規,12ヶ月以上
B24021220,20,2026/3/31,15448,0,200,20,0,220,熊本支店,レンタル法人,48,新規,12ヶ月以上
B24021220,21,2026/4/30,15448,0,200,20,0,220,熊本支店,レンタル法人,48,新規,12ヶ月以上
B24021220,22,2026/5/31,15448,0,200,20,0,220,熊本支店,レンタル法人,48,新規,12ヶ月以上
B24021220,23,2026/6/30,15448,0,200,20,0,220,熊本支店,レンタル法人,48,新規,12ヶ月以上
B24021220,24,2026/7/31,15448,0,200,20,0,220,熊本支店,レンタル法人,48,新規,12ヶ月以上
B24021220,25,2026/8/31,15448,0,200,20,0,220,熊本支店,レンタル法人,48,新規,12ヶ月以上
B24021234,12,2025/9/30,14868,0,46300,4630,0,50930,熊本支店,レンタル法人,60,新規,12ヶ月以上
B24021234,13,2025/10/31,14868,0,46300,4630,0,50930,熊本支店,レンタル法人,60,新規,12ヶ月以上
B24021234,14,2025/11/30,14868,0,46300,4630,0,50930,熊本支店,レンタル法人,60,新規,12ヶ月以上
B24021234,15,2025/12/31,14868,0,46300,4630,0,50930,熊本支店,レンタル法人,60,新規,12ヶ月以上
B24021234,16,2026/1/31,14868,0,46300,4630,0,50930,熊本支店,レンタル法人,60,新規,12ヶ月以上
B24021234,17,2026/2/28,14868,0,46300,4630,0,50930,熊本支店,レンタル法人,60,新規,12ヶ月以上
B24021234,18,2026/3/31,14868,0,46300,4630,0,50930,熊本支店,レンタル法人,60,新規,12ヶ月以上
B24021234,19,2026/4/30,14868,0,46300,4630,0,50930,熊本支店,レンタル法人,60,新規,12ヶ月以上
B24021234,20,2026/5/31,14868,0,46300,4630,0,50930,熊本支店,レンタル法人,60,新規,12ヶ月以上
B24021234,21,2026/6/30,14868,0,46300,4630,0,50930,熊本支店,レンタル法人,60,新規,12ヶ月以上
B24021234,22,2026/7/31,14868,0,46300,4630,0,50930,熊本支店,レンタル法人,60,新規,12ヶ月以上
B24021234,23,2026/8/31,14868,0,46300,4630,0,50930,熊本支店,レンタル法人,60,新規,12ヶ月以上
B24021294,13,2025/9/30,14801,0,7600,760,0,8360,熊本支店,レンタル法人,48,新規,12ヶ月以上
B24021294,14,2025/10/31,14801,0,7600,760,0,8360,熊本支店,レンタル法人,48,新規,12ヶ月以上
B24021294,15,2025/11/30,14801,0,7600,760,0,8360,熊本支店,レンタル法人,48,新規,12ヶ月以上
B24021294,16,2025/12/31,14801,0,7600,760,0,8360,熊本支店,レンタル法人,48,新規,12ヶ月以上
B24021294,17,2026/1/31,14801,0,7600,760,0,8360,熊本支店,レンタル法人,48,新規,12ヶ月以上
B24021294,18,2026/2/28,14801,0,7600,760,0,8360,熊本支店,レンタル法人,48,新規,12ヶ月以上
B24021294,19,2026/3/31,14801,0,7600,760,0,8360,熊本支店,レンタル法人,48,新規,12ヶ月以上
B24021294,20,2026/4/30,14801,0,7600,760,0,8360,熊本支店,レンタル法人,48,新規,12ヶ月以上
B24021294,21,2026/5/31,14801,0,7600,760,0,8360,熊本支店,レンタル法人,48,新規,12ヶ月以上
B24021294,22,2026/6/30,14801,0,7600,760,0,8360,熊本支店,レンタル法人,48,新規,12ヶ月以上
B24021294,23,2026/7/31,14801,0,7600,760,0,8360,熊本支店,レンタル法人,48,新規,12ヶ月以上
B24021294,24,2026/8/31,14801,0,7600,760,0,8360,熊本支店,レンタル法人,48,新規,12ヶ月以上
B24021703,1,2026/7/31,10754,0,0,0,0,0,熊本支店,レンタル法人,24,新規,12ヶ月以上
B24022765,13,2025/9/30,10767,0,6000,600,0,6600,熊本支店,レンタル法人,48,新規,12ヶ月以上
B24022765,14,2025/10/31,10767,0,6000,600,0,6600,熊本支店,レンタル法人,48,新規,12ヶ月以上
B24022765,15,2025/11/30,10767,0,6000,600,0,6600,熊本支店,レンタル法人,48,新規,12ヶ月以上
B24022765,16,2025/12/31,10767,0,6000,600,0,6600,熊本支店,レンタル法人,48,新規,12ヶ月以上
B24022765,17,2026/1/31,10767,0,6000,600,0,6600,熊本支店,レンタル法人,48,新規,12ヶ月以上
B24022765,18,2026/2/28,10767,0,6000,600,0,6600,熊本支店,レンタル法人,48,新規,12ヶ月以上
B24022765,19,2026/3/31,10767,0,6000,600,0,6600,熊本支店,レンタル法人,48,新規,12ヶ月以上
B24022765,20,2026/4/30,10767,0,6000,600,0,6600,熊本支店,レンタル法人,48,新規,12ヶ月以上
B24022765,21,2026/5/31,10767,0,6000,600,0,6600,熊本支店,レンタル法人,48,新規,12ヶ月以上
B24022765,22,2026/6/30,10767,0,6000,600,0,6600,熊本支店,レンタル法人,48,新規,12ヶ月以上
B24022765,23,2026/7/31,10767,0,6000,600,0,6600,熊本支店,レンタル法人,48,新規,12ヶ月以上
B24022765,24,2026/8/31,10767,0,6000,600,0,6600,熊本支店,レンタル法人,48,新規,12ヶ月以上
B24022877,12,2025/9/30,11771,0,21200,2120,0,23320,熊本支店,レンタル法人,60,新規,12ヶ月以上
B24022877,13,2025/10/31,11771,0,21200,2120,0,23320,熊本支店,レンタル法人,60,新規,12ヶ月以上
B24022877,14,2025/11/30,11771,0,21200,2120,0,23320,熊本支店,レンタル法人,60,新規,12ヶ月以上
B24022877,15,2025/12/31,11771,0,21200,2120,0,23320,熊本支店,レンタル法人,60,新規,12ヶ月以上
B24022877,16,2026/1/31,11771,0,21200,2120,0,23320,熊本支店,レンタル法人,60,新規,12ヶ月以上
B24022877,17,2026/2/28,11771,0,21200,2120,0,23320,熊本支店,レンタル法人,60,新規,12ヶ月以上
B24022877,18,2026/3/31,11771,0,21200,2120,0,23320,熊本支店,レンタル法人,60,新規,12ヶ月以上
B24022877,19,2026/4/30,11771,0,21200,2120,0,23320,熊本支店,レンタル法人,60,新規,12ヶ月以上
B24022877,20,2026/5/31,11771,0,21200,2120,0,23320,熊本支店,レンタル法人,60,新規,12ヶ月以上
B24022877,21,2026/6/30,11771,0,21200,2120,0,23320,熊本支店,レンタル法人,60,新規,12ヶ月以上
B24022877,22,2026/7/31,11771,0,21200,2120,0,23320,熊本支店,レンタル法人,60,新規,12ヶ月以上
B24022877,23,2026/8/31,11771,0,21200,2120,0,23320,熊本支店,レンタル法人,60,新規,12ヶ月以上
B24022977,12,2025/9/30,10986,0,1200,120,0,1320,熊本支店,レンタル法人,48,新規,12ヶ月以上
B24022977,13,2025/10/31,10986,0,1200,120,0,1320,熊本支店,レンタル法人,48,新規,12ヶ月以上
B24022977,14,2025/11/30,10986,0,1200,120,0,1320,熊本支店,レンタル法人,48,新規,12ヶ月以上
B24022977,15,2025/12/31,10986,0,1200,120,0,1320,熊本支店,レンタル法人,48,新規,12ヶ月以上
B24022977,16,2026/1/31,10986,0,1200,120,0,1320,熊本支店,レンタル法人,48,新規,12ヶ月以上
B24022977,17,2026/2/28,10986,0,1200,120,0,1320,熊本支店,レンタル法人,48,新規,12ヶ月以上
B24022977,18,2026/3/31,10986,0,1200,120,0,1320,熊本支店,レンタル法人,48,新規,12ヶ月以上
B24022977,19,2026/4/30,10986,0,1200,120,0,1320,熊本支店,レンタル法人,48,新規,12ヶ月以上
B24022977,20,2026/5/31,10986,0,1200,120,0,1320,熊本支店,レンタル法人,48,新規,12ヶ月以上
B24022977,21,2026/6/30,10986,0,1200,120,0,1320,熊本支店,レンタル法人,48,新規,12ヶ月以上
B24022977,22,2026/7/31,10986,0,1200,120,0,1320,熊本支店,レンタル法人,48,新規,12ヶ月以上
B24022977,23,2026/8/31,10986,0,1200,120,0,1320,熊本支店,レンタル法人,48,新規,12ヶ月以上
B24023154,11,2025/9/30,10986,0,1300,130,0,1430,熊本支店,レンタル法人,48,新規,12ヶ月以上
B24023154,12,2025/10/31,10986,0,1300,130,0,1430,熊本支店,レンタル法人,48,新規,12ヶ月以上
B24023154,13,2025/11/30,10986,0,1300,130,0,1430,熊本支店,レンタル法人,48,新規,12ヶ月以上
B24023154,14,2025/12/31,10986,0,1300,130,0,1430,熊本支店,レンタル法人,48,新規,12ヶ月以上
B24023154,15,2026/1/31,10986,0,1300,130,0,1430,熊本支店,レンタル法人,48,新規,12ヶ月以上
B24023154,16,2026/2/28,10986,0,1300,130,0,1430,熊本支店,レンタル法人,48,新規,12ヶ月以上
B24023154,17,2026/3/31,10986,0,1300,130,0,1430,熊本支店,レンタル法人,48,新規,12ヶ月以上
B24023154,18,2026/4/30,10986,0,1300,130,0,1430,熊本支店,レンタル法人,48,新規,12ヶ月以上
B24023154,19,2026/5/31,10986,0,1300,130,0,1430,熊本支店,レンタル法人,48,新規,12ヶ月以上
B24023154,20,2026/6/30,10986,0,1300,130,0,1430,熊本支店,レンタル法人,48,新規,12ヶ月以上
B24023154,21,2026/7/31,10986,0,1300,130,0,1430,熊本支店,レンタル法人,48,新規,12ヶ月以上
B24023154,22,2026/8/31,10986,0,1300,130,0,1430,熊本支店,レンタル法人,48,新規,12ヶ月以上
B24023256,12,2025/9/30,15753,0,14000,1400,0,15400,熊本支店,レンタル法人,36,新規,12ヶ月以上
B24023256,13,2025/10/31,15753,0,14000,1400,0,15400,熊本支店,レンタル法人,36,新規,12ヶ月以上
B24023256,14,2025/11/30,15753,0,14000,1400,0,15400,熊本支店,レンタル法人,36,新規,12ヶ月以上
B24023256,15,2025/12/31,15753,0,14000,1400,0,15400,熊本支店,レンタル法人,36,新規,12ヶ月以上
B24023256,16,2026/1/31,15753,0,14000,1400,0,15400,熊本支店,レンタル法人,36,新規,12ヶ月以上
B24023256,17,2026/2/28,15753,0,14000,1400,0,15400,熊本支店,レンタル法人,36,新規,12ヶ月以上
B24023256,18,2026/3/31,15753,0,14000,1400,0,15400,熊本支店,レンタル法人,36,新規,12ヶ月以上
B24023256,19,2026/4/30,15753,0,14000,1400,0,15400,熊本支店,レンタル法人,36,新規,12ヶ月以上
B24023256,20,2026/5/31,15753,0,14000,1400,0,15400,熊本支店,レンタル法人,36,新規,12ヶ月以上
B24023256,21,2026/6/30,15753,0,14000,1400,0,15400,熊本支店,レンタル法人,36,新規,12ヶ月以上
B24023256,22,2026/7/31,15753,0,14000,1400,0,15400,熊本支店,レンタル法人,36,新規,12ヶ月以上
B24023256,23,2026/8/31,15753,0,14000,1400,0,15400,熊本支店,レンタル法人,36,新規,12ヶ月以上
B24023305,13,2025/9/30,5357,0,12400,1240,0,13640,熊本支店,レンタル法人,17,新規,12ヶ月以上
B24023305,14,2025/10/31,5357,0,12400,1240,0,13640,熊本支店,レンタル法人,17,新規,12ヶ月以上
B24023305,15,2025/11/30,5357,0,12400,1240,0,13640,熊本支店,レンタル法人,17,新規,12ヶ月以上
B24023305,16,2025/12/31,5357,0,12400,1240,0,13640,熊本支店,レンタル法人,17,新規,12ヶ月以上
B24023305,17,2026/1/31,5357,0,12400,1240,0,13640,熊本支店,レンタル法人,17,新規,12ヶ月以上
B24023305,18,2026/2/28,5357,0,12400,1240,0,13640,熊本支店,レンタル法人,17,新規,12ヶ月以上
B24023306,12,2025/9/30,5357,0,14300,1430,0,15730,熊本支店,レンタル法人,12,新規,12ヶ月未満
B24023335,12,2025/9/30,10750,0,5200,520,0,5720,熊本支店,レンタル法人,22,新規,12ヶ月以上
B24023335,13,2025/10/31,10750,0,5200,520,0,5720,熊本支店,レンタル法人,22,新規,12ヶ月以上
B24023335,14,2025/11/30,10750,0,5200,520,0,5720,熊本支店,レンタル法人,22,新規,12ヶ月以上
B24023335,15,2025/12/31,10750,0,5200,520,0,5720,熊本支店,レンタル法人,22,新規,12ヶ月以上
B24023335,16,2026/1/31,10750,0,5200,520,0,5720,熊本支店,レンタル法人,22,新規,12ヶ月以上
B24023335,17,2026/2/28,10750,0,5200,520,0,5720,熊本支店,レンタル法人,22,新規,12ヶ月以上
B24023335,18,2026/3/31,10750,0,5200,520,0,5720,熊本支店,レンタル法人,22,新規,12ヶ月以上
B24023335,19,2026/4/30,10750,0,5200,520,0,5720,熊本支店,レンタル法人,22,新規,12ヶ月以上
B24023335,20,2026/5/31,10750,0,5200,520,0,5720,熊本支店,レンタル法人,22,新規,12ヶ月以上
B24023335,21,2026/6/30,10750,0,5200,520,0,5720,熊本支店,レンタル法人,22,新規,12ヶ月以上
B24023335,22,2026/7/31,10750,0,5200,520,0,5720,熊本支店,レンタル法人,22,新規,12ヶ月以上
B24023336,12,2025/9/30,10750,0,5200,520,0,5720,熊本支店,レンタル法人,22,新規,12ヶ月以上
B24023336,13,2025/10/31,10750,0,5200,520,0,5720,熊本支店,レンタル法人,22,新規,12ヶ月以上
B24023336,14,2025/11/30,10750,0,5200,520,0,5720,熊本支店,レンタル法人,22,新規,12ヶ月以上
B24023336,15,2025/12/31,10750,0,5200,520,0,5720,熊本支店,レンタル法人,22,新規,12ヶ月以上
B24023336,16,2026/1/31,10750,0,5200,520,0,5720,熊本支店,レンタル法人,22,新規,12ヶ月以上
B24023336,17,2026/2/28,10750,0,5200,520,0,5720,熊本支店,レンタル法人,22,新規,12ヶ月以上
B24023336,18,2026/3/31,10750,0,5200,520,0,5720,熊本支店,レンタル法人,22,新規,12ヶ月以上
B24023336,19,2026/4/30,10750,0,5200,520,0,5720,熊本支店,レンタル法人,22,新規,12ヶ月以上
B24023336,20,2026/5/31,10750,0,5200,520,0,5720,熊本支店,レンタル法人,22,新規,12ヶ月以上
B24023336,21,2026/6/30,10750,0,5200,520,0,5720,熊本支店,レンタル法人,22,新規,12ヶ月以上
B24023336,22,2026/7/31,10750,0,5200,520,0,5720,熊本支店,レンタル法人,22,新規,12ヶ月以上
B24023403,12,2025/9/30,10856,0,60800,6080,0,66880,熊本支店,レンタル法人,24,新規,12ヶ月以上
B24023403,13,2025/10/31,10856,0,60800,6080,0,66880,熊本支店,レンタル法人,24,新規,12ヶ月以上
B24023403,14,2025/11/30,10856,0,60800,6080,0,66880,熊本支店,レンタル法人,24,新規,12ヶ月以上
B24023403,15,2025/12/31,10856,0,60800,6080,0,66880,熊本支店,レンタル法人,24,新規,12ヶ月以上
B24023403,16,2026/1/31,10856,0,60800,6080,0,66880,熊本支店,レンタル法人,24,新規,12ヶ月以上
B24023403,17,2026/2/28,10856,0,60800,6080,0,66880,熊本支店,レンタル法人,24,新規,12ヶ月以上
B24023403,18,2026/3/31,10856,0,60800,6080,0,66880,熊本支店,レンタル法人,24,新規,12ヶ月以上
B24023403,19,2026/4/30,10856,0,60800,6080,0,66880,熊本支店,レンタル法人,24,新規,12ヶ月以上
B24023403,20,2026/5/31,10856,0,60800,6080,0,66880,熊本支店,レンタル法人,24,新規,12ヶ月以上
B24023403,21,2026/6/30,10856,0,60800,6080,0,66880,熊本支店,レンタル法人,24,新規,12ヶ月以上
B24023403,22,2026/7/31,10856,0,60800,6080,0,66880,熊本支店,レンタル法人,24,新規,12ヶ月以上
B24023403,23,2026/8/31,10856,0,60800,6080,0,66880,熊本支店,レンタル法人,24,新規,12ヶ月以上
B24023416,12,2025/9/30,1401,0,7600,760,0,8360,熊本支店,レンタル法人,12,新規,12ヶ月未満
B24023520,12,2025/9/30,12916,0,1600,160,0,1760,熊本支店,レンタル法人,60,新規,12ヶ月以上
B24023520,13,2025/10/31,12916,0,1600,160,0,1760,熊本支店,レンタル法人,60,新規,12ヶ月以上
B24023520,14,2025/11/30,12916,0,1600,160,0,1760,熊本支店,レンタル法人,60,新規,12ヶ月以上
B24023520,15,2025/12/31,12916,0,1600,160,0,1760,熊本支店,レンタル法人,60,新規,12ヶ月以上
B24023520,16,2026/1/31,12916,0,1600,160,0,1760,熊本支店,レンタル法人,60,新規,12ヶ月以上
B24023520,17,2026/2/28,12916,0,1600,160,0,1760,熊本支店,レンタル法人,60,新規,12ヶ月以上
B24023520,18,2026/3/31,12916,0,1600,160,0,1760,熊本支店,レンタル法人,60,新規,12ヶ月以上
B24023520,19,2026/4/30,12916,0,1600,160,0,1760,熊本支店,レンタル法人,60,新規,12ヶ月以上
B24023520,20,2026/5/31,12916,0,1600,160,0,1760,熊本支店,レンタル法人,60,新規,12ヶ月以上
B24023520,21,2026/6/30,12916,0,1600,160,0,1760,熊本支店,レンタル法人,60,新規,12ヶ月以上
B24023520,22,2026/7/31,12916,0,1600,160,0,1760,熊本支店,レンタル法人,60,新規,12ヶ月以上
B24023520,23,2026/8/31,12916,0,1600,160,0,1760,熊本支店,レンタル法人,60,新規,12ヶ月以上
B24023556,12,2025/9/30,10986,0,1100,110,0,1210,熊本支店,レンタル法人,48,新規,12ヶ月以上
B24023556,13,2025/10/31,10986,0,1100,110,0,1210,熊本支店,レンタル法人,48,新規,12ヶ月以上
B24023556,14,2025/11/30,10986,0,1100,110,0,1210,熊本支店,レンタル法人,48,新規,12ヶ月以上
B24023556,15,2025/12/31,10986,0,1100,110,0,1210,熊本支店,レンタル法人,48,新規,12ヶ月以上
B24023556,16,2026/1/31,10986,0,1100,110,0,1210,熊本支店,レンタル法人,48,新規,12ヶ月以上
B24023556,17,2026/2/28,10986,0,1100,110,0,1210,熊本支店,レンタル法人,48,新規,12ヶ月以上
B24023556,18,2026/3/31,10986,0,1100,110,0,1210,熊本支店,レンタル法人,48,新規,12ヶ月以上
B24023556,19,2026/4/30,10986,0,1100,110,0,1210,熊本支店,レンタル法人,48,新規,12ヶ月以上
B24023556,20,2026/5/31,10986,0,1100,110,0,1210,熊本支店,レンタル法人,48,新規,12ヶ月以上
B24023556,21,2026/6/30,10986,0,1100,110,0,1210,熊本支店,レンタル法人,48,新規,12ヶ月以上
B24023556,22,2026/7/31,10986,0,1100,110,0,1210,熊本支店,レンタル法人,48,新規,12ヶ月以上
B24023556,23,2026/8/31,10986,0,1100,110,0,1210,熊本支店,レンタル法人,48,新規,12ヶ月以上
B24023882,13,2025/9/30,10772,0,7350,735,0,8085,熊本支店,レンタル法人,24,新規,12ヶ月以上
B24023882,14,2025/10/31,10772,0,7350,735,0,8085,熊本支店,レンタル法人,24,新規,12ヶ月以上
B24023882,15,2025/11/30,10772,0,7350,735,0,8085,熊本支店,レンタル法人,24,新規,12ヶ月以上
B24023882,16,2025/12/31,10772,0,7350,735,0,8085,熊本支店,レンタル法人,24,新規,12ヶ月以上
B24023882,17,2026/1/31,10772,0,7350,735,0,8085,熊本支店,レンタル法人,24,新規,12ヶ月以上
B24023882,18,2026/2/28,10772,0,7350,735,0,8085,熊本支店,レンタル法人,24,新規,12ヶ月以上
B24023882,19,2026/3/31,10772,0,7350,735,0,8085,熊本支店,レンタル法人,24,新規,12ヶ月以上
B24023882,20,2026/4/30,10772,0,7350,735,0,8085,熊本支店,レンタル法人,24,新規,12ヶ月以上
B24023882,21,2026/5/31,10772,0,7350,735,0,8085,熊本支店,レンタル法人,24,新規,12ヶ月以上
B24023882,22,2026/6/30,10772,0,7350,735,0,8085,熊本支店,レンタル法人,24,新規,12ヶ月以上
B24023882,23,2026/7/31,10772,0,7350,735,0,8085,熊本支店,レンタル法人,24,新規,12ヶ月以上
B24023882,24,2026/8/31,10772,0,7350,735,0,8085,熊本支店,レンタル法人,24,新規,12ヶ月以上
B24024119,12,2025/9/30,13187,0,2900,290,0,3190,熊本支店,レンタル法人,36,新規,12ヶ月以上
B24024119,13,2025/10/31,13187,0,2900,290,0,3190,熊本支店,レンタル法人,36,新規,12ヶ月以上
B24024119,14,2025/11/30,13187,0,2900,290,0,3190,熊本支店,レンタル法人,36,新規,12ヶ月以上
B24024119,15,2025/12/31,13187,0,2900,290,0,3190,熊本支店,レンタル法人,36,新規,12ヶ月以上
B24024119,16,2026/1/31,13187,0,2900,290,0,3190,熊本支店,レンタル法人,36,新規,12ヶ月以上
B24024119,17,2026/2/28,13187,0,2900,290,0,3190,熊本支店,レンタル法人,36,新規,12ヶ月以上
B24024119,18,2026/3/31,13187,0,2900,290,0,3190,熊本支店,レンタル法人,36,新規,12ヶ月以上
B24024119,19,2026/4/30,13187,0,2900,290,0,3190,熊本支店,レンタル法人,36,新規,12ヶ月以上
B24024119,20,2026/5/31,13187,0,2900,290,0,3190,熊本支店,レンタル法人,36,新規,12ヶ月以上
B24024119,21,2026/6/30,13187,0,2900,290,0,3190,熊本支店,レンタル法人,36,新規,12ヶ月以上
B24024119,22,2026/7/31,13187,0,2900,290,0,3190,熊本支店,レンタル法人,36,新規,12ヶ月以上
B24024119,23,2026/8/31,13187,0,2900,290,0,3190,熊本支店,レンタル法人,36,新規,12ヶ月以上
B24025012,12,2025/9/30,10856,0,3200,320,0,3520,熊本支店,レンタル法人,24,新規,12ヶ月以上
B24025012,13,2025/10/31,10856,0,3200,320,0,3520,熊本支店,レンタル法人,24,新規,12ヶ月以上
B24025012,14,2025/11/30,10856,0,3200,320,0,3520,熊本支店,レンタル法人,24,新規,12ヶ月以上
B24025012,15,2025/12/31,10856,0,3200,320,0,3520,熊本支店,レンタル法人,24,新規,12ヶ月以上
B24025012,16,2026/1/31,10856,0,3200,320,0,3520,熊本支店,レンタル法人,24,新規,12ヶ月以上
B24025012,17,2026/2/28,10856,0,3200,320,0,3520,熊本支店,レンタル法人,24,新規,12ヶ月以上
B24025012,18,2026/3/31,10856,0,3200,320,0,3520,熊本支店,レンタル法人,24,新規,12ヶ月以上
B24025012,19,2026/4/30,10856,0,3200,320,0,3520,熊本支店,レンタル法人,24,新規,12ヶ月以上
B24025012,20,2026/5/31,10856,0,3200,320,0,3520,熊本支店,レンタル法人,24,新規,12ヶ月以上
B24025012,21,2026/6/30,10856,0,3200,320,0,3520,熊本支店,レンタル法人,24,新規,12ヶ月以上
B24025012,22,2026/7/31,10856,0,3200,320,0,3520,熊本支店,レンタル法人,24,新規,12ヶ月以上
B24025012,23,2026/8/31,10856,0,3200,320,0,3520,熊本支店,レンタル法人,24,新規,12ヶ月以上
B24025665,11,2025/9/30,8988,0,1600,160,0,1760,熊本支店,レンタル法人,36,新規,12ヶ月以上
B24025665,12,2025/10/31,8988,0,1600,160,0,1760,熊本支店,レンタル法人,36,新規,12ヶ月以上
B24025665,13,2025/11/30,8988,0,1600,160,0,1760,熊本支店,レンタル法人,36,新規,12ヶ月以上
B24025665,14,2025/12/31,8988,0,1600,160,0,1760,熊本支店,レンタル法人,36,新規,12ヶ月以上
B24025665,15,2026/1/31,8988,0,1600,160,0,1760,熊本支店,レンタル法人,36,新規,12ヶ月以上
B24025665,16,2026/2/28,8988,0,1600,160,0,1760,熊本支店,レンタル法人,36,新規,12ヶ月以上
B24025665,17,2026/3/31,8988,0,1600,160,0,1760,熊本支店,レンタル法人,36,新規,12ヶ月以上
B24025665,18,2026/4/30,8988,0,1600,160,0,1760,熊本支店,レンタル法人,36,新規,12ヶ月以上
B24025665,19,2026/5/31,8988,0,1600,160,0,1760,熊本支店,レンタル法人,36,新規,12ヶ月以上
B24025665,20,2026/6/30,8988,0,1600,160,0,1760,熊本支店,レンタル法人,36,新規,12ヶ月以上
B24025665,21,2026/7/31,8988,0,1600,160,0,1760,熊本支店,レンタル法人,36,新規,12ヶ月以上
B24025665,22,2026/8/31,8988,0,1600,160,0,1760,熊本支店,レンタル法人,36,新規,12ヶ月以上
B24025715,11,2025/9/30,15878,0,7500,750,0,8250,熊本支店,レンタル法人,36,新規,12ヶ月以上
B24025715,12,2025/10/31,15878,0,7500,750,0,8250,熊本支店,レンタル法人,36,新規,12ヶ月以上
B24025715,13,2025/11/30,15878,0,7500,750,0,8250,熊本支店,レンタル法人,36,新規,12ヶ月以上
B24025715,14,2025/12/31,15878,0,7500,750,0,8250,熊本支店,レンタル法人,36,新規,12ヶ月以上
B24025715,15,2026/1/31,15878,0,7500,750,0,8250,熊本支店,レンタル法人,36,新規,12ヶ月以上
B24025715,16,2026/2/28,15878,0,7500,750,0,8250,熊本支店,レンタル法人,36,新規,12ヶ月以上
B24025715,17,2026/3/31,15878,0,7500,750,0,8250,熊本支店,レンタル法人,36,新規,12ヶ月以上
B24025715,18,2026/4/30,15878,0,7500,750,0,8250,熊本支店,レンタル法人,36,新規,12ヶ月以上
B24025715,19,2026/5/31,15878,0,7500,750,0,8250,熊本支店,レンタル法人,36,新規,12ヶ月以上
B24025715,20,2026/6/30,15878,0,7500,750,0,8250,熊本支店,レンタル法人,36,新規,12ヶ月以上
B24025715,21,2026/7/31,15878,0,7500,750,0,8250,熊本支店,レンタル法人,36,新規,12ヶ月以上
B24025715,22,2026/8/31,15878,0,7500,750,0,8250,熊本支店,レンタル法人,36,新規,12ヶ月以上
B24025723,11,2025/9/30,10754,0,82000,8200,0,90200,熊本支店,レンタル法人,60,新規,12ヶ月以上
B24025723,12,2025/10/31,10754,0,82000,8200,0,90200,熊本支店,レンタル法人,60,新規,12ヶ月以上
B24025723,13,2025/11/30,10754,0,82000,8200,0,90200,熊本支店,レンタル法人,60,新規,12ヶ月以上
B24025723,14,2025/12/31,10754,0,82000,8200,0,90200,熊本支店,レンタル法人,60,新規,12ヶ月以上
B24025723,15,2026/1/31,10754,0,82000,8200,0,90200,熊本支店,レンタル法人,60,新規,12ヶ月以上
B24025723,16,2026/2/28,10754,0,82000,8200,0,90200,熊本支店,レンタル法人,60,新規,12ヶ月以上
B24025723,17,2026/3/31,10754,0,82000,8200,0,90200,熊本支店,レンタル法人,60,新規,12ヶ月以上
B24025723,18,2026/4/30,10754,0,82000,8200,0,90200,熊本支店,レンタル法人,60,新規,12ヶ月以上
B24025723,19,2026/5/31,10754,0,82000,8200,0,90200,熊本支店,レンタル法人,60,新規,12ヶ月以上
B24025723,20,2026/6/30,10754,0,82000,8200,0,90200,熊本支店,レンタル法人,60,新規,12ヶ月以上
B24025723,21,2026/7/31,10754,0,82000,8200,0,90200,熊本支店,レンタル法人,60,新規,12ヶ月以上
B24025723,22,2026/8/31,10754,0,82000,8200,0,90200,熊本支店,レンタル法人,60,新規,12ヶ月以上
B24025821,11,2025/9/30,10856,0,80000,8000,0,88000,熊本支店,レンタル法人,12,新規,12ヶ月未満
B24025821,12,2025/10/31,10856,0,80000,8000,0,88000,熊本支店,レンタル法人,12,新規,12ヶ月未満
B24026104,11,2025/9/30,10784,0,4300,430,0,4730,熊本支店,レンタル法人,17,新規,12ヶ月以上
B24026104,12,2025/10/31,10784,0,4300,430,0,4730,熊本支店,レンタル法人,17,新規,12ヶ月以上
B24026104,13,2025/11/30,10784,0,4300,430,0,4730,熊本支店,レンタル法人,17,新規,12ヶ月以上
B24026104,14,2025/12/31,10784,0,4300,430,0,4730,熊本支店,レンタル法人,17,新規,12ヶ月以上
B24026104,15,2026/1/31,10784,0,4300,430,0,4730,熊本支店,レンタル法人,17,新規,12ヶ月以上
B24026104,16,2026/2/28,10784,0,4300,430,0,4730,熊本支店,レンタル法人,17,新規,12ヶ月以上
B24026104,17,2026/3/31,10784,0,4300,430,0,4730,熊本支店,レンタル法人,17,新規,12ヶ月以上
B24026106,11,2025/9/30,14801,0,19500,1950,0,21450,熊本支店,レンタル法人,48,新規,12ヶ月以上
B24026106,12,2025/10/31,14801,0,19500,1950,0,21450,熊本支店,レンタル法人,48,新規,12ヶ月以上
B24026106,13,2025/11/30,14801,0,19500,1950,0,21450,熊本支店,レンタル法人,48,新規,12ヶ月以上
B24026106,14,2025/12/31,14801,0,19500,1950,0,21450,熊本支店,レンタル法人,48,新規,12ヶ月以上
B24026106,15,2026/1/31,14801,0,19500,1950,0,21450,熊本支店,レンタル法人,48,新規,12ヶ月以上
B24026106,16,2026/2/28,14801,0,19500,1950,0,21450,熊本支店,レンタル法人,48,新規,12ヶ月以上
B24026106,17,2026/3/31,14801,0,19500,1950,0,21450,熊本支店,レンタル法人,48,新規,12ヶ月以上
B24026106,18,2026/4/30,14801,0,19500,1950,0,21450,熊本支店,レンタル法人,48,新規,12ヶ月以上
B24026106,19,2026/5/31,14801,0,19500,1950,0,21450,熊本支店,レンタル法人,48,新規,12ヶ月以上
B24026106,20,2026/6/30,14801,0,19500,1950,0,21450,熊本支店,レンタル法人,48,新規,12ヶ月以上
B24026106,21,2026/7/31,14801,0,19500,1950,0,21450,熊本支店,レンタル法人,48,新規,12ヶ月以上
B24026106,22,2026/8/31,14801,0,19500,1950,0,21450,熊本支店,レンタル法人,48,新規,12ヶ月以上
B24026148,12,2025/9/30,3939,0,15100,1510,0,16610,熊本支店,レンタル法人,12,新規,12ヶ月未満
B24026149,11,2025/9/30,15906,0,9880,988,0,10868,熊本支店,レンタル法人,36,新規,12ヶ月以上
B24026149,12,2025/10/31,15906,0,9880,988,0,10868,熊本支店,レンタル法人,36,新規,12ヶ月以上
B24026149,13,2025/11/30,15906,0,9880,988,0,10868,熊本支店,レンタル法人,36,新規,12ヶ月以上
B24026149,14,2025/12/31,15906,0,9880,988,0,10868,熊本支店,レンタル法人,36,新規,12ヶ月以上
B24026149,15,2026/1/31,15906,0,9880,988,0,10868,熊本支店,レンタル法人,36,新規,12ヶ月以上
B24026149,16,2026/2/28,15906,0,9880,988,0,10868,熊本支店,レンタル法人,36,新規,12ヶ月以上
B24026149,17,2026/3/31,15906,0,9880,988,0,10868,熊本支店,レンタル法人,36,新規,12ヶ月以上
B24026149,18,2026/4/30,15906,0,9880,988,0,10868,熊本支店,レンタル法人,36,新規,12ヶ月以上
B24026149,19,2026/5/31,15906,0,9880,988,0,10868,熊本支店,レンタル法人,36,新規,12ヶ月以上
B24026149,20,2026/6/30,15906,0,9880,988,0,10868,熊本支店,レンタル法人,36,新規,12ヶ月以上
B24026149,21,2026/7/31,15906,0,9880,988,0,10868,熊本支店,レンタル法人,36,新規,12ヶ月以上
B24026149,22,2026/8/31,15906,0,9880,988,0,10868,熊本支店,レンタル法人,36,新規,12ヶ月以上
B24026202,10,2025/9/30,10986,0,6560,656,0,7216,熊本支店,レンタル法人,48,新規,12ヶ月以上
B24026202,11,2025/10/31,10986,0,6560,656,0,7216,熊本支店,レンタル法人,48,新規,12ヶ月以上
B24026202,12,2025/11/30,10986,0,6560,656,0,7216,熊本支店,レンタル法人,48,新規,12ヶ月以上
B24026202,13,2025/12/31,10986,0,6560,656,0,7216,熊本支店,レンタル法人,48,新規,12ヶ月以上
B24026202,14,2026/1/31,10986,0,6560,656,0,7216,熊本支店,レンタル法人,48,新規,12ヶ月以上
B24026202,15,2026/2/28,10986,0,6560,656,0,7216,熊本支店,レンタル法人,48,新規,12ヶ月以上
B24026202,16,2026/3/31,10986,0,6560,656,0,7216,熊本支店,レンタル法人,48,新規,12ヶ月以上
B24026202,17,2026/4/30,10986,0,6560,656,0,7216,熊本支店,レンタル法人,48,新規,12ヶ月以上
B24026202,18,2026/5/31,10986,0,6560,656,0,7216,熊本支店,レンタル法人,48,新規,12ヶ月以上
B24026202,19,2026/6/30,10986,0,6560,656,0,7216,熊本支店,レンタル法人,48,新規,12ヶ月以上
B24026202,20,2026/7/31,10986,0,6560,656,0,7216,熊本支店,レンタル法人,48,新規,12ヶ月以上
B24026202,21,2026/8/31,10986,0,6560,656,0,7216,熊本支店,レンタル法人,48,新規,12ヶ月以上
B24026242,11,2025/9/30,10784,0,3500,350,0,3850,熊本支店,レンタル法人,17,新規,12ヶ月以上
B24026242,12,2025/10/31,10784,0,3500,350,0,3850,熊本支店,レンタル法人,17,新規,12ヶ月以上
B24026242,13,2025/11/30,10784,0,3500,350,0,3850,熊本支店,レンタル法人,17,新規,12ヶ月以上
B24026242,14,2025/12/31,10784,0,3500,350,0,3850,熊本支店,レンタル法人,17,新規,12ヶ月以上
B24026242,15,2026/1/31,10784,0,3500,350,0,3850,熊本支店,レンタル法人,17,新規,12ヶ月以上
B24026242,16,2026/2/28,10784,0,3500,350,0,3850,熊本支店,レンタル法人,17,新規,12ヶ月以上
B24026242,17,2026/3/31,10784,0,3500,350,0,3850,熊本支店,レンタル法人,17,新規,12ヶ月以上
B24026305,9,2025/9/30,14801,0,40600,4060,0,44660,熊本支店,レンタル法人,48,新規,12ヶ月以上
B24026305,10,2025/10/31,14801,0,40600,4060,0,44660,熊本支店,レンタル法人,48,新規,12ヶ月以上
B24026305,11,2025/11/30,14801,0,40600,4060,0,44660,熊本支店,レンタル法人,48,新規,12ヶ月以上
B24026305,12,2025/12/31,14801,0,40600,4060,0,44660,熊本支店,レンタル法人,48,新規,12ヶ月以上
B24026305,13,2026/1/31,14801,0,40600,4060,0,44660,熊本支店,レンタル法人,48,新規,12ヶ月以上
B24026305,14,2026/2/28,14801,0,40600,4060,0,44660,熊本支店,レンタル法人,48,新規,12ヶ月以上
B24026305,15,2026/3/31,14801,0,40600,4060,0,44660,熊本支店,レンタル法人,48,新規,12ヶ月以上
B24026305,16,2026/4/30,14801,0,40600,4060,0,44660,熊本支店,レンタル法人,48,新規,12ヶ月以上
B24026305,17,2026/5/31,14801,0,40600,4060,0,44660,熊本支店,レンタル法人,48,新規,12ヶ月以上
B24026305,18,2026/6/30,14801,0,40600,4060,0,44660,熊本支店,レンタル法人,48,新規,12ヶ月以上
B24026305,19,2026/7/31,14801,0,40600,4060,0,44660,熊本支店,レンタル法人,48,新規,12ヶ月以上
B24026305,20,2026/8/31,14801,0,40600,4060,0,44660,熊本支店,レンタル法人,48,新規,12ヶ月以上
B24026309,9,2025/9/30,14801,0,58300,5830,0,64130,熊本支店,レンタル法人,48,新規,12ヶ月以上
B24026309,10,2025/10/31,14801,0,58300,5830,0,64130,熊本支店,レンタル法人,48,新規,12ヶ月以上
B24026309,11,2025/11/30,14801,0,58300,5830,0,64130,熊本支店,レンタル法人,48,新規,12ヶ月以上
B24026309,12,2025/12/31,14801,0,58300,5830,0,64130,熊本支店,レンタル法人,48,新規,12ヶ月以上
B24026309,13,2026/1/31,14801,0,58300,5830,0,64130,熊本支店,レンタル法人,48,新規,12ヶ月以上
B24026309,14,2026/2/28,14801,0,58300,5830,0,64130,熊本支店,レンタル法人,48,新規,12ヶ月以上
B24026309,15,2026/3/31,14801,0,58300,5830,0,64130,熊本支店,レンタル法人,48,新規,12ヶ月以上
B24026309,16,2026/4/30,14801,0,58300,5830,0,64130,熊本支店,レンタル法人,48,新規,12ヶ月以上
B24026309,17,2026/5/31,14801,0,58300,5830,0,64130,熊本支店,レンタル法人,48,新規,12ヶ月以上
B24026309,18,2026/6/30,14801,0,58300,5830,0,64130,熊本支店,レンタル法人,48,新規,12ヶ月以上
B24026309,19,2026/7/31,14801,0,58300,5830,0,64130,熊本支店,レンタル法人,48,新規,12ヶ月以上
B24026309,20,2026/8/31,14801,0,58300,5830,0,64130,熊本支店,レンタル法人,48,新規,12ヶ月以上
B24026310,6,2025/9/30,14801,0,108550,10855,0,119405,熊本支店,レンタル法人,48,新規,12ヶ月以上
B24026310,7,2025/10/31,14801,0,108550,10855,0,119405,熊本支店,レンタル法人,48,新規,12ヶ月以上
B24026310,8,2025/11/30,14801,0,108550,10855,0,119405,熊本支店,レンタル法人,48,新規,12ヶ月以上
B24026310,9,2025/12/31,14801,0,108550,10855,0,119405,熊本支店,レンタル法人,48,新規,12ヶ月以上
B24026310,10,2026/1/31,14801,0,108550,10855,0,119405,熊本支店,レンタル法人,48,新規,12ヶ月以上
B24026310,11,2026/2/28,14801,0,108550,10855,0,119405,熊本支店,レンタル法人,48,新規,12ヶ月以上
B24026310,12,2026/3/31,14801,0,108550,10855,0,119405,熊本支店,レンタル法人,48,新規,12ヶ月以上
B24026310,13,2026/4/30,14801,0,108550,10855,0,119405,熊本支店,レンタル法人,48,新規,12ヶ月以上
B24026310,14,2026/5/31,14801,0,108550,10855,0,119405,熊本支店,レンタル法人,48,新規,12ヶ月以上
B24026310,15,2026/6/30,14801,0,108550,10855,0,119405,熊本支店,レンタル法人,48,新規,12ヶ月以上
B24026310,16,2026/7/31,14801,0,108550,10855,0,119405,熊本支店,レンタル法人,48,新規,12ヶ月以上
B24026310,17,2026/8/31,14801,0,108550,10855,0,119405,熊本支店,レンタル法人,48,新規,12ヶ月以上
B24026311,4,2025/9/30,14801,0,40650,4065,0,44715,熊本支店,レンタル法人,48,新規,12ヶ月以上
B24026311,5,2025/10/31,14801,0,40650,4065,0,44715,熊本支店,レンタル法人,48,新規,12ヶ月以上
B24026311,6,2025/11/30,14801,0,40650,4065,0,44715,熊本支店,レンタル法人,48,新規,12ヶ月以上
B24026311,7,2025/12/31,14801,0,40650,4065,0,44715,熊本支店,レンタル法人,48,新規,12ヶ月以上
B24026311,8,2026/1/31,14801,0,40650,4065,0,44715,熊本支店,レンタル法人,48,新規,12ヶ月以上
B24026311,9,2026/2/28,14801,0,40650,4065,0,44715,熊本支店,レンタル法人,48,新規,12ヶ月以上
B24026311,10,2026/3/31,14801,0,40650,4065,0,44715,熊本支店,レンタル法人,48,新規,12ヶ月以上
B24026311,11,2026/4/30,14801,0,40650,4065,0,44715,熊本支店,レンタル法人,48,新規,12ヶ月以上
B24026311,12,2026/5/31,14801,0,40650,4065,0,44715,熊本支店,レンタル法人,48,新規,12ヶ月以上
B24026311,13,2026/6/30,14801,0,40650,4065,0,44715,熊本支店,レンタル法人,48,新規,12ヶ月以上
B24026311,14,2026/7/31,14801,0,40650,4065,0,44715,熊本支店,レンタル法人,48,新規,12ヶ月以上
B24026311,15,2026/8/31,14801,0,40650,4065,0,44715,熊本支店,レンタル法人,48,新規,12ヶ月以上
B24026316,11,2025/9/30,10750,0,7480,748,0,8228,熊本支店,レンタル法人,21,新規,12ヶ月以上
B24026316,12,2025/10/31,10750,0,7480,748,0,8228,熊本支店,レンタル法人,21,新規,12ヶ月以上
B24026316,13,2025/11/30,10750,0,7480,748,0,8228,熊本支店,レンタル法人,21,新規,12ヶ月以上
B24026316,14,2025/12/31,10750,0,7480,748,0,8228,熊本支店,レンタル法人,21,新規,12ヶ月以上
B24026316,15,2026/1/31,10750,0,7480,748,0,8228,熊本支店,レンタル法人,21,新規,12ヶ月以上
B24026316,16,2026/2/28,10750,0,7480,748,0,8228,熊本支店,レンタル法人,21,新規,12ヶ月以上
B24026316,17,2026/3/31,10750,0,7480,748,0,8228,熊本支店,レンタル法人,21,新規,12ヶ月以上
B24026316,18,2026/4/30,10750,0,7480,748,0,8228,熊本支店,レンタル法人,21,新規,12ヶ月以上
B24026316,19,2026/5/31,10750,0,7480,748,0,8228,熊本支店,レンタル法人,21,新規,12ヶ月以上
B24026316,20,2026/6/30,10750,0,7480,748,0,8228,熊本支店,レンタル法人,21,新規,12ヶ月以上
B24026316,21,2026/7/31,10750,0,7480,748,0,8228,熊本支店,レンタル法人,21,新規,12ヶ月以上
B24026339,12,2025/9/30,11194,0,5300,530,0,5830,熊本支店,レンタル法人,24,延長,12ヶ月以上
B24026339,13,2025/10/31,11194,0,5300,530,0,5830,熊本支店,レンタル法人,24,延長,12ヶ月以上
B24026339,14,2025/11/30,11194,0,5300,530,0,5830,熊本支店,レンタル法人,24,延長,12ヶ月以上
B24026339,15,2025/12/31,11194,0,5300,530,0,5830,熊本支店,レンタル法人,24,延長,12ヶ月以上
B24026339,16,2026/1/31,11194,0,5300,530,0,5830,熊本支店,レンタル法人,24,延長,12ヶ月以上
B24026339,17,2026/2/28,11194,0,5300,530,0,5830,熊本支店,レンタル法人,24,延長,12ヶ月以上
B24026339,18,2026/3/31,11194,0,5300,530,0,5830,熊本支店,レンタル法人,24,延長,12ヶ月以上
B24026339,19,2026/4/30,11194,0,5300,530,0,5830,熊本支店,レンタル法人,24,延長,12ヶ月以上
B24026339,20,2026/5/31,11194,0,5300,530,0,5830,熊本支店,レンタル法人,24,延長,12ヶ月以上
B24026339,21,2026/6/30,11194,0,5300,530,0,5830,熊本支店,レンタル法人,24,延長,12ヶ月以上
B24026339,22,2026/7/31,11194,0,5300,530,0,5830,熊本支店,レンタル法人,24,延長,12ヶ月以上
B24026339,23,2026/8/31,11194,0,5300,530,0,5830,熊本支店,レンタル法人,24,延長,12ヶ月以上
B24026346,11,2025/9/30,10784,0,7300,730,0,8030,熊本支店,レンタル法人,17,新規,12ヶ月以上
B24026346,12,2025/10/31,10784,0,7300,730,0,8030,熊本支店,レンタル法人,17,新規,12ヶ月以上
B24026346,13,2025/11/30,10784,0,7300,730,0,8030,熊本支店,レンタル法人,17,新規,12ヶ月以上
B24026346,14,2025/12/31,10784,0,7300,730,0,8030,熊本支店,レンタル法人,17,新規,12ヶ月以上
B24026346,15,2026/1/31,10784,0,7300,730,0,8030,熊本支店,レンタル法人,17,新規,12ヶ月以上
B24026346,16,2026/2/28,10784,0,7300,730,0,8030,熊本支店,レンタル法人,17,新規,12ヶ月以上
B24026346,17,2026/3/31,10784,0,7300,730,0,8030,熊本支店,レンタル法人,17,新規,12ヶ月以上
B24026474,11,2025/9/30,14868,0,3100,310,0,3410,熊本支店,レンタル法人,60,新規,12ヶ月以上
B24026474,12,2025/10/31,14868,0,3100,310,0,3410,熊本支店,レンタル法人,60,新規,12ヶ月以上
B24026474,13,2025/11/30,14868,0,3100,310,0,3410,熊本支店,レンタル法人,60,新規,12ヶ月以上
B24026474,14,2025/12/31,14868,0,3100,310,0,3410,熊本支店,レンタル法人,60,新規,12ヶ月以上
B24026474,15,2026/1/31,14868,0,3100,310,0,3410,熊本支店,レンタル法人,60,新規,12ヶ月以上
B24026474,16,2026/2/28,14868,0,3100,310,0,3410,熊本支店,レンタル法人,60,新規,12ヶ月以上
B24026474,17,2026/3/31,14868,0,3100,310,0,3410,熊本支店,レンタル法人,60,新規,12ヶ月以上
B24026474,18,2026/4/30,14868,0,3100,310,0,3410,熊本支店,レンタル法人,60,新規,12ヶ月以上
B24026474,19,2026/5/31,14868,0,3100,310,0,3410,熊本支店,レンタル法人,60,新規,12ヶ月以上
B24026474,20,2026/6/30,14868,0,3100,310,0,3410,熊本支店,レンタル法人,60,新規,12ヶ月以上
B24026474,21,2026/7/31,14868,0,3100,310,0,3410,熊本支店,レンタル法人,60,新規,12ヶ月以上
B24026474,22,2026/8/31,14868,0,3100,310,0,3410,熊本支店,レンタル法人,60,新規,12ヶ月以上
B24026502,1,2026/7/31,10754,0,0,0,0,0,熊本支店,レンタル法人,21,新規,12ヶ月以上
B24026636,12,2025/9/30,10489,0,2728,272,0,3000,熊本支店,レンタル法人,12,延長,12ヶ月未満
B24026843,12,2025/9/30,10489,0,8182,818,0,9000,熊本支店,レンタル法人,12,延長,12ヶ月未満
B24026845,11,2025/9/30,10489,0,2728,272,0,3000,熊本支店,レンタル法人,12,延長,12ヶ月未満
B24026845,12,2025/10/31,10489,0,2728,272,0,3000,熊本支店,レンタル法人,12,延長,12ヶ月未満
B24026867,12,2025/9/30,10489,0,2728,272,0,3000,熊本支店,レンタル法人,12,新規,12ヶ月未満
B24026868,12,2025/9/30,10735,0,2728,272,0,3000,熊本支店,レンタル法人,12,新規,12ヶ月未満
B24027294,11,2025/9/30,10784,0,4300,430,0,4730,熊本支店,レンタル法人,17,新規,12ヶ月以上
B24027294,12,2025/10/31,10784,0,4300,430,0,4730,熊本支店,レンタル法人,17,新規,12ヶ月以上
B24027294,13,2025/11/30,10784,0,4300,430,0,4730,熊本支店,レンタル法人,17,新規,12ヶ月以上
B24027294,14,2025/12/31,10784,0,4300,430,0,4730,熊本支店,レンタル法人,17,新規,12ヶ月以上
B24027294,15,2026/1/31,10784,0,4300,430,0,4730,熊本支店,レンタル法人,17,新規,12ヶ月以上
B24027294,16,2026/2/28,10784,0,4300,430,0,4730,熊本支店,レンタル法人,17,新規,12ヶ月以上
B24027294,17,2026/3/31,10784,0,4300,430,0,4730,熊本支店,レンタル法人,17,新規,12ヶ月以上
B24027308,11,2025/9/30,10856,0,9600,960,0,10560,熊本支店,レンタル法人,24,新規,12ヶ月以上
B24027308,12,2025/10/31,10856,0,9600,960,0,10560,熊本支店,レンタル法人,24,新規,12ヶ月以上
B24027308,13,2025/11/30,10856,0,9600,960,0,10560,熊本支店,レンタル法人,24,新規,12ヶ月以上
B24027308,14,2025/12/31,10856,0,9600,960,0,10560,熊本支店,レンタル法人,24,新規,12ヶ月以上
B24027308,15,2026/1/31,10856,0,9600,960,0,10560,熊本支店,レンタル法人,24,新規,12ヶ月以上
B24027308,16,2026/2/28,10856,0,9600,960,0,10560,熊本支店,レンタル法人,24,新規,12ヶ月以上
B24027308,17,2026/3/31,10856,0,9600,960,0,10560,熊本支店,レンタル法人,24,新規,12ヶ月以上
B24027308,18,2026/4/30,10856,0,9600,960,0,10560,熊本支店,レンタル法人,24,新規,12ヶ月以上
B24027308,19,2026/5/31,10856,0,9600,960,0,10560,熊本支店,レンタル法人,24,新規,12ヶ月以上
B24027308,20,2026/6/30,10856,0,9600,960,0,10560,熊本支店,レンタル法人,24,新規,12ヶ月以上
B24027308,21,2026/7/31,10856,0,9600,960,0,10560,熊本支店,レンタル法人,24,新規,12ヶ月以上
B24027308,22,2026/8/31,10856,0,9600,960,0,10560,熊本支店,レンタル法人,24,新規,12ヶ月以上
B24028486,10,2025/9/30,10986,0,1200,120,0,1320,熊本支店,レンタル法人,48,新規,12ヶ月以上
B24028486,11,2025/10/31,10986,0,1200,120,0,1320,熊本支店,レンタル法人,48,新規,12ヶ月以上
B24028486,12,2025/11/30,10986,0,1200,120,0,1320,熊本支店,レンタル法人,48,新規,12ヶ月以上
B24028486,13,2025/12/31,10986,0,1200,120,0,1320,熊本支店,レンタル法人,48,新規,12ヶ月以上
B24028486,14,2026/1/31,10986,0,1200,120,0,1320,熊本支店,レンタル法人,48,新規,12ヶ月以上
B24028486,15,2026/2/28,10986,0,1200,120,0,1320,熊本支店,レンタル法人,48,新規,12ヶ月以上
B24028486,16,2026/3/31,10986,0,1200,120,0,1320,熊本支店,レンタル法人,48,新規,12ヶ月以上
B24028486,17,2026/4/30,10986,0,1200,120,0,1320,熊本支店,レンタル法人,48,新規,12ヶ月以上
B24028486,18,2026/5/31,10986,0,1200,120,0,1320,熊本支店,レンタル法人,48,新規,12ヶ月以上
B24028486,19,2026/6/30,10986,0,1200,120,0,1320,熊本支店,レンタル法人,48,新規,12ヶ月以上
B24028486,20,2026/7/31,10986,0,1200,120,0,1320,熊本支店,レンタル法人,48,新規,12ヶ月以上
B24028486,21,2026/8/31,10986,0,1200,120,0,1320,熊本支店,レンタル法人,48,新規,12ヶ月以上
B24028487,9,2025/9/30,10986,0,10900,1090,0,11990,熊本支店,レンタル法人,48,新規,12ヶ月以上
B24028487,10,2025/10/31,10986,0,10900,1090,0,11990,熊本支店,レンタル法人,48,新規,12ヶ月以上
B24028487,11,2025/11/30,10986,0,10900,1090,0,11990,熊本支店,レンタル法人,48,新規,12ヶ月以上
B24028487,12,2025/12/31,10986,0,10900,1090,0,11990,熊本支店,レンタル法人,48,新規,12ヶ月以上
B24028487,13,2026/1/31,10986,0,10900,1090,0,11990,熊本支店,レンタル法人,48,新規,12ヶ月以上
B24028487,14,2026/2/28,10986,0,10900,1090,0,11990,熊本支店,レンタル法人,48,新規,12ヶ月以上
B24028487,15,2026/3/31,10986,0,10900,1090,0,11990,熊本支店,レンタル法人,48,新規,12ヶ月以上
B24028487,16,2026/4/30,10986,0,10900,1090,0,11990,熊本支店,レンタル法人,48,新規,12ヶ月以上
B24028487,17,2026/5/31,10986,0,10900,1090,0,11990,熊本支店,レンタル法人,48,新規,12ヶ月以上
B24028487,18,2026/6/30,10986,0,10900,1090,0,11990,熊本支店,レンタル法人,48,新規,12ヶ月以上
B24028487,19,2026/7/31,10986,0,10900,1090,0,11990,熊本支店,レンタル法人,48,新規,12ヶ月以上
B24028487,20,2026/8/31,10986,0,10900,1090,0,11990,熊本支店,レンタル法人,48,新規,12ヶ月以上
B24028529,11,2025/9/30,11771,0,19700,1970,0,21670,熊本支店,レンタル法人,60,新規,12ヶ月以上
B24028529,12,2025/10/31,11771,0,19700,1970,0,21670,熊本支店,レンタル法人,60,新規,12ヶ月以上
B24028529,13,2025/11/30,11771,0,19700,1970,0,21670,熊本支店,レンタル法人,60,新規,12ヶ月以上
B24028529,14,2025/12/31,11771,0,19700,1970,0,21670,熊本支店,レンタル法人,60,新規,12ヶ月以上
B24028529,15,2026/1/31,11771,0,19700,1970,0,21670,熊本支店,レンタル法人,60,新規,12ヶ月以上
B24028529,16,2026/2/28,11771,0,19700,1970,0,21670,熊本支店,レンタル法人,60,新規,12ヶ月以上
B24028529,17,2026/3/31,11771,0,19700,1970,0,21670,熊本支店,レンタル法人,60,新規,12ヶ月以上
B24028529,18,2026/4/30,11771,0,19700,1970,0,21670,熊本支店,レンタル法人,60,新規,12ヶ月以上
B24028529,19,2026/5/31,11771,0,19700,1970,0,21670,熊本支店,レンタル法人,60,新規,12ヶ月以上
B24028529,20,2026/6/30,11771,0,19700,1970,0,21670,熊本支店,レンタル法人,60,新規,12ヶ月以上
B24028529,21,2026/7/31,11771,0,19700,1970,0,21670,熊本支店,レンタル法人,60,新規,12ヶ月以上
B24028529,22,2026/8/31,11771,0,19700,1970,0,21670,熊本支店,レンタル法人,60,新規,12ヶ月以上
B24028660,11,2025/9/30,16011,0,2500,250,0,2750,熊本支店,レンタル法人,24,新規,12ヶ月以上
B24028660,12,2025/10/31,16011,0,2500,250,0,2750,熊本支店,レンタル法人,24,新規,12ヶ月以上
B24028660,13,2025/11/30,16011,0,2500,250,0,2750,熊本支店,レンタル法人,24,新規,12ヶ月以上
B24028660,14,2025/12/31,16011,0,2500,250,0,2750,熊本支店,レンタル法人,24,新規,12ヶ月以上
B24028660,15,2026/1/31,16011,0,2500,250,0,2750,熊本支店,レンタル法人,24,新規,12ヶ月以上
B24028660,16,2026/2/28,16011,0,2500,250,0,2750,熊本支店,レンタル法人,24,新規,12ヶ月以上
B24028660,17,2026/3/31,16011,0,2500,250,0,2750,熊本支店,レンタル法人,24,新規,12ヶ月以上
B24028660,18,2026/4/30,16011,0,2500,250,0,2750,熊本支店,レンタル法人,24,新規,12ヶ月以上
B24028660,19,2026/5/31,16011,0,2500,250,0,2750,熊本支店,レンタル法人,24,新規,12ヶ月以上
B24028660,20,2026/6/30,16011,0,2500,250,0,2750,熊本支店,レンタル法人,24,新規,12ヶ月以上
B24028660,21,2026/7/31,16011,0,2500,250,0,2750,熊本支店,レンタル法人,24,新規,12ヶ月以上
B24028660,22,2026/8/31,16011,0,2500,250,0,2750,熊本支店,レンタル法人,24,新規,12ヶ月以上
B24029122,10,2025/9/30,16041,0,1560,156,0,1716,熊本支店,レンタル法人,37,新規,12ヶ月以上
B24029122,11,2025/10/31,16041,0,1560,156,0,1716,熊本支店,レンタル法人,37,新規,12ヶ月以上
B24029122,12,2025/11/30,16041,0,1560,156,0,1716,熊本支店,レンタル法人,37,新規,12ヶ月以上
B24029122,13,2025/12/31,16041,0,1560,156,0,1716,熊本支店,レンタル法人,37,新規,12ヶ月以上
B24029122,14,2026/1/31,16041,0,1560,156,0,1716,熊本支店,レンタル法人,37,新規,12ヶ月以上
B24029122,15,2026/2/28,16041,0,1560,156,0,1716,熊本支店,レンタル法人,37,新規,12ヶ月以上
B24029122,16,2026/3/31,16041,0,1560,156,0,1716,熊本支店,レンタル法人,37,新規,12ヶ月以上
B24029122,17,2026/4/30,16041,0,1560,156,0,1716,熊本支店,レンタル法人,37,新規,12ヶ月以上
B24029122,18,2026/5/31,16041,0,1560,156,0,1716,熊本支店,レンタル法人,37,新規,12ヶ月以上
B24029122,19,2026/6/30,16041,0,1560,156,0,1716,熊本支店,レンタル法人,37,新規,12ヶ月以上
B24029122,20,2026/7/31,16041,0,1560,156,0,1716,熊本支店,レンタル法人,37,新規,12ヶ月以上
B24029122,21,2026/8/31,16041,0,1560,156,0,1716,熊本支店,レンタル法人,37,新規,12ヶ月以上
B24029134,10,2025/9/30,10753,0,84000,8400,0,92400,熊本支店,レンタル法人,36,新規,12ヶ月以上
B24029134,11,2025/10/31,10753,0,84000,8400,0,92400,熊本支店,レンタル法人,36,新規,12ヶ月以上
B24029134,12,2025/11/30,10753,0,84000,8400,0,92400,熊本支店,レンタル法人,36,新規,12ヶ月以上
B24029134,13,2025/12/31,10753,0,84000,8400,0,92400,熊本支店,レンタル法人,36,新規,12ヶ月以上
B24029134,14,2026/1/31,10753,0,84000,8400,0,92400,熊本支店,レンタル法人,36,新規,12ヶ月以上
B24029134,15,2026/2/28,10753,0,84000,8400,0,92400,熊本支店,レンタル法人,36,新規,12ヶ月以上
B24029134,16,2026/3/31,10753,0,84000,8400,0,92400,熊本支店,レンタル法人,36,新規,12ヶ月以上
B24029134,17,2026/4/30,10753,0,84000,8400,0,92400,熊本支店,レンタル法人,36,新規,12ヶ月以上
B24029134,18,2026/5/31,10753,0,84000,8400,0,92400,熊本支店,レンタル法人,36,新規,12ヶ月以上
B24029134,19,2026/6/30,10753,0,84000,8400,0,92400,熊本支店,レンタル法人,36,新規,12ヶ月以上
B24029134,20,2026/7/31,10753,0,84000,8400,0,92400,熊本支店,レンタル法人,36,新規,12ヶ月以上
B24029134,21,2026/8/31,10753,0,84000,8400,0,92400,熊本支店,レンタル法人,36,新規,12ヶ月以上
B24029274,10,2025/9/30,1401,0,2750,275,0,3025,熊本支店,レンタル法人,12,新規,12ヶ月未満
B24029274,11,2025/10/31,1401,0,2750,275,0,3025,熊本支店,レンタル法人,12,新規,12ヶ月未満
B24029274,12,2025/11/30,1401,0,2750,275,0,3025,熊本支店,レンタル法人,12,新規,12ヶ月未満
B24029507,10,2025/9/30,11761,0,6600,660,0,7260,熊本支店,レンタル法人,36,新規,12ヶ月以上
B24029507,11,2025/10/31,11761,0,6600,660,0,7260,熊本支店,レンタル法人,36,新規,12ヶ月以上
B24029507,12,2025/11/30,11761,0,6600,660,0,7260,熊本支店,レンタル法人,36,新規,12ヶ月以上
B24029507,13,2025/12/31,11761,0,6600,660,0,7260,熊本支店,レンタル法人,36,新規,12ヶ月以上
B24029507,14,2026/1/31,11761,0,6600,660,0,7260,熊本支店,レンタル法人,36,新規,12ヶ月以上
B24029507,15,2026/2/28,11761,0,6600,660,0,7260,熊本支店,レンタル法人,36,新規,12ヶ月以上
B24029507,16,2026/3/31,11761,0,6600,660,0,7260,熊本支店,レンタル法人,36,新規,12ヶ月以上
B24029507,17,2026/4/30,11761,0,6600,660,0,7260,熊本支店,レンタル法人,36,新規,12ヶ月以上
B24029507,18,2026/5/31,11761,0,6600,660,0,7260,熊本支店,レンタル法人,36,新規,12ヶ月以上
B24029507,19,2026/6/30,11761,0,6600,660,0,7260,熊本支店,レンタル法人,36,新規,12ヶ月以上
B24029507,20,2026/7/31,11761,0,6600,660,0,7260,熊本支店,レンタル法人,36,新規,12ヶ月以上
B24029507,21,2026/8/31,11761,0,6600,660,0,7260,熊本支店,レンタル法人,36,新規,12ヶ月以上
B24029513,10,2025/9/30,11761,0,1500,150,0,1650,熊本支店,レンタル法人,36,新規,12ヶ月以上
B24029513,11,2025/10/31,11761,0,1500,150,0,1650,熊本支店,レンタル法人,36,新規,12ヶ月以上
B24029513,12,2025/11/30,11761,0,1500,150,0,1650,熊本支店,レンタル法人,36,新規,12ヶ月以上
B24029513,13,2025/12/31,11761,0,1500,150,0,1650,熊本支店,レンタル法人,36,新規,12ヶ月以上
B24029513,14,2026/1/31,11761,0,1500,150,0,1650,熊本支店,レンタル法人,36,新規,12ヶ月以上
B24029513,15,2026/2/28,11761,0,1500,150,0,1650,熊本支店,レンタル法人,36,新規,12ヶ月以上
B24029513,16,2026/3/31,11761,0,1500,150,0,1650,熊本支店,レンタル法人,36,新規,12ヶ月以上
B24029513,17,2026/4/30,11761,0,1500,150,0,1650,熊本支店,レンタル法人,36,新規,12ヶ月以上
B24029513,18,2026/5/31,11761,0,1500,150,0,1650,熊本支店,レンタル法人,36,新規,12ヶ月以上
B24029513,19,2026/6/30,11761,0,1500,150,0,1650,熊本支店,レンタル法人,36,新規,12ヶ月以上
B24029513,20,2026/7/31,11761,0,1500,150,0,1650,熊本支店,レンタル法人,36,新規,12ヶ月以上
B24029513,21,2026/8/31,11761,0,1500,150,0,1650,熊本支店,レンタル法人,36,新規,12ヶ月以上
B24029802,11,2025/9/30,10489,0,2728,272,0,3000,熊本支店,レンタル法人,12,延長,12ヶ月未満
B24029802,12,2025/10/31,10489,0,2728,272,0,3000,熊本支店,レンタル法人,12,延長,12ヶ月未満
B24029804,10,2025/9/30,10735,0,2728,272,0,3000,熊本支店,レンタル法人,12,延長,12ヶ月未満
B24029804,11,2025/10/31,10735,0,2728,272,0,3000,熊本支店,レンタル法人,12,延長,12ヶ月未満
B24029804,12,2025/11/30,10735,0,2728,272,0,3000,熊本支店,レンタル法人,12,延長,12ヶ月未満
B24029841,10,2025/9/30,5357,0,6250,625,0,6875,熊本支店,レンタル法人,13,新規,12ヶ月以上
B24029841,11,2025/10/31,5357,0,6250,625,0,6875,熊本支店,レンタル法人,13,新規,12ヶ月以上
B24029841,12,2025/11/30,5357,0,6250,625,0,6875,熊本支店,レンタル法人,13,新規,12ヶ月以上
B24029841,13,2025/12/31,5357,0,6250,625,0,6875,熊本支店,レンタル法人,13,新規,12ヶ月以上
B24030023,10,2025/9/30,10784,0,11800,1180,0,12980,熊本支店,レンタル法人,16,新規,12ヶ月以上
B24030023,11,2025/10/31,10784,0,11800,1180,0,12980,熊本支店,レンタル法人,16,新規,12ヶ月以上
B24030023,12,2025/11/30,10784,0,11800,1180,0,12980,熊本支店,レンタル法人,16,新規,12ヶ月以上
B24030023,13,2025/12/31,10784,0,11800,1180,0,12980,熊本支店,レンタル法人,16,新規,12ヶ月以上
B24030023,14,2026/1/31,10784,0,11800,1180,0,12980,熊本支店,レンタル法人,16,新規,12ヶ月以上
B24030023,15,2026/2/28,10784,0,11800,1180,0,12980,熊本支店,レンタル法人,16,新規,12ヶ月以上
B24030023,16,2026/3/31,10784,0,11800,1180,0,12980,熊本支店,レンタル法人,16,新規,12ヶ月以上
B24030565,10,2025/9/30,10489,0,3637,363,0,4000,熊本支店,レンタル法人,12,新規,12ヶ月未満
B24030565,11,2025/10/31,10489,0,3637,363,0,4000,熊本支店,レンタル法人,12,新規,12ヶ月未満
B24030565,12,2025/11/30,10489,0,3637,363,0,4000,熊本支店,レンタル法人,12,新規,12ヶ月未満
B24030567,10,2025/9/30,10489,0,2728,272,0,3000,熊本支店,レンタル法人,12,新規,12ヶ月未満
B24030567,11,2025/10/31,10489,0,2728,272,0,3000,熊本支店,レンタル法人,12,新規,12ヶ月未満
B24030567,12,2025/11/30,10489,0,2728,272,0,3000,熊本支店,レンタル法人,12,新規,12ヶ月未満
B24030572,11,2025/9/30,1401,0,11000,1100,0,12100,熊本支店,レンタル法人,21,延長,12ヶ月以上
B24030572,12,2025/10/31,1401,0,11000,1100,0,12100,熊本支店,レンタル法人,21,延長,12ヶ月以上
B24030572,13,2025/11/30,1401,0,11000,1100,0,12100,熊本支店,レンタル法人,21,延長,12ヶ月以上
B24030572,14,2025/12/31,1401,0,11000,1100,0,12100,熊本支店,レンタル法人,21,延長,12ヶ月以上
B24030572,15,2026/1/31,1401,0,11000,1100,0,12100,熊本支店,レンタル法人,21,延長,12ヶ月以上
B24030572,16,2026/2/28,1401,0,11000,1100,0,12100,熊本支店,レンタル法人,21,延長,12ヶ月以上
B24030572,17,2026/3/31,1401,0,11000,1100,0,12100,熊本支店,レンタル法人,21,延長,12ヶ月以上
B24030572,18,2026/4/30,1401,0,11000,1100,0,12100,熊本支店,レンタル法人,21,延長,12ヶ月以上
B24030572,19,2026/5/31,1401,0,11000,1100,0,12100,熊本支店,レンタル法人,21,延長,12ヶ月以上
B24030572,20,2026/6/30,1401,0,11000,1100,0,12100,熊本支店,レンタル法人,21,延長,12ヶ月以上
B24030572,21,2026/7/31,1401,0,11000,1100,0,12100,熊本支店,レンタル法人,21,延長,12ヶ月以上
B24030974,9,2025/9/30,10986,0,1300,130,0,1430,熊本支店,レンタル法人,48,新規,12ヶ月以上
B24030974,10,2025/10/31,10986,0,1300,130,0,1430,熊本支店,レンタル法人,48,新規,12ヶ月以上
B24030974,11,2025/11/30,10986,0,1300,130,0,1430,熊本支店,レンタル法人,48,新規,12ヶ月以上
B24030974,12,2025/12/31,10986,0,1300,130,0,1430,熊本支店,レンタル法人,48,新規,12ヶ月以上
B24030974,13,2026/1/31,10986,0,1300,130,0,1430,熊本支店,レンタル法人,48,新規,12ヶ月以上
B24030974,14,2026/2/28,10986,0,1300,130,0,1430,熊本支店,レンタル法人,48,新規,12ヶ月以上
B24030974,15,2026/3/31,10986,0,1300,130,0,1430,熊本支店,レンタル法人,48,新規,12ヶ月以上
B24030974,16,2026/4/30,10986,0,1300,130,0,1430,熊本支店,レンタル法人,48,新規,12ヶ月以上
B24030974,17,2026/5/31,10986,0,1300,130,0,1430,熊本支店,レンタル法人,48,新規,12ヶ月以上
B24030974,18,2026/6/30,10986,0,1300,130,0,1430,熊本支店,レンタル法人,48,新規,12ヶ月以上
B24030974,19,2026/7/31,10986,0,1300,130,0,1430,熊本支店,レンタル法人,48,新規,12ヶ月以上
B24030974,20,2026/8/31,10986,0,1300,130,0,1430,熊本支店,レンタル法人,48,新規,12ヶ月以上
B24030993,10,2025/9/30,3939,0,4560,456,0,5016,熊本支店,レンタル法人,15,新規,12ヶ月以上
B24030993,11,2025/10/31,3939,0,4560,456,0,5016,熊本支店,レンタル法人,15,新規,12ヶ月以上
B24030993,12,2025/11/30,3939,0,4560,456,0,5016,熊本支店,レンタル法人,15,新規,12ヶ月以上
B24030993,13,2025/12/31,3939,0,4560,456,0,5016,熊本支店,レンタル法人,15,新規,12ヶ月以上
B24030993,14,2026/1/31,3939,0,4560,456,0,5016,熊本支店,レンタル法人,15,新規,12ヶ月以上
B24030993,15,2026/2/28,3939,0,4560,456,0,5016,熊本支店,レンタル法人,15,新規,12ヶ月以上
B24030993,16,2026/3/31,3939,0,4560,456,0,5016,熊本支店,レンタル法人,15,新規,12ヶ月以上
B24031091,9,2025/9/30,10784,0,9300,930,0,10230,熊本支店,レンタル法人,15,新規,12ヶ月以上
B24031091,10,2025/10/31,10784,0,9300,930,0,10230,熊本支店,レンタル法人,15,新規,12ヶ月以上
B24031091,11,2025/11/30,10784,0,9300,930,0,10230,熊本支店,レンタル法人,15,新規,12ヶ月以上
B24031091,12,2025/12/31,10784,0,9300,930,0,10230,熊本支店,レンタル法人,15,新規,12ヶ月以上
B24031091,13,2026/1/31,10784,0,9300,930,0,10230,熊本支店,レンタル法人,15,新規,12ヶ月以上
B24031091,14,2026/2/28,10784,0,9300,930,0,10230,熊本支店,レンタル法人,15,新規,12ヶ月以上
B24031091,15,2026/3/31,10784,0,9300,930,0,10230,熊本支店,レンタル法人,15,新規,12ヶ月以上
B24031177,9,2025/9/30,10784,0,4200,420,0,4620,熊本支店,レンタル法人,15,新規,12ヶ月以上
B24031177,10,2025/10/31,10784,0,4200,420,0,4620,熊本支店,レンタル法人,15,新規,12ヶ月以上
B24031177,11,2025/11/30,10784,0,4200,420,0,4620,熊本支店,レンタル法人,15,新規,12ヶ月以上
B24031177,12,2025/12/31,10784,0,4200,420,0,4620,熊本支店,レンタル法人,15,新規,12ヶ月以上
B24031177,13,2026/1/31,10784,0,4200,420,0,4620,熊本支店,レンタル法人,15,新規,12ヶ月以上
B24031177,14,2026/2/28,10784,0,4200,420,0,4620,熊本支店,レンタル法人,15,新規,12ヶ月以上
B24031177,15,2026/3/31,10784,0,4200,420,0,4620,熊本支店,レンタル法人,15,新規,12ヶ月以上
B24031183,9,2025/9/30,11771,0,20500,2050,0,22550,熊本支店,レンタル法人,60,新規,12ヶ月以上
B24031183,10,2025/10/31,11771,0,20500,2050,0,22550,熊本支店,レンタル法人,60,新規,12ヶ月以上
B24031183,11,2025/11/30,11771,0,20500,2050,0,22550,熊本支店,レンタル法人,60,新規,12ヶ月以上
B24031183,12,2025/12/31,11771,0,20500,2050,0,22550,熊本支店,レンタル法人,60,新規,12ヶ月以上
B24031183,13,2026/1/31,11771,0,20500,2050,0,22550,熊本支店,レンタル法人,60,新規,12ヶ月以上
B24031183,14,2026/2/28,11771,0,20500,2050,0,22550,熊本支店,レンタル法人,60,新規,12ヶ月以上
B24031183,15,2026/3/31,11771,0,20500,2050,0,22550,熊本支店,レンタル法人,60,新規,12ヶ月以上
B24031183,16,2026/4/30,11771,0,20500,2050,0,22550,熊本支店,レンタル法人,60,新規,12ヶ月以上
B24031183,17,2026/5/31,11771,0,20500,2050,0,22550,熊本支店,レンタル法人,60,新規,12ヶ月以上
B24031183,18,2026/6/30,11771,0,20500,2050,0,22550,熊本支店,レンタル法人,60,新規,12ヶ月以上
B24031183,19,2026/7/31,11771,0,20500,2050,0,22550,熊本支店,レンタル法人,60,新規,12ヶ月以上
B24031183,20,2026/8/31,11771,0,20500,2050,0,22550,熊本支店,レンタル法人,60,新規,12ヶ月以上
B24031226,10,2025/9/30,10392,0,1800,180,0,1980,熊本支店,レンタル法人,16,新規,12ヶ月以上
B24031226,11,2025/10/31,10392,0,1800,180,0,1980,熊本支店,レンタル法人,16,新規,12ヶ月以上
B24031226,12,2025/11/30,10392,0,1800,180,0,1980,熊本支店,レンタル法人,16,新規,12ヶ月以上
B24031226,13,2025/12/31,10392,0,1800,180,0,1980,熊本支店,レンタル法人,16,新規,12ヶ月以上
B24031226,14,2026/1/31,10392,0,1800,180,0,1980,熊本支店,レンタル法人,16,新規,12ヶ月以上
B24031226,15,2026/2/28,10392,0,1800,180,0,1980,熊本支店,レンタル法人,16,新規,12ヶ月以上
B24031226,16,2026/3/31,10392,0,1800,180,0,1980,熊本支店,レンタル法人,16,新規,12ヶ月以上
B24031230,10,2025/9/30,10489,0,1000,100,0,1100,熊本支店,レンタル法人,12,新規,12ヶ月未満
B24031230,11,2025/10/31,10489,0,1000,100,0,1100,熊本支店,レンタル法人,12,新規,12ヶ月未満
B24031230,12,2025/11/30,10489,0,1000,100,0,1100,熊本支店,レンタル法人,12,新規,12ヶ月未満
B24031245,9,2025/9/30,10830,0,17820,1782,0,19602,熊本支店,レンタル法人,60,新規,12ヶ月以上
B24031245,10,2025/10/31,10830,0,17820,1782,0,19602,熊本支店,レンタル法人,60,新規,12ヶ月以上
B24031245,11,2025/11/30,10830,0,17820,1782,0,19602,熊本支店,レンタル法人,60,新規,12ヶ月以上
B24031245,12,2025/12/31,10830,0,17820,1782,0,19602,熊本支店,レンタル法人,60,新規,12ヶ月以上
B24031245,13,2026/1/31,10830,0,17820,1782,0,19602,熊本支店,レンタル法人,60,新規,12ヶ月以上
B24031245,14,2026/2/28,10830,0,17820,1782,0,19602,熊本支店,レンタル法人,60,新規,12ヶ月以上
B24031245,15,2026/3/31,10830,0,17820,1782,0,19602,熊本支店,レンタル法人,60,新規,12ヶ月以上
B24031245,16,2026/4/30,10830,0,17820,1782,0,19602,熊本支店,レンタル法人,60,新規,12ヶ月以上
B24031245,17,2026/5/31,10830,0,17820,1782,0,19602,熊本支店,レンタル法人,60,新規,12ヶ月以上
B24031245,18,2026/6/30,10830,0,17820,1782,0,19602,熊本支店,レンタル法人,60,新規,12ヶ月以上
B24031245,19,2026/7/31,10830,0,17820,1782,0,19602,熊本支店,レンタル法人,60,新規,12ヶ月以上
B24031245,20,2026/8/31,10830,0,17820,1782,0,19602,熊本支店,レンタル法人,60,新規,12ヶ月以上
B24031279,10,2025/9/30,5911,0,3000,300,0,3300,熊本支店,レンタル法人,10,新規,12ヶ月未満
B24031279,11,2025/10/31,5911,0,3000,300,0,3300,熊本支店,レンタル法人,10,新規,12ヶ月未満
B24031340,8,2025/9/30,11771,0,5600,560,0,6160,熊本支店,レンタル法人,60,新規,12ヶ月以上
B24031340,9,2025/10/31,11771,0,5600,560,0,6160,熊本支店,レンタル法人,60,新規,12ヶ月以上
B24031340,10,2025/11/30,11771,0,5600,560,0,6160,熊本支店,レンタル法人,60,新規,12ヶ月以上
B24031340,11,2025/12/31,11771,0,5600,560,0,6160,熊本支店,レンタル法人,60,新規,12ヶ月以上
B24031340,12,2026/1/31,11771,0,5600,560,0,6160,熊本支店,レンタル法人,60,新規,12ヶ月以上
B24031340,13,2026/2/28,11771,0,5600,560,0,6160,熊本支店,レンタル法人,60,新規,12ヶ月以上
B24031340,14,2026/3/31,11771,0,5600,560,0,6160,熊本支店,レンタル法人,60,新規,12ヶ月以上
B24031340,15,2026/4/30,11771,0,5600,560,0,6160,熊本支店,レンタル法人,60,新規,12ヶ月以上
B24031340,16,2026/5/31,11771,0,5600,560,0,6160,熊本支店,レンタル法人,60,新規,12ヶ月以上
B24031340,17,2026/6/30,11771,0,5600,560,0,6160,熊本支店,レンタル法人,60,新規,12ヶ月以上
B24031340,18,2026/7/31,11771,0,5600,560,0,6160,熊本支店,レンタル法人,60,新規,12ヶ月以上
B24031340,19,2026/8/31,11771,0,5600,560,0,6160,熊本支店,レンタル法人,60,新規,12ヶ月以上
B24031548,9,2025/9/30,10784,0,11800,1180,0,12980,熊本支店,レンタル法人,15,新規,12ヶ月以上
B24031548,10,2025/10/31,10784,0,11800,1180,0,12980,熊本支店,レンタル法人,15,新規,12ヶ月以上
B24031548,11,2025/11/30,10784,0,11800,1180,0,12980,熊本支店,レンタル法人,15,新規,12ヶ月以上
B24031548,12,2025/12/31,10784,0,11800,1180,0,12980,熊本支店,レンタル法人,15,新規,12ヶ月以上
B24031548,13,2026/1/31,10784,0,11800,1180,0,12980,熊本支店,レンタル法人,15,新規,12ヶ月以上
B24031548,14,2026/2/28,10784,0,11800,1180,0,12980,熊本支店,レンタル法人,15,新規,12ヶ月以上
B24031548,15,2026/3/31,10784,0,11800,1180,0,12980,熊本支店,レンタル法人,15,新規,12ヶ月以上
B24031567,8,2025/9/30,10986,0,6100,610,0,6710,熊本支店,レンタル法人,48,新規,12ヶ月以上
B24031567,9,2025/10/31,10986,0,6100,610,0,6710,熊本支店,レンタル法人,48,新規,12ヶ月以上
B24031567,10,2025/11/30,10986,0,6100,610,0,6710,熊本支店,レンタル法人,48,新規,12ヶ月以上
B24031567,11,2025/12/31,10986,0,6100,610,0,6710,熊本支店,レンタル法人,48,新規,12ヶ月以上
B24031567,12,2026/1/31,10986,0,6100,610,0,6710,熊本支店,レンタル法人,48,新規,12ヶ月以上
B24031567,13,2026/2/28,10986,0,6100,610,0,6710,熊本支店,レンタル法人,48,新規,12ヶ月以上
B24031567,14,2026/3/31,10986,0,6100,610,0,6710,熊本支店,レンタル法人,48,新規,12ヶ月以上
B24031567,15,2026/4/30,10986,0,6100,610,0,6710,熊本支店,レンタル法人,48,新規,12ヶ月以上
B24031567,16,2026/5/31,10986,0,6100,610,0,6710,熊本支店,レンタル法人,48,新規,12ヶ月以上
B24031567,17,2026/6/30,10986,0,6100,610,0,6710,熊本支店,レンタル法人,48,新規,12ヶ月以上
B24031567,18,2026/7/31,10986,0,6100,610,0,6710,熊本支店,レンタル法人,48,新規,12ヶ月以上
B24031567,19,2026/8/31,10986,0,6100,610,0,6710,熊本支店,レンタル法人,48,新規,12ヶ月以上
B24031583,9,2025/9/30,10986,0,1300,130,0,1430,熊本支店,レンタル法人,48,新規,12ヶ月以上
B24031583,10,2025/10/31,10986,0,1300,130,0,1430,熊本支店,レンタル法人,48,新規,12ヶ月以上
B24031583,11,2025/11/30,10986,0,1300,130,0,1430,熊本支店,レンタル法人,48,新規,12ヶ月以上
B24031583,12,2025/12/31,10986,0,1300,130,0,1430,熊本支店,レンタル法人,48,新規,12ヶ月以上
B24031583,13,2026/1/31,10986,0,1300,130,0,1430,熊本支店,レンタル法人,48,新規,12ヶ月以上
B24031583,14,2026/2/28,10986,0,1300,130,0,1430,熊本支店,レンタル法人,48,新規,12ヶ月以上
B24031583,15,2026/3/31,10986,0,1300,130,0,1430,熊本支店,レンタル法人,48,新規,12ヶ月以上
B24031583,16,2026/4/30,10986,0,1300,130,0,1430,熊本支店,レンタル法人,48,新規,12ヶ月以上
B24031583,17,2026/5/31,10986,0,1300,130,0,1430,熊本支店,レンタル法人,48,新規,12ヶ月以上
B24031583,18,2026/6/30,10986,0,1300,130,0,1430,熊本支店,レンタル法人,48,新規,12ヶ月以上
B24031583,19,2026/7/31,10986,0,1300,130,0,1430,熊本支店,レンタル法人,48,新規,12ヶ月以上
B24031583,20,2026/8/31,10986,0,1300,130,0,1430,熊本支店,レンタル法人,48,新規,12ヶ月以上
B24031658,9,2025/9/30,10986,0,1100,110,0,1210,熊本支店,レンタル法人,48,新規,12ヶ月以上
B24031658,10,2025/10/31,10986,0,1100,110,0,1210,熊本支店,レンタル法人,48,新規,12ヶ月以上
B24031658,11,2025/11/30,10986,0,1100,110,0,1210,熊本支店,レンタル法人,48,新規,12ヶ月以上
B24031658,12,2025/12/31,10986,0,1100,110,0,1210,熊本支店,レンタル法人,48,新規,12ヶ月以上
B24031658,13,2026/1/31,10986,0,1100,110,0,1210,熊本支店,レンタル法人,48,新規,12ヶ月以上
B24031658,14,2026/2/28,10986,0,1100,110,0,1210,熊本支店,レンタル法人,48,新規,12ヶ月以上
B24031658,15,2026/3/31,10986,0,1100,110,0,1210,熊本支店,レンタル法人,48,新規,12ヶ月以上
B24031658,16,2026/4/30,10986,0,1100,110,0,1210,熊本支店,レンタル法人,48,新規,12ヶ月以上
B24031658,17,2026/5/31,10986,0,1100,110,0,1210,熊本支店,レンタル法人,48,新規,12ヶ月以上
B24031658,18,2026/6/30,10986,0,1100,110,0,1210,熊本支店,レンタル法人,48,新規,12ヶ月以上
B24031658,19,2026/7/31,10986,0,1100,110,0,1210,熊本支店,レンタル法人,48,新規,12ヶ月以上
B24031658,20,2026/8/31,10986,0,1100,110,0,1210,熊本支店,レンタル法人,48,新規,12ヶ月以上
B24031748,9,2025/9/30,13146,0,4000,400,0,4400,熊本支店,レンタル法人,12,延長,12ヶ月未満
B24031748,10,2025/10/31,13146,0,4000,400,0,4400,熊本支店,レンタル法人,12,延長,12ヶ月未満
B24031748,11,2025/11/30,13146,0,4000,400,0,4400,熊本支店,レンタル法人,12,延長,12ヶ月未満
B24031748,12,2025/12/31,13146,0,4000,400,0,4400,熊本支店,レンタル法人,12,延長,12ヶ月未満
B24031803,10,2025/9/30,10769,0,9200,920,0,10120,熊本支店,レンタル法人,12,延長,12ヶ月未満
B24031803,11,2025/10/31,10769,0,9200,920,0,10120,熊本支店,レンタル法人,12,延長,12ヶ月未満
B24031803,12,2025/11/30,10769,0,9200,920,0,10120,熊本支店,レンタル法人,12,延長,12ヶ月未満
B24031885,10,2025/9/30,5911,0,1500,150,0,1650,熊本支店,レンタル法人,12,延長,12ヶ月未満
B24031885,11,2025/10/31,5911,0,1500,150,0,1650,熊本支店,レンタル法人,12,延長,12ヶ月未満
B24031885,12,2025/11/30,5911,0,1500,150,0,1650,熊本支店,レンタル法人,12,延長,12ヶ月未満
B24032132,10,2025/9/30,10314,0,20510,2051,0,22561,熊本支店,レンタル法人,60,新規,12ヶ月以上
B24032132,11,2025/10/31,10314,0,20510,2051,0,22561,熊本支店,レンタル法人,60,新規,12ヶ月以上
B24032132,12,2025/11/30,10314,0,20510,2051,0,22561,熊本支店,レンタル法人,60,新規,12ヶ月以上
B24032132,13,2025/12/31,10314,0,20510,2051,0,22561,熊本支店,レンタル法人,60,新規,12ヶ月以上
B24032132,14,2026/1/31,10314,0,20510,2051,0,22561,熊本支店,レンタル法人,60,新規,12ヶ月以上
B24032132,15,2026/2/28,10314,0,20510,2051,0,22561,熊本支店,レンタル法人,60,新規,12ヶ月以上
B24032132,16,2026/3/31,10314,0,20510,2051,0,22561,熊本支店,レンタル法人,60,新規,12ヶ月以上
B24032132,17,2026/4/30,10314,0,20510,2051,0,22561,熊本支店,レンタル法人,60,新規,12ヶ月以上
B24032132,18,2026/5/31,10314,0,20510,2051,0,22561,熊本支店,レンタル法人,60,新規,12ヶ月以上
B24032132,19,2026/6/30,10314,0,20510,2051,0,22561,熊本支店,レンタル法人,60,新規,12ヶ月以上
B24032132,20,2026/7/31,10314,0,20510,2051,0,22561,熊本支店,レンタル法人,60,新規,12ヶ月以上
B24032132,21,2026/8/31,10314,0,20510,2051,0,22561,熊本支店,レンタル法人,60,新規,12ヶ月以上
B24032136,9,2025/9/30,12708,0,6000,600,0,6600,熊本支店,レンタル法人,48,新規,12ヶ月以上
B24032136,10,2025/10/31,12708,0,6000,600,0,6600,熊本支店,レンタル法人,48,新規,12ヶ月以上
B24032136,11,2025/11/30,12708,0,6000,600,0,6600,熊本支店,レンタル法人,48,新規,12ヶ月以上
B24032136,12,2025/12/31,12708,0,6000,600,0,6600,熊本支店,レンタル法人,48,新規,12ヶ月以上
B24032136,13,2026/1/31,12708,0,6000,600,0,6600,熊本支店,レンタル法人,48,新規,12ヶ月以上
B24032136,14,2026/2/28,12708,0,6000,600,0,6600,熊本支店,レンタル法人,48,新規,12ヶ月以上
B24032136,15,2026/3/31,12708,0,6000,600,0,6600,熊本支店,レンタル法人,48,新規,12ヶ月以上
B24032136,16,2026/4/30,12708,0,6000,600,0,6600,熊本支店,レンタル法人,48,新規,12ヶ月以上
B24032136,17,2026/5/31,12708,0,6000,600,0,6600,熊本支店,レンタル法人,48,新規,12ヶ月以上
B24032136,18,2026/6/30,12708,0,6000,600,0,6600,熊本支店,レンタル法人,48,新規,12ヶ月以上
B24032136,19,2026/7/31,12708,0,6000,600,0,6600,熊本支店,レンタル法人,48,新規,12ヶ月以上
B24032136,20,2026/8/31,12708,0,6000,600,0,6600,熊本支店,レンタル法人,48,新規,12ヶ月以上
B24032364,9,2025/9/30,16011,0,1900,190,0,2090,熊本支店,レンタル法人,24,新規,12ヶ月以上
B24032364,10,2025/10/31,16011,0,1900,190,0,2090,熊本支店,レンタル法人,24,新規,12ヶ月以上
B24032364,11,2025/11/30,16011,0,1900,190,0,2090,熊本支店,レンタル法人,24,新規,12ヶ月以上
B24032364,12,2025/12/31,16011,0,1900,190,0,2090,熊本支店,レンタル法人,24,新規,12ヶ月以上
B24032364,13,2026/1/31,16011,0,1900,190,0,2090,熊本支店,レンタル法人,24,新規,12ヶ月以上
B24032364,14,2026/2/28,16011,0,1900,190,0,2090,熊本支店,レンタル法人,24,新規,12ヶ月以上
B24032364,15,2026/3/31,16011,0,1900,190,0,2090,熊本支店,レンタル法人,24,新規,12ヶ月以上
B24032364,16,2026/4/30,16011,0,1900,190,0,2090,熊本支店,レンタル法人,24,新規,12ヶ月以上
B24032364,17,2026/5/31,16011,0,1900,190,0,2090,熊本支店,レンタル法人,24,新規,12ヶ月以上
B24032364,18,2026/6/30,16011,0,1900,190,0,2090,熊本支店,レンタル法人,24,新規,12ヶ月以上
B24032364,19,2026/7/31,16011,0,1900,190,0,2090,熊本支店,レンタル法人,24,新規,12ヶ月以上
B24032364,20,2026/8/31,16011,0,1900,190,0,2090,熊本支店,レンタル法人,24,新規,12ヶ月以上
B24032371,9,2025/9/30,10767,0,1500,150,0,1650,熊本支店,レンタル法人,48,新規,12ヶ月以上
B24032371,10,2025/10/31,10767,0,1500,150,0,1650,熊本支店,レンタル法人,48,新規,12ヶ月以上
B24032371,11,2025/11/30,10767,0,1500,150,0,1650,熊本支店,レンタル法人,48,新規,12ヶ月以上
B24032371,12,2025/12/31,10767,0,1500,150,0,1650,熊本支店,レンタル法人,48,新規,12ヶ月以上
B24032371,13,2026/1/31,10767,0,1500,150,0,1650,熊本支店,レンタル法人,48,新規,12ヶ月以上
B24032371,14,2026/2/28,10767,0,1500,150,0,1650,熊本支店,レンタル法人,48,新規,12ヶ月以上
B24032371,15,2026/3/31,10767,0,1500,150,0,1650,熊本支店,レンタル法人,48,新規,12ヶ月以上
B24032371,16,2026/4/30,10767,0,1500,150,0,1650,熊本支店,レンタル法人,48,新規,12ヶ月以上
B24032371,17,2026/5/31,10767,0,1500,150,0,1650,熊本支店,レンタル法人,48,新規,12ヶ月以上
B24032371,18,2026/6/30,10767,0,1500,150,0,1650,熊本支店,レンタル法人,48,新規,12ヶ月以上
B24032371,19,2026/7/31,10767,0,1500,150,0,1650,熊本支店,レンタル法人,48,新規,12ヶ月以上
B24032371,20,2026/8/31,10767,0,1500,150,0,1650,熊本支店,レンタル法人,48,新規,12ヶ月以上
B24032518,9,2025/9/30,11577,0,4500,450,0,4950,熊本支店,役務,36,新規,12ヶ月以上
B24032518,10,2025/10/31,11577,0,4500,450,0,4950,熊本支店,役務,36,新規,12ヶ月以上
B24032518,11,2025/11/30,11577,0,4500,450,0,4950,熊本支店,役務,36,新規,12ヶ月以上
B24032518,12,2025/12/31,11577,0,4500,450,0,4950,熊本支店,役務,36,新規,12ヶ月以上
B24032518,13,2026/1/31,11577,0,4500,450,0,4950,熊本支店,役務,36,新規,12ヶ月以上
B24032518,14,2026/2/28,11577,0,4500,450,0,4950,熊本支店,役務,36,新規,12ヶ月以上
B24032518,15,2026/3/31,11577,0,4500,450,0,4950,熊本支店,役務,36,新規,12ヶ月以上
B24032518,16,2026/4/30,11577,0,4500,450,0,4950,熊本支店,役務,36,新規,12ヶ月以上
B24032518,17,2026/5/31,11577,0,4500,450,0,4950,熊本支店,役務,36,新規,12ヶ月以上
B24032518,18,2026/6/30,11577,0,4500,450,0,4950,熊本支店,役務,36,新規,12ヶ月以上
B24032518,19,2026/7/31,11577,0,4500,450,0,4950,熊本支店,役務,36,新規,12ヶ月以上
B24032518,20,2026/8/31,11577,0,4500,450,0,4950,熊本支店,役務,36,新規,12ヶ月以上
B24032638,10,2025/9/30,11761,0,12900,1290,0,14190,熊本支店,レンタル法人,24,延長,12ヶ月以上
B24032638,11,2025/10/31,11761,0,12900,1290,0,14190,熊本支店,レンタル法人,24,延長,12ヶ月以上
B24032638,12,2025/11/30,11761,0,12900,1290,0,14190,熊本支店,レンタル法人,24,延長,12ヶ月以上
B24032638,13,2025/12/31,11761,0,12900,1290,0,14190,熊本支店,レンタル法人,24,延長,12ヶ月以上
B24032638,14,2026/1/31,11761,0,12900,1290,0,14190,熊本支店,レンタル法人,24,延長,12ヶ月以上
B24032638,15,2026/2/28,11761,0,12900,1290,0,14190,熊本支店,レンタル法人,24,延長,12ヶ月以上
B24032638,16,2026/3/31,11761,0,12900,1290,0,14190,熊本支店,レンタル法人,24,延長,12ヶ月以上
B24032638,17,2026/4/30,11761,0,12900,1290,0,14190,熊本支店,レンタル法人,24,延長,12ヶ月以上
B24032638,18,2026/5/31,11761,0,12900,1290,0,14190,熊本支店,レンタル法人,24,延長,12ヶ月以上
B24032638,19,2026/6/30,11761,0,12900,1290,0,14190,熊本支店,レンタル法人,24,延長,12ヶ月以上
B24032638,20,2026/7/31,11761,0,12900,1290,0,14190,熊本支店,レンタル法人,24,延長,12ヶ月以上
B24032638,21,2026/8/31,11761,0,12900,1290,0,14190,熊本支店,レンタル法人,24,延長,12ヶ月以上
B24032639,10,2025/9/30,11761,0,2100,210,0,2310,熊本支店,レンタル法人,24,延長,12ヶ月以上
B24032639,11,2025/10/31,11761,0,2100,210,0,2310,熊本支店,レンタル法人,24,延長,12ヶ月以上
B24032639,12,2025/11/30,11761,0,2100,210,0,2310,熊本支店,レンタル法人,24,延長,12ヶ月以上
B24032639,13,2025/12/31,11761,0,2100,210,0,2310,熊本支店,レンタル法人,24,延長,12ヶ月以上
B24032639,14,2026/1/31,11761,0,2100,210,0,2310,熊本支店,レンタル法人,24,延長,12ヶ月以上
B24032639,15,2026/2/28,11761,0,2100,210,0,2310,熊本支店,レンタル法人,24,延長,12ヶ月以上
B24032639,16,2026/3/31,11761,0,2100,210,0,2310,熊本支店,レンタル法人,24,延長,12ヶ月以上
B24032639,17,2026/4/30,11761,0,2100,210,0,2310,熊本支店,レンタル法人,24,延長,12ヶ月以上
B24032639,18,2026/5/31,11761,0,2100,210,0,2310,熊本支店,レンタル法人,24,延長,12ヶ月以上
B24032639,19,2026/6/30,11761,0,2100,210,0,2310,熊本支店,レンタル法人,24,延長,12ヶ月以上
B24032639,20,2026/7/31,11761,0,2100,210,0,2310,熊本支店,レンタル法人,24,延長,12ヶ月以上
B24032639,21,2026/8/31,11761,0,2100,210,0,2310,熊本支店,レンタル法人,24,延長,12ヶ月以上
B24032743,9,2025/9/30,14801,0,7800,780,0,8580,熊本支店,レンタル法人,48,新規,12ヶ月以上
B24032743,10,2025/10/31,14801,0,7800,780,0,8580,熊本支店,レンタル法人,48,新規,12ヶ月以上
B24032743,11,2025/11/30,14801,0,7800,780,0,8580,熊本支店,レンタル法人,48,新規,12ヶ月以上
B24032743,12,2025/12/31,14801,0,7800,780,0,8580,熊本支店,レンタル法人,48,新規,12ヶ月以上
B24032743,13,2026/1/31,14801,0,7800,780,0,8580,熊本支店,レンタル法人,48,新規,12ヶ月以上
B24032743,14,2026/2/28,14801,0,7800,780,0,8580,熊本支店,レンタル法人,48,新規,12ヶ月以上
B24032743,15,2026/3/31,14801,0,7800,780,0,8580,熊本支店,レンタル法人,48,新規,12ヶ月以上
B24032743,16,2026/4/30,14801,0,7800,780,0,8580,熊本支店,レンタル法人,48,新規,12ヶ月以上
B24032743,17,2026/5/31,14801,0,7800,780,0,8580,熊本支店,レンタル法人,48,新規,12ヶ月以上
B24032743,18,2026/6/30,14801,0,7800,780,0,8580,熊本支店,レンタル法人,48,新規,12ヶ月以上
B24032743,19,2026/7/31,14801,0,7800,780,0,8580,熊本支店,レンタル法人,48,新規,12ヶ月以上
B24032743,20,2026/8/31,14801,0,7800,780,0,8580,熊本支店,レンタル法人,48,新規,12ヶ月以上
B24033013,9,2025/9/30,10784,0,11800,1180,0,12980,熊本支店,レンタル法人,15,新規,12ヶ月以上
B24033013,10,2025/10/31,10784,0,11800,1180,0,12980,熊本支店,レンタル法人,15,新規,12ヶ月以上
B24033013,11,2025/11/30,10784,0,11800,1180,0,12980,熊本支店,レンタル法人,15,新規,12ヶ月以上
B24033013,12,2025/12/31,10784,0,11800,1180,0,12980,熊本支店,レンタル法人,15,新規,12ヶ月以上
B24033013,13,2026/1/31,10784,0,11800,1180,0,12980,熊本支店,レンタル法人,15,新規,12ヶ月以上
B24033013,14,2026/2/28,10784,0,11800,1180,0,12980,熊本支店,レンタル法人,15,新規,12ヶ月以上
B24033013,15,2026/3/31,10784,0,11800,1180,0,12980,熊本支店,レンタル法人,15,新規,12ヶ月以上
B24033038,9,2025/9/30,1401,0,7900,790,0,8690,熊本支店,レンタル法人,12,新規,12ヶ月未満
B24033038,10,2025/10/31,1401,0,7900,790,0,8690,熊本支店,レンタル法人,12,新規,12ヶ月未満
B24033038,11,2025/11/30,1401,0,7900,790,0,8690,熊本支店,レンタル法人,12,新規,12ヶ月未満
B24033038,12,2025/12/31,1401,0,7900,790,0,8690,熊本支店,レンタル法人,12,新規,12ヶ月未満
B24033206,9,2025/9/30,10784,0,4300,430,0,4730,熊本支店,レンタル法人,15,新規,12ヶ月以上
B24033206,10,2025/10/31,10784,0,4300,430,0,4730,熊本支店,レンタル法人,15,新規,12ヶ月以上
B24033206,11,2025/11/30,10784,0,4300,430,0,4730,熊本支店,レンタル法人,15,新規,12ヶ月以上
B24033206,12,2025/12/31,10784,0,4300,430,0,4730,熊本支店,レンタル法人,15,新規,12ヶ月以上
B24033206,13,2026/1/31,10784,0,4300,430,0,4730,熊本支店,レンタル法人,15,新規,12ヶ月以上
B24033206,14,2026/2/28,10784,0,4300,430,0,4730,熊本支店,レンタル法人,15,新規,12ヶ月以上
B24033206,15,2026/3/31,10784,0,4300,430,0,4730,熊本支店,レンタル法人,15,新規,12ヶ月以上
B24033287,9,2025/9/30,10784,0,16600,1660,0,18260,熊本支店,レンタル法人,15,新規,12ヶ月以上
B24033287,10,2025/10/31,10784,0,16600,1660,0,18260,熊本支店,レンタル法人,15,新規,12ヶ月以上
B24033287,11,2025/11/30,10784,0,16600,1660,0,18260,熊本支店,レンタル法人,15,新規,12ヶ月以上
B24033287,12,2025/12/31,10784,0,16600,1660,0,18260,熊本支店,レンタル法人,15,新規,12ヶ月以上
B24033287,13,2026/1/31,10784,0,16600,1660,0,18260,熊本支店,レンタル法人,15,新規,12ヶ月以上
B24033287,14,2026/2/28,10784,0,16600,1660,0,18260,熊本支店,レンタル法人,15,新規,12ヶ月以上
B24033287,15,2026/3/31,10784,0,16600,1660,0,18260,熊本支店,レンタル法人,15,新規,12ヶ月以上
B24033292,9,2025/9/30,16101,0,4500,450,0,4950,熊本支店,レンタル法人,9,新規,12ヶ月未満
B24033398,8,2025/9/30,15906,0,760,76,0,836,熊本支店,レンタル法人,36,新規,12ヶ月以上
B24033398,9,2025/10/31,15906,0,760,76,0,836,熊本支店,レンタル法人,36,新規,12ヶ月以上
B24033398,10,2025/11/30,15906,0,760,76,0,836,熊本支店,レンタル法人,36,新規,12ヶ月以上
B24033398,11,2025/12/31,15906,0,760,76,0,836,熊本支店,レンタル法人,36,新規,12ヶ月以上
B24033398,12,2026/1/31,15906,0,760,76,0,836,熊本支店,レンタル法人,36,新規,12ヶ月以上
B24033398,13,2026/2/28,15906,0,760,76,0,836,熊本支店,レンタル法人,36,新規,12ヶ月以上
B24033398,14,2026/3/31,15906,0,760,76,0,836,熊本支店,レンタル法人,36,新規,12ヶ月以上
B24033398,15,2026/4/30,15906,0,760,76,0,836,熊本支店,レンタル法人,36,新規,12ヶ月以上
B24033398,16,2026/5/31,15906,0,760,76,0,836,熊本支店,レンタル法人,36,新規,12ヶ月以上
B24033398,17,2026/6/30,15906,0,760,76,0,836,熊本支店,レンタル法人,36,新規,12ヶ月以上
B24033398,18,2026/7/31,15906,0,760,76,0,836,熊本支店,レンタル法人,36,新規,12ヶ月以上
B24033398,19,2026/8/31,15906,0,760,76,0,836,熊本支店,レンタル法人,36,新規,12ヶ月以上
B25000015,9,2025/9/30,10314,0,2930,293,0,3223,熊本支店,レンタル法人,60,新規,12ヶ月以上
B25000015,10,2025/10/31,10314,0,2930,293,0,3223,熊本支店,レンタル法人,60,新規,12ヶ月以上
B25000015,11,2025/11/30,10314,0,2930,293,0,3223,熊本支店,レンタル法人,60,新規,12ヶ月以上
B25000015,12,2025/12/31,10314,0,2930,293,0,3223,熊本支店,レンタル法人,60,新規,12ヶ月以上
B25000015,13,2026/1/31,10314,0,2930,293,0,3223,熊本支店,レンタル法人,60,新規,12ヶ月以上
B25000015,14,2026/2/28,10314,0,2930,293,0,3223,熊本支店,レンタル法人,60,新規,12ヶ月以上
B25000015,15,2026/3/31,10314,0,2930,293,0,3223,熊本支店,レンタル法人,60,新規,12ヶ月以上
B25000015,16,2026/4/30,10314,0,2930,293,0,3223,熊本支店,レンタル法人,60,新規,12ヶ月以上
B25000015,17,2026/5/31,10314,0,2930,293,0,3223,熊本支店,レンタル法人,60,新規,12ヶ月以上
B25000015,18,2026/6/30,10314,0,2930,293,0,3223,熊本支店,レンタル法人,60,新規,12ヶ月以上
B25000015,19,2026/7/31,10314,0,2930,293,0,3223,熊本支店,レンタル法人,60,新規,12ヶ月以上
B25000015,20,2026/8/31,10314,0,2930,293,0,3223,熊本支店,レンタル法人,60,新規,12ヶ月以上
B25000066,9,2025/9/30,10772,0,7350,735,0,8085,熊本支店,レンタル法人,24,新規,12ヶ月以上
B25000066,10,2025/10/31,10772,0,7350,735,0,8085,熊本支店,レンタル法人,24,新規,12ヶ月以上
B25000066,11,2025/11/30,10772,0,7350,735,0,8085,熊本支店,レンタル法人,24,新規,12ヶ月以上
B25000066,12,2025/12/31,10772,0,7350,735,0,8085,熊本支店,レンタル法人,24,新規,12ヶ月以上
B25000066,13,2026/1/31,10772,0,7350,735,0,8085,熊本支店,レンタル法人,24,新規,12ヶ月以上
B25000066,14,2026/2/28,10772,0,7350,735,0,8085,熊本支店,レンタル法人,24,新規,12ヶ月以上
B25000066,15,2026/3/31,10772,0,7350,735,0,8085,熊本支店,レンタル法人,24,新規,12ヶ月以上
B25000066,16,2026/4/30,10772,0,7350,735,0,8085,熊本支店,レンタル法人,24,新規,12ヶ月以上
B25000066,17,2026/5/31,10772,0,7350,735,0,8085,熊本支店,レンタル法人,24,新規,12ヶ月以上
B25000066,18,2026/6/30,10772,0,7350,735,0,8085,熊本支店,レンタル法人,24,新規,12ヶ月以上
B25000066,19,2026/7/31,10772,0,7350,735,0,8085,熊本支店,レンタル法人,24,新規,12ヶ月以上
B25000066,20,2026/8/31,10772,0,7350,735,0,8085,熊本支店,レンタル法人,24,新規,12ヶ月以上
B25000112,7,2025/9/30,10986,0,1100,110,0,1210,熊本支店,レンタル法人,48,新規,12ヶ月以上
B25000112,8,2025/10/31,10986,0,1100,110,0,1210,熊本支店,レンタル法人,48,新規,12ヶ月以上
B25000112,9,2025/11/30,10986,0,1100,110,0,1210,熊本支店,レンタル法人,48,新規,12ヶ月以上
B25000112,10,2025/12/31,10986,0,1100,110,0,1210,熊本支店,レンタル法人,48,新規,12ヶ月以上
B25000112,11,2026/1/31,10986,0,1100,110,0,1210,熊本支店,レンタル法人,48,新規,12ヶ月以上
B25000112,12,2026/2/28,10986,0,1100,110,0,1210,熊本支店,レンタル法人,48,新規,12ヶ月以上
B25000112,13,2026/3/31,10986,0,1100,110,0,1210,熊本支店,レンタル法人,48,新規,12ヶ月以上
B25000112,14,2026/4/30,10986,0,1100,110,0,1210,熊本支店,レンタル法人,48,新規,12ヶ月以上
B25000112,15,2026/5/31,10986,0,1100,110,0,1210,熊本支店,レンタル法人,48,新規,12ヶ月以上
B25000112,16,2026/6/30,10986,0,1100,110,0,1210,熊本支店,レンタル法人,48,新規,12ヶ月以上
B25000112,17,2026/7/31,10986,0,1100,110,0,1210,熊本支店,レンタル法人,48,新規,12ヶ月以上
B25000112,18,2026/8/31,10986,0,1100,110,0,1210,熊本支店,レンタル法人,48,新規,12ヶ月以上
B25000293,8,2025/9/30,10784,0,4250,425,0,4675,熊本支店,レンタル法人,14,新規,12ヶ月以上
B25000293,9,2025/10/31,10784,0,4250,425,0,4675,熊本支店,レンタル法人,14,新規,12ヶ月以上
B25000293,10,2025/11/30,10784,0,4250,425,0,4675,熊本支店,レンタル法人,14,新規,12ヶ月以上
B25000293,11,2025/12/31,10784,0,4250,425,0,4675,熊本支店,レンタル法人,14,新規,12ヶ月以上
B25000293,12,2026/1/31,10784,0,4250,425,0,4675,熊本支店,レンタル法人,14,新規,12ヶ月以上
B25000293,13,2026/2/28,10784,0,4250,425,0,4675,熊本支店,レンタル法人,14,新規,12ヶ月以上
B25000293,14,2026/3/31,10784,0,4250,425,0,4675,熊本支店,レンタル法人,14,新規,12ヶ月以上
B25000440,8,2025/9/30,10784,0,11800,1180,0,12980,熊本支店,レンタル法人,14,新規,12ヶ月以上
B25000440,9,2025/10/31,10784,0,11800,1180,0,12980,熊本支店,レンタル法人,14,新規,12ヶ月以上
B25000440,10,2025/11/30,10784,0,11800,1180,0,12980,熊本支店,レンタル法人,14,新規,12ヶ月以上
B25000440,11,2025/12/31,10784,0,11800,1180,0,12980,熊本支店,レンタル法人,14,新規,12ヶ月以上
B25000440,12,2026/1/31,10784,0,11800,1180,0,12980,熊本支店,レンタル法人,14,新規,12ヶ月以上
B25000440,13,2026/2/28,10784,0,11800,1180,0,12980,熊本支店,レンタル法人,14,新規,12ヶ月以上
B25000440,14,2026/3/31,10784,0,11800,1180,0,12980,熊本支店,レンタル法人,14,新規,12ヶ月以上
B25000593,7,2025/9/30,11577,0,18200,1820,0,20020,熊本支店,レンタル法人,36,新規,12ヶ月以上
B25000593,8,2025/10/31,11577,0,18200,1820,0,20020,熊本支店,レンタル法人,36,新規,12ヶ月以上
B25000593,9,2025/11/30,11577,0,18200,1820,0,20020,熊本支店,レンタル法人,36,新規,12ヶ月以上
B25000593,10,2025/12/31,11577,0,18200,1820,0,20020,熊本支店,レンタル法人,36,新規,12ヶ月以上
B25000593,11,2026/1/31,11577,0,18200,1820,0,20020,熊本支店,レンタル法人,36,新規,12ヶ月以上
B25000593,12,2026/2/28,11577,0,18200,1820,0,20020,熊本支店,レンタル法人,36,新規,12ヶ月以上
B25000593,13,2026/3/31,11577,0,18200,1820,0,20020,熊本支店,レンタル法人,36,新規,12ヶ月以上
B25000593,14,2026/4/30,11577,0,18200,1820,0,20020,熊本支店,レンタル法人,36,新規,12ヶ月以上
B25000593,15,2026/5/31,11577,0,18200,1820,0,20020,熊本支店,レンタル法人,36,新規,12ヶ月以上
B25000593,16,2026/6/30,11577,0,18200,1820,0,20020,熊本支店,レンタル法人,36,新規,12ヶ月以上
B25000593,17,2026/7/31,11577,0,18200,1820,0,20020,熊本支店,レンタル法人,36,新規,12ヶ月以上
B25000593,18,2026/8/31,11577,0,18200,1820,0,20020,熊本支店,レンタル法人,36,新規,12ヶ月以上
B25000724,9,2025/9/30,1401,0,6500,650,0,7150,熊本支店,レンタル法人,15,新規,12ヶ月以上
B25000724,10,2025/10/31,1401,0,6500,650,0,7150,熊本支店,レンタル法人,15,新規,12ヶ月以上
B25000724,11,2025/11/30,1401,0,6500,650,0,7150,熊本支店,レンタル法人,15,新規,12ヶ月以上
B25000724,12,2025/12/31,1401,0,6500,650,0,7150,熊本支店,レンタル法人,15,新規,12ヶ月以上
B25000724,13,2026/1/31,1401,0,6500,650,0,7150,熊本支店,レンタル法人,15,新規,12ヶ月以上
B25000724,14,2026/2/28,1401,0,6500,650,0,7150,熊本支店,レンタル法人,15,新規,12ヶ月以上
B25000724,15,2026/3/31,1401,0,6500,650,0,7150,熊本支店,レンタル法人,15,新規,12ヶ月以上
B25000745,8,2025/9/30,10784,0,8900,890,0,9790,熊本支店,レンタル法人,14,新規,12ヶ月以上
B25000745,9,2025/10/31,10784,0,8900,890,0,9790,熊本支店,レンタル法人,14,新規,12ヶ月以上
B25000745,10,2025/11/30,10784,0,8900,890,0,9790,熊本支店,レンタル法人,14,新規,12ヶ月以上
B25000745,11,2025/12/31,10784,0,8900,890,0,9790,熊本支店,レンタル法人,14,新規,12ヶ月以上
B25000745,12,2026/1/31,10784,0,8900,890,0,9790,熊本支店,レンタル法人,14,新規,12ヶ月以上
B25000745,13,2026/2/28,10784,0,8900,890,0,9790,熊本支店,レンタル法人,14,新規,12ヶ月以上
B25000745,14,2026/3/31,10784,0,8900,890,0,9790,熊本支店,レンタル法人,14,新規,12ヶ月以上
B25001102,7,2025/9/30,10784,0,24000,2400,0,26400,熊本支店,レンタル法人,13,新規,12ヶ月以上
B25001102,8,2025/10/31,10784,0,24000,2400,0,26400,熊本支店,レンタル法人,13,新規,12ヶ月以上
B25001102,9,2025/11/30,10784,0,24000,2400,0,26400,熊本支店,レンタル法人,13,新規,12ヶ月以上
B25001102,10,2025/12/31,10784,0,24000,2400,0,26400,熊本支店,レンタル法人,13,新規,12ヶ月以上
B25001102,11,2026/1/31,10784,0,24000,2400,0,26400,熊本支店,レンタル法人,13,新規,12ヶ月以上
B25001102,12,2026/2/28,10784,0,24000,2400,0,26400,熊本支店,レンタル法人,13,新規,12ヶ月以上
B25001102,13,2026/3/31,10784,0,24000,2400,0,26400,熊本支店,レンタル法人,13,新規,12ヶ月以上
B25001218,8,2025/9/30,10856,0,3200,320,0,3520,熊本支店,レンタル法人,24,新規,12ヶ月以上
B25001218,9,2025/10/31,10856,0,3200,320,0,3520,熊本支店,レンタル法人,24,新規,12ヶ月以上
B25001218,10,2025/11/30,10856,0,3200,320,0,3520,熊本支店,レンタル法人,24,新規,12ヶ月以上
B25001218,11,2025/12/31,10856,0,3200,320,0,3520,熊本支店,レンタル法人,24,新規,12ヶ月以上
B25001218,12,2026/1/31,10856,0,3200,320,0,3520,熊本支店,レンタル法人,24,新規,12ヶ月以上
B25001218,13,2026/2/28,10856,0,3200,320,0,3520,熊本支店,レンタル法人,24,新規,12ヶ月以上
B25001218,14,2026/3/31,10856,0,3200,320,0,3520,熊本支店,レンタル法人,24,新規,12ヶ月以上
B25001218,15,2026/4/30,10856,0,3200,320,0,3520,熊本支店,レンタル法人,24,新規,12ヶ月以上
B25001218,16,2026/5/31,10856,0,3200,320,0,3520,熊本支店,レンタル法人,24,新規,12ヶ月以上
B25001218,17,2026/6/30,10856,0,3200,320,0,3520,熊本支店,レンタル法人,24,新規,12ヶ月以上
B25001218,18,2026/7/31,10856,0,3200,320,0,3520,熊本支店,レンタル法人,24,新規,12ヶ月以上
B25001218,19,2026/8/31,10856,0,3200,320,0,3520,熊本支店,レンタル法人,24,新規,12ヶ月以上
B25001385,8,2025/9/30,10784,0,4250,425,0,4675,熊本支店,レンタル法人,14,新規,12ヶ月以上
B25001385,9,2025/10/31,10784,0,4250,425,0,4675,熊本支店,レンタル法人,14,新規,12ヶ月以上
B25001385,10,2025/11/30,10784,0,4250,425,0,4675,熊本支店,レンタル法人,14,新規,12ヶ月以上
B25001385,11,2025/12/31,10784,0,4250,425,0,4675,熊本支店,レンタル法人,14,新規,12ヶ月以上
B25001385,12,2026/1/31,10784,0,4250,425,0,4675,熊本支店,レンタル法人,14,新規,12ヶ月以上
B25001385,13,2026/2/28,10784,0,4250,425,0,4675,熊本支店,レンタル法人,14,新規,12ヶ月以上
B25001385,14,2026/3/31,10784,0,4250,425,0,4675,熊本支店,レンタル法人,14,新規,12ヶ月以上
B25001465,8,2025/9/30,7462,0,40500,4050,0,44550,熊本支店,販売,9,新規,12ヶ月未満
B25001465,9,2025/10/31,7462,0,40500,4050,0,44550,熊本支店,販売,9,新規,12ヶ月未満
B25001493,8,2025/9/30,1401,0,12000,1200,0,13200,熊本支店,レンタル法人,21,新規,12ヶ月以上
B25001493,9,2025/10/31,1401,0,12000,1200,0,13200,熊本支店,レンタル法人,21,新規,12ヶ月以上
B25001493,10,2025/11/30,1401,0,12000,1200,0,13200,熊本支店,レンタル法人,21,新規,12ヶ月以上
B25001493,11,2025/12/31,1401,0,12000,1200,0,13200,熊本支店,レンタル法人,21,新規,12ヶ月以上
B25001493,12,2026/1/31,1401,0,12000,1200,0,13200,熊本支店,レンタル法人,21,新規,12ヶ月以上
B25001493,13,2026/2/28,1401,0,12000,1200,0,13200,熊本支店,レンタル法人,21,新規,12ヶ月以上
B25001493,14,2026/3/31,1401,0,12000,1200,0,13200,熊本支店,レンタル法人,21,新規,12ヶ月以上
B25001493,15,2026/4/30,1401,0,12000,1200,0,13200,熊本支店,レンタル法人,21,新規,12ヶ月以上
B25001493,16,2026/5/31,1401,0,12000,1200,0,13200,熊本支店,レンタル法人,21,新規,12ヶ月以上
B25001493,17,2026/6/30,1401,0,12000,1200,0,13200,熊本支店,レンタル法人,21,新規,12ヶ月以上
B25001493,18,2026/7/31,1401,0,12000,1200,0,13200,熊本支店,レンタル法人,21,新規,12ヶ月以上
B25001493,19,2026/8/31,1401,0,12000,1200,0,13200,熊本支店,レンタル法人,21,新規,12ヶ月以上
B25001532,9,2025/9/30,16041,0,100,10,0,110,熊本支店,レンタル法人,36,新規,12ヶ月以上
B25001532,10,2025/10/31,16041,0,100,10,0,110,熊本支店,レンタル法人,36,新規,12ヶ月以上
B25001532,11,2025/11/30,16041,0,100,10,0,110,熊本支店,レンタル法人,36,新規,12ヶ月以上
B25001532,12,2025/12/31,16041,0,100,10,0,110,熊本支店,レンタル法人,36,新規,12ヶ月以上
B25001532,13,2026/1/31,16041,0,100,10,0,110,熊本支店,レンタル法人,36,新規,12ヶ月以上
B25001532,14,2026/2/28,16041,0,100,10,0,110,熊本支店,レンタル法人,36,新規,12ヶ月以上
B25001532,15,2026/3/31,16041,0,100,10,0,110,熊本支店,レンタル法人,36,新規,12ヶ月以上
B25001532,16,2026/4/30,16041,0,100,10,0,110,熊本支店,レンタル法人,36,新規,12ヶ月以上
B25001532,17,2026/5/31,16041,0,100,10,0,110,熊本支店,レンタル法人,36,新規,12ヶ月以上
B25001532,18,2026/6/30,16041,0,100,10,0,110,熊本支店,レンタル法人,36,新規,12ヶ月以上
B25001532,19,2026/7/31,16041,0,100,10,0,110,熊本支店,レンタル法人,36,新規,12ヶ月以上
B25001532,20,2026/8/31,16041,0,100,10,0,110,熊本支店,レンタル法人,36,新規,12ヶ月以上
B25001551,7,2025/9/30,12172,0,18620,1862,0,20482,熊本支店,レンタル法人,60,新規,12ヶ月以上
B25001551,8,2025/10/31,12172,0,18620,1862,0,20482,熊本支店,レンタル法人,60,新規,12ヶ月以上
B25001551,9,2025/11/30,12172,0,18620,1862,0,20482,熊本支店,レンタル法人,60,新規,12ヶ月以上
B25001551,10,2025/12/31,12172,0,18620,1862,0,20482,熊本支店,レンタル法人,60,新規,12ヶ月以上
B25001551,11,2026/1/31,12172,0,18620,1862,0,20482,熊本支店,レンタル法人,60,新規,12ヶ月以上
B25001551,12,2026/2/28,12172,0,18620,1862,0,20482,熊本支店,レンタル法人,60,新規,12ヶ月以上
B25001551,13,2026/3/31,12172,0,18620,1862,0,20482,熊本支店,レンタル法人,60,新規,12ヶ月以上
B25001551,14,2026/4/30,12172,0,18620,1862,0,20482,熊本支店,レンタル法人,60,新規,12ヶ月以上
B25001551,15,2026/5/31,12172,0,18620,1862,0,20482,熊本支店,レンタル法人,60,新規,12ヶ月以上
B25001551,16,2026/6/30,12172,0,18620,1862,0,20482,熊本支店,レンタル法人,60,新規,12ヶ月以上
B25001551,17,2026/7/31,12172,0,18620,1862,0,20482,熊本支店,レンタル法人,60,新規,12ヶ月以上
B25001551,18,2026/8/31,12172,0,18620,1862,0,20482,熊本支店,レンタル法人,60,新規,12ヶ月以上
B25001576,8,2025/9/30,1401,0,10900,1090,0,11990,熊本支店,レンタル法人,12,新規,12ヶ月未満
B25001576,9,2025/10/31,1401,0,10900,1090,0,11990,熊本支店,レンタル法人,12,新規,12ヶ月未満
B25001576,10,2025/11/30,1401,0,10900,1090,0,11990,熊本支店,レンタル法人,12,新規,12ヶ月未満
B25001576,11,2025/12/31,1401,0,10900,1090,0,11990,熊本支店,レンタル法人,12,新規,12ヶ月未満
B25001576,12,2026/1/31,1401,0,10900,1090,0,11990,熊本支店,レンタル法人,12,新規,12ヶ月未満
B25002028,8,2025/9/30,10489,0,2728,272,0,3000,熊本支店,レンタル法人,12,延長,12ヶ月未満
B25002028,9,2025/10/31,10489,0,2728,272,0,3000,熊本支店,レンタル法人,12,延長,12ヶ月未満
B25002028,10,2025/11/30,10489,0,2728,272,0,3000,熊本支店,レンタル法人,12,延長,12ヶ月未満
B25002028,11,2025/12/31,10489,0,2728,272,0,3000,熊本支店,レンタル法人,12,延長,12ヶ月未満
B25002028,12,2026/1/31,10489,0,2728,272,0,3000,熊本支店,レンタル法人,12,延長,12ヶ月未満
B25002226,8,2025/9/30,5911,0,30000,3000,0,33000,熊本支店,レンタル法人,9,新規,12ヶ月未満
B25002226,9,2025/10/31,5911,0,30000,3000,0,33000,熊本支店,レンタル法人,9,新規,12ヶ月未満
B25002365,6,2025/9/30,14801,0,87750,8775,0,96525,熊本支店,レンタル法人,48,新規,12ヶ月以上
B25002365,7,2025/10/31,14801,0,87750,8775,0,96525,熊本支店,レンタル法人,48,新規,12ヶ月以上
B25002365,8,2025/11/30,14801,0,87750,8775,0,96525,熊本支店,レンタル法人,48,新規,12ヶ月以上
B25002365,9,2025/12/31,14801,0,87750,8775,0,96525,熊本支店,レンタル法人,48,新規,12ヶ月以上
B25002365,10,2026/1/31,14801,0,87750,8775,0,96525,熊本支店,レンタル法人,48,新規,12ヶ月以上
B25002365,11,2026/2/28,14801,0,87750,8775,0,96525,熊本支店,レンタル法人,48,新規,12ヶ月以上
B25002365,12,2026/3/31,14801,0,87750,8775,0,96525,熊本支店,レンタル法人,48,新規,12ヶ月以上
B25002365,13,2026/4/30,14801,0,87750,8775,0,96525,熊本支店,レンタル法人,48,新規,12ヶ月以上
B25002365,14,2026/5/31,14801,0,87750,8775,0,96525,熊本支店,レンタル法人,48,新規,12ヶ月以上
B25002365,15,2026/6/30,14801,0,87750,8775,0,96525,熊本支店,レンタル法人,48,新規,12ヶ月以上
B25002365,16,2026/7/31,14801,0,87750,8775,0,96525,熊本支店,レンタル法人,48,新規,12ヶ月以上
B25002365,17,2026/8/31,14801,0,87750,8775,0,96525,熊本支店,レンタル法人,48,新規,12ヶ月以上
B25002831,8,2025/9/30,14868,0,27300,2730,0,30030,熊本支店,レンタル法人,48,新規,12ヶ月以上
B25002831,9,2025/10/31,14868,0,27300,2730,0,30030,熊本支店,レンタル法人,48,新規,12ヶ月以上
B25002831,10,2025/11/30,14868,0,27300,2730,0,30030,熊本支店,レンタル法人,48,新規,12ヶ月以上
B25002831,11,2025/12/31,14868,0,27300,2730,0,30030,熊本支店,レンタル法人,48,新規,12ヶ月以上
B25002831,12,2026/1/31,14868,0,27300,2730,0,30030,熊本支店,レンタル法人,48,新規,12ヶ月以上
B25002831,13,2026/2/28,14868,0,27300,2730,0,30030,熊本支店,レンタル法人,48,新規,12ヶ月以上
B25002831,14,2026/3/31,14868,0,27300,2730,0,30030,熊本支店,レンタル法人,48,新規,12ヶ月以上
B25002831,15,2026/4/30,14868,0,27300,2730,0,30030,熊本支店,レンタル法人,48,新規,12ヶ月以上
B25002831,16,2026/5/31,14868,0,27300,2730,0,30030,熊本支店,レンタル法人,48,新規,12ヶ月以上
B25002831,17,2026/6/30,14868,0,27300,2730,0,30030,熊本支店,レンタル法人,48,新規,12ヶ月以上
B25002831,18,2026/7/31,14868,0,27300,2730,0,30030,熊本支店,レンタル法人,48,新規,12ヶ月以上
B25002831,19,2026/8/31,14868,0,27300,2730,0,30030,熊本支店,レンタル法人,48,新規,12ヶ月以上
B25003026,8,2025/9/30,12450,0,6000,600,0,6600,熊本支店,レンタル法人,12,新規,12ヶ月未満
B25003026,9,2025/10/31,12450,0,6000,600,0,6600,熊本支店,レンタル法人,12,新規,12ヶ月未満
B25003026,10,2025/11/30,12450,0,6000,600,0,6600,熊本支店,レンタル法人,12,新規,12ヶ月未満
B25003026,11,2025/12/31,12450,0,6000,600,0,6600,熊本支店,レンタル法人,12,新規,12ヶ月未満
B25003026,12,2026/1/31,12450,0,6000,600,0,6600,熊本支店,レンタル法人,12,新規,12ヶ月未満
B25003036,8,2025/9/30,11761,0,1100,110,0,1210,熊本支店,レンタル法人,23,新規,12ヶ月以上
B25003036,9,2025/10/31,11761,0,1100,110,0,1210,熊本支店,レンタル法人,23,新規,12ヶ月以上
B25003036,10,2025/11/30,11761,0,1100,110,0,1210,熊本支店,レンタル法人,23,新規,12ヶ月以上
B25003036,11,2025/12/31,11761,0,1100,110,0,1210,熊本支店,レンタル法人,23,新規,12ヶ月以上
B25003036,12,2026/1/31,11761,0,1100,110,0,1210,熊本支店,レンタル法人,23,新規,12ヶ月以上
B25003036,13,2026/2/28,11761,0,1100,110,0,1210,熊本支店,レンタル法人,23,新規,12ヶ月以上
B25003036,14,2026/3/31,11761,0,1100,110,0,1210,熊本支店,レンタル法人,23,新規,12ヶ月以上
B25003036,15,2026/4/30,11761,0,1100,110,0,1210,熊本支店,レンタル法人,23,新規,12ヶ月以上
B25003036,16,2026/5/31,11761,0,1100,110,0,1210,熊本支店,レンタル法人,23,新規,12ヶ月以上
B25003036,17,2026/6/30,11761,0,1100,110,0,1210,熊本支店,レンタル法人,23,新規,12ヶ月以上
B25003036,18,2026/7/31,11761,0,1100,110,0,1210,熊本支店,レンタル法人,23,新規,12ヶ月以上
B25003036,19,2026/8/31,11761,0,1100,110,0,1210,熊本支店,レンタル法人,23,新規,12ヶ月以上
B25003530,8,2025/9/30,5357,0,7150,715,0,7865,熊本支店,レンタル法人,15,新規,12ヶ月以上
B25003530,9,2025/10/31,5357,0,7150,715,0,7865,熊本支店,レンタル法人,15,新規,12ヶ月以上
B25003530,10,2025/11/30,5357,0,7150,715,0,7865,熊本支店,レンタル法人,15,新規,12ヶ月以上
B25003530,11,2025/12/31,5357,0,7150,715,0,7865,熊本支店,レンタル法人,15,新規,12ヶ月以上
B25003530,12,2026/1/31,5357,0,7150,715,0,7865,熊本支店,レンタル法人,15,新規,12ヶ月以上
B25003530,13,2026/2/28,5357,0,7150,715,0,7865,熊本支店,レンタル法人,15,新規,12ヶ月以上
B25003530,14,2026/3/31,5357,0,7150,715,0,7865,熊本支店,レンタル法人,15,新規,12ヶ月以上
B25003530,15,2026/4/30,5357,0,7150,715,0,7865,熊本支店,レンタル法人,15,新規,12ヶ月以上
B25003668,7,2025/9/30,17396,0,13420,1342,0,14762,熊本支店,レンタル法人,48,新規,12ヶ月以上
B25003668,8,2025/10/31,17396,0,13420,1342,0,14762,熊本支店,レンタル法人,48,新規,12ヶ月以上
B25003668,9,2025/11/30,17396,0,13420,1342,0,14762,熊本支店,レンタル法人,48,新規,12ヶ月以上
B25003668,10,2025/12/31,17396,0,13420,1342,0,14762,熊本支店,レンタル法人,48,新規,12ヶ月以上
B25003668,11,2026/1/31,17396,0,13420,1342,0,14762,熊本支店,レンタル法人,48,新規,12ヶ月以上
B25003668,12,2026/2/28,17396,0,13420,1342,0,14762,熊本支店,レンタル法人,48,新規,12ヶ月以上
B25003668,13,2026/3/31,17396,0,13420,1342,0,14762,熊本支店,レンタル法人,48,新規,12ヶ月以上
B25003668,14,2026/4/30,17396,0,13420,1342,0,14762,熊本支店,レンタル法人,48,新規,12ヶ月以上
B25003668,15,2026/5/31,17396,0,13420,1342,0,14762,熊本支店,レンタル法人,48,新規,12ヶ月以上
B25003668,16,2026/6/30,17396,0,13420,1342,0,14762,熊本支店,レンタル法人,48,新規,12ヶ月以上
B25003668,17,2026/7/31,17396,0,13420,1342,0,14762,熊本支店,レンタル法人,48,新規,12ヶ月以上
B25003668,18,2026/8/31,17396,0,13420,1342,0,14762,熊本支店,レンタル法人,48,新規,12ヶ月以上
B25003726,8,2025/9/30,5357,0,14300,1430,0,15730,熊本支店,レンタル法人,15,新規,12ヶ月以上
B25003726,9,2025/10/31,5357,0,14300,1430,0,15730,熊本支店,レンタル法人,15,新規,12ヶ月以上
B25003726,10,2025/11/30,5357,0,14300,1430,0,15730,熊本支店,レンタル法人,15,新規,12ヶ月以上
B25003726,11,2025/12/31,5357,0,14300,1430,0,15730,熊本支店,レンタル法人,15,新規,12ヶ月以上
B25003726,12,2026/1/31,5357,0,14300,1430,0,15730,熊本支店,レンタル法人,15,新規,12ヶ月以上
B25003726,13,2026/2/28,5357,0,14300,1430,0,15730,熊本支店,レンタル法人,15,新規,12ヶ月以上
B25003726,14,2026/3/31,5357,0,14300,1430,0,15730,熊本支店,レンタル法人,15,新規,12ヶ月以上
B25003726,15,2026/4/30,5357,0,14300,1430,0,15730,熊本支店,レンタル法人,15,新規,12ヶ月以上
B25003853,6,2025/9/30,10830,0,62800,6280,0,69080,熊本支店,レンタル法人,12,新規,12ヶ月未満
B25003853,7,2025/10/31,10830,0,62800,6280,0,69080,熊本支店,レンタル法人,12,新規,12ヶ月未満
B25003853,8,2025/11/30,10830,0,62800,6280,0,69080,熊本支店,レンタル法人,12,新規,12ヶ月未満
B25003853,9,2025/12/31,10830,0,62800,6280,0,69080,熊本支店,レンタル法人,12,新規,12ヶ月未満
B25003853,10,2026/1/31,10830,0,62800,6280,0,69080,熊本支店,レンタル法人,12,新規,12ヶ月未満
B25003853,11,2026/2/28,10830,0,62800,6280,0,69080,熊本支店,レンタル法人,12,新規,12ヶ月未満
B25003853,12,2026/3/31,10830,0,62800,6280,0,69080,熊本支店,レンタル法人,12,新規,12ヶ月未満
B25003881,6,2025/9/30,10767,0,3000,300,0,3300,熊本支店,レンタル法人,48,新規,12ヶ月以上
B25003881,7,2025/10/31,10767,0,3000,300,0,3300,熊本支店,レンタル法人,48,新規,12ヶ月以上
B25003881,8,2025/11/30,10767,0,3000,300,0,3300,熊本支店,レンタル法人,48,新規,12ヶ月以上
B25003881,9,2025/12/31,10767,0,3000,300,0,3300,熊本支店,レンタル法人,48,新規,12ヶ月以上
B25003881,10,2026/1/31,10767,0,3000,300,0,3300,熊本支店,レンタル法人,48,新規,12ヶ月以上
B25003881,11,2026/2/28,10767,0,3000,300,0,3300,熊本支店,レンタル法人,48,新規,12ヶ月以上
B25003881,12,2026/3/31,10767,0,3000,300,0,3300,熊本支店,レンタル法人,48,新規,12ヶ月以上
B25003881,13,2026/4/30,10767,0,3000,300,0,3300,熊本支店,レンタル法人,48,新規,12ヶ月以上
B25003881,14,2026/5/31,10767,0,3000,300,0,3300,熊本支店,レンタル法人,48,新規,12ヶ月以上
B25003881,15,2026/6/30,10767,0,3000,300,0,3300,熊本支店,レンタル法人,48,新規,12ヶ月以上
B25003881,16,2026/7/31,10767,0,3000,300,0,3300,熊本支店,レンタル法人,48,新規,12ヶ月以上
B25003881,17,2026/8/31,10767,0,3000,300,0,3300,熊本支店,レンタル法人,48,新規,12ヶ月以上
B25004031,7,2025/9/30,8988,0,2250,225,0,2475,熊本支店,レンタル法人,36,新規,12ヶ月以上
B25004031,8,2025/10/31,8988,0,2250,225,0,2475,熊本支店,レンタル法人,36,新規,12ヶ月以上
B25004031,9,2025/11/30,8988,0,2250,225,0,2475,熊本支店,レンタル法人,36,新規,12ヶ月以上
B25004031,10,2025/12/31,8988,0,2250,225,0,2475,熊本支店,レンタル法人,36,新規,12ヶ月以上
B25004031,11,2026/1/31,8988,0,2250,225,0,2475,熊本支店,レンタル法人,36,新規,12ヶ月以上
B25004031,12,2026/2/28,8988,0,2250,225,0,2475,熊本支店,レンタル法人,36,新規,12ヶ月以上
B25004031,13,2026/3/31,8988,0,2250,225,0,2475,熊本支店,レンタル法人,36,新規,12ヶ月以上
B25004031,14,2026/4/30,8988,0,2250,225,0,2475,熊本支店,レンタル法人,36,新規,12ヶ月以上
B25004031,15,2026/5/31,8988,0,2250,225,0,2475,熊本支店,レンタル法人,36,新規,12ヶ月以上
B25004031,16,2026/6/30,8988,0,2250,225,0,2475,熊本支店,レンタル法人,36,新規,12ヶ月以上
B25004031,17,2026/7/31,8988,0,2250,225,0,2475,熊本支店,レンタル法人,36,新規,12ヶ月以上
B25004031,18,2026/8/31,8988,0,2250,225,0,2475,熊本支店,レンタル法人,36,新規,12ヶ月以上
B25004135,7,2025/9/30,11771,0,3900,390,0,4290,熊本支店,レンタル法人,36,新規,12ヶ月以上
B25004135,8,2025/10/31,11771,0,3900,390,0,4290,熊本支店,レンタル法人,36,新規,12ヶ月以上
B25004135,9,2025/11/30,11771,0,3900,390,0,4290,熊本支店,レンタル法人,36,新規,12ヶ月以上
B25004135,10,2025/12/31,11771,0,3900,390,0,4290,熊本支店,レンタル法人,36,新規,12ヶ月以上
B25004135,11,2026/1/31,11771,0,3900,390,0,4290,熊本支店,レンタル法人,36,新規,12ヶ月以上
B25004135,12,2026/2/28,11771,0,3900,390,0,4290,熊本支店,レンタル法人,36,新規,12ヶ月以上
B25004135,13,2026/3/31,11771,0,3900,390,0,4290,熊本支店,レンタル法人,36,新規,12ヶ月以上
B25004135,14,2026/4/30,11771,0,3900,390,0,4290,熊本支店,レンタル法人,36,新規,12ヶ月以上
B25004135,15,2026/5/31,11771,0,3900,390,0,4290,熊本支店,レンタル法人,36,新規,12ヶ月以上
B25004135,16,2026/6/30,11771,0,3900,390,0,4290,熊本支店,レンタル法人,36,新規,12ヶ月以上
B25004135,17,2026/7/31,11771,0,3900,390,0,4290,熊本支店,レンタル法人,36,新規,12ヶ月以上
B25004135,18,2026/8/31,11771,0,3900,390,0,4290,熊本支店,レンタル法人,36,新規,12ヶ月以上
B25004884,7,2025/9/30,10392,0,16560,1656,0,18216,熊本支店,レンタル法人,36,新規,12ヶ月以上
B25004884,8,2025/10/31,10392,0,16560,1656,0,18216,熊本支店,レンタル法人,36,新規,12ヶ月以上
B25004884,9,2025/11/30,10392,0,16560,1656,0,18216,熊本支店,レンタル法人,36,新規,12ヶ月以上
B25004884,10,2025/12/31,10392,0,16560,1656,0,18216,熊本支店,レンタル法人,36,新規,12ヶ月以上
B25004884,11,2026/1/31,10392,0,16560,1656,0,18216,熊本支店,レンタル法人,36,新規,12ヶ月以上
B25004884,12,2026/2/28,10392,0,16560,1656,0,18216,熊本支店,レンタル法人,36,新規,12ヶ月以上
B25004884,13,2026/3/31,10392,0,16560,1656,0,18216,熊本支店,レンタル法人,36,新規,12ヶ月以上
B25004884,14,2026/4/30,10392,0,16560,1656,0,18216,熊本支店,レンタル法人,36,新規,12ヶ月以上
B25004884,15,2026/5/31,10392,0,16560,1656,0,18216,熊本支店,レンタル法人,36,新規,12ヶ月以上
B25004884,16,2026/6/30,10392,0,16560,1656,0,18216,熊本支店,レンタル法人,36,新規,12ヶ月以上
B25004884,17,2026/7/31,10392,0,16560,1656,0,18216,熊本支店,レンタル法人,36,新規,12ヶ月以上
B25004884,18,2026/8/31,10392,0,16560,1656,0,18216,熊本支店,レンタル法人,36,新規,12ヶ月以上
B25004912,7,2025/9/30,10392,0,3600,360,0,3960,熊本支店,レンタル法人,24,新規,12ヶ月以上
B25004912,8,2025/10/31,10392,0,3600,360,0,3960,熊本支店,レンタル法人,24,新規,12ヶ月以上
B25004912,9,2025/11/30,10392,0,3600,360,0,3960,熊本支店,レンタル法人,24,新規,12ヶ月以上
B25004912,10,2025/12/31,10392,0,3600,360,0,3960,熊本支店,レンタル法人,24,新規,12ヶ月以上
B25004912,11,2026/1/31,10392,0,3600,360,0,3960,熊本支店,レンタル法人,24,新規,12ヶ月以上
B25004912,12,2026/2/28,10392,0,3600,360,0,3960,熊本支店,レンタル法人,24,新規,12ヶ月以上
B25004912,13,2026/3/31,10392,0,3600,360,0,3960,熊本支店,レンタル法人,24,新規,12ヶ月以上
B25004912,14,2026/4/30,10392,0,3600,360,0,3960,熊本支店,レンタル法人,24,新規,12ヶ月以上
B25004912,15,2026/5/31,10392,0,3600,360,0,3960,熊本支店,レンタル法人,24,新規,12ヶ月以上
B25004912,16,2026/6/30,10392,0,3600,360,0,3960,熊本支店,レンタル法人,24,新規,12ヶ月以上
B25004912,17,2026/7/31,10392,0,3600,360,0,3960,熊本支店,レンタル法人,24,新規,12ヶ月以上
B25004912,18,2026/8/31,10392,0,3600,360,0,3960,熊本支店,レンタル法人,24,新規,12ヶ月以上
B25004915,7,2025/9/30,7462,0,95400,9540,0,104940,熊本支店,レンタル法人,7,新規,12ヶ月未満
B25004967,7,2025/9/30,10767,0,1500,150,0,1650,熊本支店,レンタル法人,48,新規,12ヶ月以上
B25004967,8,2025/10/31,10767,0,1500,150,0,1650,熊本支店,レンタル法人,48,新規,12ヶ月以上
B25004967,9,2025/11/30,10767,0,1500,150,0,1650,熊本支店,レンタル法人,48,新規,12ヶ月以上
B25004967,10,2025/12/31,10767,0,1500,150,0,1650,熊本支店,レンタル法人,48,新規,12ヶ月以上
B25004967,11,2026/1/31,10767,0,1500,150,0,1650,熊本支店,レンタル法人,48,新規,12ヶ月以上
B25004967,12,2026/2/28,10767,0,1500,150,0,1650,熊本支店,レンタル法人,48,新規,12ヶ月以上
B25004967,13,2026/3/31,10767,0,1500,150,0,1650,熊本支店,レンタル法人,48,新規,12ヶ月以上
B25004967,14,2026/4/30,10767,0,1500,150,0,1650,熊本支店,レンタル法人,48,新規,12ヶ月以上
B25004967,15,2026/5/31,10767,0,1500,150,0,1650,熊本支店,レンタル法人,48,新規,12ヶ月以上
B25004967,16,2026/6/30,10767,0,1500,150,0,1650,熊本支店,レンタル法人,48,新規,12ヶ月以上
B25004967,17,2026/7/31,10767,0,1500,150,0,1650,熊本支店,レンタル法人,48,新規,12ヶ月以上
B25004967,18,2026/8/31,10767,0,1500,150,0,1650,熊本支店,レンタル法人,48,新規,12ヶ月以上
B25005185,6,2025/9/30,5911,0,261000,26100,0,287100,熊本支店,レンタル法人,7,新規,12ヶ月未満
B25005185,7,2025/10/31,5911,0,261000,26100,0,287100,熊本支店,レンタル法人,7,新規,12ヶ月未満
B25005191,7,2025/9/30,14868,0,3900,390,0,4290,熊本支店,レンタル法人,48,新規,12ヶ月以上
B25005191,8,2025/10/31,14868,0,3900,390,0,4290,熊本支店,レンタル法人,48,新規,12ヶ月以上
B25005191,9,2025/11/30,14868,0,3900,390,0,4290,熊本支店,レンタル法人,48,新規,12ヶ月以上
B25005191,10,2025/12/31,14868,0,3900,390,0,4290,熊本支店,レンタル法人,48,新規,12ヶ月以上
B25005191,11,2026/1/31,14868,0,3900,390,0,4290,熊本支店,レンタル法人,48,新規,12ヶ月以上
B25005191,12,2026/2/28,14868,0,3900,390,0,4290,熊本支店,レンタル法人,48,新規,12ヶ月以上
B25005191,13,2026/3/31,14868,0,3900,390,0,4290,熊本支店,レンタル法人,48,新規,12ヶ月以上
B25005191,14,2026/4/30,14868,0,3900,390,0,4290,熊本支店,レンタル法人,48,新規,12ヶ月以上
B25005191,15,2026/5/31,14868,0,3900,390,0,4290,熊本支店,レンタル法人,48,新規,12ヶ月以上
B25005191,16,2026/6/30,14868,0,3900,390,0,4290,熊本支店,レンタル法人,48,新規,12ヶ月以上
B25005191,17,2026/7/31,14868,0,3900,390,0,4290,熊本支店,レンタル法人,48,新規,12ヶ月以上
B25005191,18,2026/8/31,14868,0,3900,390,0,4290,熊本支店,レンタル法人,48,新規,12ヶ月以上
B25005275,5,2025/9/30,16384,0,9120,912,0,10032,熊本支店,レンタル法人,36,新規,12ヶ月以上
B25005275,6,2025/10/31,16384,0,9120,912,0,10032,熊本支店,レンタル法人,36,新規,12ヶ月以上
B25005275,7,2025/11/30,16384,0,9120,912,0,10032,熊本支店,レンタル法人,36,新規,12ヶ月以上
B25005275,8,2025/12/31,16384,0,9120,912,0,10032,熊本支店,レンタル法人,36,新規,12ヶ月以上
B25005275,9,2026/1/31,16384,0,9120,912,0,10032,熊本支店,レンタル法人,36,新規,12ヶ月以上
B25005275,10,2026/2/28,16384,0,9120,912,0,10032,熊本支店,レンタル法人,36,新規,12ヶ月以上
B25005275,11,2026/3/31,16384,0,9120,912,0,10032,熊本支店,レンタル法人,36,新規,12ヶ月以上
B25005275,12,2026/4/30,16384,0,9120,912,0,10032,熊本支店,レンタル法人,36,新規,12ヶ月以上
B25005275,13,2026/5/31,16384,0,9120,912,0,10032,熊本支店,レンタル法人,36,新規,12ヶ月以上
B25005275,14,2026/6/30,16384,0,9120,912,0,10032,熊本支店,レンタル法人,36,新規,12ヶ月以上
B25005275,15,2026/7/31,16384,0,9120,912,0,10032,熊本支店,レンタル法人,36,新規,12ヶ月以上
B25005275,16,2026/8/31,16384,0,9120,912,0,10032,熊本支店,レンタル法人,36,新規,12ヶ月以上
B25005458,6,2025/9/30,10793,0,21750,2175,0,23925,熊本支店,レンタル法人,12,延長,12ヶ月未満
B25005458,7,2025/10/31,10793,0,21750,2175,0,23925,熊本支店,レンタル法人,12,延長,12ヶ月未満
B25005458,8,2025/11/30,10793,0,21750,2175,0,23925,熊本支店,レンタル法人,12,延長,12ヶ月未満
B25005458,9,2025/12/31,10793,0,21750,2175,0,23925,熊本支店,レンタル法人,12,延長,12ヶ月未満
B25005458,10,2026/1/31,10793,0,21750,2175,0,23925,熊本支店,レンタル法人,12,延長,12ヶ月未満
B25005458,11,2026/2/28,10793,0,21750,2175,0,23925,熊本支店,レンタル法人,12,延長,12ヶ月未満
B25005458,12,2026/3/31,10793,0,21750,2175,0,23925,熊本支店,レンタル法人,12,延長,12ヶ月未満
B25005459,6,2025/9/30,10793,0,5750,575,0,6325,熊本支店,レンタル法人,12,延長,12ヶ月未満
B25005459,7,2025/10/31,10793,0,5750,575,0,6325,熊本支店,レンタル法人,12,延長,12ヶ月未満
B25005459,8,2025/11/30,10793,0,5750,575,0,6325,熊本支店,レンタル法人,12,延長,12ヶ月未満
B25005459,9,2025/12/31,10793,0,5750,575,0,6325,熊本支店,レンタル法人,12,延長,12ヶ月未満
B25005459,10,2026/1/31,10793,0,5750,575,0,6325,熊本支店,レンタル法人,12,延長,12ヶ月未満
B25005459,11,2026/2/28,10793,0,5750,575,0,6325,熊本支店,レンタル法人,12,延長,12ヶ月未満
B25005459,12,2026/3/31,10793,0,5750,575,0,6325,熊本支店,レンタル法人,12,延長,12ヶ月未満
B25005722,7,2025/9/30,10489,0,2728,272,0,3000,熊本支店,レンタル法人,12,新規,12ヶ月未満
B25005722,8,2025/10/31,10489,0,2728,272,0,3000,熊本支店,レンタル法人,12,新規,12ヶ月未満
B25005722,9,2025/11/30,10489,0,2728,272,0,3000,熊本支店,レンタル法人,12,新規,12ヶ月未満
B25005722,10,2025/12/31,10489,0,2728,272,0,3000,熊本支店,レンタル法人,12,新規,12ヶ月未満
B25005722,11,2026/1/31,10489,0,2728,272,0,3000,熊本支店,レンタル法人,12,新規,12ヶ月未満
B25005722,12,2026/2/28,10489,0,2728,272,0,3000,熊本支店,レンタル法人,12,新規,12ヶ月未満
B25005779,6,2025/9/30,12450,0,2700,270,2970,0,熊本支店,レンタル法人,12,新規,12ヶ月未満
B25005779,7,2025/10/31,12450,0,2700,270,2970,0,熊本支店,レンタル法人,12,新規,12ヶ月未満
B25005779,8,2025/11/30,12450,0,2700,270,2970,0,熊本支店,レンタル法人,12,新規,12ヶ月未満
B25005779,9,2025/12/31,12450,0,2700,270,2970,0,熊本支店,レンタル法人,12,新規,12ヶ月未満
B25005779,10,2026/1/31,12450,0,2700,270,2970,0,熊本支店,レンタル法人,12,新規,12ヶ月未満
B25005779,11,2026/2/28,12450,0,2700,270,2970,0,熊本支店,レンタル法人,12,新規,12ヶ月未満
B25005779,12,2026/3/31,12450,0,2700,270,2970,0,熊本支店,レンタル法人,12,新規,12ヶ月未満
B25005857,6,2025/9/30,10856,0,5600,560,0,6160,熊本支店,レンタル法人,24,新規,12ヶ月以上
B25005857,7,2025/10/31,10856,0,5600,560,0,6160,熊本支店,レンタル法人,24,新規,12ヶ月以上
B25005857,8,2025/11/30,10856,0,5600,560,0,6160,熊本支店,レンタル法人,24,新規,12ヶ月以上
B25005857,9,2025/12/31,10856,0,5600,560,0,6160,熊本支店,レンタル法人,24,新規,12ヶ月以上
B25005857,10,2026/1/31,10856,0,5600,560,0,6160,熊本支店,レンタル法人,24,新規,12ヶ月以上
B25005857,11,2026/2/28,10856,0,5600,560,0,6160,熊本支店,レンタル法人,24,新規,12ヶ月以上
B25005857,12,2026/3/31,10856,0,5600,560,0,6160,熊本支店,レンタル法人,24,新規,12ヶ月以上
B25005857,13,2026/4/30,10856,0,5600,560,0,6160,熊本支店,レンタル法人,24,新規,12ヶ月以上
B25005857,14,2026/5/31,10856,0,5600,560,0,6160,熊本支店,レンタル法人,24,新規,12ヶ月以上
B25005857,15,2026/6/30,10856,0,5600,560,0,6160,熊本支店,レンタル法人,24,新規,12ヶ月以上
B25005857,16,2026/7/31,10856,0,5600,560,0,6160,熊本支店,レンタル法人,24,新規,12ヶ月以上
B25005857,17,2026/8/31,10856,0,5600,560,0,6160,熊本支店,レンタル法人,24,新規,12ヶ月以上
B25005886,6,2025/9/30,10856,0,201600,20160,0,221760,熊本支店,レンタル法人,24,新規,12ヶ月以上
B25005886,7,2025/10/31,10856,0,201600,20160,0,221760,熊本支店,レンタル法人,24,新規,12ヶ月以上
B25005886,8,2025/11/30,10856,0,201600,20160,0,221760,熊本支店,レンタル法人,24,新規,12ヶ月以上
B25005886,9,2025/12/31,10856,0,201600,20160,0,221760,熊本支店,レンタル法人,24,新規,12ヶ月以上
B25005886,10,2026/1/31,10856,0,201600,20160,0,221760,熊本支店,レンタル法人,24,新規,12ヶ月以上
B25005886,11,2026/2/28,10856,0,201600,20160,0,221760,熊本支店,レンタル法人,24,新規,12ヶ月以上
B25005886,12,2026/3/31,10856,0,201600,20160,0,221760,熊本支店,レンタル法人,24,新規,12ヶ月以上
B25005886,13,2026/4/30,10856,0,201600,20160,0,221760,熊本支店,レンタル法人,24,新規,12ヶ月以上
B25005886,14,2026/5/31,10856,0,201600,20160,0,221760,熊本支店,レンタル法人,24,新規,12ヶ月以上
B25005886,15,2026/6/30,10856,0,201600,20160,0,221760,熊本支店,レンタル法人,24,新規,12ヶ月以上
B25005886,16,2026/7/31,10856,0,201600,20160,0,221760,熊本支店,レンタル法人,24,新規,12ヶ月以上
B25005886,17,2026/8/31,10856,0,201600,20160,0,221760,熊本支店,レンタル法人,24,新規,12ヶ月以上
B25005927,6,2025/9/30,10986,0,5200,520,0,5720,熊本支店,レンタル法人,48,新規,12ヶ月以上
B25005927,7,2025/10/31,10986,0,5200,520,0,5720,熊本支店,レンタル法人,48,新規,12ヶ月以上
B25005927,8,2025/11/30,10986,0,5200,520,0,5720,熊本支店,レンタル法人,48,新規,12ヶ月以上
B25005927,9,2025/12/31,10986,0,5200,520,0,5720,熊本支店,レンタル法人,48,新規,12ヶ月以上
B25005927,10,2026/1/31,10986,0,5200,520,0,5720,熊本支店,レンタル法人,48,新規,12ヶ月以上
B25005927,11,2026/2/28,10986,0,5200,520,0,5720,熊本支店,レンタル法人,48,新規,12ヶ月以上
B25005927,12,2026/3/31,10986,0,5200,520,0,5720,熊本支店,レンタル法人,48,新規,12ヶ月以上
B25005927,13,2026/4/30,10986,0,5200,520,0,5720,熊本支店,レンタル法人,48,新規,12ヶ月以上
B25005927,14,2026/5/31,10986,0,5200,520,0,5720,熊本支店,レンタル法人,48,新規,12ヶ月以上
B25005927,15,2026/6/30,10986,0,5200,520,0,5720,熊本支店,レンタル法人,48,新規,12ヶ月以上
B25005927,16,2026/7/31,10986,0,5200,520,0,5720,熊本支店,レンタル法人,48,新規,12ヶ月以上
B25005927,17,2026/8/31,10986,0,5200,520,0,5720,熊本支店,レンタル法人,48,新規,12ヶ月以上
B25006166,6,2025/9/30,10750,0,24000,2400,0,26400,熊本支店,レンタル法人,16,新規,12ヶ月以上
B25006166,7,2025/10/31,10750,0,24000,2400,0,26400,熊本支店,レンタル法人,16,新規,12ヶ月以上
B25006166,8,2025/11/30,10750,0,24000,2400,0,26400,熊本支店,レンタル法人,16,新規,12ヶ月以上
B25006166,9,2025/12/31,10750,0,24000,2400,0,26400,熊本支店,レンタル法人,16,新規,12ヶ月以上
B25006166,10,2026/1/31,10750,0,24000,2400,0,26400,熊本支店,レンタル法人,16,新規,12ヶ月以上
B25006166,11,2026/2/28,10750,0,24000,2400,0,26400,熊本支店,レンタル法人,16,新規,12ヶ月以上
B25006166,12,2026/3/31,10750,0,24000,2400,0,26400,熊本支店,レンタル法人,16,新規,12ヶ月以上
B25006166,13,2026/4/30,10750,0,24000,2400,0,26400,熊本支店,レンタル法人,16,新規,12ヶ月以上
B25006166,14,2026/5/31,10750,0,24000,2400,0,26400,熊本支店,レンタル法人,16,新規,12ヶ月以上
B25006166,15,2026/6/30,10750,0,24000,2400,0,26400,熊本支店,レンタル法人,16,新規,12ヶ月以上
B25006166,16,2026/7/31,10750,0,24000,2400,0,26400,熊本支店,レンタル法人,16,新規,12ヶ月以上
B25006245,6,2025/9/30,8988,0,2000,200,0,2200,熊本支店,レンタル法人,36,新規,12ヶ月以上
B25006245,7,2025/10/31,8988,0,2000,200,0,2200,熊本支店,レンタル法人,36,新規,12ヶ月以上
B25006245,8,2025/11/30,8988,0,2000,200,0,2200,熊本支店,レンタル法人,36,新規,12ヶ月以上
B25006245,9,2025/12/31,8988,0,2000,200,0,2200,熊本支店,レンタル法人,36,新規,12ヶ月以上
B25006245,10,2026/1/31,8988,0,2000,200,0,2200,熊本支店,レンタル法人,36,新規,12ヶ月以上
B25006245,11,2026/2/28,8988,0,2000,200,0,2200,熊本支店,レンタル法人,36,新規,12ヶ月以上
B25006245,12,2026/3/31,8988,0,2000,200,0,2200,熊本支店,レンタル法人,36,新規,12ヶ月以上
B25006245,13,2026/4/30,8988,0,2000,200,0,2200,熊本支店,レンタル法人,36,新規,12ヶ月以上
B25006245,14,2026/5/31,8988,0,2000,200,0,2200,熊本支店,レンタル法人,36,新規,12ヶ月以上
B25006245,15,2026/6/30,8988,0,2000,200,0,2200,熊本支店,レンタル法人,36,新規,12ヶ月以上
B25006245,16,2026/7/31,8988,0,2000,200,0,2200,熊本支店,レンタル法人,36,新規,12ヶ月以上
B25006245,17,2026/8/31,8988,0,2000,200,0,2200,熊本支店,レンタル法人,36,新規,12ヶ月以上
B25006345,6,2025/9/30,10830,0,116700,11670,0,128370,熊本支店,レンタル法人,68,新規,12ヶ月以上
B25006345,7,2025/10/31,10830,0,116700,11670,0,128370,熊本支店,レンタル法人,68,新規,12ヶ月以上
B25006345,8,2025/11/30,10830,0,116700,11670,0,128370,熊本支店,レンタル法人,68,新規,12ヶ月以上
B25006345,9,2025/12/31,10830,0,116700,11670,0,128370,熊本支店,レンタル法人,68,新規,12ヶ月以上
B25006345,10,2026/1/31,10830,0,116700,11670,0,128370,熊本支店,レンタル法人,68,新規,12ヶ月以上
B25006345,11,2026/2/28,10830,0,116700,11670,0,128370,熊本支店,レンタル法人,68,新規,12ヶ月以上
B25006345,12,2026/3/31,10830,0,116700,11670,0,128370,熊本支店,レンタル法人,68,新規,12ヶ月以上
B25006345,13,2026/4/30,10830,0,116700,11670,0,128370,熊本支店,レンタル法人,68,新規,12ヶ月以上
B25006345,14,2026/5/31,10830,0,116700,11670,0,128370,熊本支店,レンタル法人,68,新規,12ヶ月以上
B25006345,15,2026/6/30,10830,0,116700,11670,0,128370,熊本支店,レンタル法人,68,新規,12ヶ月以上
B25006345,16,2026/7/31,10830,0,116700,11670,0,128370,熊本支店,レンタル法人,68,新規,12ヶ月以上
B25006345,17,2026/8/31,10830,0,116700,11670,0,128370,熊本支店,レンタル法人,68,新規,12ヶ月以上
B25006359,6,2025/9/30,1401,0,5000,500,0,5500,熊本支店,レンタル法人,6,新規,12ヶ月未満
B25006467,6,2025/9/30,10784,0,5300,530,0,5830,熊本支店,レンタル法人,12,新規,12ヶ月未満
B25006467,7,2025/10/31,10784,0,5300,530,0,5830,熊本支店,レンタル法人,12,新規,12ヶ月未満
B25006467,8,2025/11/30,10784,0,5300,530,0,5830,熊本支店,レンタル法人,12,新規,12ヶ月未満
B25006467,9,2025/12/31,10784,0,5300,530,0,5830,熊本支店,レンタル法人,12,新規,12ヶ月未満
B25006467,10,2026/1/31,10784,0,5300,530,0,5830,熊本支店,レンタル法人,12,新規,12ヶ月未満
B25006467,11,2026/2/28,10784,0,5300,530,0,5830,熊本支店,レンタル法人,12,新規,12ヶ月未満
B25006467,12,2026/3/31,10784,0,5300,530,0,5830,熊本支店,レンタル法人,12,新規,12ヶ月未満
B25006796,6,2025/9/30,14868,0,4000,400,0,4400,熊本支店,レンタル法人,48,新規,12ヶ月以上
B25006796,7,2025/10/31,14868,0,4000,400,0,4400,熊本支店,レンタル法人,48,新規,12ヶ月以上
B25006796,8,2025/11/30,14868,0,4000,400,0,4400,熊本支店,レンタル法人,48,新規,12ヶ月以上
B25006796,9,2025/12/31,14868,0,4000,400,0,4400,熊本支店,レンタル法人,48,新規,12ヶ月以上
B25006796,10,2026/1/31,14868,0,4000,400,0,4400,熊本支店,レンタル法人,48,新規,12ヶ月以上
B25006796,11,2026/2/28,14868,0,4000,400,0,4400,熊本支店,レンタル法人,48,新規,12ヶ月以上
B25006796,12,2026/3/31,14868,0,4000,400,0,4400,熊本支店,レンタル法人,48,新規,12ヶ月以上
B25006796,13,2026/4/30,14868,0,4000,400,0,4400,熊本支店,レンタル法人,48,新規,12ヶ月以上
B25006796,14,2026/5/31,14868,0,4000,400,0,4400,熊本支店,レンタル法人,48,新規,12ヶ月以上
B25006796,15,2026/6/30,14868,0,4000,400,0,4400,熊本支店,レンタル法人,48,新規,12ヶ月以上
B25006796,16,2026/7/31,14868,0,4000,400,0,4400,熊本支店,レンタル法人,48,新規,12ヶ月以上
B25006796,17,2026/8/31,14868,0,4000,400,0,4400,熊本支店,レンタル法人,48,新規,12ヶ月以上
B25006892,6,2025/9/30,10772,0,9800,980,0,10780,熊本支店,レンタル法人,24,新規,12ヶ月以上
B25006892,7,2025/10/31,10772,0,9800,980,0,10780,熊本支店,レンタル法人,24,新規,12ヶ月以上
B25006892,8,2025/11/30,10772,0,9800,980,0,10780,熊本支店,レンタル法人,24,新規,12ヶ月以上
B25006892,9,2025/12/31,10772,0,9800,980,0,10780,熊本支店,レンタル法人,24,新規,12ヶ月以上
B25006892,10,2026/1/31,10772,0,9800,980,0,10780,熊本支店,レンタル法人,24,新規,12ヶ月以上
B25006892,11,2026/2/28,10772,0,9800,980,0,10780,熊本支店,レンタル法人,24,新規,12ヶ月以上
B25006892,12,2026/3/31,10772,0,9800,980,0,10780,熊本支店,レンタル法人,24,新規,12ヶ月以上
B25006892,13,2026/4/30,10772,0,9800,980,0,10780,熊本支店,レンタル法人,24,新規,12ヶ月以上
B25006892,14,2026/5/31,10772,0,9800,980,0,10780,熊本支店,レンタル法人,24,新規,12ヶ月以上
B25006892,15,2026/6/30,10772,0,9800,980,0,10780,熊本支店,レンタル法人,24,新規,12ヶ月以上
B25006892,16,2026/7/31,10772,0,9800,980,0,10780,熊本支店,レンタル法人,24,新規,12ヶ月以上
B25006892,17,2026/8/31,10772,0,9800,980,0,10780,熊本支店,レンタル法人,24,新規,12ヶ月以上
B25006942,6,2025/9/30,10314,0,2930,293,0,3223,熊本支店,レンタル法人,60,新規,12ヶ月以上
B25006942,7,2025/10/31,10314,0,2930,293,0,3223,熊本支店,レンタル法人,60,新規,12ヶ月以上
B25006942,8,2025/11/30,10314,0,2930,293,0,3223,熊本支店,レンタル法人,60,新規,12ヶ月以上
B25006942,9,2025/12/31,10314,0,2930,293,0,3223,熊本支店,レンタル法人,60,新規,12ヶ月以上
B25006942,10,2026/1/31,10314,0,2930,293,0,3223,熊本支店,レンタル法人,60,新規,12ヶ月以上
B25006942,11,2026/2/28,10314,0,2930,293,0,3223,熊本支店,レンタル法人,60,新規,12ヶ月以上
B25006942,12,2026/3/31,10314,0,2930,293,0,3223,熊本支店,レンタル法人,60,新規,12ヶ月以上
B25006942,13,2026/4/30,10314,0,2930,293,0,3223,熊本支店,レンタル法人,60,新規,12ヶ月以上
B25006942,14,2026/5/31,10314,0,2930,293,0,3223,熊本支店,レンタル法人,60,新規,12ヶ月以上
B25006942,15,2026/6/30,10314,0,2930,293,0,3223,熊本支店,レンタル法人,60,新規,12ヶ月以上
B25006942,16,2026/7/31,10314,0,2930,293,0,3223,熊本支店,レンタル法人,60,新規,12ヶ月以上
B25006942,17,2026/8/31,10314,0,2930,293,0,3223,熊本支店,レンタル法人,60,新規,12ヶ月以上
B25006981,6,2025/9/30,10751,0,3200,320,0,3520,熊本支店,レンタル法人,60,新規,12ヶ月以上
B25006981,7,2025/10/31,10751,0,3200,320,0,3520,熊本支店,レンタル法人,60,新規,12ヶ月以上
B25006981,8,2025/11/30,10751,0,3200,320,0,3520,熊本支店,レンタル法人,60,新規,12ヶ月以上
B25006981,9,2025/12/31,10751,0,3200,320,0,3520,熊本支店,レンタル法人,60,新規,12ヶ月以上
B25006981,10,2026/1/31,10751,0,3200,320,0,3520,熊本支店,レンタル法人,60,新規,12ヶ月以上
B25006981,11,2026/2/28,10751,0,3200,320,0,3520,熊本支店,レンタル法人,60,新規,12ヶ月以上
B25006981,12,2026/3/31,10751,0,3200,320,0,3520,熊本支店,レンタル法人,60,新規,12ヶ月以上
B25006981,13,2026/4/30,10751,0,3200,320,0,3520,熊本支店,レンタル法人,60,新規,12ヶ月以上
B25006981,14,2026/5/31,10751,0,3200,320,0,3520,熊本支店,レンタル法人,60,新規,12ヶ月以上
B25006981,15,2026/6/30,10751,0,3200,320,0,3520,熊本支店,レンタル法人,60,新規,12ヶ月以上
B25006981,16,2026/7/31,10751,0,3200,320,0,3520,熊本支店,レンタル法人,60,新規,12ヶ月以上
B25006981,17,2026/8/31,10751,0,3200,320,0,3520,熊本支店,レンタル法人,60,新規,12ヶ月以上
B25006995,1,2026/3/31,12672,0,30000,3000,0,33000,熊本支店,レンタル法人,12,新規,12ヶ月未満
B25006996,1,2026/3/31,12672,0,96000,9600,0,105600,熊本支店,レンタル法人,12,延長,12ヶ月未満
B25007039,6,2025/9/30,10489,0,5456,545,0,6001,熊本支店,レンタル法人,12,新規,12ヶ月未満
B25007039,7,2025/10/31,10489,0,5456,545,0,6001,熊本支店,レンタル法人,12,新規,12ヶ月未満
B25007039,8,2025/11/30,10489,0,5456,545,0,6001,熊本支店,レンタル法人,12,新規,12ヶ月未満
B25007039,9,2025/12/31,10489,0,5456,545,0,6001,熊本支店,レンタル法人,12,新規,12ヶ月未満
B25007039,10,2026/1/31,10489,0,5456,545,0,6001,熊本支店,レンタル法人,12,新規,12ヶ月未満
B25007039,11,2026/2/28,10489,0,5456,545,0,6001,熊本支店,レンタル法人,12,新規,12ヶ月未満
B25007039,12,2026/3/31,10489,0,5456,545,0,6001,熊本支店,レンタル法人,12,新規,12ヶ月未満
B25007120,6,2025/9/30,10856,0,10500,1050,0,11550,熊本支店,レンタル法人,24,新規,12ヶ月以上
B25007120,7,2025/10/31,10856,0,10500,1050,0,11550,熊本支店,レンタル法人,24,新規,12ヶ月以上
B25007120,8,2025/11/30,10856,0,10500,1050,0,11550,熊本支店,レンタル法人,24,新規,12ヶ月以上
B25007120,9,2025/12/31,10856,0,10500,1050,0,11550,熊本支店,レンタル法人,24,新規,12ヶ月以上
B25007120,10,2026/1/31,10856,0,10500,1050,0,11550,熊本支店,レンタル法人,24,新規,12ヶ月以上
B25007120,11,2026/2/28,10856,0,10500,1050,0,11550,熊本支店,レンタル法人,24,新規,12ヶ月以上
B25007120,12,2026/3/31,10856,0,10500,1050,0,11550,熊本支店,レンタル法人,24,新規,12ヶ月以上
B25007120,13,2026/4/30,10856,0,10500,1050,0,11550,熊本支店,レンタル法人,24,新規,12ヶ月以上
B25007120,14,2026/5/31,10856,0,10500,1050,0,11550,熊本支店,レンタル法人,24,新規,12ヶ月以上
B25007120,15,2026/6/30,10856,0,10500,1050,0,11550,熊本支店,レンタル法人,24,新規,12ヶ月以上
B25007120,16,2026/7/31,10856,0,10500,1050,0,11550,熊本支店,レンタル法人,24,新規,12ヶ月以上
B25007120,17,2026/8/31,10856,0,10500,1050,0,11550,熊本支店,レンタル法人,24,新規,12ヶ月以上
B25007202,1,2026/3/31,12672,0,60000,6000,0,66000,熊本支店,レンタル法人,12,延長,12ヶ月未満
B25007253,7,2025/9/30,551,0,3500,350,0,3850,熊本支店,レンタル法人,12,延長,12ヶ月未満
B25007253,8,2025/10/31,551,0,3500,350,0,3850,熊本支店,レンタル法人,12,延長,12ヶ月未満
B25007253,9,2025/11/30,551,0,3500,350,0,3850,熊本支店,レンタル法人,12,延長,12ヶ月未満
B25007253,10,2025/12/31,551,0,3500,350,0,3850,熊本支店,レンタル法人,12,延長,12ヶ月未満
B25007253,11,2026/1/31,551,0,3500,350,0,3850,熊本支店,レンタル法人,12,延長,12ヶ月未満
B25007253,12,2026/2/28,551,0,3500,350,0,3850,熊本支店,レンタル法人,12,延長,12ヶ月未満
B25007255,7,2025/9/30,10489,0,2728,272,0,3000,熊本支店,レンタル法人,11,延長,12ヶ月未満
B25007255,8,2025/10/31,10489,0,2728,272,0,3000,熊本支店,レンタル法人,11,延長,12ヶ月未満
B25007255,9,2025/11/30,10489,0,2728,272,0,3000,熊本支店,レンタル法人,11,延長,12ヶ月未満
B25007255,10,2025/12/31,10489,0,2728,272,0,3000,熊本支店,レンタル法人,11,延長,12ヶ月未満
B25007255,11,2026/1/31,10489,0,2728,272,0,3000,熊本支店,レンタル法人,11,延長,12ヶ月未満
B25007255,12,2026/2/28,10489,0,2728,272,0,3000,熊本支店,レンタル法人,11,延長,12ヶ月未満
B25007257,7,2025/9/30,10741,0,5940,594,0,6534,熊本支店,レンタル法人,12,延長,12ヶ月未満
B25007257,8,2025/10/31,10741,0,5940,594,0,6534,熊本支店,レンタル法人,12,延長,12ヶ月未満
B25007257,9,2025/11/30,10741,0,5940,594,0,6534,熊本支店,レンタル法人,12,延長,12ヶ月未満
B25007257,10,2025/12/31,10741,0,5940,594,0,6534,熊本支店,レンタル法人,12,延長,12ヶ月未満
B25007257,11,2026/1/31,10741,0,5940,594,0,6534,熊本支店,レンタル法人,12,延長,12ヶ月未満
B25007257,12,2026/2/28,10741,0,5940,594,0,6534,熊本支店,レンタル法人,12,延長,12ヶ月未満
B25007258,7,2025/9/30,10744,0,5000,500,0,5500,熊本支店,レンタル法人,12,延長,12ヶ月未満
B25007258,8,2025/10/31,10744,0,5000,500,0,5500,熊本支店,レンタル法人,12,延長,12ヶ月未満
B25007258,9,2025/11/30,10744,0,5000,500,0,5500,熊本支店,レンタル法人,12,延長,12ヶ月未満
B25007258,10,2025/12/31,10744,0,5000,500,0,5500,熊本支店,レンタル法人,12,延長,12ヶ月未満
B25007258,11,2026/1/31,10744,0,5000,500,0,5500,熊本支店,レンタル法人,12,延長,12ヶ月未満
B25007258,12,2026/2/28,10744,0,5000,500,0,5500,熊本支店,レンタル法人,12,延長,12ヶ月未満
B25007259,7,2025/9/30,10744,0,5000,500,0,5500,熊本支店,レンタル法人,12,延長,12ヶ月未満
B25007259,8,2025/10/31,10744,0,5000,500,0,5500,熊本支店,レンタル法人,12,延長,12ヶ月未満
B25007259,9,2025/11/30,10744,0,5000,500,0,5500,熊本支店,レンタル法人,12,延長,12ヶ月未満
B25007259,10,2025/12/31,10744,0,5000,500,0,5500,熊本支店,レンタル法人,12,延長,12ヶ月未満
B25007259,11,2026/1/31,10744,0,5000,500,0,5500,熊本支店,レンタル法人,12,延長,12ヶ月未満
B25007259,12,2026/2/28,10744,0,5000,500,0,5500,熊本支店,レンタル法人,12,延長,12ヶ月未満
B25007513,6,2025/9/30,12299,0,31200,3120,0,34320,熊本支店,レンタル法人,12,新規,12ヶ月未満
B25007513,7,2025/10/31,12299,0,31200,3120,0,34320,熊本支店,レンタル法人,12,新規,12ヶ月未満
B25007513,8,2025/11/30,12299,0,31200,3120,0,34320,熊本支店,レンタル法人,12,新規,12ヶ月未満
B25007513,9,2025/12/31,12299,0,31200,3120,0,34320,熊本支店,レンタル法人,12,新規,12ヶ月未満
B25007513,10,2026/1/31,12299,0,10400,1040,0,11440,熊本支店,レンタル法人,12,新規,12ヶ月未満
B25007513,11,2026/2/28,12299,0,10400,1040,0,11440,熊本支店,レンタル法人,12,新規,12ヶ月未満
B25007513,12,2026/3/31,12299,0,10400,1040,0,11440,熊本支店,レンタル法人,12,新規,12ヶ月未満
B25007550,6,2025/9/30,12587,0,1230,123,0,1353,熊本支店,レンタル法人,12,新規,12ヶ月未満
B25007550,7,2025/10/31,12587,0,1230,123,0,1353,熊本支店,レンタル法人,12,新規,12ヶ月未満
B25007550,8,2025/11/30,12587,0,1230,123,0,1353,熊本支店,レンタル法人,12,新規,12ヶ月未満
B25007550,9,2025/12/31,12587,0,1230,123,0,1353,熊本支店,レンタル法人,12,新規,12ヶ月未満
B25007550,10,2026/1/31,12587,0,1230,123,0,1353,熊本支店,レンタル法人,12,新規,12ヶ月未満
B25007550,11,2026/2/28,12587,0,1230,123,0,1353,熊本支店,レンタル法人,12,新規,12ヶ月未満
B25007550,12,2026/3/31,12587,0,1230,123,0,1353,熊本支店,レンタル法人,12,新規,12ヶ月未満
B25007760,6,2025/9/30,10830,0,9400,940,0,10340,熊本支店,レンタル法人,12,新規,12ヶ月未満
B25007760,7,2025/10/31,10830,0,9400,940,0,10340,熊本支店,レンタル法人,12,新規,12ヶ月未満
B25007760,8,2025/11/30,10830,0,9400,940,0,10340,熊本支店,レンタル法人,12,新規,12ヶ月未満
B25007760,9,2025/12/31,10830,0,9400,940,0,10340,熊本支店,レンタル法人,12,新規,12ヶ月未満
B25007760,10,2026/1/31,10830,0,9400,940,0,10340,熊本支店,レンタル法人,12,新規,12ヶ月未満
B25007760,11,2026/2/28,10830,0,9400,940,0,10340,熊本支店,レンタル法人,12,新規,12ヶ月未満
B25007760,12,2026/3/31,10830,0,9400,940,0,10340,熊本支店,レンタル法人,12,新規,12ヶ月未満
B25007769,6,2025/9/30,10754,0,1300,130,0,1430,熊本支店,レンタル法人,60,新規,12ヶ月以上
B25007769,7,2025/10/31,10754,0,1300,130,0,1430,熊本支店,レンタル法人,60,新規,12ヶ月以上
B25007769,8,2025/11/30,10754,0,1300,130,0,1430,熊本支店,レンタル法人,60,新規,12ヶ月以上
B25007769,9,2025/12/31,10754,0,1300,130,0,1430,熊本支店,レンタル法人,60,新規,12ヶ月以上
B25007769,10,2026/1/31,10754,0,1300,130,0,1430,熊本支店,レンタル法人,60,新規,12ヶ月以上
B25007769,11,2026/2/28,10754,0,1300,130,0,1430,熊本支店,レンタル法人,60,新規,12ヶ月以上
B25007769,12,2026/3/31,10754,0,1300,130,0,1430,熊本支店,レンタル法人,60,新規,12ヶ月以上
B25007769,13,2026/4/30,10754,0,1300,130,0,1430,熊本支店,レンタル法人,60,新規,12ヶ月以上
B25007769,14,2026/5/31,10754,0,1300,130,0,1430,熊本支店,レンタル法人,60,新規,12ヶ月以上
B25007769,15,2026/6/30,10754,0,1300,130,0,1430,熊本支店,レンタル法人,60,新規,12ヶ月以上
B25007769,16,2026/7/31,10754,0,1300,130,0,1430,熊本支店,レンタル法人,60,新規,12ヶ月以上
B25007769,17,2026/8/31,10754,0,1300,130,0,1430,熊本支店,レンタル法人,60,新規,12ヶ月以上
B25008148,6,2025/9/30,1401,0,9900,990,0,10890,熊本支店,レンタル法人,10,新規,12ヶ月未満
B25008148,7,2025/10/31,1401,0,9900,990,0,10890,熊本支店,レンタル法人,10,新規,12ヶ月未満
B25008148,8,2025/11/30,1401,0,9900,990,0,10890,熊本支店,レンタル法人,10,新規,12ヶ月未満
B25008148,9,2025/12/31,1401,0,9900,990,0,10890,熊本支店,レンタル法人,10,新規,12ヶ月未満
B25008148,10,2026/1/31,1401,0,9900,990,0,10890,熊本支店,レンタル法人,10,新規,12ヶ月未満
B25008148,11,2026/2/28,1401,0,9900,990,0,10890,熊本支店,レンタル法人,10,新規,12ヶ月未満
B25008251,6,2025/9/30,5911,0,21600,2160,0,23760,熊本支店,レンタル法人,6,新規,12ヶ月未満
B25008251,7,2025/10/31,5911,0,21600,2160,0,23760,熊本支店,レンタル法人,6,新規,12ヶ月未満
B25008437,6,2025/9/30,10767,0,4000,400,0,4400,熊本支店,レンタル法人,24,新規,12ヶ月以上
B25008437,7,2025/10/31,10767,0,4000,400,0,4400,熊本支店,レンタル法人,24,新規,12ヶ月以上
B25008437,8,2025/11/30,10767,0,4000,400,0,4400,熊本支店,レンタル法人,24,新規,12ヶ月以上
B25008437,9,2025/12/31,10767,0,4000,400,0,4400,熊本支店,レンタル法人,24,新規,12ヶ月以上
B25008437,10,2026/1/31,10767,0,4000,400,0,4400,熊本支店,レンタル法人,24,新規,12ヶ月以上
B25008437,11,2026/2/28,10767,0,4000,400,0,4400,熊本支店,レンタル法人,24,新規,12ヶ月以上
B25008437,12,2026/3/31,10767,0,4000,400,0,4400,熊本支店,レンタル法人,24,新規,12ヶ月以上
B25008437,13,2026/4/30,10767,0,4000,400,0,4400,熊本支店,レンタル法人,24,新規,12ヶ月以上
B25008437,14,2026/5/31,10767,0,4000,400,0,4400,熊本支店,レンタル法人,24,新規,12ヶ月以上
B25008437,15,2026/6/30,10767,0,4000,400,0,4400,熊本支店,レンタル法人,24,新規,12ヶ月以上
B25008437,16,2026/7/31,10767,0,4000,400,0,4400,熊本支店,レンタル法人,24,新規,12ヶ月以上
B25008437,17,2026/8/31,10767,0,4000,400,0,4400,熊本支店,レンタル法人,24,新規,12ヶ月以上
B25008485,4,2025/9/30,10566,0,1500,150,0,1650,熊本支店,レンタル法人,3,新規,12ヶ月未満
B25008491,1,2026/3/31,10724,0,326400,32640,0,359040,熊本支店,レンタル法人,12,延長,12ヶ月未満
B25008553,6,2025/9/30,16500,0,7920,792,0,8712,熊本支店,レンタル法人,12,延長,12ヶ月未満
B25008553,7,2025/10/31,16500,0,7920,792,0,8712,熊本支店,レンタル法人,12,延長,12ヶ月未満
B25008553,8,2025/11/30,16500,0,7920,792,0,8712,熊本支店,レンタル法人,12,延長,12ヶ月未満
B25008553,9,2025/12/31,16500,0,7920,792,0,8712,熊本支店,レンタル法人,12,延長,12ヶ月未満
B25008553,10,2026/1/31,16500,0,7920,792,0,8712,熊本支店,レンタル法人,12,延長,12ヶ月未満
B25008553,11,2026/2/28,16500,0,7920,792,0,8712,熊本支店,レンタル法人,12,延長,12ヶ月未満
B25008553,12,2026/3/31,16500,0,7920,792,0,8712,熊本支店,レンタル法人,12,延長,12ヶ月未満
B25008658,6,2025/9/30,4294,0,9600,960,0,10560,熊本支店,レンタル法人,7,延長,12ヶ月未満
B25008658,7,2025/10/31,4294,0,9600,960,0,10560,熊本支店,レンタル法人,7,延長,12ヶ月未満
B25008693,1,2026/3/31,11154,0,42000,4200,0,46200,熊本支店,レンタル法人,12,延長,12ヶ月未満
B25008916,6,2025/9/30,10489,0,8182,818,0,9000,熊本支店,レンタル法人,12,新規,12ヶ月未満
B25008916,7,2025/10/31,10489,0,8182,818,0,9000,熊本支店,レンタル法人,12,新規,12ヶ月未満
B25008916,8,2025/11/30,10489,0,8182,818,0,9000,熊本支店,レンタル法人,12,新規,12ヶ月未満
B25008916,9,2025/12/31,10489,0,8182,818,0,9000,熊本支店,レンタル法人,12,新規,12ヶ月未満
B25008916,10,2026/1/31,10489,0,8182,818,0,9000,熊本支店,レンタル法人,12,新規,12ヶ月未満
B25008916,11,2026/2/28,10489,0,8182,818,0,9000,熊本支店,レンタル法人,12,新規,12ヶ月未満
B25008916,12,2026/3/31,10489,0,8182,818,0,9000,熊本支店,レンタル法人,12,新規,12ヶ月未満
B25008935,6,2025/9/30,10735,0,1819,181,0,2000,熊本支店,レンタル法人,12,延長,12ヶ月未満
B25008935,7,2025/10/31,10735,0,1819,181,0,2000,熊本支店,レンタル法人,12,延長,12ヶ月未満
B25008935,8,2025/11/30,10735,0,1819,181,0,2000,熊本支店,レンタル法人,12,延長,12ヶ月未満
B25008935,9,2025/12/31,10735,0,1819,181,0,2000,熊本支店,レンタル法人,12,延長,12ヶ月未満
B25008935,10,2026/1/31,10735,0,1819,181,0,2000,熊本支店,レンタル法人,12,延長,12ヶ月未満
B25008935,11,2026/2/28,10735,0,1819,181,0,2000,熊本支店,レンタル法人,12,延長,12ヶ月未満
B25008935,12,2026/3/31,10735,0,1819,181,0,2000,熊本支店,レンタル法人,12,延長,12ヶ月未満
B25008937,6,2025/9/30,10735,0,1819,181,0,2000,熊本支店,レンタル法人,12,延長,12ヶ月未満
B25008937,7,2025/10/31,10735,0,1819,181,0,2000,熊本支店,レンタル法人,12,延長,12ヶ月未満
B25008937,8,2025/11/30,10735,0,1819,181,0,2000,熊本支店,レンタル法人,12,延長,12ヶ月未満
B25008937,9,2025/12/31,10735,0,1819,181,0,2000,熊本支店,レンタル法人,12,延長,12ヶ月未満
B25008937,10,2026/1/31,10735,0,1819,181,0,2000,熊本支店,レンタル法人,12,延長,12ヶ月未満
B25008937,11,2026/2/28,10735,0,1819,181,0,2000,熊本支店,レンタル法人,12,延長,12ヶ月未満
B25008937,12,2026/3/31,10735,0,1819,181,0,2000,熊本支店,レンタル法人,12,延長,12ヶ月未満
B25008939,6,2025/9/30,10735,0,2728,272,0,3000,熊本支店,レンタル法人,12,延長,12ヶ月未満
B25008939,7,2025/10/31,10735,0,2728,272,0,3000,熊本支店,レンタル法人,12,延長,12ヶ月未満
B25008939,8,2025/11/30,10735,0,2728,272,0,3000,熊本支店,レンタル法人,12,延長,12ヶ月未満
B25008939,9,2025/12/31,10735,0,2728,272,0,3000,熊本支店,レンタル法人,12,延長,12ヶ月未満
B25008939,10,2026/1/31,10735,0,2728,272,0,3000,熊本支店,レンタル法人,12,延長,12ヶ月未満
B25008939,11,2026/2/28,10735,0,2728,272,0,3000,熊本支店,レンタル法人,12,延長,12ヶ月未満
B25008939,12,2026/3/31,10735,0,2728,272,0,3000,熊本支店,レンタル法人,12,延長,12ヶ月未満
B25008940,6,2025/9/30,10735,0,1819,181,0,2000,熊本支店,レンタル法人,12,延長,12ヶ月未満
B25008940,7,2025/10/31,10735,0,1819,181,0,2000,熊本支店,レンタル法人,12,延長,12ヶ月未満
B25008940,8,2025/11/30,10735,0,1819,181,0,2000,熊本支店,レンタル法人,12,延長,12ヶ月未満
B25008940,9,2025/12/31,10735,0,1819,181,0,2000,熊本支店,レンタル法人,12,延長,12ヶ月未満
B25008940,10,2026/1/31,10735,0,1819,181,0,2000,熊本支店,レンタル法人,12,延長,12ヶ月未満
B25008940,11,2026/2/28,10735,0,1819,181,0,2000,熊本支店,レンタル法人,12,延長,12ヶ月未満
B25008940,12,2026/3/31,10735,0,1819,181,0,2000,熊本支店,レンタル法人,12,延長,12ヶ月未満
B25008943,6,2025/9/30,10735,0,1819,181,0,2000,熊本支店,レンタル法人,12,延長,12ヶ月未満
B25008943,7,2025/10/31,10735,0,1819,181,0,2000,熊本支店,レンタル法人,12,延長,12ヶ月未満
B25008943,8,2025/11/30,10735,0,1819,181,0,2000,熊本支店,レンタル法人,12,延長,12ヶ月未満
B25008943,9,2025/12/31,10735,0,1819,181,0,2000,熊本支店,レンタル法人,12,延長,12ヶ月未満
B25008943,10,2026/1/31,10735,0,1819,181,0,2000,熊本支店,レンタル法人,12,延長,12ヶ月未満
B25008943,11,2026/2/28,10735,0,1819,181,0,2000,熊本支店,レンタル法人,12,延長,12ヶ月未満
B25008943,12,2026/3/31,10735,0,1819,181,0,2000,熊本支店,レンタル法人,12,延長,12ヶ月未満
B25008967,6,2025/9/30,13187,0,2900,290,0,3190,熊本支店,レンタル法人,36,新規,12ヶ月以上
B25008967,7,2025/10/31,13187,0,2900,290,0,3190,熊本支店,レンタル法人,36,新規,12ヶ月以上
B25008967,8,2025/11/30,13187,0,2900,290,0,3190,熊本支店,レンタル法人,36,新規,12ヶ月以上
B25008967,9,2025/12/31,13187,0,2900,290,0,3190,熊本支店,レンタル法人,36,新規,12ヶ月以上
B25008967,10,2026/1/31,13187,0,2900,290,0,3190,熊本支店,レンタル法人,36,新規,12ヶ月以上
B25008967,11,2026/2/28,13187,0,2900,290,0,3190,熊本支店,レンタル法人,36,新規,12ヶ月以上
B25008967,12,2026/3/31,13187,0,2900,290,0,3190,熊本支店,レンタル法人,36,新規,12ヶ月以上
B25008967,13,2026/4/30,13187,0,2900,290,0,3190,熊本支店,レンタル法人,36,新規,12ヶ月以上
B25008967,14,2026/5/31,13187,0,2900,290,0,3190,熊本支店,レンタル法人,36,新規,12ヶ月以上
B25008967,15,2026/6/30,13187,0,2900,290,0,3190,熊本支店,レンタル法人,36,新規,12ヶ月以上
B25008967,16,2026/7/31,13187,0,2900,290,0,3190,熊本支店,レンタル法人,36,新規,12ヶ月以上
B25008967,17,2026/8/31,13187,0,2900,290,0,3190,熊本支店,レンタル法人,36,新規,12ヶ月以上
B25008970,6,2025/9/30,5357,0,6380,638,0,7018,熊本支店,レンタル法人,12,新規,12ヶ月未満
B25008970,7,2025/10/31,5357,0,6380,638,0,7018,熊本支店,レンタル法人,12,新規,12ヶ月未満
B25008970,8,2025/11/30,5357,0,6380,638,0,7018,熊本支店,レンタル法人,12,新規,12ヶ月未満
B25008970,9,2025/12/31,5357,0,6380,638,0,7018,熊本支店,レンタル法人,12,新規,12ヶ月未満
B25008970,10,2026/1/31,5357,0,6380,638,0,7018,熊本支店,レンタル法人,12,新規,12ヶ月未満
B25008970,11,2026/2/28,5357,0,6380,638,0,7018,熊本支店,レンタル法人,12,新規,12ヶ月未満
B25008970,12,2026/3/31,5357,0,6380,638,0,7018,熊本支店,レンタル法人,12,新規,12ヶ月未満
B25009416,5,2025/9/30,11771,0,4800,480,0,5280,熊本支店,レンタル法人,36,新規,12ヶ月以上
B25009416,6,2025/10/31,11771,0,4800,480,0,5280,熊本支店,レンタル法人,36,新規,12ヶ月以上
B25009416,7,2025/11/30,11771,0,4800,480,0,5280,熊本支店,レンタル法人,36,新規,12ヶ月以上
B25009416,8,2025/12/31,11771,0,4800,480,0,5280,熊本支店,レンタル法人,36,新規,12ヶ月以上
B25009416,9,2026/1/31,11771,0,4800,480,0,5280,熊本支店,レンタル法人,36,新規,12ヶ月以上
B25009416,10,2026/2/28,11771,0,4800,480,0,5280,熊本支店,レンタル法人,36,新規,12ヶ月以上
B25009416,11,2026/3/31,11771,0,4800,480,0,5280,熊本支店,レンタル法人,36,新規,12ヶ月以上
B25009416,12,2026/4/30,11771,0,4800,480,0,5280,熊本支店,レンタル法人,36,新規,12ヶ月以上
B25009416,13,2026/5/31,11771,0,4800,480,0,5280,熊本支店,レンタル法人,36,新規,12ヶ月以上
B25009416,14,2026/6/30,11771,0,4800,480,0,5280,熊本支店,レンタル法人,36,新規,12ヶ月以上
B25009416,15,2026/7/31,11771,0,4800,480,0,5280,熊本支店,レンタル法人,36,新規,12ヶ月以上
B25009416,16,2026/8/31,11771,0,4800,480,0,5280,熊本支店,レンタル法人,36,新規,12ヶ月以上
B25009632,5,2025/9/30,11771,0,7400,740,0,8140,熊本支店,レンタル法人,60,新規,12ヶ月以上
B25009632,6,2025/10/31,11771,0,7400,740,0,8140,熊本支店,レンタル法人,60,新規,12ヶ月以上
B25009632,7,2025/11/30,11771,0,7400,740,0,8140,熊本支店,レンタル法人,60,新規,12ヶ月以上
B25009632,8,2025/12/31,11771,0,7400,740,0,8140,熊本支店,レンタル法人,60,新規,12ヶ月以上
B25009632,9,2026/1/31,11771,0,7400,740,0,8140,熊本支店,レンタル法人,60,新規,12ヶ月以上
B25009632,10,2026/2/28,11771,0,7400,740,0,8140,熊本支店,レンタル法人,60,新規,12ヶ月以上
B25009632,11,2026/3/31,11771,0,7400,740,0,8140,熊本支店,レンタル法人,60,新規,12ヶ月以上
B25009632,12,2026/4/30,11771,0,7400,740,0,8140,熊本支店,レンタル法人,60,新規,12ヶ月以上
B25009632,13,2026/5/31,11771,0,7400,740,0,8140,熊本支店,レンタル法人,60,新規,12ヶ月以上
B25009632,14,2026/6/30,11771,0,7400,740,0,8140,熊本支店,レンタル法人,60,新規,12ヶ月以上
B25009632,15,2026/7/31,11771,0,7400,740,0,8140,熊本支店,レンタル法人,60,新規,12ヶ月以上
B25009632,16,2026/8/31,11771,0,7400,740,0,8140,熊本支店,レンタル法人,60,新規,12ヶ月以上
B25009649,6,2025/9/30,10788,0,6000,600,0,6600,熊本支店,レンタル法人,6,新規,12ヶ月未満
B25009796,6,2025/9/30,10743,0,1500,150,0,1650,熊本支店,レンタル法人,12,延長,12ヶ月未満
B25009796,7,2025/10/31,10743,0,1500,150,0,1650,熊本支店,レンタル法人,12,延長,12ヶ月未満
B25009796,8,2025/11/30,10743,0,1500,150,0,1650,熊本支店,レンタル法人,12,延長,12ヶ月未満
B25009796,9,2025/12/31,10743,0,1500,150,0,1650,熊本支店,レンタル法人,12,延長,12ヶ月未満
B25009796,10,2026/1/31,10743,0,1500,150,0,1650,熊本支店,レンタル法人,12,延長,12ヶ月未満
B25009796,11,2026/2/28,10743,0,1500,150,0,1650,熊本支店,レンタル法人,12,延長,12ヶ月未満
B25009796,12,2026/3/31,10743,0,1500,150,0,1650,熊本支店,レンタル法人,12,延長,12ヶ月未満
B25009798,6,2025/9/30,16049,0,157950,15795,0,173745,熊本支店,レンタル法人,12,延長,12ヶ月未満
B25009798,7,2025/10/31,16049,0,157950,15795,0,173745,熊本支店,レンタル法人,12,延長,12ヶ月未満
B25009798,8,2025/11/30,16049,0,157950,15795,0,173745,熊本支店,レンタル法人,12,延長,12ヶ月未満
B25009798,9,2025/12/31,16049,0,157950,15795,0,173745,熊本支店,レンタル法人,12,延長,12ヶ月未満
B25009798,10,2026/1/31,16049,0,157950,15795,0,173745,熊本支店,レンタル法人,12,延長,12ヶ月未満
B25009798,11,2026/2/28,16049,0,157950,15795,0,173745,熊本支店,レンタル法人,12,延長,12ヶ月未満
B25009798,12,2026/3/31,16049,0,157950,15795,0,173745,熊本支店,レンタル法人,12,延長,12ヶ月未満
B25009848,6,2025/9/30,10784,0,3000,300,0,3300,熊本支店,レンタル法人,12,延長,12ヶ月未満
B25009848,7,2025/10/31,10784,0,3000,300,0,3300,熊本支店,レンタル法人,12,延長,12ヶ月未満
B25009848,8,2025/11/30,10784,0,3000,300,0,3300,熊本支店,レンタル法人,12,延長,12ヶ月未満
B25009848,9,2025/12/31,10784,0,3000,300,0,3300,熊本支店,レンタル法人,12,延長,12ヶ月未満
B25009848,10,2026/1/31,10784,0,3000,300,0,3300,熊本支店,レンタル法人,12,延長,12ヶ月未満
B25009848,11,2026/2/28,10784,0,3000,300,0,3300,熊本支店,レンタル法人,12,延長,12ヶ月未満
B25009848,12,2026/3/31,10784,0,3000,300,0,3300,熊本支店,レンタル法人,12,延長,12ヶ月未満
B25009849,6,2025/9/30,10784,0,2500,250,0,2750,熊本支店,レンタル法人,12,延長,12ヶ月未満
B25009849,7,2025/10/31,10784,0,2500,250,0,2750,熊本支店,レンタル法人,12,延長,12ヶ月未満
B25009849,8,2025/11/30,10784,0,2500,250,0,2750,熊本支店,レンタル法人,12,延長,12ヶ月未満
B25009849,9,2025/12/31,10784,0,2500,250,0,2750,熊本支店,レンタル法人,12,延長,12ヶ月未満
B25009849,10,2026/1/31,10784,0,2500,250,0,2750,熊本支店,レンタル法人,12,延長,12ヶ月未満
B25009849,11,2026/2/28,10784,0,2500,250,0,2750,熊本支店,レンタル法人,12,延長,12ヶ月未満
B25009849,12,2026/3/31,10784,0,2500,250,0,2750,熊本支店,レンタル法人,12,延長,12ヶ月未満
B25009851,6,2025/9/30,10784,0,2500,250,0,2750,熊本支店,レンタル法人,12,延長,12ヶ月未満
B25009851,7,2025/10/31,10784,0,2500,250,0,2750,熊本支店,レンタル法人,12,延長,12ヶ月未満
B25009851,8,2025/11/30,10784,0,2500,250,0,2750,熊本支店,レンタル法人,12,延長,12ヶ月未満
B25009851,9,2025/12/31,10784,0,2500,250,0,2750,熊本支店,レンタル法人,12,延長,12ヶ月未満
B25009851,10,2026/1/31,10784,0,2500,250,0,2750,熊本支店,レンタル法人,12,延長,12ヶ月未満
B25009851,11,2026/2/28,10784,0,2500,250,0,2750,熊本支店,レンタル法人,12,延長,12ヶ月未満
B25009851,12,2026/3/31,10784,0,2500,250,0,2750,熊本支店,レンタル法人,12,延長,12ヶ月未満
B25009854,6,2025/9/30,10784,0,7000,700,0,7700,熊本支店,レンタル法人,12,延長,12ヶ月未満
B25009854,7,2025/10/31,10784,0,7000,700,0,7700,熊本支店,レンタル法人,12,延長,12ヶ月未満
B25009854,8,2025/11/30,10784,0,7000,700,0,7700,熊本支店,レンタル法人,12,延長,12ヶ月未満
B25009854,9,2025/12/31,10784,0,7000,700,0,7700,熊本支店,レンタル法人,12,延長,12ヶ月未満
B25009854,10,2026/1/31,10784,0,7000,700,0,7700,熊本支店,レンタル法人,12,延長,12ヶ月未満
B25009854,11,2026/2/28,10784,0,7000,700,0,7700,熊本支店,レンタル法人,12,延長,12ヶ月未満
B25009854,12,2026/3/31,10784,0,7000,700,0,7700,熊本支店,レンタル法人,12,延長,12ヶ月未満
B25009903,6,2025/9/30,14384,0,5400,540,0,5940,熊本支店,レンタル法人,6,延長,12ヶ月未満
B25009965,6,2025/9/30,10784,0,200,20,0,220,熊本支店,レンタル法人,13,延長,12ヶ月以上
B25009965,7,2025/10/31,10784,0,200,20,0,220,熊本支店,レンタル法人,13,延長,12ヶ月以上
B25009965,8,2025/11/30,10784,0,200,20,0,220,熊本支店,レンタル法人,13,延長,12ヶ月以上
B25009965,9,2025/12/31,10784,0,200,20,0,220,熊本支店,レンタル法人,13,延長,12ヶ月以上
B25009965,10,2026/1/31,10784,0,200,20,0,220,熊本支店,レンタル法人,13,延長,12ヶ月以上
B25009965,11,2026/2/28,10784,0,200,20,0,220,熊本支店,レンタル法人,13,延長,12ヶ月以上
B25009965,12,2026/3/31,10784,0,200,20,0,220,熊本支店,レンタル法人,13,延長,12ヶ月以上
B25009965,13,2026/4/30,10784,0,200,20,0,220,熊本支店,レンタル法人,13,延長,12ヶ月以上
B25010202,6,2025/9/30,5852,0,8000,800,0,8800,熊本支店,レンタル法人,6,延長,12ヶ月未満
B25010212,6,2025/9/30,10489,0,1819,181,0,2000,熊本支店,レンタル法人,12,延長,12ヶ月未満
B25010212,7,2025/10/31,10489,0,1819,181,0,2000,熊本支店,レンタル法人,12,延長,12ヶ月未満
B25010212,8,2025/11/30,10489,0,1819,181,0,2000,熊本支店,レンタル法人,12,延長,12ヶ月未満
B25010212,9,2025/12/31,10489,0,1819,181,0,2000,熊本支店,レンタル法人,12,延長,12ヶ月未満
B25010212,10,2026/1/31,10489,0,1819,181,0,2000,熊本支店,レンタル法人,12,延長,12ヶ月未満
B25010212,11,2026/2/28,10489,0,1819,181,0,2000,熊本支店,レンタル法人,12,延長,12ヶ月未満
B25010212,12,2026/3/31,10489,0,1819,181,0,2000,熊本支店,レンタル法人,12,延長,12ヶ月未満
B25010217,6,2025/9/30,10489,0,1819,181,0,2000,熊本支店,レンタル法人,12,延長,12ヶ月未満
B25010217,7,2025/10/31,10489,0,1819,181,0,2000,熊本支店,レンタル法人,12,延長,12ヶ月未満
B25010217,8,2025/11/30,10489,0,1819,181,0,2000,熊本支店,レンタル法人,12,延長,12ヶ月未満
B25010217,9,2025/12/31,10489,0,1819,181,0,2000,熊本支店,レンタル法人,12,延長,12ヶ月未満
B25010217,10,2026/1/31,10489,0,1819,181,0,2000,熊本支店,レンタル法人,12,延長,12ヶ月未満
B25010217,11,2026/2/28,10489,0,1819,181,0,2000,熊本支店,レンタル法人,12,延長,12ヶ月未満
B25010217,12,2026/3/31,10489,0,1819,181,0,2000,熊本支店,レンタル法人,12,延長,12ヶ月未満
B25010220,6,2025/9/30,10489,0,1819,181,0,2000,熊本支店,レンタル法人,12,延長,12ヶ月未満
B25010220,7,2025/10/31,10489,0,1819,181,0,2000,熊本支店,レンタル法人,12,延長,12ヶ月未満
B25010220,8,2025/11/30,10489,0,1819,181,0,2000,熊本支店,レンタル法人,12,延長,12ヶ月未満
B25010220,9,2025/12/31,10489,0,1819,181,0,2000,熊本支店,レンタル法人,12,延長,12ヶ月未満
B25010220,10,2026/1/31,10489,0,1819,181,0,2000,熊本支店,レンタル法人,12,延長,12ヶ月未満
B25010220,11,2026/2/28,10489,0,1819,181,0,2000,熊本支店,レンタル法人,12,延長,12ヶ月未満
B25010220,12,2026/3/31,10489,0,1819,181,0,2000,熊本支店,レンタル法人,12,延長,12ヶ月未満
B25010224,6,2025/9/30,10767,0,1800,180,0,1980,熊本支店,レンタル法人,12,延長,12ヶ月未満
B25010224,7,2025/10/31,10767,0,1800,180,0,1980,熊本支店,レンタル法人,12,延長,12ヶ月未満
B25010224,8,2025/11/30,10767,0,1800,180,0,1980,熊本支店,レンタル法人,12,延長,12ヶ月未満
B25010224,9,2025/12/31,10767,0,1800,180,0,1980,熊本支店,レンタル法人,12,延長,12ヶ月未満
B25010224,10,2026/1/31,10767,0,1800,180,0,1980,熊本支店,レンタル法人,12,延長,12ヶ月未満
B25010224,11,2026/2/28,10767,0,1800,180,0,1980,熊本支店,レンタル法人,12,延長,12ヶ月未満
B25010224,12,2026/3/31,10767,0,1800,180,0,1980,熊本支店,レンタル法人,12,延長,12ヶ月未満
B25010225,6,2025/9/30,10767,0,1800,180,0,1980,熊本支店,レンタル法人,12,延長,12ヶ月未満
B25010225,7,2025/10/31,10767,0,1800,180,0,1980,熊本支店,レンタル法人,12,延長,12ヶ月未満
B25010225,8,2025/11/30,10767,0,1800,180,0,1980,熊本支店,レンタル法人,12,延長,12ヶ月未満
B25010225,9,2025/12/31,10767,0,1800,180,0,1980,熊本支店,レンタル法人,12,延長,12ヶ月未満
B25010225,10,2026/1/31,10767,0,1800,180,0,1980,熊本支店,レンタル法人,12,延長,12ヶ月未満
B25010225,11,2026/2/28,10767,0,1800,180,0,1980,熊本支店,レンタル法人,12,延長,12ヶ月未満
B25010225,12,2026/3/31,10767,0,1800,180,0,1980,熊本支店,レンタル法人,12,延長,12ヶ月未満
B25010252,6,2025/9/30,5357,0,6250,625,0,6875,熊本支店,レンタル法人,8,新規,12ヶ月未満
B25010252,7,2025/10/31,5357,0,6250,625,0,6875,熊本支店,レンタル法人,8,新規,12ヶ月未満
B25010252,8,2025/11/30,5357,0,6250,625,0,6875,熊本支店,レンタル法人,8,新規,12ヶ月未満
B25010286,6,2025/9/30,10392,0,20000,2000,0,22000,熊本支店,役務,12,新規,12ヶ月未満
B25010286,7,2025/10/31,10392,0,20000,2000,0,22000,熊本支店,役務,12,新規,12ヶ月未満
B25010286,8,2025/11/30,10392,0,20000,2000,0,22000,熊本支店,役務,12,新規,12ヶ月未満
B25010286,9,2025/12/31,10392,0,20000,2000,0,22000,熊本支店,役務,12,新規,12ヶ月未満
B25010286,10,2026/1/31,10392,0,20000,2000,0,22000,熊本支店,役務,12,新規,12ヶ月未満
B25010286,11,2026/2/28,10392,0,20000,2000,0,22000,熊本支店,役務,12,新規,12ヶ月未満
B25010286,12,2026/3/31,10392,0,20000,2000,0,22000,熊本支店,役務,12,新規,12ヶ月未満
B25010476,6,2025/9/30,15589,0,230000,23000,0,253000,熊本支店,レンタル法人,5,新規,12ヶ月未満
B25010477,6,2025/9/30,15589,0,125000,12500,0,137500,熊本支店,レンタル法人,12,新規,12ヶ月未満
B25010477,7,2025/10/31,15589,0,125000,12500,0,137500,熊本支店,レンタル法人,12,新規,12ヶ月未満
B25010477,8,2025/11/30,15589,0,125000,12500,0,137500,熊本支店,レンタル法人,12,新規,12ヶ月未満
B25010477,9,2025/12/31,15589,0,125000,12500,0,137500,熊本支店,レンタル法人,12,新規,12ヶ月未満
B25010477,10,2026/1/31,15589,0,125000,12500,0,137500,熊本支店,レンタル法人,12,新規,12ヶ月未満
B25010477,11,2026/2/28,15589,0,125000,12500,0,137500,熊本支店,レンタル法人,12,新規,12ヶ月未満
B25010477,12,2026/3/31,15589,0,125000,12500,0,137500,熊本支店,レンタル法人,12,新規,12ヶ月未満
B25010477,13,2026/4/30,15589,0,125000,12500,0,137500,熊本支店,レンタル法人,12,新規,12ヶ月未満
B25010637,5,2025/9/30,16431,0,2600,260,0,2860,熊本支店,レンタル法人,24,新規,12ヶ月以上
B25010637,6,2025/10/31,16431,0,2600,260,0,2860,熊本支店,レンタル法人,24,新規,12ヶ月以上
B25010637,7,2025/11/30,16431,0,2600,260,0,2860,熊本支店,レンタル法人,24,新規,12ヶ月以上
B25010637,8,2025/12/31,16431,0,2600,260,0,2860,熊本支店,レンタル法人,24,新規,12ヶ月以上
B25010637,9,2026/1/31,16431,0,2600,260,0,2860,熊本支店,レンタル法人,24,新規,12ヶ月以上
B25010637,10,2026/2/28,16431,0,2600,260,0,2860,熊本支店,レンタル法人,24,新規,12ヶ月以上
B25010637,11,2026/3/31,16431,0,2600,260,0,2860,熊本支店,レンタル法人,24,新規,12ヶ月以上
B25010637,12,2026/4/30,16431,0,2600,260,0,2860,熊本支店,レンタル法人,24,新規,12ヶ月以上
B25010637,13,2026/5/31,16431,0,2600,260,0,2860,熊本支店,レンタル法人,24,新規,12ヶ月以上
B25010637,14,2026/6/30,16431,0,2600,260,0,2860,熊本支店,レンタル法人,24,新規,12ヶ月以上
B25010637,15,2026/7/31,16431,0,2600,260,0,2860,熊本支店,レンタル法人,24,新規,12ヶ月以上
B25010637,16,2026/8/31,16431,0,2600,260,0,2860,熊本支店,レンタル法人,24,新規,12ヶ月以上
B25010673,6,2025/9/30,7559,0,26100,2610,0,28710,熊本支店,レンタル法人,12,延長,12ヶ月未満
B25010673,7,2025/10/31,7559,0,26100,2610,0,28710,熊本支店,レンタル法人,12,延長,12ヶ月未満
B25010673,8,2025/11/30,7559,0,26100,2610,0,28710,熊本支店,レンタル法人,12,延長,12ヶ月未満
B25010673,9,2025/12/31,7559,0,26100,2610,0,28710,熊本支店,レンタル法人,12,延長,12ヶ月未満
B25010673,10,2026/1/31,7559,0,26100,2610,0,28710,熊本支店,レンタル法人,12,延長,12ヶ月未満
B25010673,11,2026/2/28,7559,0,26100,2610,0,28710,熊本支店,レンタル法人,12,延長,12ヶ月未満
B25010673,12,2026/3/31,7559,0,26100,2610,0,28710,熊本支店,レンタル法人,12,延長,12ヶ月未満
B25011024,4,2025/9/30,10856,0,10000,1000,0,11000,熊本支店,レンタル法人,24,新規,12ヶ月以上
B25011024,5,2025/10/31,10856,0,10000,1000,0,11000,熊本支店,レンタル法人,24,新規,12ヶ月以上
B25011024,6,2025/11/30,10856,0,10000,1000,0,11000,熊本支店,レンタル法人,24,新規,12ヶ月以上
B25011024,7,2025/12/31,10856,0,10000,1000,0,11000,熊本支店,レンタル法人,24,新規,12ヶ月以上
B25011024,8,2026/1/31,10856,0,10000,1000,0,11000,熊本支店,レンタル法人,24,新規,12ヶ月以上
B25011024,9,2026/2/28,10856,0,10000,1000,0,11000,熊本支店,レンタル法人,24,新規,12ヶ月以上
B25011024,10,2026/3/31,10856,0,10000,1000,0,11000,熊本支店,レンタル法人,24,新規,12ヶ月以上
B25011024,11,2026/4/30,10856,0,10000,1000,0,11000,熊本支店,レンタル法人,24,新規,12ヶ月以上
B25011024,12,2026/5/31,10856,0,10000,1000,0,11000,熊本支店,レンタル法人,24,新規,12ヶ月以上
B25011024,13,2026/6/30,10856,0,10000,1000,0,11000,熊本支店,レンタル法人,24,新規,12ヶ月以上
B25011024,14,2026/7/31,10856,0,10000,1000,0,11000,熊本支店,レンタル法人,24,新規,12ヶ月以上
B25011024,15,2026/8/31,10856,0,10000,1000,0,11000,熊本支店,レンタル法人,24,新規,12ヶ月以上
B25011123,4,2025/9/30,14801,0,35100,3510,0,38610,熊本支店,レンタル法人,48,新規,12ヶ月以上
B25011123,5,2025/10/31,14801,0,35100,3510,0,38610,熊本支店,レンタル法人,48,新規,12ヶ月以上
B25011123,6,2025/11/30,14801,0,35100,3510,0,38610,熊本支店,レンタル法人,48,新規,12ヶ月以上
B25011123,7,2025/12/31,14801,0,35100,3510,0,38610,熊本支店,レンタル法人,48,新規,12ヶ月以上
B25011123,8,2026/1/31,14801,0,35100,3510,0,38610,熊本支店,レンタル法人,48,新規,12ヶ月以上
B25011123,9,2026/2/28,14801,0,35100,3510,0,38610,熊本支店,レンタル法人,48,新規,12ヶ月以上
B25011123,10,2026/3/31,14801,0,35100,3510,0,38610,熊本支店,レンタル法人,48,新規,12ヶ月以上
B25011123,11,2026/4/30,14801,0,35100,3510,0,38610,熊本支店,レンタル法人,48,新規,12ヶ月以上
B25011123,12,2026/5/31,14801,0,35100,3510,0,38610,熊本支店,レンタル法人,48,新規,12ヶ月以上
B25011123,13,2026/6/30,14801,0,35100,3510,0,38610,熊本支店,レンタル法人,48,新規,12ヶ月以上
B25011123,14,2026/7/31,14801,0,35100,3510,0,38610,熊本支店,レンタル法人,48,新規,12ヶ月以上
B25011123,15,2026/8/31,14801,0,35100,3510,0,38610,熊本支店,レンタル法人,48,新規,12ヶ月以上
B25011232,5,2025/9/30,15853,0,44900,4490,0,49390,熊本支店,レンタル法人,11,新規,12ヶ月未満
B25011232,6,2025/10/31,15853,0,44900,4490,0,49390,熊本支店,レンタル法人,11,新規,12ヶ月未満
B25011232,7,2025/11/30,15853,0,44900,4490,0,49390,熊本支店,レンタル法人,11,新規,12ヶ月未満
B25011232,8,2025/12/31,15853,0,44900,4490,0,49390,熊本支店,レンタル法人,11,新規,12ヶ月未満
B25011232,9,2026/1/31,15853,0,44900,4490,0,49390,熊本支店,レンタル法人,11,新規,12ヶ月未満
B25011232,10,2026/2/28,15853,0,44900,4490,0,49390,熊本支店,レンタル法人,11,新規,12ヶ月未満
B25011232,11,2026/3/31,15853,0,44900,4490,0,49390,熊本支店,レンタル法人,11,新規,12ヶ月未満
B25011367,5,2025/9/30,14451,0,3300,330,0,3630,熊本支店,レンタル法人,36,新規,12ヶ月以上
B25011367,6,2025/10/31,14451,0,3300,330,0,3630,熊本支店,レンタル法人,36,新規,12ヶ月以上
B25011367,7,2025/11/30,14451,0,3300,330,0,3630,熊本支店,レンタル法人,36,新規,12ヶ月以上
B25011367,8,2025/12/31,14451,0,3300,330,0,3630,熊本支店,レンタル法人,36,新規,12ヶ月以上
B25011367,9,2026/1/31,14451,0,3300,330,0,3630,熊本支店,レンタル法人,36,新規,12ヶ月以上
B25011367,10,2026/2/28,14451,0,3300,330,0,3630,熊本支店,レンタル法人,36,新規,12ヶ月以上
B25011367,11,2026/3/31,14451,0,3300,330,0,3630,熊本支店,レンタル法人,36,新規,12ヶ月以上
B25011367,12,2026/4/30,14451,0,3300,330,0,3630,熊本支店,レンタル法人,36,新規,12ヶ月以上
B25011367,13,2026/5/31,14451,0,3300,330,0,3630,熊本支店,レンタル法人,36,新規,12ヶ月以上
B25011367,14,2026/6/30,14451,0,3300,330,0,3630,熊本支店,レンタル法人,36,新規,12ヶ月以上
B25011367,15,2026/7/31,14451,0,3300,330,0,3630,熊本支店,レンタル法人,36,新規,12ヶ月以上
B25011367,16,2026/8/31,14451,0,3300,330,0,3630,熊本支店,レンタル法人,36,新規,12ヶ月以上
B25011432,5,2025/9/30,16603,0,3000,300,0,3300,熊本支店,レンタル法人,48,新規,12ヶ月以上
B25011432,6,2025/10/31,16603,0,3000,300,0,3300,熊本支店,レンタル法人,48,新規,12ヶ月以上
B25011432,7,2025/11/30,16603,0,3000,300,0,3300,熊本支店,レンタル法人,48,新規,12ヶ月以上
B25011432,8,2025/12/31,16603,0,3000,300,0,3300,熊本支店,レンタル法人,48,新規,12ヶ月以上
B25011432,9,2026/1/31,16603,0,3000,300,0,3300,熊本支店,レンタル法人,48,新規,12ヶ月以上
B25011432,10,2026/2/28,16603,0,3000,300,0,3300,熊本支店,レンタル法人,48,新規,12ヶ月以上
B25011432,11,2026/3/31,16603,0,3000,300,0,3300,熊本支店,レンタル法人,48,新規,12ヶ月以上
B25011432,12,2026/4/30,16603,0,3000,300,0,3300,熊本支店,レンタル法人,48,新規,12ヶ月以上
B25011432,13,2026/5/31,16603,0,3000,300,0,3300,熊本支店,レンタル法人,48,新規,12ヶ月以上
B25011432,14,2026/6/30,16603,0,3000,300,0,3300,熊本支店,レンタル法人,48,新規,12ヶ月以上
B25011432,15,2026/7/31,16603,0,3000,300,0,3300,熊本支店,レンタル法人,48,新規,12ヶ月以上
B25011432,16,2026/8/31,16603,0,3000,300,0,3300,熊本支店,レンタル法人,48,新規,12ヶ月以上
B25011433,6,2025/9/30,10748,0,37400,3740,0,41140,熊本支店,レンタル法人,12,延長,12ヶ月未満
B25011433,7,2025/10/31,10748,0,37400,3740,0,41140,熊本支店,レンタル法人,12,延長,12ヶ月未満
B25011433,8,2025/11/30,10748,0,37400,3740,0,41140,熊本支店,レンタル法人,12,延長,12ヶ月未満
B25011433,9,2025/12/31,10748,0,37400,3740,0,41140,熊本支店,レンタル法人,12,延長,12ヶ月未満
B25011433,10,2026/1/31,10748,0,37400,3740,0,41140,熊本支店,レンタル法人,12,延長,12ヶ月未満
B25011433,11,2026/2/28,10748,0,37400,3740,0,41140,熊本支店,レンタル法人,12,延長,12ヶ月未満
B25011433,12,2026/3/31,10748,0,37400,3740,0,41140,熊本支店,レンタル法人,12,延長,12ヶ月未満
B25011514,5,2025/9/30,11771,0,10500,1050,0,11550,熊本支店,レンタル法人,34,新規,12ヶ月以上
B25011514,6,2025/10/31,11771,0,10500,1050,0,11550,熊本支店,レンタル法人,34,新規,12ヶ月以上
B25011514,7,2025/11/30,11771,0,10500,1050,0,11550,熊本支店,レンタル法人,34,新規,12ヶ月以上
B25011514,8,2025/12/31,11771,0,10500,1050,0,11550,熊本支店,レンタル法人,34,新規,12ヶ月以上
B25011514,9,2026/1/31,11771,0,10500,1050,0,11550,熊本支店,レンタル法人,34,新規,12ヶ月以上
B25011514,10,2026/2/28,11771,0,10500,1050,0,11550,熊本支店,レンタル法人,34,新規,12ヶ月以上
B25011514,11,2026/3/31,11771,0,10500,1050,0,11550,熊本支店,レンタル法人,34,新規,12ヶ月以上
B25011514,12,2026/4/30,11771,0,10500,1050,0,11550,熊本支店,レンタル法人,34,新規,12ヶ月以上
B25011514,13,2026/5/31,11771,0,10500,1050,0,11550,熊本支店,レンタル法人,34,新規,12ヶ月以上
B25011514,14,2026/6/30,11771,0,10500,1050,0,11550,熊本支店,レンタル法人,34,新規,12ヶ月以上
B25011514,15,2026/7/31,11771,0,10500,1050,0,11550,熊本支店,レンタル法人,34,新規,12ヶ月以上
B25011514,16,2026/8/31,11771,0,10500,1050,0,11550,熊本支店,レンタル法人,34,新規,12ヶ月以上
B25011557,6,2025/9/30,5410,0,20500,2050,0,22550,熊本支店,レンタル法人,12,延長,12ヶ月未満
B25011557,7,2025/10/31,5410,0,20500,2050,0,22550,熊本支店,レンタル法人,12,延長,12ヶ月未満
B25011557,8,2025/11/30,5410,0,20500,2050,0,22550,熊本支店,レンタル法人,12,延長,12ヶ月未満
B25011557,9,2025/12/31,5410,0,20500,2050,0,22550,熊本支店,レンタル法人,12,延長,12ヶ月未満
B25011557,10,2026/1/31,5410,0,20500,2050,0,22550,熊本支店,レンタル法人,12,延長,12ヶ月未満
B25011557,11,2026/2/28,5410,0,20500,2050,0,22550,熊本支店,レンタル法人,12,延長,12ヶ月未満
B25011557,12,2026/3/31,5410,0,20500,2050,0,22550,熊本支店,レンタル法人,12,延長,12ヶ月未満
B25011582,5,2025/9/30,15589,0,35000,3500,0,38500,熊本支店,レンタル法人,11,新規,12ヶ月未満
B25011582,6,2025/10/31,15589,0,35000,3500,0,38500,熊本支店,レンタル法人,11,新規,12ヶ月未満
B25011582,7,2025/11/30,15589,0,35000,3500,0,38500,熊本支店,レンタル法人,11,新規,12ヶ月未満
B25011582,8,2025/12/31,15589,0,35000,3500,0,38500,熊本支店,レンタル法人,11,新規,12ヶ月未満
B25011582,9,2026/1/31,15589,0,35000,3500,0,38500,熊本支店,レンタル法人,11,新規,12ヶ月未満
B25011582,10,2026/2/28,15589,0,35000,3500,0,38500,熊本支店,レンタル法人,11,新規,12ヶ月未満
B25011582,11,2026/3/31,15589,0,35000,3500,0,38500,熊本支店,レンタル法人,11,新規,12ヶ月未満
B25011582,12,2026/4/30,15589,0,35000,3500,0,38500,熊本支店,レンタル法人,11,新規,12ヶ月未満
B25011713,5,2025/9/30,13187,0,2200,220,0,2420,熊本支店,レンタル法人,36,新規,12ヶ月以上
B25011713,6,2025/10/31,13187,0,2200,220,0,2420,熊本支店,レンタル法人,36,新規,12ヶ月以上
B25011713,7,2025/11/30,13187,0,2200,220,0,2420,熊本支店,レンタル法人,36,新規,12ヶ月以上
B25011713,8,2025/12/31,13187,0,2200,220,0,2420,熊本支店,レンタル法人,36,新規,12ヶ月以上
B25011713,9,2026/1/31,13187,0,2200,220,0,2420,熊本支店,レンタル法人,36,新規,12ヶ月以上
B25011713,10,2026/2/28,13187,0,2200,220,0,2420,熊本支店,レンタル法人,36,新規,12ヶ月以上
B25011713,11,2026/3/31,13187,0,2200,220,0,2420,熊本支店,レンタル法人,36,新規,12ヶ月以上
B25011713,12,2026/4/30,13187,0,2200,220,0,2420,熊本支店,レンタル法人,36,新規,12ヶ月以上
B25011713,13,2026/5/31,13187,0,2200,220,0,2420,熊本支店,レンタル法人,36,新規,12ヶ月以上
B25011713,14,2026/6/30,13187,0,2200,220,0,2420,熊本支店,レンタル法人,36,新規,12ヶ月以上
B25011713,15,2026/7/31,13187,0,2200,220,0,2420,熊本支店,レンタル法人,36,新規,12ヶ月以上
B25011713,16,2026/8/31,13187,0,2200,220,0,2420,熊本支店,レンタル法人,36,新規,12ヶ月以上
B25011716,5,2025/9/30,9988,0,4000,400,0,4400,熊本支店,レンタル法人,10,新規,12ヶ月未満
B25011716,6,2025/10/31,9988,0,4000,400,0,4400,熊本支店,レンタル法人,10,新規,12ヶ月未満
B25011716,7,2025/11/30,9988,0,4000,400,0,4400,熊本支店,レンタル法人,10,新規,12ヶ月未満
B25011716,8,2025/12/31,9988,0,4000,400,0,4400,熊本支店,レンタル法人,10,新規,12ヶ月未満
B25011716,9,2026/1/31,9988,0,4000,400,0,4400,熊本支店,レンタル法人,10,新規,12ヶ月未満
B25011716,10,2026/2/28,9988,0,4000,400,0,4400,熊本支店,レンタル法人,10,新規,12ヶ月未満
B25011716,11,2026/3/31,9988,0,4000,400,0,4400,熊本支店,レンタル法人,10,新規,12ヶ月未満
B25011717,5,2025/9/30,14451,0,3300,330,0,3630,熊本支店,レンタル法人,36,新規,12ヶ月以上
B25011717,6,2025/10/31,14451,0,3300,330,0,3630,熊本支店,レンタル法人,36,新規,12ヶ月以上
B25011717,7,2025/11/30,14451,0,3300,330,0,3630,熊本支店,レンタル法人,36,新規,12ヶ月以上
B25011717,8,2025/12/31,14451,0,3300,330,0,3630,熊本支店,レンタル法人,36,新規,12ヶ月以上
B25011717,9,2026/1/31,14451,0,3300,330,0,3630,熊本支店,レンタル法人,36,新規,12ヶ月以上
B25011717,10,2026/2/28,14451,0,3300,330,0,3630,熊本支店,レンタル法人,36,新規,12ヶ月以上
B25011717,11,2026/3/31,14451,0,3300,330,0,3630,熊本支店,レンタル法人,36,新規,12ヶ月以上
B25011717,12,2026/4/30,14451,0,3300,330,0,3630,熊本支店,レンタル法人,36,新規,12ヶ月以上
B25011717,13,2026/5/31,14451,0,3300,330,0,3630,熊本支店,レンタル法人,36,新規,12ヶ月以上
B25011717,14,2026/6/30,14451,0,3300,330,0,3630,熊本支店,レンタル法人,36,新規,12ヶ月以上
B25011717,15,2026/7/31,14451,0,3300,330,0,3630,熊本支店,レンタル法人,36,新規,12ヶ月以上
B25011717,16,2026/8/31,14451,0,3300,330,0,3630,熊本支店,レンタル法人,36,新規,12ヶ月以上
B25011727,5,2025/9/30,11577,0,27300,2730,0,30030,熊本支店,レンタル法人,36,新規,12ヶ月以上
B25011727,6,2025/10/31,11577,0,27300,2730,0,30030,熊本支店,レンタル法人,36,新規,12ヶ月以上
B25011727,7,2025/11/30,11577,0,27300,2730,0,30030,熊本支店,レンタル法人,36,新規,12ヶ月以上
B25011727,8,2025/12/31,11577,0,27300,2730,0,30030,熊本支店,レンタル法人,36,新規,12ヶ月以上
B25011727,9,2026/1/31,11577,0,27300,2730,0,30030,熊本支店,レンタル法人,36,新規,12ヶ月以上
B25011727,10,2026/2/28,11577,0,27300,2730,0,30030,熊本支店,レンタル法人,36,新規,12ヶ月以上
B25011727,11,2026/3/31,11577,0,27300,2730,0,30030,熊本支店,レンタル法人,36,新規,12ヶ月以上
B25011727,12,2026/4/30,11577,0,27300,2730,0,30030,熊本支店,レンタル法人,36,新規,12ヶ月以上
B25011727,13,2026/5/31,11577,0,27300,2730,0,30030,熊本支店,レンタル法人,36,新規,12ヶ月以上
B25011727,14,2026/6/30,11577,0,27300,2730,0,30030,熊本支店,レンタル法人,36,新規,12ヶ月以上
B25011727,15,2026/7/31,11577,0,27300,2730,0,30030,熊本支店,レンタル法人,36,新規,12ヶ月以上
B25011727,16,2026/8/31,11577,0,27300,2730,0,30030,熊本支店,レンタル法人,36,新規,12ヶ月以上
B25011838,5,2025/9/30,11771,0,2400,240,0,2640,熊本支店,レンタル法人,36,新規,12ヶ月以上
B25011838,6,2025/10/31,11771,0,2400,240,0,2640,熊本支店,レンタル法人,36,新規,12ヶ月以上
B25011838,7,2025/11/30,11771,0,2400,240,0,2640,熊本支店,レンタル法人,36,新規,12ヶ月以上
B25011838,8,2025/12/31,11771,0,2400,240,0,2640,熊本支店,レンタル法人,36,新規,12ヶ月以上
B25011838,9,2026/1/31,11771,0,2400,240,0,2640,熊本支店,レンタル法人,36,新規,12ヶ月以上
B25011838,10,2026/2/28,11771,0,2400,240,0,2640,熊本支店,レンタル法人,36,新規,12ヶ月以上
B25011838,11,2026/3/31,11771,0,2400,240,0,2640,熊本支店,レンタル法人,36,新規,12ヶ月以上
B25011838,12,2026/4/30,11771,0,2400,240,0,2640,熊本支店,レンタル法人,36,新規,12ヶ月以上
B25011838,13,2026/5/31,11771,0,2400,240,0,2640,熊本支店,レンタル法人,36,新規,12ヶ月以上
B25011838,14,2026/6/30,11771,0,2400,240,0,2640,熊本支店,レンタル法人,36,新規,12ヶ月以上
B25011838,15,2026/7/31,11771,0,2400,240,0,2640,熊本支店,レンタル法人,36,新規,12ヶ月以上
B25011838,16,2026/8/31,11771,0,2400,240,0,2640,熊本支店,レンタル法人,36,新規,12ヶ月以上
B25011859,5,2025/9/30,7462,0,34000,3400,0,37400,熊本支店,レンタル法人,10,新規,12ヶ月未満
B25011859,6,2025/10/31,7462,0,34000,3400,0,37400,熊本支店,レンタル法人,10,新規,12ヶ月未満
B25011859,7,2025/11/30,7462,0,34000,3400,0,37400,熊本支店,レンタル法人,10,新規,12ヶ月未満
B25011859,8,2025/12/31,7462,0,34000,3400,0,37400,熊本支店,レンタル法人,10,新規,12ヶ月未満
B25011859,9,2026/1/31,7462,0,34000,3400,0,37400,熊本支店,レンタル法人,10,新規,12ヶ月未満
B25011859,10,2026/2/28,7462,0,34000,3400,0,37400,熊本支店,レンタル法人,10,新規,12ヶ月未満
B25011859,11,2026/3/31,7462,0,34000,3400,0,37400,熊本支店,レンタル法人,10,新規,12ヶ月未満
B25011909,5,2025/9/30,10210,0,7750,775,0,8525,熊本支店,レンタル法人,10,新規,12ヶ月未満
B25011909,6,2025/10/31,10210,0,7750,775,0,8525,熊本支店,レンタル法人,10,新規,12ヶ月未満
B25011909,7,2025/11/30,10210,0,7750,775,0,8525,熊本支店,レンタル法人,10,新規,12ヶ月未満
B25011909,8,2025/12/31,10210,0,7750,775,0,8525,熊本支店,レンタル法人,10,新規,12ヶ月未満
B25011909,9,2026/1/31,10210,0,7750,775,0,8525,熊本支店,レンタル法人,10,新規,12ヶ月未満
B25011909,10,2026/2/28,10210,0,7750,775,0,8525,熊本支店,レンタル法人,10,新規,12ヶ月未満
B25011909,11,2026/3/31,10210,0,7750,775,0,8525,熊本支店,レンタル法人,10,新規,12ヶ月未満
B25011967,5,2025/9/30,5911,0,14000,1400,0,15400,熊本支店,レンタル法人,12,新規,12ヶ月未満
B25011967,6,2025/10/31,5911,0,14000,1400,0,15400,熊本支店,レンタル法人,12,新規,12ヶ月未満
B25011967,7,2025/11/30,5911,0,14000,1400,0,15400,熊本支店,レンタル法人,12,新規,12ヶ月未満
B25011967,8,2025/12/31,5911,0,14000,1400,0,15400,熊本支店,レンタル法人,12,新規,12ヶ月未満
B25011967,9,2026/1/31,5911,0,14000,1400,0,15400,熊本支店,レンタル法人,12,新規,12ヶ月未満
B25011967,10,2026/2/28,5911,0,14000,1400,0,15400,熊本支店,レンタル法人,12,新規,12ヶ月未満
B25011967,11,2026/3/31,5911,0,14000,1400,0,15400,熊本支店,レンタル法人,12,新規,12ヶ月未満
B25011967,12,2026/4/30,5911,0,14000,1400,0,15400,熊本支店,レンタル法人,12,新規,12ヶ月未満
B25011976,4,2025/9/30,7559,0,81300,8130,0,89430,熊本支店,レンタル法人,10,新規,12ヶ月未満
B25011976,5,2025/10/31,7559,0,81300,8130,0,89430,熊本支店,レンタル法人,10,新規,12ヶ月未満
B25011976,6,2025/11/30,7559,0,81300,8130,0,89430,熊本支店,レンタル法人,10,新規,12ヶ月未満
B25011976,7,2025/12/31,7559,0,81300,8130,0,89430,熊本支店,レンタル法人,10,新規,12ヶ月未満
B25011976,8,2026/1/31,7559,0,81300,8130,0,89430,熊本支店,レンタル法人,10,新規,12ヶ月未満
B25011976,9,2026/2/28,7559,0,81300,8130,0,89430,熊本支店,レンタル法人,10,新規,12ヶ月未満
B25011976,10,2026/3/31,7559,0,81300,8130,0,89430,熊本支店,レンタル法人,10,新規,12ヶ月未満
B25012022,4,2025/9/30,14801,0,17550,1755,0,19305,熊本支店,レンタル法人,48,新規,12ヶ月以上
B25012022,5,2025/10/31,14801,0,17550,1755,0,19305,熊本支店,レンタル法人,48,新規,12ヶ月以上
B25012022,6,2025/11/30,14801,0,17550,1755,0,19305,熊本支店,レンタル法人,48,新規,12ヶ月以上
B25012022,7,2025/12/31,14801,0,17550,1755,0,19305,熊本支店,レンタル法人,48,新規,12ヶ月以上
B25012022,8,2026/1/31,14801,0,17550,1755,0,19305,熊本支店,レンタル法人,48,新規,12ヶ月以上
B25012022,9,2026/2/28,14801,0,17550,1755,0,19305,熊本支店,レンタル法人,48,新規,12ヶ月以上
B25012022,10,2026/3/31,14801,0,17550,1755,0,19305,熊本支店,レンタル法人,48,新規,12ヶ月以上
B25012022,11,2026/4/30,14801,0,17550,1755,0,19305,熊本支店,レンタル法人,48,新規,12ヶ月以上
B25012022,12,2026/5/31,14801,0,17550,1755,0,19305,熊本支店,レンタル法人,48,新規,12ヶ月以上
B25012022,13,2026/6/30,14801,0,17550,1755,0,19305,熊本支店,レンタル法人,48,新規,12ヶ月以上
B25012022,14,2026/7/31,14801,0,17550,1755,0,19305,熊本支店,レンタル法人,48,新規,12ヶ月以上
B25012022,15,2026/8/31,14801,0,17550,1755,0,19305,熊本支店,レンタル法人,48,新規,12ヶ月以上
B25012053,4,2025/9/30,13187,0,29000,2900,0,31900,熊本支店,レンタル法人,36,新規,12ヶ月以上
B25012053,5,2025/10/31,13187,0,29000,2900,0,31900,熊本支店,レンタル法人,36,新規,12ヶ月以上
B25012053,6,2025/11/30,13187,0,29000,2900,0,31900,熊本支店,レンタル法人,36,新規,12ヶ月以上
B25012053,7,2025/12/31,13187,0,29000,2900,0,31900,熊本支店,レンタル法人,36,新規,12ヶ月以上
B25012053,8,2026/1/31,13187,0,29000,2900,0,31900,熊本支店,レンタル法人,36,新規,12ヶ月以上
B25012053,9,2026/2/28,13187,0,29000,2900,0,31900,熊本支店,レンタル法人,36,新規,12ヶ月以上
B25012053,10,2026/3/31,13187,0,29000,2900,0,31900,熊本支店,レンタル法人,36,新規,12ヶ月以上
B25012053,11,2026/4/30,13187,0,29000,2900,0,31900,熊本支店,レンタル法人,36,新規,12ヶ月以上
B25012053,12,2026/5/31,13187,0,29000,2900,0,31900,熊本支店,レンタル法人,36,新規,12ヶ月以上
B25012053,13,2026/6/30,13187,0,29000,2900,0,31900,熊本支店,レンタル法人,36,新規,12ヶ月以上
B25012053,14,2026/7/31,13187,0,29000,2900,0,31900,熊本支店,レンタル法人,36,新規,12ヶ月以上
B25012053,15,2026/8/31,13187,0,29000,2900,0,31900,熊本支店,レンタル法人,36,新規,12ヶ月以上
B25012123,4,2025/9/30,12299,0,25000,2500,0,27500,熊本支店,レンタル法人,5,新規,12ヶ月未満
B25012123,5,2025/10/31,12299,0,25000,2500,0,27500,熊本支店,レンタル法人,5,新規,12ヶ月未満
B25012123,6,2025/11/30,12299,0,25000,2500,0,27500,熊本支店,レンタル法人,5,新規,12ヶ月未満
B25012124,4,2025/9/30,2804,0,13600,1360,0,14960,熊本支店,レンタル法人,7,新規,12ヶ月未満
B25012124,5,2025/10/31,2804,0,13600,1360,0,14960,熊本支店,レンタル法人,7,新規,12ヶ月未満
B25012124,6,2025/11/30,2804,0,13600,1360,0,14960,熊本支店,レンタル法人,7,新規,12ヶ月未満
B25012124,7,2025/12/31,2804,0,13600,1360,0,14960,熊本支店,レンタル法人,7,新規,12ヶ月未満
B25012220,5,2025/9/30,10489,0,2728,272,0,3000,熊本支店,レンタル法人,6,延長,12ヶ月未満
B25012220,6,2025/10/31,10489,0,2728,272,0,3000,熊本支店,レンタル法人,6,延長,12ヶ月未満
B25012224,5,2025/9/30,10489,0,5455,545,0,6000,熊本支店,レンタル法人,6,延長,12ヶ月未満
B25012224,6,2025/10/31,10489,0,5455,545,0,6000,熊本支店,レンタル法人,6,延長,12ヶ月未満
B25012225,5,2025/9/30,15103,0,2728,272,0,3000,熊本支店,レンタル法人,6,延長,12ヶ月未満
B25012225,6,2025/10/31,15103,0,2728,272,0,3000,熊本支店,レンタル法人,6,延長,12ヶ月未満
B25012331,5,2025/9/30,10734,0,2800,280,0,3080,熊本支店,レンタル法人,6,延長,12ヶ月未満
B25012331,6,2025/10/31,10734,0,2800,280,0,3080,熊本支店,レンタル法人,6,延長,12ヶ月未満
B25012441,5,2025/9/30,10489,0,2728,272,0,3000,熊本支店,レンタル法人,6,延長,12ヶ月未満
B25012441,6,2025/10/31,10489,0,2728,272,0,3000,熊本支店,レンタル法人,6,延長,12ヶ月未満
B25012442,5,2025/9/30,10735,0,2728,272,0,3000,熊本支店,レンタル法人,6,延長,12ヶ月未満
B25012442,6,2025/10/31,10735,0,2728,272,0,3000,熊本支店,レンタル法人,6,延長,12ヶ月未満
B25012443,5,2025/9/30,10489,0,2728,272,0,3000,熊本支店,レンタル法人,6,延長,12ヶ月未満
B25012443,6,2025/10/31,10489,0,2728,272,0,3000,熊本支店,レンタル法人,6,延長,12ヶ月未満
B25012740,1,2025/10/31,14801,0,391300,39130,0,430430,熊本支店,レンタル法人,48,新規,12ヶ月以上
B25012740,2,2025/11/30,14801,0,391300,39130,0,430430,熊本支店,レンタル法人,48,新規,12ヶ月以上
B25012740,3,2025/12/31,14801,0,391300,39130,0,430430,熊本支店,レンタル法人,48,新規,12ヶ月以上
B25012740,4,2026/1/31,14801,0,391300,39130,0,430430,熊本支店,レンタル法人,48,新規,12ヶ月以上
B25012740,5,2026/2/28,14801,0,391300,39130,0,430430,熊本支店,レンタル法人,48,新規,12ヶ月以上
B25012740,6,2026/3/31,14801,0,391300,39130,0,430430,熊本支店,レンタル法人,48,新規,12ヶ月以上
B25012740,7,2026/4/30,14801,0,391300,39130,0,430430,熊本支店,レンタル法人,48,新規,12ヶ月以上
B25012740,8,2026/5/31,14801,0,391300,39130,0,430430,熊本支店,レンタル法人,48,新規,12ヶ月以上
B25012740,9,2026/6/30,14801,0,391300,39130,0,430430,熊本支店,レンタル法人,48,新規,12ヶ月以上
B25012740,10,2026/7/31,14801,0,391300,39130,0,430430,熊本支店,レンタル法人,48,新規,12ヶ月以上
B25012740,11,2026/8/31,14801,0,391300,39130,0,430430,熊本支店,レンタル法人,48,新規,12ヶ月以上
B25012771,4,2025/9/30,5911,0,3800,380,0,4180,熊本支店,レンタル法人,18,新規,12ヶ月以上
B25012771,5,2025/10/31,5911,0,3800,380,0,4180,熊本支店,レンタル法人,18,新規,12ヶ月以上
B25012771,6,2025/11/30,5911,0,3800,380,0,4180,熊本支店,レンタル法人,18,新規,12ヶ月以上
B25012771,7,2025/12/31,5911,0,3800,380,0,4180,熊本支店,レンタル法人,18,新規,12ヶ月以上
B25012771,8,2026/1/31,5911,0,3800,380,0,4180,熊本支店,レンタル法人,18,新規,12ヶ月以上
B25012771,9,2026/2/28,5911,0,3800,380,0,4180,熊本支店,レンタル法人,18,新規,12ヶ月以上
B25012771,10,2026/3/31,5911,0,3800,380,0,4180,熊本支店,レンタル法人,18,新規,12ヶ月以上
B25012771,11,2026/4/30,5911,0,3800,380,0,4180,熊本支店,レンタル法人,18,新規,12ヶ月以上
B25012771,12,2026/5/31,5911,0,3800,380,0,4180,熊本支店,レンタル法人,18,新規,12ヶ月以上
B25012771,13,2026/6/30,5911,0,3800,380,0,4180,熊本支店,レンタル法人,18,新規,12ヶ月以上
B25012771,14,2026/7/31,5911,0,3800,380,0,4180,熊本支店,レンタル法人,18,新規,12ヶ月以上
B25012771,15,2026/8/31,5911,0,3800,380,0,4180,熊本支店,レンタル法人,18,新規,12ヶ月以上
B25012977,4,2025/9/30,10566,0,15450,1545,0,16995,熊本支店,レンタル法人,10,新規,12ヶ月未満
B25012977,5,2025/10/31,10566,0,15450,1545,0,16995,熊本支店,レンタル法人,10,新規,12ヶ月未満
B25012977,6,2025/11/30,10566,0,15450,1545,0,16995,熊本支店,レンタル法人,10,新規,12ヶ月未満
B25012977,7,2025/12/31,10566,0,15450,1545,0,16995,熊本支店,レンタル法人,10,新規,12ヶ月未満
B25012977,8,2026/1/31,10566,0,15450,1545,0,16995,熊本支店,レンタル法人,10,新規,12ヶ月未満
B25012977,9,2026/2/28,10566,0,15450,1545,0,16995,熊本支店,レンタル法人,10,新規,12ヶ月未満
B25012977,10,2026/3/31,10566,0,15450,1545,0,16995,熊本支店,レンタル法人,10,新規,12ヶ月未満
B25012978,4,2025/9/30,10566,0,14200,1420,0,15620,熊本支店,レンタル法人,10,新規,12ヶ月未満
B25012978,5,2025/10/31,10566,0,14200,1420,0,15620,熊本支店,レンタル法人,10,新規,12ヶ月未満
B25012978,6,2025/11/30,10566,0,14200,1420,0,15620,熊本支店,レンタル法人,10,新規,12ヶ月未満
B25012978,7,2025/12/31,10566,0,14200,1420,0,15620,熊本支店,レンタル法人,10,新規,12ヶ月未満
B25012978,8,2026/1/31,10566,0,14200,1420,0,15620,熊本支店,レンタル法人,10,新規,12ヶ月未満
B25012978,9,2026/2/28,10566,0,14200,1420,0,15620,熊本支店,レンタル法人,10,新規,12ヶ月未満
B25012978,10,2026/3/31,10566,0,14200,1420,0,15620,熊本支店,レンタル法人,10,新規,12ヶ月未満
B25013014,4,2025/9/30,1401,0,16200,1620,0,17820,熊本支店,レンタル法人,5,新規,12ヶ月未満
B25013014,5,2025/10/31,1401,0,16200,1620,0,17820,熊本支店,レンタル法人,5,新規,12ヶ月未満
B25013014,6,2025/11/30,1401,0,16200,1620,0,17820,熊本支店,レンタル法人,5,新規,12ヶ月未満
B25013119,4,2025/9/30,7462,0,10500,1050,0,11550,熊本支店,レンタル法人,10,新規,12ヶ月未満
B25013119,5,2025/10/31,7462,0,10500,1050,0,11550,熊本支店,レンタル法人,10,新規,12ヶ月未満
B25013119,6,2025/11/30,7462,0,10500,1050,0,11550,熊本支店,レンタル法人,10,新規,12ヶ月未満
B25013119,7,2025/12/31,7462,0,10500,1050,0,11550,熊本支店,レンタル法人,10,新規,12ヶ月未満
B25013119,8,2026/1/31,7462,0,10500,1050,0,11550,熊本支店,レンタル法人,10,新規,12ヶ月未満
B25013119,9,2026/2/28,7462,0,10500,1050,0,11550,熊本支店,レンタル法人,10,新規,12ヶ月未満
B25013119,10,2026/3/31,7462,0,10500,1050,0,11550,熊本支店,レンタル法人,10,新規,12ヶ月未満
B25013492,4,2025/9/30,15439,0,3000,300,0,3300,熊本支店,レンタル法人,48,新規,12ヶ月以上
B25013492,5,2025/10/31,15439,0,3000,300,0,3300,熊本支店,レンタル法人,48,新規,12ヶ月以上
B25013492,6,2025/11/30,15439,0,3000,300,0,3300,熊本支店,レンタル法人,48,新規,12ヶ月以上
B25013492,7,2025/12/31,15439,0,3000,300,0,3300,熊本支店,レンタル法人,48,新規,12ヶ月以上
B25013492,8,2026/1/31,15439,0,3000,300,0,3300,熊本支店,レンタル法人,48,新規,12ヶ月以上
B25013492,9,2026/2/28,15439,0,3000,300,0,3300,熊本支店,レンタル法人,48,新規,12ヶ月以上
B25013492,10,2026/3/31,15439,0,3000,300,0,3300,熊本支店,レンタル法人,48,新規,12ヶ月以上
B25013492,11,2026/4/30,15439,0,3000,300,0,3300,熊本支店,レンタル法人,48,新規,12ヶ月以上
B25013492,12,2026/5/31,15439,0,3000,300,0,3300,熊本支店,レンタル法人,48,新規,12ヶ月以上
B25013492,13,2026/6/30,15439,0,3000,300,0,3300,熊本支店,レンタル法人,48,新規,12ヶ月以上
B25013492,14,2026/7/31,15439,0,3000,300,0,3300,熊本支店,レンタル法人,48,新規,12ヶ月以上
B25013492,15,2026/8/31,15439,0,3000,300,0,3300,熊本支店,レンタル法人,48,新規,12ヶ月以上
B25013508,3,2025/9/30,11577,0,18200,1820,0,20020,熊本支店,レンタル法人,36,新規,12ヶ月以上
B25013508,4,2025/10/31,11577,0,18200,1820,0,20020,熊本支店,レンタル法人,36,新規,12ヶ月以上
B25013508,5,2025/11/30,11577,0,18200,1820,0,20020,熊本支店,レンタル法人,36,新規,12ヶ月以上
B25013508,6,2025/12/31,11577,0,18200,1820,0,20020,熊本支店,レンタル法人,36,新規,12ヶ月以上
B25013508,7,2026/1/31,11577,0,18200,1820,0,20020,熊本支店,レンタル法人,36,新規,12ヶ月以上
B25013508,8,2026/2/28,11577,0,18200,1820,0,20020,熊本支店,レンタル法人,36,新規,12ヶ月以上
B25013508,9,2026/3/31,11577,0,18200,1820,0,20020,熊本支店,レンタル法人,36,新規,12ヶ月以上
B25013508,10,2026/4/30,11577,0,18200,1820,0,20020,熊本支店,レンタル法人,36,新規,12ヶ月以上
B25013508,11,2026/5/31,11577,0,18200,1820,0,20020,熊本支店,レンタル法人,36,新規,12ヶ月以上
B25013508,12,2026/6/30,11577,0,18200,1820,0,20020,熊本支店,レンタル法人,36,新規,12ヶ月以上
B25013508,13,2026/7/31,11577,0,18200,1820,0,20020,熊本支店,レンタル法人,36,新規,12ヶ月以上
B25013508,14,2026/8/31,11577,0,18200,1820,0,20020,熊本支店,レンタル法人,36,新規,12ヶ月以上
B25013515,4,2025/9/30,10767,0,4000,400,0,4400,熊本支店,レンタル法人,12,新規,12ヶ月未満
B25013515,5,2025/10/31,10767,0,4000,400,0,4400,熊本支店,レンタル法人,12,新規,12ヶ月未満
B25013515,6,2025/11/30,10767,0,4000,400,0,4400,熊本支店,レンタル法人,12,新規,12ヶ月未満
B25013515,7,2025/12/31,10767,0,4000,400,0,4400,熊本支店,レンタル法人,12,新規,12ヶ月未満
B25013515,8,2026/1/31,10767,0,4000,400,0,4400,熊本支店,レンタル法人,12,新規,12ヶ月未満
B25013515,9,2026/2/28,10767,0,4000,400,0,4400,熊本支店,レンタル法人,12,新規,12ヶ月未満
B25013515,10,2026/3/31,10767,0,4000,400,0,4400,熊本支店,レンタル法人,12,新規,12ヶ月未満
B25013515,11,2026/4/30,10767,0,4000,400,0,4400,熊本支店,レンタル法人,12,新規,12ヶ月未満
B25013515,12,2026/5/31,10767,0,4000,400,0,4400,熊本支店,レンタル法人,12,新規,12ヶ月未満
B25013539,4,2025/9/30,10856,0,53000,5300,0,58300,熊本支店,レンタル法人,24,新規,12ヶ月以上
B25013539,5,2025/10/31,10856,0,53000,5300,0,58300,熊本支店,レンタル法人,24,新規,12ヶ月以上
B25013539,6,2025/11/30,10856,0,53000,5300,0,58300,熊本支店,レンタル法人,24,新規,12ヶ月以上
B25013539,7,2025/12/31,10856,0,53000,5300,0,58300,熊本支店,レンタル法人,24,新規,12ヶ月以上
B25013539,8,2026/1/31,10856,0,53000,5300,0,58300,熊本支店,レンタル法人,24,新規,12ヶ月以上
B25013539,9,2026/2/28,10856,0,53000,5300,0,58300,熊本支店,レンタル法人,24,新規,12ヶ月以上
B25013539,10,2026/3/31,10856,0,53000,5300,0,58300,熊本支店,レンタル法人,24,新規,12ヶ月以上
B25013539,11,2026/4/30,10856,0,53000,5300,0,58300,熊本支店,レンタル法人,24,新規,12ヶ月以上
B25013539,12,2026/5/31,10856,0,53000,5300,0,58300,熊本支店,レンタル法人,24,新規,12ヶ月以上
B25013539,13,2026/6/30,10856,0,53000,5300,0,58300,熊本支店,レンタル法人,24,新規,12ヶ月以上
B25013539,14,2026/7/31,10856,0,53000,5300,0,58300,熊本支店,レンタル法人,24,新規,12ヶ月以上
B25013539,15,2026/8/31,10856,0,53000,5300,0,58300,熊本支店,レンタル法人,24,新規,12ヶ月以上
B25013620,3,2025/9/30,14801,0,9750,975,0,10725,熊本支店,レンタル法人,48,新規,12ヶ月以上
B25013620,4,2025/10/31,14801,0,9750,975,0,10725,熊本支店,レンタル法人,48,新規,12ヶ月以上
B25013620,5,2025/11/30,14801,0,9750,975,0,10725,熊本支店,レンタル法人,48,新規,12ヶ月以上
B25013620,6,2025/12/31,14801,0,9750,975,0,10725,熊本支店,レンタル法人,48,新規,12ヶ月以上
B25013620,7,2026/1/31,14801,0,9750,975,0,10725,熊本支店,レンタル法人,48,新規,12ヶ月以上
B25013620,8,2026/2/28,14801,0,9750,975,0,10725,熊本支店,レンタル法人,48,新規,12ヶ月以上
B25013620,9,2026/3/31,14801,0,9750,975,0,10725,熊本支店,レンタル法人,48,新規,12ヶ月以上
B25013620,10,2026/4/30,14801,0,9750,975,0,10725,熊本支店,レンタル法人,48,新規,12ヶ月以上
B25013620,11,2026/5/31,14801,0,9750,975,0,10725,熊本支店,レンタル法人,48,新規,12ヶ月以上
B25013620,12,2026/6/30,14801,0,9750,975,0,10725,熊本支店,レンタル法人,48,新規,12ヶ月以上
B25013620,13,2026/7/31,14801,0,9750,975,0,10725,熊本支店,レンタル法人,48,新規,12ヶ月以上
B25013620,14,2026/8/31,14801,0,9750,975,0,10725,熊本支店,レンタル法人,48,新規,12ヶ月以上
B25013630,5,2025/9/30,12548,0,11200,1120,0,12320,熊本支店,レンタル法人,60,新規,12ヶ月以上
B25013630,6,2025/10/31,12548,0,11200,1120,0,12320,熊本支店,レンタル法人,60,新規,12ヶ月以上
B25013630,7,2025/11/30,12548,0,11200,1120,0,12320,熊本支店,レンタル法人,60,新規,12ヶ月以上
B25013630,8,2025/12/31,12548,0,11200,1120,0,12320,熊本支店,レンタル法人,60,新規,12ヶ月以上
B25013630,9,2026/1/31,12548,0,11200,1120,0,12320,熊本支店,レンタル法人,60,新規,12ヶ月以上
B25013630,10,2026/2/28,12548,0,11200,1120,0,12320,熊本支店,レンタル法人,60,新規,12ヶ月以上
B25013630,11,2026/3/31,12548,0,11200,1120,0,12320,熊本支店,レンタル法人,60,新規,12ヶ月以上
B25013630,12,2026/4/30,12548,0,11200,1120,0,12320,熊本支店,レンタル法人,60,新規,12ヶ月以上
B25013630,13,2026/5/31,12548,0,11200,1120,0,12320,熊本支店,レンタル法人,60,新規,12ヶ月以上
B25013630,14,2026/6/30,12548,0,11200,1120,0,12320,熊本支店,レンタル法人,60,新規,12ヶ月以上
B25013630,15,2026/7/31,12548,0,11200,1120,0,12320,熊本支店,レンタル法人,60,新規,12ヶ月以上
B25013630,16,2026/8/31,12548,0,11200,1120,0,12320,熊本支店,レンタル法人,60,新規,12ヶ月以上
B25013632,2,2025/9/30,10986,0,120,12,0,132,熊本支店,レンタル法人,48,新規,12ヶ月以上
B25013632,3,2025/10/31,10986,0,120,12,0,132,熊本支店,レンタル法人,48,新規,12ヶ月以上
B25013632,4,2025/11/30,10986,0,120,12,0,132,熊本支店,レンタル法人,48,新規,12ヶ月以上
B25013632,5,2025/12/31,10986,0,120,12,0,132,熊本支店,レンタル法人,48,新規,12ヶ月以上
B25013632,6,2026/1/31,10986,0,120,12,0,132,熊本支店,レンタル法人,48,新規,12ヶ月以上
B25013632,7,2026/2/28,10986,0,120,12,0,132,熊本支店,レンタル法人,48,新規,12ヶ月以上
B25013632,8,2026/3/31,10986,0,120,12,0,132,熊本支店,レンタル法人,48,新規,12ヶ月以上
B25013632,9,2026/4/30,10986,0,120,12,0,132,熊本支店,レンタル法人,48,新規,12ヶ月以上
B25013632,10,2026/5/31,10986,0,120,12,0,132,熊本支店,レンタル法人,48,新規,12ヶ月以上
B25013632,11,2026/6/30,10986,0,120,12,0,132,熊本支店,レンタル法人,48,新規,12ヶ月以上
B25013632,12,2026/7/31,10986,0,120,12,0,132,熊本支店,レンタル法人,48,新規,12ヶ月以上
B25013632,13,2026/8/31,10986,0,120,12,0,132,熊本支店,レンタル法人,48,新規,12ヶ月以上
B25013652,4,2025/9/30,2804,0,184500,18450,0,202950,熊本支店,レンタル法人,7,新規,12ヶ月未満
B25013652,5,2025/10/31,2804,0,184500,18450,0,202950,熊本支店,レンタル法人,7,新規,12ヶ月未満
B25013652,6,2025/11/30,2804,0,184500,18450,0,202950,熊本支店,レンタル法人,7,新規,12ヶ月未満
B25013652,7,2025/12/31,2804,0,184500,18450,0,202950,熊本支店,レンタル法人,7,新規,12ヶ月未満
B25013802,4,2025/9/30,11771,0,2750,275,0,3025,熊本支店,レンタル法人,60,新規,12ヶ月以上
B25013802,5,2025/10/31,11771,0,2750,275,0,3025,熊本支店,レンタル法人,60,新規,12ヶ月以上
B25013802,6,2025/11/30,11771,0,2750,275,0,3025,熊本支店,レンタル法人,60,新規,12ヶ月以上
B25013802,7,2025/12/31,11771,0,2750,275,0,3025,熊本支店,レンタル法人,60,新規,12ヶ月以上
B25013802,8,2026/1/31,11771,0,2750,275,0,3025,熊本支店,レンタル法人,60,新規,12ヶ月以上
B25013802,9,2026/2/28,11771,0,2750,275,0,3025,熊本支店,レンタル法人,60,新規,12ヶ月以上
B25013802,10,2026/3/31,11771,0,2750,275,0,3025,熊本支店,レンタル法人,60,新規,12ヶ月以上
B25013802,11,2026/4/30,11771,0,2750,275,0,3025,熊本支店,レンタル法人,60,新規,12ヶ月以上
B25013802,12,2026/5/31,11771,0,2750,275,0,3025,熊本支店,レンタル法人,60,新規,12ヶ月以上
B25013802,13,2026/6/30,11771,0,2750,275,0,3025,熊本支店,レンタル法人,60,新規,12ヶ月以上
B25013802,14,2026/7/31,11771,0,2750,275,0,3025,熊本支店,レンタル法人,60,新規,12ヶ月以上
B25013802,15,2026/8/31,11771,0,2750,275,0,3025,熊本支店,レンタル法人,60,新規,12ヶ月以上
B25013938,4,2025/9/30,10741,0,3960,396,0,4356,熊本支店,レンタル法人,12,新規,12ヶ月未満
B25013938,5,2025/10/31,10741,0,3960,396,0,4356,熊本支店,レンタル法人,12,新規,12ヶ月未満
B25013938,6,2025/11/30,10741,0,3960,396,0,4356,熊本支店,レンタル法人,12,新規,12ヶ月未満
B25013938,7,2025/12/31,10741,0,3960,396,0,4356,熊本支店,レンタル法人,12,新規,12ヶ月未満
B25013938,8,2026/1/31,10741,0,3960,396,0,4356,熊本支店,レンタル法人,12,新規,12ヶ月未満
B25013938,9,2026/2/28,10741,0,3960,396,0,4356,熊本支店,レンタル法人,12,新規,12ヶ月未満
B25013938,10,2026/3/31,10741,0,3960,396,0,4356,熊本支店,レンタル法人,12,新規,12ヶ月未満
B25013938,11,2026/4/30,10741,0,3960,396,0,4356,熊本支店,レンタル法人,12,新規,12ヶ月未満
B25013938,12,2026/5/31,10741,0,3960,396,0,4356,熊本支店,レンタル法人,12,新規,12ヶ月未満
B25014079,3,2025/9/30,10856,0,2800,280,0,3080,熊本支店,レンタル法人,24,新規,12ヶ月以上
B25014079,4,2025/10/31,10856,0,2800,280,0,3080,熊本支店,レンタル法人,24,新規,12ヶ月以上
B25014079,5,2025/11/30,10856,0,2800,280,0,3080,熊本支店,レンタル法人,24,新規,12ヶ月以上
B25014079,6,2025/12/31,10856,0,2800,280,0,3080,熊本支店,レンタル法人,24,新規,12ヶ月以上
B25014079,7,2026/1/31,10856,0,2800,280,0,3080,熊本支店,レンタル法人,24,新規,12ヶ月以上
B25014079,8,2026/2/28,10856,0,2800,280,0,3080,熊本支店,レンタル法人,24,新規,12ヶ月以上
B25014079,9,2026/3/31,10856,0,2800,280,0,3080,熊本支店,レンタル法人,24,新規,12ヶ月以上
B25014079,10,2026/4/30,10856,0,2800,280,0,3080,熊本支店,レンタル法人,24,新規,12ヶ月以上
B25014079,11,2026/5/31,10856,0,2800,280,0,3080,熊本支店,レンタル法人,24,新規,12ヶ月以上
B25014079,12,2026/6/30,10856,0,2800,280,0,3080,熊本支店,レンタル法人,24,新規,12ヶ月以上
B25014079,13,2026/7/31,10856,0,2800,280,0,3080,熊本支店,レンタル法人,24,新規,12ヶ月以上
B25014079,14,2026/8/31,10856,0,2800,280,0,3080,熊本支店,レンタル法人,24,新規,12ヶ月以上
B25014172,4,2025/9/30,11771,0,16800,1680,0,18480,熊本支店,レンタル法人,60,新規,12ヶ月以上
B25014172,5,2025/10/31,11771,0,16800,1680,0,18480,熊本支店,レンタル法人,60,新規,12ヶ月以上
B25014172,6,2025/11/30,11771,0,16800,1680,0,18480,熊本支店,レンタル法人,60,新規,12ヶ月以上
B25014172,7,2025/12/31,11771,0,16800,1680,0,18480,熊本支店,レンタル法人,60,新規,12ヶ月以上
B25014172,8,2026/1/31,11771,0,16800,1680,0,18480,熊本支店,レンタル法人,60,新規,12ヶ月以上
B25014172,9,2026/2/28,11771,0,16800,1680,0,18480,熊本支店,レンタル法人,60,新規,12ヶ月以上
B25014172,10,2026/3/31,11771,0,16800,1680,0,18480,熊本支店,レンタル法人,60,新規,12ヶ月以上
B25014172,11,2026/4/30,11771,0,16800,1680,0,18480,熊本支店,レンタル法人,60,新規,12ヶ月以上
B25014172,12,2026/5/31,11771,0,16800,1680,0,18480,熊本支店,レンタル法人,60,新規,12ヶ月以上
B25014172,13,2026/6/30,11771,0,16800,1680,0,18480,熊本支店,レンタル法人,60,新規,12ヶ月以上
B25014172,14,2026/7/31,11771,0,16800,1680,0,18480,熊本支店,レンタル法人,60,新規,12ヶ月以上
B25014172,15,2026/8/31,11771,0,16800,1680,0,18480,熊本支店,レンタル法人,60,新規,12ヶ月以上
B25014176,4,2025/9/30,10392,0,1100,110,0,1210,熊本支店,レンタル法人,36,新規,12ヶ月以上
B25014176,5,2025/10/31,10392,0,1100,110,0,1210,熊本支店,レンタル法人,36,新規,12ヶ月以上
B25014176,6,2025/11/30,10392,0,1100,110,0,1210,熊本支店,レンタル法人,36,新規,12ヶ月以上
B25014176,7,2025/12/31,10392,0,1100,110,0,1210,熊本支店,レンタル法人,36,新規,12ヶ月以上
B25014176,8,2026/1/31,10392,0,1100,110,0,1210,熊本支店,レンタル法人,36,新規,12ヶ月以上
B25014176,9,2026/2/28,10392,0,1100,110,0,1210,熊本支店,レンタル法人,36,新規,12ヶ月以上
B25014176,10,2026/3/31,10392,0,1100,110,0,1210,熊本支店,レンタル法人,36,新規,12ヶ月以上
B25014176,11,2026/4/30,10392,0,1100,110,0,1210,熊本支店,レンタル法人,36,新規,12ヶ月以上
B25014176,12,2026/5/31,10392,0,1100,110,0,1210,熊本支店,レンタル法人,36,新規,12ヶ月以上
B25014176,13,2026/6/30,10392,0,1100,110,0,1210,熊本支店,レンタル法人,36,新規,12ヶ月以上
B25014176,14,2026/7/31,10392,0,1100,110,0,1210,熊本支店,レンタル法人,36,新規,12ヶ月以上
B25014176,15,2026/8/31,10392,0,1100,110,0,1210,熊本支店,レンタル法人,36,新規,12ヶ月以上
B25014289,4,2025/9/30,12299,0,51000,5100,0,56100,熊本支店,レンタル法人,10,新規,12ヶ月未満
B25014289,5,2025/10/31,12299,0,51000,5100,0,56100,熊本支店,レンタル法人,10,新規,12ヶ月未満
B25014289,6,2025/11/30,12299,0,51000,5100,0,56100,熊本支店,レンタル法人,10,新規,12ヶ月未満
B25014289,7,2025/12/31,12299,0,51000,5100,0,56100,熊本支店,レンタル法人,10,新規,12ヶ月未満
B25014289,8,2026/1/31,12299,0,51000,5100,0,56100,熊本支店,レンタル法人,10,新規,12ヶ月未満
B25014289,9,2026/2/28,12299,0,51000,5100,0,56100,熊本支店,レンタル法人,10,新規,12ヶ月未満
B25014289,10,2026/3/31,12299,0,51000,5100,0,56100,熊本支店,レンタル法人,10,新規,12ヶ月未満
B25014409,4,2025/9/30,13187,0,15000,1500,0,16500,熊本支店,レンタル法人,36,新規,12ヶ月以上
B25014409,5,2025/10/31,13187,0,15000,1500,0,16500,熊本支店,レンタル法人,36,新規,12ヶ月以上
B25014409,6,2025/11/30,13187,0,15000,1500,0,16500,熊本支店,レンタル法人,36,新規,12ヶ月以上
B25014409,7,2025/12/31,13187,0,15000,1500,0,16500,熊本支店,レンタル法人,36,新規,12ヶ月以上
B25014409,8,2026/1/31,13187,0,15000,1500,0,16500,熊本支店,レンタル法人,36,新規,12ヶ月以上
B25014409,9,2026/2/28,13187,0,15000,1500,0,16500,熊本支店,レンタル法人,36,新規,12ヶ月以上
B25014409,10,2026/3/31,13187,0,15000,1500,0,16500,熊本支店,レンタル法人,36,新規,12ヶ月以上
B25014409,11,2026/4/30,13187,0,15000,1500,0,16500,熊本支店,レンタル法人,36,新規,12ヶ月以上
B25014409,12,2026/5/31,13187,0,15000,1500,0,16500,熊本支店,レンタル法人,36,新規,12ヶ月以上
B25014409,13,2026/6/30,13187,0,15000,1500,0,16500,熊本支店,レンタル法人,36,新規,12ヶ月以上
B25014409,14,2026/7/31,13187,0,15000,1500,0,16500,熊本支店,レンタル法人,36,新規,12ヶ月以上
B25014409,15,2026/8/31,13187,0,15000,1500,0,16500,熊本支店,レンタル法人,36,新規,12ヶ月以上
B25014416,4,2025/9/30,10747,0,118250,11825,0,130075,熊本支店,レンタル法人,6,延長,12ヶ月未満
B25014416,5,2025/10/31,10747,0,118250,11825,0,130075,熊本支店,レンタル法人,6,延長,12ヶ月未満
B25014416,6,2025/11/30,10747,0,118250,11825,0,130075,熊本支店,レンタル法人,6,延長,12ヶ月未満
B25014584,4,2025/9/30,8988,0,18400,1840,0,20240,熊本支店,レンタル法人,36,新規,12ヶ月以上
B25014584,5,2025/10/31,8988,0,18400,1840,0,20240,熊本支店,レンタル法人,36,新規,12ヶ月以上
B25014584,6,2025/11/30,8988,0,18400,1840,0,20240,熊本支店,レンタル法人,36,新規,12ヶ月以上
B25014584,7,2025/12/31,8988,0,18400,1840,0,20240,熊本支店,レンタル法人,36,新規,12ヶ月以上
B25014584,8,2026/1/31,8988,0,18400,1840,0,20240,熊本支店,レンタル法人,36,新規,12ヶ月以上
B25014584,9,2026/2/28,8988,0,18400,1840,0,20240,熊本支店,レンタル法人,36,新規,12ヶ月以上
B25014584,10,2026/3/31,8988,0,18400,1840,0,20240,熊本支店,レンタル法人,36,新規,12ヶ月以上
B25014584,11,2026/4/30,8988,0,18400,1840,0,20240,熊本支店,レンタル法人,36,新規,12ヶ月以上
B25014584,12,2026/5/31,8988,0,18400,1840,0,20240,熊本支店,レンタル法人,36,新規,12ヶ月以上
B25014584,13,2026/6/30,8988,0,18400,1840,0,20240,熊本支店,レンタル法人,36,新規,12ヶ月以上
B25014584,14,2026/7/31,8988,0,18400,1840,0,20240,熊本支店,レンタル法人,36,新規,12ヶ月以上
B25014584,15,2026/8/31,8988,0,18400,1840,0,20240,熊本支店,レンタル法人,36,新規,12ヶ月以上
B25014597,4,2025/9/30,12299,0,5000,500,0,5500,熊本支店,レンタル法人,9,新規,12ヶ月未満
B25014597,5,2025/10/31,12299,0,5000,500,0,5500,熊本支店,レンタル法人,9,新規,12ヶ月未満
B25014597,6,2025/11/30,12299,0,5000,500,0,5500,熊本支店,レンタル法人,9,新規,12ヶ月未満
B25014597,7,2025/12/31,12299,0,5000,500,0,5500,熊本支店,レンタル法人,9,新規,12ヶ月未満
B25014597,8,2026/1/31,12299,0,5000,500,0,5500,熊本支店,レンタル法人,9,新規,12ヶ月未満
B25014597,9,2026/2/28,12299,0,5000,500,0,5500,熊本支店,レンタル法人,9,新規,12ヶ月未満
B25014597,10,2026/3/31,12299,0,5000,500,0,5500,熊本支店,レンタル法人,9,新規,12ヶ月未満
B25014675,4,2025/9/30,5357,0,7150,715,0,7865,熊本支店,レンタル法人,7,新規,12ヶ月未満
B25014675,5,2025/10/31,5357,0,7150,715,0,7865,熊本支店,レンタル法人,7,新規,12ヶ月未満
B25014675,6,2025/11/30,5357,0,7150,715,0,7865,熊本支店,レンタル法人,7,新規,12ヶ月未満
B25014675,7,2025/12/31,5357,0,7150,715,0,7865,熊本支店,レンタル法人,7,新規,12ヶ月未満
B25014681,4,2025/9/30,5357,0,2750,275,0,3025,熊本支店,レンタル法人,28,新規,12ヶ月以上
B25014681,5,2025/10/31,5357,0,2750,275,0,3025,熊本支店,レンタル法人,28,新規,12ヶ月以上
B25014681,6,2025/11/30,5357,0,2750,275,0,3025,熊本支店,レンタル法人,28,新規,12ヶ月以上
B25014681,7,2025/12/31,5357,0,2750,275,0,3025,熊本支店,レンタル法人,28,新規,12ヶ月以上
B25014681,8,2026/1/31,5357,0,2750,275,0,3025,熊本支店,レンタル法人,28,新規,12ヶ月以上
B25014681,9,2026/2/28,5357,0,2750,275,0,3025,熊本支店,レンタル法人,28,新規,12ヶ月以上
B25014681,10,2026/3/31,5357,0,2750,275,0,3025,熊本支店,レンタル法人,28,新規,12ヶ月以上
B25014681,11,2026/4/30,5357,0,2750,275,0,3025,熊本支店,レンタル法人,28,新規,12ヶ月以上
B25014681,12,2026/5/31,5357,0,2750,275,0,3025,熊本支店,レンタル法人,28,新規,12ヶ月以上
B25014681,13,2026/6/30,5357,0,2750,275,0,3025,熊本支店,レンタル法人,28,新規,12ヶ月以上
B25014681,14,2026/7/31,5357,0,2750,275,0,3025,熊本支店,レンタル法人,28,新規,12ヶ月以上
B25014681,15,2026/8/31,5357,0,2750,275,0,3025,熊本支店,レンタル法人,28,新規,12ヶ月以上
B25014713,3,2025/9/30,1401,0,3600,360,0,3960,熊本支店,レンタル法人,3,新規,12ヶ月未満
B25014802,3,2025/9/30,11771,0,3400,340,0,3740,熊本支店,レンタル法人,60,新規,12ヶ月以上
B25014802,4,2025/10/31,11771,0,3400,340,0,3740,熊本支店,レンタル法人,60,新規,12ヶ月以上
B25014802,5,2025/11/30,11771,0,3400,340,0,3740,熊本支店,レンタル法人,60,新規,12ヶ月以上
B25014802,6,2025/12/31,11771,0,3400,340,0,3740,熊本支店,レンタル法人,60,新規,12ヶ月以上
B25014802,7,2026/1/31,11771,0,3400,340,0,3740,熊本支店,レンタル法人,60,新規,12ヶ月以上
B25014802,8,2026/2/28,11771,0,3400,340,0,3740,熊本支店,レンタル法人,60,新規,12ヶ月以上
B25014802,9,2026/3/31,11771,0,3400,340,0,3740,熊本支店,レンタル法人,60,新規,12ヶ月以上
B25014802,10,2026/4/30,11771,0,3400,340,0,3740,熊本支店,レンタル法人,60,新規,12ヶ月以上
B25014802,11,2026/5/31,11771,0,3400,340,0,3740,熊本支店,レンタル法人,60,新規,12ヶ月以上
B25014802,12,2026/6/30,11771,0,3400,340,0,3740,熊本支店,レンタル法人,60,新規,12ヶ月以上
B25014802,13,2026/7/31,11771,0,3400,340,0,3740,熊本支店,レンタル法人,60,新規,12ヶ月以上
B25014802,14,2026/8/31,11771,0,3400,340,0,3740,熊本支店,レンタル法人,60,新規,12ヶ月以上
B25015052,4,2025/9/30,12450,0,5500,550,0,6050,熊本支店,レンタル法人,36,新規,12ヶ月以上
B25015052,5,2025/10/31,12450,0,5500,550,0,6050,熊本支店,レンタル法人,36,新規,12ヶ月以上
B25015052,6,2025/11/30,12450,0,5500,550,0,6050,熊本支店,レンタル法人,36,新規,12ヶ月以上
B25015052,7,2025/12/31,12450,0,5500,550,0,6050,熊本支店,レンタル法人,36,新規,12ヶ月以上
B25015052,8,2026/1/31,12450,0,5500,550,0,6050,熊本支店,レンタル法人,36,新規,12ヶ月以上
B25015052,9,2026/2/28,12450,0,5500,550,0,6050,熊本支店,レンタル法人,36,新規,12ヶ月以上
B25015052,10,2026/3/31,12450,0,5500,550,0,6050,熊本支店,レンタル法人,36,新規,12ヶ月以上
B25015052,11,2026/4/30,12450,0,5500,550,0,6050,熊本支店,レンタル法人,36,新規,12ヶ月以上
B25015052,12,2026/5/31,12450,0,5500,550,0,6050,熊本支店,レンタル法人,36,新規,12ヶ月以上
B25015052,13,2026/6/30,12450,0,5500,550,0,6050,熊本支店,レンタル法人,36,新規,12ヶ月以上
B25015052,14,2026/7/31,12450,0,5500,550,0,6050,熊本支店,レンタル法人,36,新規,12ヶ月以上
B25015052,15,2026/8/31,12450,0,5500,550,0,6050,熊本支店,レンタル法人,36,新規,12ヶ月以上
B25015339,3,2025/9/30,11771,0,23100,2310,0,25410,熊本支店,レンタル法人,12,新規,12ヶ月未満
B25015339,4,2025/10/31,11771,0,23100,2310,0,25410,熊本支店,レンタル法人,12,新規,12ヶ月未満
B25015339,5,2025/11/30,11771,0,23100,2310,0,25410,熊本支店,レンタル法人,12,新規,12ヶ月未満
B25015339,6,2025/12/31,11771,0,23100,2310,0,25410,熊本支店,レンタル法人,12,新規,12ヶ月未満
B25015339,7,2026/1/31,11771,0,23100,2310,0,25410,熊本支店,レンタル法人,12,新規,12ヶ月未満
B25015339,8,2026/2/28,11771,0,23100,2310,0,25410,熊本支店,レンタル法人,12,新規,12ヶ月未満
B25015339,9,2026/3/31,11771,0,23100,2310,0,25410,熊本支店,レンタル法人,12,新規,12ヶ月未満
B25015339,10,2026/4/30,11771,0,23100,2310,0,25410,熊本支店,レンタル法人,12,新規,12ヶ月未満
B25015339,11,2026/5/31,11771,0,23100,2310,0,25410,熊本支店,レンタル法人,12,新規,12ヶ月未満
B25015339,12,2026/6/30,11771,0,23100,2310,0,25410,熊本支店,レンタル法人,12,新規,12ヶ月未満
B25015377,3,2025/9/30,12916,0,1250,125,0,1375,熊本支店,レンタル法人,48,新規,12ヶ月以上
B25015377,4,2025/10/31,12916,0,1250,125,0,1375,熊本支店,レンタル法人,48,新規,12ヶ月以上
B25015377,5,2025/11/30,12916,0,1250,125,0,1375,熊本支店,レンタル法人,48,新規,12ヶ月以上
B25015377,6,2025/12/31,12916,0,1250,125,0,1375,熊本支店,レンタル法人,48,新規,12ヶ月以上
B25015377,7,2026/1/31,12916,0,1250,125,0,1375,熊本支店,レンタル法人,48,新規,12ヶ月以上
B25015377,8,2026/2/28,12916,0,1250,125,0,1375,熊本支店,レンタル法人,48,新規,12ヶ月以上
B25015377,9,2026/3/31,12916,0,1250,125,0,1375,熊本支店,レンタル法人,48,新規,12ヶ月以上
B25015377,10,2026/4/30,12916,0,1250,125,0,1375,熊本支店,レンタル法人,48,新規,12ヶ月以上
B25015377,11,2026/5/31,12916,0,1250,125,0,1375,熊本支店,レンタル法人,48,新規,12ヶ月以上
B25015377,12,2026/6/30,12916,0,1250,125,0,1375,熊本支店,レンタル法人,48,新規,12ヶ月以上
B25015377,13,2026/7/31,12916,0,1250,125,0,1375,熊本支店,レンタル法人,48,新規,12ヶ月以上
B25015377,14,2026/8/31,12916,0,1250,125,0,1375,熊本支店,レンタル法人,48,新規,12ヶ月以上
B25015457,4,2025/9/30,1401,0,5650,565,0,6215,熊本支店,レンタル法人,12,新規,12ヶ月未満
B25015457,5,2025/10/31,1401,0,5650,565,0,6215,熊本支店,レンタル法人,12,新規,12ヶ月未満
B25015457,6,2025/11/30,1401,0,5650,565,0,6215,熊本支店,レンタル法人,12,新規,12ヶ月未満
B25015457,7,2025/12/31,1401,0,5650,565,0,6215,熊本支店,レンタル法人,12,新規,12ヶ月未満
B25015457,8,2026/1/31,1401,0,5650,565,0,6215,熊本支店,レンタル法人,12,新規,12ヶ月未満
B25015457,9,2026/2/28,1401,0,5650,565,0,6215,熊本支店,レンタル法人,12,新規,12ヶ月未満
B25015457,10,2026/3/31,1401,0,5650,565,0,6215,熊本支店,レンタル法人,12,新規,12ヶ月未満
B25015457,11,2026/4/30,1401,0,5650,565,0,6215,熊本支店,レンタル法人,12,新規,12ヶ月未満
B25015457,12,2026/5/31,1401,0,5650,565,0,6215,熊本支店,レンタル法人,12,新規,12ヶ月未満
B25015507,4,2025/9/30,16758,0,20400,2040,0,22440,熊本支店,レンタル法人,3,新規,12ヶ月未満
B25015710,3,2025/9/30,12299,0,7000,700,0,7700,熊本支店,レンタル法人,6,新規,12ヶ月未満
B25015710,4,2025/10/31,12299,0,7000,700,0,7700,熊本支店,レンタル法人,6,新規,12ヶ月未満
B25015710,5,2025/11/30,12299,0,7000,700,0,7700,熊本支店,レンタル法人,6,新規,12ヶ月未満
B25015710,6,2025/12/31,12299,0,7000,700,0,7700,熊本支店,レンタル法人,6,新規,12ヶ月未満
B25015946,4,2025/9/30,15387,0,1380,138,0,1518,熊本支店,レンタル法人,36,新規,12ヶ月以上
B25015946,5,2025/10/31,15387,0,1380,138,0,1518,熊本支店,レンタル法人,36,新規,12ヶ月以上
B25015946,6,2025/11/30,15387,0,1380,138,0,1518,熊本支店,レンタル法人,36,新規,12ヶ月以上
B25015946,7,2025/12/31,15387,0,1380,138,0,1518,熊本支店,レンタル法人,36,新規,12ヶ月以上
B25015946,8,2026/1/31,15387,0,1380,138,0,1518,熊本支店,レンタル法人,36,新規,12ヶ月以上
B25015946,9,2026/2/28,15387,0,1380,138,0,1518,熊本支店,レンタル法人,36,新規,12ヶ月以上
B25015946,10,2026/3/31,15387,0,1380,138,0,1518,熊本支店,レンタル法人,36,新規,12ヶ月以上
B25015946,11,2026/4/30,15387,0,1380,138,0,1518,熊本支店,レンタル法人,36,新規,12ヶ月以上
B25015946,12,2026/5/31,15387,0,1380,138,0,1518,熊本支店,レンタル法人,36,新規,12ヶ月以上
B25015946,13,2026/6/30,15387,0,1380,138,0,1518,熊本支店,レンタル法人,36,新規,12ヶ月以上
B25015946,14,2026/7/31,15387,0,1380,138,0,1518,熊本支店,レンタル法人,36,新規,12ヶ月以上
B25015946,15,2026/8/31,15387,0,1380,138,0,1518,熊本支店,レンタル法人,36,新規,12ヶ月以上
B25016158,3,2025/9/30,4294,0,8140,814,0,8954,熊本支店,レンタル法人,36,新規,12ヶ月以上
B25016158,4,2025/10/31,4294,0,8140,814,0,8954,熊本支店,レンタル法人,36,新規,12ヶ月以上
B25016158,5,2025/11/30,4294,0,8140,814,0,8954,熊本支店,レンタル法人,36,新規,12ヶ月以上
B25016158,6,2025/12/31,4294,0,8140,814,0,8954,熊本支店,レンタル法人,36,新規,12ヶ月以上
B25016158,7,2026/1/31,4294,0,8140,814,0,8954,熊本支店,レンタル法人,36,新規,12ヶ月以上
B25016158,8,2026/2/28,4294,0,8140,814,0,8954,熊本支店,レンタル法人,36,新規,12ヶ月以上
B25016158,9,2026/3/31,4294,0,8140,814,0,8954,熊本支店,レンタル法人,36,新規,12ヶ月以上
B25016158,10,2026/4/30,4294,0,8140,814,0,8954,熊本支店,レンタル法人,36,新規,12ヶ月以上
B25016158,11,2026/5/31,4294,0,8140,814,0,8954,熊本支店,レンタル法人,36,新規,12ヶ月以上
B25016158,12,2026/6/30,4294,0,8140,814,0,8954,熊本支店,レンタル法人,36,新規,12ヶ月以上
B25016158,13,2026/7/31,4294,0,8140,814,0,8954,熊本支店,レンタル法人,36,新規,12ヶ月以上
B25016158,14,2026/8/31,4294,0,8140,814,0,8954,熊本支店,レンタル法人,36,新規,12ヶ月以上
B25016229,4,2025/9/30,14451,0,6600,660,0,7260,熊本支店,レンタル法人,36,新規,12ヶ月以上
B25016229,5,2025/10/31,14451,0,6600,660,0,7260,熊本支店,レンタル法人,36,新規,12ヶ月以上
B25016229,6,2025/11/30,14451,0,6600,660,0,7260,熊本支店,レンタル法人,36,新規,12ヶ月以上
B25016229,7,2025/12/31,14451,0,6600,660,0,7260,熊本支店,レンタル法人,36,新規,12ヶ月以上
B25016229,8,2026/1/31,14451,0,6600,660,0,7260,熊本支店,レンタル法人,36,新規,12ヶ月以上
B25016229,9,2026/2/28,14451,0,6600,660,0,7260,熊本支店,レンタル法人,36,新規,12ヶ月以上
B25016229,10,2026/3/31,14451,0,6600,660,0,7260,熊本支店,レンタル法人,36,新規,12ヶ月以上
B25016229,11,2026/4/30,14451,0,6600,660,0,7260,熊本支店,レンタル法人,36,新規,12ヶ月以上
B25016229,12,2026/5/31,14451,0,6600,660,0,7260,熊本支店,レンタル法人,36,新規,12ヶ月以上
B25016229,13,2026/6/30,14451,0,6600,660,0,7260,熊本支店,レンタル法人,36,新規,12ヶ月以上
B25016229,14,2026/7/31,14451,0,6600,660,0,7260,熊本支店,レンタル法人,36,新規,12ヶ月以上
B25016229,15,2026/8/31,14451,0,6600,660,0,7260,熊本支店,レンタル法人,36,新規,12ヶ月以上
B25016368,4,2025/9/30,10769,0,4600,460,0,5060,熊本支店,レンタル法人,6,延長,12ヶ月未満
B25016368,5,2025/10/31,10769,0,4600,460,0,5060,熊本支店,レンタル法人,6,延長,12ヶ月未満
B25016368,6,2025/11/30,10769,0,4600,460,0,5060,熊本支店,レンタル法人,6,延長,12ヶ月未満
B25016417,4,2025/9/30,10314,0,15000,1500,0,16500,熊本支店,レンタル法人,36,延長,12ヶ月以上
B25016417,5,2025/10/31,10314,0,15000,1500,0,16500,熊本支店,レンタル法人,36,延長,12ヶ月以上
B25016417,6,2025/11/30,10314,0,15000,1500,0,16500,熊本支店,レンタル法人,36,延長,12ヶ月以上
B25016417,7,2025/12/31,10314,0,15000,1500,0,16500,熊本支店,レンタル法人,36,延長,12ヶ月以上
B25016417,8,2026/1/31,10314,0,15000,1500,0,16500,熊本支店,レンタル法人,36,延長,12ヶ月以上
B25016417,9,2026/2/28,10314,0,15000,1500,0,16500,熊本支店,レンタル法人,36,延長,12ヶ月以上
B25016417,10,2026/3/31,10314,0,15000,1500,0,16500,熊本支店,レンタル法人,36,延長,12ヶ月以上
B25016417,11,2026/4/30,10314,0,15000,1500,0,16500,熊本支店,レンタル法人,36,延長,12ヶ月以上
B25016417,12,2026/5/31,10314,0,15000,1500,0,16500,熊本支店,レンタル法人,36,延長,12ヶ月以上
B25016417,13,2026/6/30,10314,0,15000,1500,0,16500,熊本支店,レンタル法人,36,延長,12ヶ月以上
B25016417,14,2026/7/31,10314,0,15000,1500,0,16500,熊本支店,レンタル法人,36,延長,12ヶ月以上
B25016417,15,2026/8/31,10314,0,15000,1500,0,16500,熊本支店,レンタル法人,36,延長,12ヶ月以上
B25016471,1,2025/9/30,5410,0,43932,4393,0,48325,熊本支店,レンタル法人,2,新規,12ヶ月未満
B25016566,3,2025/9/30,14182,0,19890,1989,0,21879,熊本支店,レンタル法人,3,延長,12ヶ月未満
B25016569,3,2025/9/30,14182,0,6630,663,0,7293,熊本支店,レンタル法人,3,延長,12ヶ月未満
B25016571,4,2025/9/30,14182,0,7380,738,0,8118,熊本支店,レンタル法人,3,延長,12ヶ月未満
B25016573,3,2025/9/30,14182,0,13260,1326,0,14586,熊本支店,レンタル法人,3,延長,12ヶ月未満
B25016596,3,2025/9/30,8317,0,4400,440,0,4840,熊本支店,レンタル法人,3,新規,12ヶ月未満
B25016641,3,2025/9/30,12299,0,8000,800,0,8800,熊本支店,レンタル法人,11,新規,12ヶ月未満
B25016641,4,2025/10/31,12299,0,8000,800,0,8800,熊本支店,レンタル法人,11,新規,12ヶ月未満
B25016641,5,2025/11/30,12299,0,8000,800,0,8800,熊本支店,レンタル法人,11,新規,12ヶ月未満
B25016641,6,2025/12/31,12299,0,8000,800,0,8800,熊本支店,レンタル法人,11,新規,12ヶ月未満
B25016641,7,2026/1/31,12299,0,8000,800,0,8800,熊本支店,レンタル法人,11,新規,12ヶ月未満
B25016641,8,2026/2/28,12299,0,8000,800,0,8800,熊本支店,レンタル法人,11,新規,12ヶ月未満
B25016641,9,2026/3/31,12299,0,8000,800,0,8800,熊本支店,レンタル法人,11,新規,12ヶ月未満
B25016641,10,2026/4/30,12299,0,8000,800,0,8800,熊本支店,レンタル法人,11,新規,12ヶ月未満
B25016641,11,2026/5/31,12299,0,8000,800,0,8800,熊本支店,レンタル法人,11,新規,12ヶ月未満
B25016763,4,2025/9/30,10489,0,2728,272,0,3000,熊本支店,レンタル法人,12,新規,12ヶ月未満
B25016763,5,2025/10/31,10489,0,2728,272,0,3000,熊本支店,レンタル法人,12,新規,12ヶ月未満
B25016763,6,2025/11/30,10489,0,2728,272,0,3000,熊本支店,レンタル法人,12,新規,12ヶ月未満
B25016763,7,2025/12/31,10489,0,2728,272,0,3000,熊本支店,レンタル法人,12,新規,12ヶ月未満
B25016763,8,2026/1/31,10489,0,2728,272,0,3000,熊本支店,レンタル法人,12,新規,12ヶ月未満
B25016763,9,2026/2/28,10489,0,2728,272,0,3000,熊本支店,レンタル法人,12,新規,12ヶ月未満
B25016763,10,2026/3/31,10489,0,2728,272,0,3000,熊本支店,レンタル法人,12,新規,12ヶ月未満
B25016763,11,2026/4/30,10489,0,2728,272,0,3000,熊本支店,レンタル法人,12,新規,12ヶ月未満
B25016763,12,2026/5/31,10489,0,2728,272,0,3000,熊本支店,レンタル法人,12,新規,12ヶ月未満
B25016966,3,2025/9/30,13187,0,4000,400,0,4400,熊本支店,レンタル法人,36,新規,12ヶ月以上
B25016966,4,2025/10/31,13187,0,4000,400,0,4400,熊本支店,レンタル法人,36,新規,12ヶ月以上
B25016966,5,2025/11/30,13187,0,4000,400,0,4400,熊本支店,レンタル法人,36,新規,12ヶ月以上
B25016966,6,2025/12/31,13187,0,4000,400,0,4400,熊本支店,レンタル法人,36,新規,12ヶ月以上
B25016966,7,2026/1/31,13187,0,4000,400,0,4400,熊本支店,レンタル法人,36,新規,12ヶ月以上
B25016966,8,2026/2/28,13187,0,4000,400,0,4400,熊本支店,レンタル法人,36,新規,12ヶ月以上
B25016966,9,2026/3/31,13187,0,4000,400,0,4400,熊本支店,レンタル法人,36,新規,12ヶ月以上
B25016966,10,2026/4/30,13187,0,4000,400,0,4400,熊本支店,レンタル法人,36,新規,12ヶ月以上
B25016966,11,2026/5/31,13187,0,4000,400,0,4400,熊本支店,レンタル法人,36,新規,12ヶ月以上
B25016966,12,2026/6/30,13187,0,4000,400,0,4400,熊本支店,レンタル法人,36,新規,12ヶ月以上
B25016966,13,2026/7/31,13187,0,4000,400,0,4400,熊本支店,レンタル法人,36,新規,12ヶ月以上
B25016966,14,2026/8/31,13187,0,4000,400,0,4400,熊本支店,レンタル法人,36,新規,12ヶ月以上
B25016967,3,2025/9/30,16813,0,6400,640,0,7040,熊本支店,レンタル法人,9,新規,12ヶ月未満
B25016967,4,2025/10/31,16813,0,6400,640,0,7040,熊本支店,レンタル法人,9,新規,12ヶ月未満
B25016967,5,2025/11/30,16813,0,6400,640,0,7040,熊本支店,レンタル法人,9,新規,12ヶ月未満
B25016967,6,2025/12/31,16813,0,6400,640,0,7040,熊本支店,レンタル法人,9,新規,12ヶ月未満
B25016967,7,2026/1/31,16813,0,6400,640,0,7040,熊本支店,レンタル法人,9,新規,12ヶ月未満
B25016967,8,2026/2/28,16813,0,6400,640,0,7040,熊本支店,レンタル法人,9,新規,12ヶ月未満
B25016967,9,2026/3/31,16813,0,6400,640,0,7040,熊本支店,レンタル法人,9,新規,12ヶ月未満
B25017135,3,2025/9/30,12299,0,6000,600,0,6600,熊本支店,レンタル法人,4,新規,12ヶ月未満
B25017135,4,2025/10/31,12299,0,6000,600,0,6600,熊本支店,レンタル法人,4,新規,12ヶ月未満
B25017373,3,2025/9/30,11771,0,13650,1365,0,15015,熊本支店,レンタル法人,32,新規,12ヶ月以上
B25017373,4,2025/10/31,11771,0,13650,1365,0,15015,熊本支店,レンタル法人,32,新規,12ヶ月以上
B25017373,5,2025/11/30,11771,0,13650,1365,0,15015,熊本支店,レンタル法人,32,新規,12ヶ月以上
B25017373,6,2025/12/31,11771,0,13650,1365,0,15015,熊本支店,レンタル法人,32,新規,12ヶ月以上
B25017373,7,2026/1/31,11771,0,13650,1365,0,15015,熊本支店,レンタル法人,32,新規,12ヶ月以上
B25017373,8,2026/2/28,11771,0,13650,1365,0,15015,熊本支店,レンタル法人,32,新規,12ヶ月以上
B25017373,9,2026/3/31,11771,0,13650,1365,0,15015,熊本支店,レンタル法人,32,新規,12ヶ月以上
B25017373,10,2026/4/30,11771,0,13650,1365,0,15015,熊本支店,レンタル法人,32,新規,12ヶ月以上
B25017373,11,2026/5/31,11771,0,13650,1365,0,15015,熊本支店,レンタル法人,32,新規,12ヶ月以上
B25017373,12,2026/6/30,11771,0,13650,1365,0,15015,熊本支店,レンタル法人,32,新規,12ヶ月以上
B25017373,13,2026/7/31,11771,0,13650,1365,0,15015,熊本支店,レンタル法人,32,新規,12ヶ月以上
B25017373,14,2026/8/31,11771,0,13650,1365,0,15015,熊本支店,レンタル法人,32,新規,12ヶ月以上
B25017386,3,2025/9/30,10392,0,14100,1410,0,15510,熊本支店,レンタル法人,24,新規,12ヶ月以上
B25017386,4,2025/10/31,10392,0,14100,1410,0,15510,熊本支店,レンタル法人,24,新規,12ヶ月以上
B25017386,5,2025/11/30,10392,0,14100,1410,0,15510,熊本支店,レンタル法人,24,新規,12ヶ月以上
B25017386,6,2025/12/31,10392,0,14100,1410,0,15510,熊本支店,レンタル法人,24,新規,12ヶ月以上
B25017386,7,2026/1/31,10392,0,14100,1410,0,15510,熊本支店,レンタル法人,24,新規,12ヶ月以上
B25017386,8,2026/2/28,10392,0,14100,1410,0,15510,熊本支店,レンタル法人,24,新規,12ヶ月以上
B25017386,9,2026/3/31,10392,0,14100,1410,0,15510,熊本支店,レンタル法人,24,新規,12ヶ月以上
B25017386,10,2026/4/30,10392,0,14100,1410,0,15510,熊本支店,レンタル法人,24,新規,12ヶ月以上
B25017386,11,2026/5/31,10392,0,14100,1410,0,15510,熊本支店,レンタル法人,24,新規,12ヶ月以上
B25017386,12,2026/6/30,10392,0,14100,1410,0,15510,熊本支店,レンタル法人,24,新規,12ヶ月以上
B25017386,13,2026/7/31,10392,0,14100,1410,0,15510,熊本支店,レンタル法人,24,新規,12ヶ月以上
B25017386,14,2026/8/31,10392,0,14100,1410,0,15510,熊本支店,レンタル法人,24,新規,12ヶ月以上
B25017393,3,2025/9/30,12299,0,6000,600,0,6600,熊本支店,レンタル法人,6,新規,12ヶ月未満
B25017393,4,2025/10/31,12299,0,6000,600,0,6600,熊本支店,レンタル法人,6,新規,12ヶ月未満
B25017393,5,2025/11/30,12299,0,6000,600,0,6600,熊本支店,レンタル法人,6,新規,12ヶ月未満
B25017393,6,2025/12/31,12299,0,6000,600,0,6600,熊本支店,レンタル法人,6,新規,12ヶ月未満
B25017393,7,2026/1/31,12299,0,6000,600,0,6600,熊本支店,レンタル法人,6,新規,12ヶ月未満
B25017398,3,2025/9/30,10392,0,7200,720,0,7920,熊本支店,レンタル法人,3,新規,12ヶ月未満
B25017398,4,2025/10/31,10392,0,7200,720,0,7920,熊本支店,レンタル法人,3,新規,12ヶ月未満
B25017431,3,2025/9/30,10788,0,12650,1265,0,13915,熊本支店,レンタル法人,5,新規,12ヶ月未満
B25017431,4,2025/10/31,10788,0,12650,1265,0,13915,熊本支店,レンタル法人,5,新規,12ヶ月未満
B25017431,5,2025/11/30,10788,0,12650,1265,0,13915,熊本支店,レンタル法人,5,新規,12ヶ月未満
B25017444,5,2025/9/30,10771,0,9000,900,0,9900,熊本支店,レンタル法人,12,新規,12ヶ月未満
B25017444,6,2025/10/31,10771,0,9000,900,0,9900,熊本支店,レンタル法人,12,新規,12ヶ月未満
B25017444,7,2025/11/30,10771,0,9000,900,0,9900,熊本支店,レンタル法人,12,新規,12ヶ月未満
B25017444,8,2025/12/31,10771,0,9000,900,0,9900,熊本支店,レンタル法人,12,新規,12ヶ月未満
B25017444,9,2026/1/31,10771,0,9000,900,0,9900,熊本支店,レンタル法人,12,新規,12ヶ月未満
B25017444,10,2026/2/28,10771,0,9000,900,0,9900,熊本支店,レンタル法人,12,新規,12ヶ月未満
B25017444,11,2026/3/31,10771,0,9000,900,0,9900,熊本支店,レンタル法人,12,新規,12ヶ月未満
B25017444,12,2026/4/30,10771,0,9000,900,0,9900,熊本支店,レンタル法人,12,新規,12ヶ月未満
B25017663,3,2025/9/30,10392,0,62496,6249,0,68745,熊本支店,レンタル法人,7,新規,12ヶ月未満
B25017663,4,2025/10/31,10392,0,62496,6249,0,68745,熊本支店,レンタル法人,7,新規,12ヶ月未満
B25017663,5,2025/11/30,10392,0,62496,6249,0,68745,熊本支店,レンタル法人,7,新規,12ヶ月未満
B25017663,6,2025/12/31,10392,0,62496,6249,0,68745,熊本支店,レンタル法人,7,新規,12ヶ月未満
B25017663,7,2026/1/31,10392,0,62496,6249,0,68745,熊本支店,レンタル法人,7,新規,12ヶ月未満
B25017663,8,2026/2/28,10392,0,62496,6249,0,68745,熊本支店,レンタル法人,7,新規,12ヶ月未満
B25017802,3,2025/9/30,1401,0,4000,400,0,4400,熊本支店,レンタル法人,6,新規,12ヶ月未満
B25017802,4,2025/10/31,1401,0,4000,400,0,4400,熊本支店,レンタル法人,6,新規,12ヶ月未満
B25017802,5,2025/11/30,1401,0,4000,400,0,4400,熊本支店,レンタル法人,6,新規,12ヶ月未満
B25017802,6,2025/12/31,1401,0,4000,400,0,4400,熊本支店,レンタル法人,6,新規,12ヶ月未満
B25017820,2,2025/9/30,8988,0,38800,3880,0,42680,熊本支店,レンタル法人,36,新規,12ヶ月以上
B25017820,3,2025/10/31,8988,0,38800,3880,0,42680,熊本支店,レンタル法人,36,新規,12ヶ月以上
B25017820,4,2025/11/30,8988,0,38800,3880,0,42680,熊本支店,レンタル法人,36,新規,12ヶ月以上
B25017820,5,2025/12/31,8988,0,38800,3880,0,42680,熊本支店,レンタル法人,36,新規,12ヶ月以上
B25017820,6,2026/1/31,8988,0,38800,3880,0,42680,熊本支店,レンタル法人,36,新規,12ヶ月以上
B25017820,7,2026/2/28,8988,0,38800,3880,0,42680,熊本支店,レンタル法人,36,新規,12ヶ月以上
B25017820,8,2026/3/31,8988,0,38800,3880,0,42680,熊本支店,レンタル法人,36,新規,12ヶ月以上
B25017820,9,2026/4/30,8988,0,38800,3880,0,42680,熊本支店,レンタル法人,36,新規,12ヶ月以上
B25017820,10,2026/5/31,8988,0,38800,3880,0,42680,熊本支店,レンタル法人,36,新規,12ヶ月以上
B25017820,11,2026/6/30,8988,0,38800,3880,0,42680,熊本支店,レンタル法人,36,新規,12ヶ月以上
B25017820,12,2026/7/31,8988,0,38800,3880,0,42680,熊本支店,レンタル法人,36,新規,12ヶ月以上
B25017820,13,2026/8/31,8988,0,38800,3880,0,42680,熊本支店,レンタル法人,36,新規,12ヶ月以上
B25017827,3,2025/9/30,13187,0,2200,220,0,2420,熊本支店,レンタル法人,36,新規,12ヶ月以上
B25017827,4,2025/10/31,13187,0,2200,220,0,2420,熊本支店,レンタル法人,36,新規,12ヶ月以上
B25017827,5,2025/11/30,13187,0,2200,220,0,2420,熊本支店,レンタル法人,36,新規,12ヶ月以上
B25017827,6,2025/12/31,13187,0,2200,220,0,2420,熊本支店,レンタル法人,36,新規,12ヶ月以上
B25017827,7,2026/1/31,13187,0,2200,220,0,2420,熊本支店,レンタル法人,36,新規,12ヶ月以上
B25017827,8,2026/2/28,13187,0,2200,220,0,2420,熊本支店,レンタル法人,36,新規,12ヶ月以上
B25017827,9,2026/3/31,13187,0,2200,220,0,2420,熊本支店,レンタル法人,36,新規,12ヶ月以上
B25017827,10,2026/4/30,13187,0,2200,220,0,2420,熊本支店,レンタル法人,36,新規,12ヶ月以上
B25017827,11,2026/5/31,13187,0,2200,220,0,2420,熊本支店,レンタル法人,36,新規,12ヶ月以上
B25017827,12,2026/6/30,13187,0,2200,220,0,2420,熊本支店,レンタル法人,36,新規,12ヶ月以上
B25017827,13,2026/7/31,13187,0,2200,220,0,2420,熊本支店,レンタル法人,36,新規,12ヶ月以上
B25017827,14,2026/8/31,13187,0,2200,220,0,2420,熊本支店,レンタル法人,36,新規,12ヶ月以上
B25017935,2,2025/9/30,8988,0,6500,650,0,7150,熊本支店,レンタル法人,36,新規,12ヶ月以上
B25017935,3,2025/10/31,8988,0,6500,650,0,7150,熊本支店,レンタル法人,36,新規,12ヶ月以上
B25017935,4,2025/11/30,8988,0,6500,650,0,7150,熊本支店,レンタル法人,36,新規,12ヶ月以上
B25017935,5,2025/12/31,8988,0,6500,650,0,7150,熊本支店,レンタル法人,36,新規,12ヶ月以上
B25017935,6,2026/1/31,8988,0,6500,650,0,7150,熊本支店,レンタル法人,36,新規,12ヶ月以上
B25017935,7,2026/2/28,8988,0,6500,650,0,7150,熊本支店,レンタル法人,36,新規,12ヶ月以上
B25017935,8,2026/3/31,8988,0,6500,650,0,7150,熊本支店,レンタル法人,36,新規,12ヶ月以上
B25017935,9,2026/4/30,8988,0,6500,650,0,7150,熊本支店,レンタル法人,36,新規,12ヶ月以上
B25017935,10,2026/5/31,8988,0,6500,650,0,7150,熊本支店,レンタル法人,36,新規,12ヶ月以上
B25017935,11,2026/6/30,8988,0,6500,650,0,7150,熊本支店,レンタル法人,36,新規,12ヶ月以上
B25017935,12,2026/7/31,8988,0,6500,650,0,7150,熊本支店,レンタル法人,36,新規,12ヶ月以上
B25017935,13,2026/8/31,8988,0,6500,650,0,7150,熊本支店,レンタル法人,36,新規,12ヶ月以上
B25017942,3,2025/9/30,11577,0,52000,5200,0,57200,熊本支店,レンタル法人,19,新規,12ヶ月以上
B25017942,4,2025/10/31,11577,0,52000,5200,0,57200,熊本支店,レンタル法人,19,新規,12ヶ月以上
B25017942,5,2025/11/30,11577,0,52000,5200,0,57200,熊本支店,レンタル法人,19,新規,12ヶ月以上
B25017942,6,2025/12/31,11577,0,52000,5200,0,57200,熊本支店,レンタル法人,19,新規,12ヶ月以上
B25017942,7,2026/1/31,11577,0,52000,5200,0,57200,熊本支店,レンタル法人,19,新規,12ヶ月以上
B25017942,8,2026/2/28,11577,0,52000,5200,0,57200,熊本支店,レンタル法人,19,新規,12ヶ月以上
B25017942,9,2026/3/31,11577,0,52000,5200,0,57200,熊本支店,レンタル法人,19,新規,12ヶ月以上
B25017942,10,2026/4/30,11577,0,52000,5200,0,57200,熊本支店,レンタル法人,19,新規,12ヶ月以上
B25017942,11,2026/5/31,11577,0,52000,5200,0,57200,熊本支店,レンタル法人,19,新規,12ヶ月以上
B25017942,12,2026/6/30,11577,0,52000,5200,0,57200,熊本支店,レンタル法人,19,新規,12ヶ月以上
B25017942,13,2026/7/31,11577,0,52000,5200,0,57200,熊本支店,レンタル法人,19,新規,12ヶ月以上
B25017942,14,2026/8/31,11577,0,52000,5200,0,57200,熊本支店,レンタル法人,19,新規,12ヶ月以上
B25018030,1,2025/10/31,16869,0,8800,880,0,9680,熊本支店,レンタル法人,0,新規,12ヶ月未満
B25018074,2,2025/9/30,12306,0,66000,6600,0,72600,熊本支店,レンタル法人,1,新規,12ヶ月未満
B25018075,2,2025/9/30,12306,0,88000,8800,0,96800,熊本支店,レンタル法人,1,新規,12ヶ月未満
B25018076,2,2025/9/30,12306,0,77000,7700,0,84700,熊本支店,レンタル法人,1,新規,12ヶ月未満
B25018083,2,2025/9/30,12306,0,55000,5500,0,60500,熊本支店,レンタル法人,1,新規,12ヶ月未満
B25018084,2,2025/9/30,12306,0,44000,4400,0,48400,熊本支店,レンタル法人,1,新規,12ヶ月未満
B25018086,2,2025/9/30,12306,0,66000,6600,0,72600,熊本支店,レンタル法人,1,新規,12ヶ月未満
B25018087,2,2025/9/30,12306,0,66000,6600,0,72600,熊本支店,レンタル法人,1,新規,12ヶ月未満
B25018088,2,2025/9/30,12306,0,110000,11000,0,121000,熊本支店,レンタル法人,1,新規,12ヶ月未満
B25018228,1,2025/10/31,119,0,0,0,0,0,熊本支店,レンタル法人,3,新規,12ヶ月未満
B25018252,3,2025/9/30,10751,0,1600,160,0,1760,熊本支店,レンタル法人,60,新規,12ヶ月以上
B25018252,4,2025/10/31,10751,0,1600,160,0,1760,熊本支店,レンタル法人,60,新規,12ヶ月以上
B25018252,5,2025/11/30,10751,0,1600,160,0,1760,熊本支店,レンタル法人,60,新規,12ヶ月以上
B25018252,6,2025/12/31,10751,0,1600,160,0,1760,熊本支店,レンタル法人,60,新規,12ヶ月以上
B25018252,7,2026/1/31,10751,0,1600,160,0,1760,熊本支店,レンタル法人,60,新規,12ヶ月以上
B25018252,8,2026/2/28,10751,0,1600,160,0,1760,熊本支店,レンタル法人,60,新規,12ヶ月以上
B25018252,9,2026/3/31,10751,0,1600,160,0,1760,熊本支店,レンタル法人,60,新規,12ヶ月以上
B25018252,10,2026/4/30,10751,0,1600,160,0,1760,熊本支店,レンタル法人,60,新規,12ヶ月以上
B25018252,11,2026/5/31,10751,0,1600,160,0,1760,熊本支店,レンタル法人,60,新規,12ヶ月以上
B25018252,12,2026/6/30,10751,0,1600,160,0,1760,熊本支店,レンタル法人,60,新規,12ヶ月以上
B25018252,13,2026/7/31,10751,0,1600,160,0,1760,熊本支店,レンタル法人,60,新規,12ヶ月以上
B25018252,14,2026/8/31,10751,0,1600,160,0,1760,熊本支店,レンタル法人,60,新規,12ヶ月以上
B25018349,2,2025/9/30,1401,0,21000,2100,0,23100,熊本支店,レンタル法人,24,新規,12ヶ月以上
B25018349,3,2025/10/31,1401,0,21000,2100,0,23100,熊本支店,レンタル法人,24,新規,12ヶ月以上
B25018349,4,2025/11/30,1401,0,21000,2100,0,23100,熊本支店,レンタル法人,24,新規,12ヶ月以上
B25018349,5,2025/12/31,1401,0,21000,2100,0,23100,熊本支店,レンタル法人,24,新規,12ヶ月以上
B25018349,6,2026/1/31,1401,0,21000,2100,0,23100,熊本支店,レンタル法人,24,新規,12ヶ月以上
B25018349,7,2026/2/28,1401,0,21000,2100,0,23100,熊本支店,レンタル法人,24,新規,12ヶ月以上
B25018349,8,2026/3/31,1401,0,21000,2100,0,23100,熊本支店,レンタル法人,24,新規,12ヶ月以上
B25018349,9,2026/4/30,1401,0,21000,2100,0,23100,熊本支店,レンタル法人,24,新規,12ヶ月以上
B25018349,10,2026/5/31,1401,0,21000,2100,0,23100,熊本支店,レンタル法人,24,新規,12ヶ月以上
B25018349,11,2026/6/30,1401,0,21000,2100,0,23100,熊本支店,レンタル法人,24,新規,12ヶ月以上
B25018349,12,2026/7/31,1401,0,21000,2100,0,23100,熊本支店,レンタル法人,24,新規,12ヶ月以上
B25018349,13,2026/8/31,1401,0,21000,2100,0,23100,熊本支店,レンタル法人,24,新規,12ヶ月以上
B25018453,3,2025/9/30,15589,0,25000,2500,0,27500,熊本支店,レンタル法人,9,新規,12ヶ月未満
B25018453,4,2025/10/31,15589,0,25000,2500,0,27500,熊本支店,レンタル法人,9,新規,12ヶ月未満
B25018453,5,2025/11/30,15589,0,25000,2500,0,27500,熊本支店,レンタル法人,9,新規,12ヶ月未満
B25018453,6,2025/12/31,15589,0,25000,2500,0,27500,熊本支店,レンタル法人,9,新規,12ヶ月未満
B25018453,7,2026/1/31,15589,0,25000,2500,0,27500,熊本支店,レンタル法人,9,新規,12ヶ月未満
B25018453,8,2026/2/28,15589,0,25000,2500,0,27500,熊本支店,レンタル法人,9,新規,12ヶ月未満
B25018453,9,2026/3/31,15589,0,25000,2500,0,27500,熊本支店,レンタル法人,9,新規,12ヶ月未満
B25018453,10,2026/4/30,15589,0,25000,2500,0,27500,熊本支店,レンタル法人,9,新規,12ヶ月未満
B25018484,2,2025/9/30,7462,0,9000,900,0,9900,熊本支店,レンタル法人,3,延長,12ヶ月未満
B25018484,3,2025/10/31,7462,0,9000,900,0,9900,熊本支店,レンタル法人,3,延長,12ヶ月未満
B25018531,3,2025/9/30,12299,0,6000,600,0,6600,熊本支店,レンタル法人,3,延長,12ヶ月未満
B25018537,3,2025/9/30,1401,0,6200,620,0,6820,熊本支店,レンタル法人,3,延長,12ヶ月未満
B25018538,3,2025/9/30,1401,0,12500,1250,0,13750,熊本支店,レンタル法人,3,延長,12ヶ月未満
B25018700,1,2025/9/30,16901,0,14300,1430,15730,0,熊本支店,レンタル法人,0,新規,12ヶ月未満
B25018808,3,2025/9/30,5357,0,7150,715,0,7865,熊本支店,レンタル法人,6,新規,12ヶ月未満
B25018808,4,2025/10/31,5357,0,7150,715,0,7865,熊本支店,レンタル法人,6,新規,12ヶ月未満
B25018808,5,2025/11/30,5357,0,7150,715,0,7865,熊本支店,レンタル法人,6,新規,12ヶ月未満
B25018808,6,2025/12/31,5357,0,7150,715,0,7865,熊本支店,レンタル法人,6,新規,12ヶ月未満
B25018962,2,2025/9/30,12299,0,3000,300,0,3300,熊本支店,レンタル法人,12,新規,12ヶ月未満
B25018962,3,2025/10/31,12299,0,3000,300,0,3300,熊本支店,レンタル法人,12,新規,12ヶ月未満
B25018962,4,2025/11/30,12299,0,3000,300,0,3300,熊本支店,レンタル法人,12,新規,12ヶ月未満
B25018962,5,2025/12/31,12299,0,3000,300,0,3300,熊本支店,レンタル法人,12,新規,12ヶ月未満
B25018962,6,2026/1/31,12299,0,3000,300,0,3300,熊本支店,レンタル法人,12,新規,12ヶ月未満
B25018962,7,2026/2/28,12299,0,3000,300,0,3300,熊本支店,レンタル法人,12,新規,12ヶ月未満
B25018962,8,2026/3/31,12299,0,3000,300,0,3300,熊本支店,レンタル法人,12,新規,12ヶ月未満
B25018962,9,2026/4/30,12299,0,3000,300,0,3300,熊本支店,レンタル法人,12,新規,12ヶ月未満
B25018962,10,2026/5/31,12299,0,3000,300,0,3300,熊本支店,レンタル法人,12,新規,12ヶ月未満
B25018962,11,2026/6/30,12299,0,3000,300,0,3300,熊本支店,レンタル法人,12,新規,12ヶ月未満
B25018962,12,2026/7/31,12299,0,3000,300,0,3300,熊本支店,レンタル法人,12,新規,12ヶ月未満
B25019117,3,2025/9/30,1401,0,29500,2950,0,32450,熊本支店,レンタル法人,6,新規,12ヶ月未満
B25019117,4,2025/10/31,1401,0,29500,2950,0,32450,熊本支店,レンタル法人,6,新規,12ヶ月未満
B25019117,5,2025/11/30,1401,0,29500,2950,0,32450,熊本支店,レンタル法人,6,新規,12ヶ月未満
B25019117,6,2025/12/31,1401,0,29500,2950,0,32450,熊本支店,レンタル法人,6,新規,12ヶ月未満
B25019272,3,2025/9/30,1401,0,9000,900,0,9900,熊本支店,レンタル法人,3,延長,12ヶ月未満
B25019435,1,2026/3/31,10724,0,12000,1200,0,13200,熊本支店,レンタル法人,8,延長,12ヶ月未満
B25019470,1,2025/9/30,14868,0,82400,8240,0,90640,熊本支店,レンタル法人,2,新規,12ヶ月未満
B25019470,2,2025/10/31,14868,0,56000,5600,0,61600,熊本支店,レンタル法人,2,新規,12ヶ月未満
B25019567,2,2025/9/30,14182,0,37400,3740,0,41140,熊本支店,レンタル法人,3,新規,12ヶ月未満
B25019567,3,2025/10/31,14182,0,37400,3740,0,41140,熊本支店,レンタル法人,3,新規,12ヶ月未満
B25019742,2,2025/9/30,8988,0,2000,200,0,2200,熊本支店,レンタル法人,36,新規,12ヶ月以上
B25019742,3,2025/10/31,8988,0,2000,200,0,2200,熊本支店,レンタル法人,36,新規,12ヶ月以上
B25019742,4,2025/11/30,8988,0,2000,200,0,2200,熊本支店,レンタル法人,36,新規,12ヶ月以上
B25019742,5,2025/12/31,8988,0,2000,200,0,2200,熊本支店,レンタル法人,36,新規,12ヶ月以上
B25019742,6,2026/1/31,8988,0,2000,200,0,2200,熊本支店,レンタル法人,36,新規,12ヶ月以上
B25019742,7,2026/2/28,8988,0,2000,200,0,2200,熊本支店,レンタル法人,36,新規,12ヶ月以上
B25019742,8,2026/3/31,8988,0,2000,200,0,2200,熊本支店,レンタル法人,36,新規,12ヶ月以上
B25019742,9,2026/4/30,8988,0,2000,200,0,2200,熊本支店,レンタル法人,36,新規,12ヶ月以上
B25019742,10,2026/5/31,8988,0,2000,200,0,2200,熊本支店,レンタル法人,36,新規,12ヶ月以上
B25019742,11,2026/6/30,8988,0,2000,200,0,2200,熊本支店,レンタル法人,36,新規,12ヶ月以上
B25019742,12,2026/7/31,8988,0,2000,200,0,2200,熊本支店,レンタル法人,36,新規,12ヶ月以上
B25019742,13,2026/8/31,8988,0,2000,200,0,2200,熊本支店,レンタル法人,36,新規,12ヶ月以上
B25019970,2,2025/9/30,14182,0,31650,3165,0,34815,熊本支店,レンタル法人,2,延長,12ヶ月未満
B25019972,2,2025/9/30,14182,0,6630,663,0,7293,熊本支店,レンタル法人,2,延長,12ヶ月未満
B25019974,2,2025/9/30,14182,0,8400,840,0,9240,熊本支店,レンタル法人,2,延長,12ヶ月未満
B25020000,2,2025/9/30,9693,0,9500,950,0,10450,熊本支店,レンタル法人,3,新規,12ヶ月未満
B25020000,3,2025/10/31,9693,0,9500,950,0,10450,熊本支店,レンタル法人,3,新規,12ヶ月未満
B25020159,2,2025/9/30,16971,0,33000,3300,0,36300,熊本支店,レンタル法人,3,新規,12ヶ月未満
B25020159,3,2025/10/31,16971,0,33000,3300,0,36300,熊本支店,レンタル法人,3,新規,12ヶ月未満
B25020186,2,2025/9/30,14182,0,7380,738,0,8118,熊本支店,レンタル法人,2,延長,12ヶ月未満
B25020187,2,2025/9/30,10767,0,1500,150,0,1650,熊本支店,レンタル法人,48,新規,12ヶ月以上
B25020187,3,2025/10/31,10767,0,1500,150,0,1650,熊本支店,レンタル法人,48,新規,12ヶ月以上
B25020187,4,2025/11/30,10767,0,1500,150,0,1650,熊本支店,レンタル法人,48,新規,12ヶ月以上
B25020187,5,2025/12/31,10767,0,1500,150,0,1650,熊本支店,レンタル法人,48,新規,12ヶ月以上
B25020187,6,2026/1/31,10767,0,1500,150,0,1650,熊本支店,レンタル法人,48,新規,12ヶ月以上
B25020187,7,2026/2/28,10767,0,1500,150,0,1650,熊本支店,レンタル法人,48,新規,12ヶ月以上
B25020187,8,2026/3/31,10767,0,1500,150,0,1650,熊本支店,レンタル法人,48,新規,12ヶ月以上
B25020187,9,2026/4/30,10767,0,1500,150,0,1650,熊本支店,レンタル法人,48,新規,12ヶ月以上
B25020187,10,2026/5/31,10767,0,1500,150,0,1650,熊本支店,レンタル法人,48,新規,12ヶ月以上
B25020187,11,2026/6/30,10767,0,1500,150,0,1650,熊本支店,レンタル法人,48,新規,12ヶ月以上
B25020187,12,2026/7/31,10767,0,1500,150,0,1650,熊本支店,レンタル法人,48,新規,12ヶ月以上
B25020187,13,2026/8/31,10767,0,1500,150,0,1650,熊本支店,レンタル法人,48,新規,12ヶ月以上
B25020188,2,2025/9/30,16603,0,5400,540,0,5940,熊本支店,レンタル法人,48,新規,12ヶ月以上
B25020188,3,2025/10/31,16603,0,5400,540,0,5940,熊本支店,レンタル法人,48,新規,12ヶ月以上
B25020188,4,2025/11/30,16603,0,5400,540,0,5940,熊本支店,レンタル法人,48,新規,12ヶ月以上
B25020188,5,2025/12/31,16603,0,5400,540,0,5940,熊本支店,レンタル法人,48,新規,12ヶ月以上
B25020188,6,2026/1/31,16603,0,5400,540,0,5940,熊本支店,レンタル法人,48,新規,12ヶ月以上
B25020188,7,2026/2/28,16603,0,5400,540,0,5940,熊本支店,レンタル法人,48,新規,12ヶ月以上
B25020188,8,2026/3/31,16603,0,5400,540,0,5940,熊本支店,レンタル法人,48,新規,12ヶ月以上
B25020188,9,2026/4/30,16603,0,5400,540,0,5940,熊本支店,レンタル法人,48,新規,12ヶ月以上
B25020188,10,2026/5/31,16603,0,5400,540,0,5940,熊本支店,レンタル法人,48,新規,12ヶ月以上
B25020188,11,2026/6/30,16603,0,5400,540,0,5940,熊本支店,レンタル法人,48,新規,12ヶ月以上
B25020188,12,2026/7/31,16603,0,5400,540,0,5940,熊本支店,レンタル法人,48,新規,12ヶ月以上
B25020188,13,2026/8/31,16603,0,5400,540,0,5940,熊本支店,レンタル法人,48,新規,12ヶ月以上
B25020256,1,2025/9/30,1401,0,14000,1400,0,15400,熊本支店,レンタル法人,6,新規,12ヶ月未満
B25020256,2,2025/10/31,1401,0,9200,920,0,10120,熊本支店,レンタル法人,6,新規,12ヶ月未満
B25020256,3,2025/11/30,1401,0,9200,920,0,10120,熊本支店,レンタル法人,6,新規,12ヶ月未満
B25020256,4,2025/12/31,1401,0,9200,920,0,10120,熊本支店,レンタル法人,6,新規,12ヶ月未満
B25020256,5,2026/1/31,1401,0,9200,920,0,10120,熊本支店,レンタル法人,6,新規,12ヶ月未満
B25020256,6,2026/2/28,1401,0,9200,920,0,10120,熊本支店,レンタル法人,6,新規,12ヶ月未満
B25020263,2,2025/9/30,11771,0,46550,4655,0,51205,熊本支店,レンタル法人,36,新規,12ヶ月以上
B25020263,3,2025/10/31,11771,0,46550,4655,0,51205,熊本支店,レンタル法人,36,新規,12ヶ月以上
B25020263,4,2025/11/30,11771,0,46550,4655,0,51205,熊本支店,レンタル法人,36,新規,12ヶ月以上
B25020263,5,2025/12/31,11771,0,46550,4655,0,51205,熊本支店,レンタル法人,36,新規,12ヶ月以上
B25020263,6,2026/1/31,11771,0,46550,4655,0,51205,熊本支店,レンタル法人,36,新規,12ヶ月以上
B25020263,7,2026/2/28,11771,0,46550,4655,0,51205,熊本支店,レンタル法人,36,新規,12ヶ月以上
B25020263,8,2026/3/31,11771,0,46550,4655,0,51205,熊本支店,レンタル法人,36,新規,12ヶ月以上
B25020263,9,2026/4/30,11771,0,46550,4655,0,51205,熊本支店,レンタル法人,36,新規,12ヶ月以上
B25020263,10,2026/5/31,11771,0,46550,4655,0,51205,熊本支店,レンタル法人,36,新規,12ヶ月以上
B25020263,11,2026/6/30,11771,0,46550,4655,0,51205,熊本支店,レンタル法人,36,新規,12ヶ月以上
B25020263,12,2026/7/31,11771,0,46550,4655,0,51205,熊本支店,レンタル法人,36,新規,12ヶ月以上
B25020263,13,2026/8/31,11771,0,46550,4655,0,51205,熊本支店,レンタル法人,36,新規,12ヶ月以上
B25020266,2,2025/9/30,11771,0,3150,315,0,3465,熊本支店,レンタル法人,36,新規,12ヶ月以上
B25020266,3,2025/10/31,11771,0,3150,315,0,3465,熊本支店,レンタル法人,36,新規,12ヶ月以上
B25020266,4,2025/11/30,11771,0,3150,315,0,3465,熊本支店,レンタル法人,36,新規,12ヶ月以上
B25020266,5,2025/12/31,11771,0,3150,315,0,3465,熊本支店,レンタル法人,36,新規,12ヶ月以上
B25020266,6,2026/1/31,11771,0,3150,315,0,3465,熊本支店,レンタル法人,36,新規,12ヶ月以上
B25020266,7,2026/2/28,11771,0,3150,315,0,3465,熊本支店,レンタル法人,36,新規,12ヶ月以上
B25020266,8,2026/3/31,11771,0,3150,315,0,3465,熊本支店,レンタル法人,36,新規,12ヶ月以上
B25020266,9,2026/4/30,11771,0,3150,315,0,3465,熊本支店,レンタル法人,36,新規,12ヶ月以上
B25020266,10,2026/5/31,11771,0,3150,315,0,3465,熊本支店,レンタル法人,36,新規,12ヶ月以上
B25020266,11,2026/6/30,11771,0,3150,315,0,3465,熊本支店,レンタル法人,36,新規,12ヶ月以上
B25020266,12,2026/7/31,11771,0,3150,315,0,3465,熊本支店,レンタル法人,36,新規,12ヶ月以上
B25020266,13,2026/8/31,11771,0,3150,315,0,3465,熊本支店,レンタル法人,36,新規,12ヶ月以上
B25020267,2,2025/9/30,11771,0,6300,630,0,6930,熊本支店,レンタル法人,36,新規,12ヶ月以上
B25020267,3,2025/10/31,11771,0,6300,630,0,6930,熊本支店,レンタル法人,36,新規,12ヶ月以上
B25020267,4,2025/11/30,11771,0,6300,630,0,6930,熊本支店,レンタル法人,36,新規,12ヶ月以上
B25020267,5,2025/12/31,11771,0,6300,630,0,6930,熊本支店,レンタル法人,36,新規,12ヶ月以上
B25020267,6,2026/1/31,11771,0,6300,630,0,6930,熊本支店,レンタル法人,36,新規,12ヶ月以上
B25020267,7,2026/2/28,11771,0,6300,630,0,6930,熊本支店,レンタル法人,36,新規,12ヶ月以上
B25020267,8,2026/3/31,11771,0,6300,630,0,6930,熊本支店,レンタル法人,36,新規,12ヶ月以上
B25020267,9,2026/4/30,11771,0,6300,630,0,6930,熊本支店,レンタル法人,36,新規,12ヶ月以上
B25020267,10,2026/5/31,11771,0,6300,630,0,6930,熊本支店,レンタル法人,36,新規,12ヶ月以上
B25020267,11,2026/6/30,11771,0,6300,630,0,6930,熊本支店,レンタル法人,36,新規,12ヶ月以上
B25020267,12,2026/7/31,11771,0,6300,630,0,6930,熊本支店,レンタル法人,36,新規,12ヶ月以上
B25020267,13,2026/8/31,11771,0,6300,630,0,6930,熊本支店,レンタル法人,36,新規,12ヶ月以上
B25020302,3,2025/9/30,214,0,2000,200,0,2200,熊本支店,レンタル法人,12,新規,12ヶ月未満
B25020302,4,2025/10/31,214,0,2000,200,0,2200,熊本支店,レンタル法人,12,新規,12ヶ月未満
B25020302,5,2025/11/30,214,0,2000,200,0,2200,熊本支店,レンタル法人,12,新規,12ヶ月未満
B25020302,6,2025/12/31,214,0,2000,200,0,2200,熊本支店,レンタル法人,12,新規,12ヶ月未満
B25020302,7,2026/1/31,214,0,2000,200,0,2200,熊本支店,レンタル法人,12,新規,12ヶ月未満
B25020302,8,2026/2/28,214,0,2000,200,0,2200,熊本支店,レンタル法人,12,新規,12ヶ月未満
B25020302,9,2026/3/31,214,0,2000,200,0,2200,熊本支店,レンタル法人,12,新規,12ヶ月未満
B25020302,10,2026/4/30,214,0,2000,200,0,2200,熊本支店,レンタル法人,12,新規,12ヶ月未満
B25020302,11,2026/5/31,214,0,2000,200,0,2200,熊本支店,レンタル法人,12,新規,12ヶ月未満
B25020302,12,2026/6/30,214,0,2000,200,0,2200,熊本支店,レンタル法人,12,新規,12ヶ月未満
B25020303,3,2025/9/30,16732,0,12000,1200,0,13200,熊本支店,レンタル法人,3,延長,12ヶ月未満
B25020451,2,2025/9/30,16982,0,1750,175,0,1925,熊本支店,レンタル法人,36,新規,12ヶ月以上
B25020451,3,2025/10/31,16982,0,1750,175,0,1925,熊本支店,レンタル法人,36,新規,12ヶ月以上
B25020451,4,2025/11/30,16982,0,1750,175,0,1925,熊本支店,レンタル法人,36,新規,12ヶ月以上
B25020451,5,2025/12/31,16982,0,1750,175,0,1925,熊本支店,レンタル法人,36,新規,12ヶ月以上
B25020451,6,2026/1/31,16982,0,1750,175,0,1925,熊本支店,レンタル法人,36,新規,12ヶ月以上
B25020451,7,2026/2/28,16982,0,1750,175,0,1925,熊本支店,レンタル法人,36,新規,12ヶ月以上
B25020451,8,2026/3/31,16982,0,1750,175,0,1925,熊本支店,レンタル法人,36,新規,12ヶ月以上
B25020451,9,2026/4/30,16982,0,1750,175,0,1925,熊本支店,レンタル法人,36,新規,12ヶ月以上
B25020451,10,2026/5/31,16982,0,1750,175,0,1925,熊本支店,レンタル法人,36,新規,12ヶ月以上
B25020451,11,2026/6/30,16982,0,1750,175,0,1925,熊本支店,レンタル法人,36,新規,12ヶ月以上
B25020451,12,2026/7/31,16982,0,1750,175,0,1925,熊本支店,レンタル法人,36,新規,12ヶ月以上
B25020451,13,2026/8/31,16982,0,1750,175,0,1925,熊本支店,レンタル法人,36,新規,12ヶ月以上
B25020454,2,2025/9/30,16982,0,35000,3500,0,38500,熊本支店,レンタル法人,3,新規,12ヶ月未満
B25020454,3,2025/10/31,16982,0,35000,3500,0,38500,熊本支店,レンタル法人,3,新規,12ヶ月未満
B25020472,2,2025/9/30,13187,0,2200,220,0,2420,熊本支店,レンタル法人,36,新規,12ヶ月以上
B25020472,3,2025/10/31,13187,0,2200,220,0,2420,熊本支店,レンタル法人,36,新規,12ヶ月以上
B25020472,4,2025/11/30,13187,0,2200,220,0,2420,熊本支店,レンタル法人,36,新規,12ヶ月以上
B25020472,5,2025/12/31,13187,0,2200,220,0,2420,熊本支店,レンタル法人,36,新規,12ヶ月以上
B25020472,6,2026/1/31,13187,0,2200,220,0,2420,熊本支店,レンタル法人,36,新規,12ヶ月以上
B25020472,7,2026/2/28,13187,0,2200,220,0,2420,熊本支店,レンタル法人,36,新規,12ヶ月以上
B25020472,8,2026/3/31,13187,0,2200,220,0,2420,熊本支店,レンタル法人,36,新規,12ヶ月以上
B25020472,9,2026/4/30,13187,0,2200,220,0,2420,熊本支店,レンタル法人,36,新規,12ヶ月以上
B25020472,10,2026/5/31,13187,0,2200,220,0,2420,熊本支店,レンタル法人,36,新規,12ヶ月以上
B25020472,11,2026/6/30,13187,0,2200,220,0,2420,熊本支店,レンタル法人,36,新規,12ヶ月以上
B25020472,12,2026/7/31,13187,0,2200,220,0,2420,熊本支店,レンタル法人,36,新規,12ヶ月以上
B25020472,13,2026/8/31,13187,0,2200,220,0,2420,熊本支店,レンタル法人,36,新規,12ヶ月以上
B25020573,2,2025/9/30,5357,0,11650,1165,0,12815,熊本支店,レンタル法人,6,新規,12ヶ月未満
B25020573,3,2025/10/31,5357,0,11650,1165,0,12815,熊本支店,レンタル法人,6,新規,12ヶ月未満
B25020573,4,2025/11/30,5357,0,11650,1165,0,12815,熊本支店,レンタル法人,6,新規,12ヶ月未満
B25020573,5,2025/12/31,5357,0,11650,1165,0,12815,熊本支店,レンタル法人,6,新規,12ヶ月未満
B25020573,6,2026/1/31,5357,0,11650,1165,0,12815,熊本支店,レンタル法人,6,新規,12ヶ月未満
B25020653,2,2025/9/30,8988,0,4000,400,0,4400,熊本支店,レンタル法人,36,新規,12ヶ月以上
B25020653,3,2025/10/31,8988,0,4000,400,0,4400,熊本支店,レンタル法人,36,新規,12ヶ月以上
B25020653,4,2025/11/30,8988,0,4000,400,0,4400,熊本支店,レンタル法人,36,新規,12ヶ月以上
B25020653,5,2025/12/31,8988,0,4000,400,0,4400,熊本支店,レンタル法人,36,新規,12ヶ月以上
B25020653,6,2026/1/31,8988,0,4000,400,0,4400,熊本支店,レンタル法人,36,新規,12ヶ月以上
B25020653,7,2026/2/28,8988,0,4000,400,0,4400,熊本支店,レンタル法人,36,新規,12ヶ月以上
B25020653,8,2026/3/31,8988,0,4000,400,0,4400,熊本支店,レンタル法人,36,新規,12ヶ月以上
B25020653,9,2026/4/30,8988,0,4000,400,0,4400,熊本支店,レンタル法人,36,新規,12ヶ月以上
B25020653,10,2026/5/31,8988,0,4000,400,0,4400,熊本支店,レンタル法人,36,新規,12ヶ月以上
B25020653,11,2026/6/30,8988,0,4000,400,0,4400,熊本支店,レンタル法人,36,新規,12ヶ月以上
B25020653,12,2026/7/31,8988,0,4000,400,0,4400,熊本支店,レンタル法人,36,新規,12ヶ月以上
B25020653,13,2026/8/31,8988,0,4000,400,0,4400,熊本支店,レンタル法人,36,新規,12ヶ月以上
B25020669,2,2025/9/30,15589,0,649000,64900,0,713900,熊本支店,レンタル法人,8,新規,12ヶ月未満
B25020669,3,2025/10/31,15589,0,649000,64900,0,713900,熊本支店,レンタル法人,8,新規,12ヶ月未満
B25020669,4,2025/11/30,15589,0,649000,64900,0,713900,熊本支店,レンタル法人,8,新規,12ヶ月未満
B25020669,5,2025/12/31,15589,0,649000,64900,0,713900,熊本支店,レンタル法人,8,新規,12ヶ月未満
B25020669,6,2026/1/31,15589,0,649000,64900,0,713900,熊本支店,レンタル法人,8,新規,12ヶ月未満
B25020669,7,2026/2/28,15589,0,649000,64900,0,713900,熊本支店,レンタル法人,8,新規,12ヶ月未満
B25020669,8,2026/3/31,15589,0,649000,64900,0,713900,熊本支店,レンタル法人,8,新規,12ヶ月未満
B25020669,9,2026/4/30,15589,0,649000,64900,0,713900,熊本支店,レンタル法人,8,新規,12ヶ月未満
B25020861,1,2025/9/30,16994,0,72800,7280,0,80080,熊本支店,レンタル法人,0,新規,12ヶ月未満
B25020945,1,2025/9/30,16998,0,12330,1233,0,13563,熊本支店,レンタル法人,2,新規,12ヶ月未満
B25020945,2,2025/10/31,16998,0,5400,540,0,5940,熊本支店,レンタル法人,2,新規,12ヶ月未満
B25021020,2,2025/9/30,11577,0,900,90,0,990,熊本支店,レンタル法人,36,新規,12ヶ月以上
B25021020,3,2025/10/31,11577,0,900,90,0,990,熊本支店,レンタル法人,36,新規,12ヶ月以上
B25021020,4,2025/11/30,11577,0,900,90,0,990,熊本支店,レンタル法人,36,新規,12ヶ月以上
B25021020,5,2025/12/31,11577,0,900,90,0,990,熊本支店,レンタル法人,36,新規,12ヶ月以上
B25021020,6,2026/1/31,11577,0,900,90,0,990,熊本支店,レンタル法人,36,新規,12ヶ月以上
B25021020,7,2026/2/28,11577,0,900,90,0,990,熊本支店,レンタル法人,36,新規,12ヶ月以上
B25021020,8,2026/3/31,11577,0,900,90,0,990,熊本支店,レンタル法人,36,新規,12ヶ月以上
B25021020,9,2026/4/30,11577,0,900,90,0,990,熊本支店,レンタル法人,36,新規,12ヶ月以上
B25021020,10,2026/5/31,11577,0,900,90,0,990,熊本支店,レンタル法人,36,新規,12ヶ月以上
B25021020,11,2026/6/30,11577,0,900,90,0,990,熊本支店,レンタル法人,36,新規,12ヶ月以上
B25021020,12,2026/7/31,11577,0,900,90,0,990,熊本支店,レンタル法人,36,新規,12ヶ月以上
B25021020,13,2026/8/31,11577,0,900,90,0,990,熊本支店,レンタル法人,36,新規,12ヶ月以上
B25021021,2,2025/9/30,11577,0,450,45,0,495,熊本支店,レンタル法人,36,新規,12ヶ月以上
B25021021,3,2025/10/31,11577,0,450,45,0,495,熊本支店,レンタル法人,36,新規,12ヶ月以上
B25021021,4,2025/11/30,11577,0,450,45,0,495,熊本支店,レンタル法人,36,新規,12ヶ月以上
B25021021,5,2025/12/31,11577,0,450,45,0,495,熊本支店,レンタル法人,36,新規,12ヶ月以上
B25021021,6,2026/1/31,11577,0,450,45,0,495,熊本支店,レンタル法人,36,新規,12ヶ月以上
B25021021,7,2026/2/28,11577,0,450,45,0,495,熊本支店,レンタル法人,36,新規,12ヶ月以上
B25021021,8,2026/3/31,11577,0,450,45,0,495,熊本支店,レンタル法人,36,新規,12ヶ月以上
B25021021,9,2026/4/30,11577,0,450,45,0,495,熊本支店,レンタル法人,36,新規,12ヶ月以上
B25021021,10,2026/5/31,11577,0,450,45,0,495,熊本支店,レンタル法人,36,新規,12ヶ月以上
B25021021,11,2026/6/30,11577,0,450,45,0,495,熊本支店,レンタル法人,36,新規,12ヶ月以上
B25021021,12,2026/7/31,11577,0,450,45,0,495,熊本支店,レンタル法人,36,新規,12ヶ月以上
B25021021,13,2026/8/31,11577,0,450,45,0,495,熊本支店,レンタル法人,36,新規,12ヶ月以上
B25021074,2,2025/9/30,1401,0,4000,400,0,4400,熊本支店,レンタル法人,3,新規,12ヶ月未満
B25021074,3,2025/10/31,1401,0,4000,400,0,4400,熊本支店,レンタル法人,3,新規,12ヶ月未満
B25021097,2,2025/9/30,14499,0,39600,3960,0,43560,熊本支店,レンタル法人,4,新規,12ヶ月未満
B25021097,3,2025/10/31,14499,0,39600,3960,0,43560,熊本支店,レンタル法人,4,新規,12ヶ月未満
B25021097,4,2025/11/30,14499,0,39600,3960,0,43560,熊本支店,レンタル法人,4,新規,12ヶ月未満
B25021183,0,2025/9/4,17013,9130,0,0,0,9130,熊本支店,レンタル法人,0,新規,12ヶ月未満
B25021183,1,2025/9/30,17013,0,8300,830,9130,0,熊本支店,レンタル法人,0,新規,12ヶ月未満
B25021283,1,2025/9/30,13266,0,150000,15000,0,165000,熊本支店,レンタル法人,0,新規,12ヶ月未満
B25021327,1,2025/9/30,17023,0,60100,6010,0,66110,熊本支店,レンタル法人,0,新規,12ヶ月未満
B25021338,2,2025/9/30,15589,0,61600,6160,0,67760,熊本支店,レンタル法人,1,新規,12ヶ月未満
B25021362,1,2025/9/30,14384,0,4000,400,0,4400,熊本支店,レンタル法人,48,新規,12ヶ月以上
B25021362,2,2025/10/31,14384,0,4000,400,0,4400,熊本支店,レンタル法人,48,新規,12ヶ月以上
B25021362,3,2025/11/30,14384,0,4000,400,0,4400,熊本支店,レンタル法人,48,新規,12ヶ月以上
B25021362,4,2025/12/31,14384,0,4000,400,0,4400,熊本支店,レンタル法人,48,新規,12ヶ月以上
B25021362,5,2026/1/31,14384,0,4000,400,0,4400,熊本支店,レンタル法人,48,新規,12ヶ月以上
B25021362,6,2026/2/28,14384,0,4000,400,0,4400,熊本支店,レンタル法人,48,新規,12ヶ月以上
B25021362,7,2026/3/31,14384,0,4000,400,0,4400,熊本支店,レンタル法人,48,新規,12ヶ月以上
B25021362,8,2026/4/30,14384,0,4000,400,0,4400,熊本支店,レンタル法人,48,新規,12ヶ月以上
B25021362,9,2026/5/31,14384,0,4000,400,0,4400,熊本支店,レンタル法人,48,新規,12ヶ月以上
B25021362,10,2026/6/30,14384,0,4000,400,0,4400,熊本支店,レンタル法人,48,新規,12ヶ月以上
B25021362,11,2026/7/31,14384,0,4000,400,0,4400,熊本支店,レンタル法人,48,新規,12ヶ月以上
B25021362,12,2026/8/31,14384,0,4000,400,0,4400,熊本支店,レンタル法人,48,新規,12ヶ月以上
B25021517,2,2025/9/30,12299,0,7000,700,0,7700,熊本支店,レンタル法人,3,新規,12ヶ月未満
B25021517,3,2025/10/31,12299,0,7000,700,0,7700,熊本支店,レンタル法人,3,新規,12ヶ月未満
B25021542,1,2025/10/31,4234,0,21800,2180,0,23980,熊本支店,レンタル法人,1,新規,12ヶ月未満
B25021573,1,2025/9/15,8000,0,6050,605,0,6655,熊本支店,レンタル法人,2,延長,12ヶ月未満
B25021573,2,2025/10/15,8000,0,6050,605,0,6655,熊本支店,レンタル法人,2,延長,12ヶ月未満
B25021604,1,2025/9/30,10767,0,1500,150,0,1650,熊本支店,レンタル法人,48,新規,12ヶ月以上
B25021604,2,2025/10/31,10767,0,1500,150,0,1650,熊本支店,レンタル法人,48,新規,12ヶ月以上
B25021604,3,2025/11/30,10767,0,1500,150,0,1650,熊本支店,レンタル法人,48,新規,12ヶ月以上
B25021604,4,2025/12/31,10767,0,1500,150,0,1650,熊本支店,レンタル法人,48,新規,12ヶ月以上
B25021604,5,2026/1/31,10767,0,1500,150,0,1650,熊本支店,レンタル法人,48,新規,12ヶ月以上
B25021604,6,2026/2/28,10767,0,1500,150,0,1650,熊本支店,レンタル法人,48,新規,12ヶ月以上
B25021604,7,2026/3/31,10767,0,1500,150,0,1650,熊本支店,レンタル法人,48,新規,12ヶ月以上
B25021604,8,2026/4/30,10767,0,1500,150,0,1650,熊本支店,レンタル法人,48,新規,12ヶ月以上
B25021604,9,2026/5/31,10767,0,1500,150,0,1650,熊本支店,レンタル法人,48,新規,12ヶ月以上
B25021604,10,2026/6/30,10767,0,1500,150,0,1650,熊本支店,レンタル法人,48,新規,12ヶ月以上
B25021604,11,2026/7/31,10767,0,1500,150,0,1650,熊本支店,レンタル法人,48,新規,12ヶ月以上
B25021604,12,2026/8/31,10767,0,1500,150,0,1650,熊本支店,レンタル法人,48,新規,12ヶ月以上
B25021618,2,2025/9/30,9988,0,173700,17370,0,191070,熊本支店,レンタル法人,4,新規,12ヶ月未満
B25021618,3,2025/10/31,9988,0,173700,17370,0,191070,熊本支店,レンタル法人,4,新規,12ヶ月未満
B25021618,4,2025/11/30,9988,0,27000,2700,0,29700,熊本支店,レンタル法人,4,新規,12ヶ月未満
B25021618,5,2025/12/31,9988,0,27000,2700,0,29700,熊本支店,レンタル法人,4,新規,12ヶ月未満
B25021718,1,2025/9/30,8988,0,31600,3160,0,34760,熊本支店,レンタル法人,36,新規,12ヶ月以上
B25021718,2,2025/10/31,8988,0,15200,1520,0,16720,熊本支店,レンタル法人,36,新規,12ヶ月以上
B25021718,3,2025/11/30,8988,0,15200,1520,0,16720,熊本支店,レンタル法人,36,新規,12ヶ月以上
B25021718,4,2025/12/31,8988,0,15200,1520,0,16720,熊本支店,レンタル法人,36,新規,12ヶ月以上
B25021718,5,2026/1/31,8988,0,15200,1520,0,16720,熊本支店,レンタル法人,36,新規,12ヶ月以上
B25021718,6,2026/2/28,8988,0,15200,1520,0,16720,熊本支店,レンタル法人,36,新規,12ヶ月以上
B25021718,7,2026/3/31,8988,0,15200,1520,0,16720,熊本支店,レンタル法人,36,新規,12ヶ月以上
B25021718,8,2026/4/30,8988,0,15200,1520,0,16720,熊本支店,レンタル法人,36,新規,12ヶ月以上
B25021718,9,2026/5/31,8988,0,15200,1520,0,16720,熊本支店,レンタル法人,36,新規,12ヶ月以上
B25021718,10,2026/6/30,8988,0,15200,1520,0,16720,熊本支店,レンタル法人,36,新規,12ヶ月以上
B25021718,11,2026/7/31,8988,0,15200,1520,0,16720,熊本支店,レンタル法人,36,新規,12ヶ月以上
B25021718,12,2026/8/31,8988,0,15200,1520,0,16720,熊本支店,レンタル法人,36,新規,12ヶ月以上
B25021840,1,2025/9/30,17078,0,24500,2450,0,26950,熊本支店,レンタル法人,0,新規,12ヶ月未満
B25021845,2,2025/9/30,15589,0,56000,5600,0,61600,熊本支店,レンタル法人,3,延長,12ヶ月未満
B25021845,3,2025/10/31,15589,0,56000,5600,0,61600,熊本支店,レンタル法人,3,延長,12ヶ月未満
B25021846,2,2025/9/30,15589,0,120000,12000,0,132000,熊本支店,レンタル法人,3,延長,12ヶ月未満
B25021846,3,2025/10/31,15589,0,120000,12000,0,132000,熊本支店,レンタル法人,3,延長,12ヶ月未満
B25021847,2,2025/9/30,15589,0,308000,30800,0,338800,熊本支店,レンタル法人,3,延長,12ヶ月未満
B25021847,3,2025/10/31,15589,0,308000,30800,0,338800,熊本支店,レンタル法人,3,延長,12ヶ月未満
B25021848,2,2025/9/30,15589,0,40000,4000,0,44000,熊本支店,レンタル法人,3,延長,12ヶ月未満
B25021848,3,2025/10/31,15589,0,40000,4000,0,44000,熊本支店,レンタル法人,3,延長,12ヶ月未満
B25021880,1,2025/9/30,14182,0,10760,1076,0,11836,熊本支店,レンタル法人,1,新規,12ヶ月未満
B25021894,1,2025/9/30,16033,0,32400,3240,0,35640,熊本支店,レンタル法人,1,新規,12ヶ月未満
B25021946,1,2025/9/30,12299,0,52800,5280,0,58080,熊本支店,レンタル法人,1,新規,12ヶ月未満
B25021948,1,2025/9/30,12299,0,36900,3690,0,40590,熊本支店,レンタル法人,1,新規,12ヶ月未満
B25021986,1,2025/10/31,8174,0,21980,2198,0,24178,熊本支店,レンタル法人,1,新規,12ヶ月未満
B25021986,2,2025/11/30,8174,0,119800,11980,0,131780,熊本支店,レンタル法人,1,新規,12ヶ月未満
B25021986,3,2025/12/31,8174,0,99826,9982,0,109808,熊本支店,レンタル法人,1,新規,12ヶ月未満
B25022018,1,2025/9/30,16410,0,31500,3150,0,34650,熊本支店,レンタル法人,1,新規,12ヶ月未満
B25022020,1,2025/9/30,8988,0,8050,805,0,8855,熊本支店,レンタル法人,36,新規,12ヶ月以上
B25022020,2,2025/10/31,8988,0,2250,225,0,2475,熊本支店,レンタル法人,36,新規,12ヶ月以上
B25022020,3,2025/11/30,8988,0,2250,225,0,2475,熊本支店,レンタル法人,36,新規,12ヶ月以上
B25022020,4,2025/12/31,8988,0,2250,225,0,2475,熊本支店,レンタル法人,36,新規,12ヶ月以上
B25022020,5,2026/1/31,8988,0,2250,225,0,2475,熊本支店,レンタル法人,36,新規,12ヶ月以上
B25022020,6,2026/2/28,8988,0,2250,225,0,2475,熊本支店,レンタル法人,36,新規,12ヶ月以上
B25022020,7,2026/3/31,8988,0,2250,225,0,2475,熊本支店,レンタル法人,36,新規,12ヶ月以上
B25022020,8,2026/4/30,8988,0,2250,225,0,2475,熊本支店,レンタル法人,36,新規,12ヶ月以上
B25022020,9,2026/5/31,8988,0,2250,225,0,2475,熊本支店,レンタル法人,36,新規,12ヶ月以上
B25022020,10,2026/6/30,8988,0,2250,225,0,2475,熊本支店,レンタル法人,36,新規,12ヶ月以上
B25022020,11,2026/7/31,8988,0,2250,225,0,2475,熊本支店,レンタル法人,36,新規,12ヶ月以上
B25022020,12,2026/8/31,8988,0,2250,225,0,2475,熊本支店,レンタル法人,36,新規,12ヶ月以上
B25022076,2,2025/9/30,14182,0,16000,1600,0,17600,熊本支店,レンタル法人,2,延長,12ヶ月未満
B25022081,2,2025/9/30,10489,0,2728,272,0,3000,熊本支店,レンタル法人,6,延長,12ヶ月未満
B25022081,3,2025/10/31,10489,0,2728,272,0,3000,熊本支店,レンタル法人,6,延長,12ヶ月未満
B25022081,4,2025/11/30,10489,0,2728,272,0,3000,熊本支店,レンタル法人,6,延長,12ヶ月未満
B25022081,5,2025/12/31,10489,0,2728,272,0,3000,熊本支店,レンタル法人,6,延長,12ヶ月未満
B25022081,6,2026/1/31,10489,0,2728,272,0,3000,熊本支店,レンタル法人,6,延長,12ヶ月未満
B25022085,2,2025/9/30,10735,0,1819,181,0,2000,熊本支店,レンタル法人,2,延長,12ヶ月未満
B25022086,2,2025/9/30,10738,0,2728,272,0,3000,熊本支店,レンタル法人,6,延長,12ヶ月未満
B25022086,3,2025/10/31,10738,0,2728,272,0,3000,熊本支店,レンタル法人,6,延長,12ヶ月未満
B25022086,4,2025/11/30,10738,0,2728,272,0,3000,熊本支店,レンタル法人,6,延長,12ヶ月未満
B25022086,5,2025/12/31,10738,0,2728,272,0,3000,熊本支店,レンタル法人,6,延長,12ヶ月未満
B25022086,6,2026/1/31,10738,0,2728,272,0,3000,熊本支店,レンタル法人,6,延長,12ヶ月未満
B25022087,1,2025/9/30,12239,0,10000,1000,0,11000,熊本支店,販売,0,新規,12ヶ月未満
B25022088,1,2025/9/30,12239,0,10000,1000,0,11000,熊本支店,販売,0,新規,12ヶ月未満
B25022089,1,2025/9/30,12239,0,10000,1000,0,11000,熊本支店,販売,0,新規,12ヶ月未満
B25022091,1,2025/9/30,10735,0,8182,818,0,9000,熊本支店,レンタル法人,6,延長,12ヶ月未満
B25022091,2,2025/10/31,10735,0,8182,818,0,9000,熊本支店,レンタル法人,6,延長,12ヶ月未満
B25022091,3,2025/11/30,10735,0,8182,818,0,9000,熊本支店,レンタル法人,6,延長,12ヶ月未満
B25022091,4,2025/12/31,10735,0,8182,818,0,9000,熊本支店,レンタル法人,6,延長,12ヶ月未満
B25022091,5,2026/1/31,10735,0,8182,818,0,9000,熊本支店,レンタル法人,6,延長,12ヶ月未満
B25022091,6,2026/2/28,10735,0,8182,818,0,9000,熊本支店,レンタル法人,6,延長,12ヶ月未満
B25022092,1,2025/9/30,12239,0,8000,800,0,8800,熊本支店,販売,0,新規,12ヶ月未満
B25022093,1,2025/9/30,12239,0,80000,8000,0,88000,熊本支店,販売,0,新規,12ヶ月未満
B25022094,1,2025/9/30,12239,0,45000,4500,0,49500,熊本支店,販売,0,新規,12ヶ月未満
B25022096,1,2025/9/30,12239,0,10000,1000,0,11000,熊本支店,販売,0,新規,12ヶ月未満
B25022097,1,2025/9/30,12239,0,10000,1000,0,11000,熊本支店,販売,0,新規,12ヶ月未満
B25022098,1,2025/9/30,12239,0,10000,1000,0,11000,熊本支店,販売,0,新規,12ヶ月未満
B25022115,1,2025/9/30,12299,0,9500,950,0,10450,熊本支店,レンタル法人,5,新規,12ヶ月未満
B25022115,2,2025/10/31,12299,0,6000,600,0,6600,熊本支店,レンタル法人,5,新規,12ヶ月未満
B25022115,3,2025/11/30,12299,0,6000,600,0,6600,熊本支店,レンタル法人,5,新規,12ヶ月未満
B25022115,4,2025/12/31,12299,0,6000,600,0,6600,熊本支店,レンタル法人,5,新規,12ヶ月未満
B25022115,5,2026/1/31,12299,0,6000,600,0,6600,熊本支店,レンタル法人,5,新規,12ヶ月未満
B25022159,2,2025/9/30,10856,0,1800,180,0,1980,熊本支店,レンタル法人,26,新規,12ヶ月以上
B25022159,3,2025/10/31,10856,0,1800,180,0,1980,熊本支店,レンタル法人,26,新規,12ヶ月以上
B25022159,4,2025/11/30,10856,0,1800,180,0,1980,熊本支店,レンタル法人,26,新規,12ヶ月以上
B25022159,5,2025/12/31,10856,0,1800,180,0,1980,熊本支店,レンタル法人,26,新規,12ヶ月以上
B25022159,6,2026/1/31,10856,0,1800,180,0,1980,熊本支店,レンタル法人,26,新規,12ヶ月以上
B25022159,7,2026/2/28,10856,0,1800,180,0,1980,熊本支店,レンタル法人,26,新規,12ヶ月以上
B25022159,8,2026/3/31,10856,0,1800,180,0,1980,熊本支店,レンタル法人,26,新規,12ヶ月以上
B25022159,9,2026/4/30,10856,0,1800,180,0,1980,熊本支店,レンタル法人,26,新規,12ヶ月以上
B25022159,10,2026/5/31,10856,0,1800,180,0,1980,熊本支店,レンタル法人,26,新規,12ヶ月以上
B25022159,11,2026/6/30,10856,0,1800,180,0,1980,熊本支店,レンタル法人,26,新規,12ヶ月以上
B25022159,12,2026/7/31,10856,0,1800,180,0,1980,熊本支店,レンタル法人,26,新規,12ヶ月以上
B25022159,13,2026/8/31,10856,0,1800,180,0,1980,熊本支店,レンタル法人,26,新規,12ヶ月以上
B25022160,2,2025/9/30,10856,0,1800,180,0,1980,熊本支店,レンタル法人,24,新規,12ヶ月以上
B25022160,3,2025/10/31,10856,0,1800,180,0,1980,熊本支店,レンタル法人,24,新規,12ヶ月以上
B25022160,4,2025/11/30,10856,0,1800,180,0,1980,熊本支店,レンタル法人,24,新規,12ヶ月以上
B25022160,5,2025/12/31,10856,0,1800,180,0,1980,熊本支店,レンタル法人,24,新規,12ヶ月以上
B25022160,6,2026/1/31,10856,0,1800,180,0,1980,熊本支店,レンタル法人,24,新規,12ヶ月以上
B25022160,7,2026/2/28,10856,0,1800,180,0,1980,熊本支店,レンタル法人,24,新規,12ヶ月以上
B25022160,8,2026/3/31,10856,0,1800,180,0,1980,熊本支店,レンタル法人,24,新規,12ヶ月以上
B25022160,9,2026/4/30,10856,0,1800,180,0,1980,熊本支店,レンタル法人,24,新規,12ヶ月以上
B25022160,10,2026/5/31,10856,0,1800,180,0,1980,熊本支店,レンタル法人,24,新規,12ヶ月以上
B25022160,11,2026/6/30,10856,0,1800,180,0,1980,熊本支店,レンタル法人,24,新規,12ヶ月以上
B25022160,12,2026/7/31,10856,0,1800,180,0,1980,熊本支店,レンタル法人,24,新規,12ヶ月以上
B25022160,13,2026/8/31,10856,0,1800,180,0,1980,熊本支店,レンタル法人,24,新規,12ヶ月以上
B25022175,2,2025/9/30,5357,0,8140,814,0,8954,熊本支店,レンタル法人,2,延長,12ヶ月未満
B25022176,2,2025/9/30,1401,0,55000,5500,0,60500,熊本支店,レンタル法人,3,延長,12ヶ月未満
B25022176,3,2025/10/31,1401,0,55000,5500,0,60500,熊本支店,レンタル法人,3,延長,12ヶ月未満
B25022177,2,2025/9/30,10750,0,2000,200,0,2200,熊本支店,レンタル法人,3,延長,12ヶ月未満
B25022177,3,2025/10/31,10750,0,2000,200,0,2200,熊本支店,レンタル法人,3,延長,12ヶ月未満
B25022178,2,2025/9/30,1401,0,28000,2800,0,30800,熊本支店,レンタル法人,3,延長,12ヶ月未満
B25022178,3,2025/10/31,1401,0,28000,2800,0,30800,熊本支店,レンタル法人,3,延長,12ヶ月未満
B25022179,2,2025/9/30,1401,0,23000,2300,0,25300,熊本支店,レンタル法人,3,延長,12ヶ月未満
B25022179,3,2025/10/31,1401,0,23000,2300,0,25300,熊本支店,レンタル法人,3,延長,12ヶ月未満
B25022180,2,2025/9/30,5357,0,7150,715,0,7865,熊本支店,レンタル法人,3,延長,12ヶ月未満
B25022180,3,2025/10/31,5357,0,7150,715,0,7865,熊本支店,レンタル法人,3,延長,12ヶ月未満
B25022182,1,2025/9/15,8000,0,10000,1000,0,11000,熊本支店,レンタル法人,3,延長,12ヶ月未満
B25022182,2,2025/10/15,8000,0,10000,1000,0,11000,熊本支店,レンタル法人,3,延長,12ヶ月未満
B25022182,3,2025/11/15,8000,0,10000,1000,0,11000,熊本支店,レンタル法人,3,延長,12ヶ月未満
B25022183,2,2025/9/30,12299,0,5000,500,0,5500,熊本支店,レンタル法人,3,延長,12ヶ月未満
B25022183,3,2025/10/31,12299,0,5000,500,0,5500,熊本支店,レンタル法人,3,延長,12ヶ月未満
B25022184,1,2025/9/15,8000,0,6050,605,0,6655,熊本支店,レンタル法人,3,延長,12ヶ月未満
B25022184,2,2025/10/15,8000,0,6050,605,0,6655,熊本支店,レンタル法人,3,延長,12ヶ月未満
B25022184,3,2025/11/15,8000,0,6050,605,0,6655,熊本支店,レンタル法人,3,延長,12ヶ月未満
B25022185,2,2025/9/30,1401,0,7500,750,0,8250,熊本支店,レンタル法人,3,延長,12ヶ月未満
B25022185,3,2025/10/31,1401,0,7500,750,0,8250,熊本支店,レンタル法人,3,延長,12ヶ月未満
B25022186,2,2025/9/30,1401,0,11500,1150,0,12650,熊本支店,レンタル法人,3,延長,12ヶ月未満
B25022186,3,2025/10/31,1401,0,11500,1150,0,12650,熊本支店,レンタル法人,3,延長,12ヶ月未満
B25022187,2,2025/9/30,5357,0,6250,625,0,6875,熊本支店,レンタル法人,3,延長,12ヶ月未満
B25022187,3,2025/10/31,5357,0,6250,625,0,6875,熊本支店,レンタル法人,3,延長,12ヶ月未満
B25022188,2,2025/9/30,1401,0,11500,1150,0,12650,熊本支店,レンタル法人,3,延長,12ヶ月未満
B25022188,3,2025/10/31,1401,0,11500,1150,0,12650,熊本支店,レンタル法人,3,延長,12ヶ月未満
B25022195,2,2025/9/30,9693,0,28500,2850,0,31350,熊本支店,レンタル法人,2,延長,12ヶ月未満
B25022197,2,2025/9/30,9693,0,31500,3150,0,34650,熊本支店,レンタル法人,2,延長,12ヶ月未満
B25022205,2,2025/9/30,1401,0,12500,1250,0,13750,熊本支店,レンタル法人,2,延長,12ヶ月未満
B25022219,1,2025/9/30,10756,0,42000,4200,0,46200,熊本支店,レンタル法人,1,延長,12ヶ月未満
B25022233,1,2025/9/30,13187,0,22000,2200,0,24200,熊本支店,レンタル法人,1,延長,12ヶ月未満
B25022242,2,2025/9/30,16385,0,13200,1320,0,14520,熊本支店,レンタル法人,2,延長,12ヶ月未満
B25022321,2,2025/9/30,16776,0,18360,1836,0,20196,熊本支店,レンタル法人,2,新規,12ヶ月未満
B25022334,1,2025/10/31,8988,0,6800,680,0,7480,熊本支店,レンタル法人,36,新規,12ヶ月以上
B25022334,2,2025/11/30,8988,0,2000,200,0,2200,熊本支店,レンタル法人,36,新規,12ヶ月以上
B25022334,3,2025/12/31,8988,0,2000,200,0,2200,熊本支店,レンタル法人,36,新規,12ヶ月以上
B25022334,4,2026/1/31,8988,0,2000,200,0,2200,熊本支店,レンタル法人,36,新規,12ヶ月以上
B25022334,5,2026/2/28,8988,0,2000,200,0,2200,熊本支店,レンタル法人,36,新規,12ヶ月以上
B25022334,6,2026/3/31,8988,0,2000,200,0,2200,熊本支店,レンタル法人,36,新規,12ヶ月以上
B25022334,7,2026/4/30,8988,0,2000,200,0,2200,熊本支店,レンタル法人,36,新規,12ヶ月以上
B25022334,8,2026/5/31,8988,0,2000,200,0,2200,熊本支店,レンタル法人,36,新規,12ヶ月以上
B25022334,9,2026/6/30,8988,0,2000,200,0,2200,熊本支店,レンタル法人,36,新規,12ヶ月以上
B25022334,10,2026/7/31,8988,0,2000,200,0,2200,熊本支店,レンタル法人,36,新規,12ヶ月以上
B25022334,11,2026/8/31,8988,0,2000,200,0,2200,熊本支店,レンタル法人,36,新規,12ヶ月以上
B25022486,1,2025/9/30,17113,0,7600,760,0,8360,熊本支店,レンタル法人,0,新規,12ヶ月未満
B25022532,1,2025/9/30,12299,0,9900,990,0,10890,熊本支店,レンタル法人,1,新規,12ヶ月未満
B25022534,1,2025/9/30,12299,0,9900,990,0,10890,熊本支店,レンタル法人,1,新規,12ヶ月未満
B25022549,1,2025/10/31,14868,0,7800,780,0,8580,熊本支店,レンタル法人,48,新規,12ヶ月以上
B25022549,2,2025/11/30,14868,0,7800,780,0,8580,熊本支店,レンタル法人,48,新規,12ヶ月以上
B25022549,3,2025/12/31,14868,0,7800,780,0,8580,熊本支店,レンタル法人,48,新規,12ヶ月以上
B25022549,4,2026/1/31,14868,0,7800,780,0,8580,熊本支店,レンタル法人,48,新規,12ヶ月以上
B25022549,5,2026/2/28,14868,0,7800,780,0,8580,熊本支店,レンタル法人,48,新規,12ヶ月以上
B25022549,6,2026/3/31,14868,0,7800,780,0,8580,熊本支店,レンタル法人,48,新規,12ヶ月以上
B25022549,7,2026/4/30,14868,0,7800,780,0,8580,熊本支店,レンタル法人,48,新規,12ヶ月以上
B25022549,8,2026/5/31,14868,0,7800,780,0,8580,熊本支店,レンタル法人,48,新規,12ヶ月以上
B25022549,9,2026/6/30,14868,0,7800,780,0,8580,熊本支店,レンタル法人,48,新規,12ヶ月以上
B25022549,10,2026/7/31,14868,0,7800,780,0,8580,熊本支店,レンタル法人,48,新規,12ヶ月以上
B25022549,11,2026/8/31,14868,0,7800,780,0,8580,熊本支店,レンタル法人,48,新規,12ヶ月以上
B25022558,1,2025/9/30,16994,0,5800,580,6380,0,熊本支店,レンタル法人,0,新規,12ヶ月未満
B25022585,1,2025/9/30,5410,0,176700,17670,0,194370,熊本支店,レンタル法人,1,新規,12ヶ月未満
B25022585,2,2025/10/31,5410,0,134400,13440,0,147840,熊本支店,レンタル法人,1,新規,12ヶ月未満
B25022603,1,2025/9/30,13187,0,24800,2480,0,27280,熊本支店,レンタル法人,33,新規,12ヶ月以上
B25022603,2,2025/10/31,13187,0,8000,800,0,8800,熊本支店,レンタル法人,33,新規,12ヶ月以上
B25022603,3,2025/11/30,13187,0,8000,800,0,8800,熊本支店,レンタル法人,33,新規,12ヶ月以上
B25022603,4,2025/12/31,13187,0,8000,800,0,8800,熊本支店,レンタル法人,33,新規,12ヶ月以上
B25022603,5,2026/1/31,13187,0,8000,800,0,8800,熊本支店,レンタル法人,33,新規,12ヶ月以上
B25022603,6,2026/2/28,13187,0,8000,800,0,8800,熊本支店,レンタル法人,33,新規,12ヶ月以上
B25022603,7,2026/3/31,13187,0,8000,800,0,8800,熊本支店,レンタル法人,33,新規,12ヶ月以上
B25022603,8,2026/4/30,13187,0,8000,800,0,8800,熊本支店,レンタル法人,33,新規,12ヶ月以上
B25022603,9,2026/5/31,13187,0,8000,800,0,8800,熊本支店,レンタル法人,33,新規,12ヶ月以上
B25022603,10,2026/6/30,13187,0,8000,800,0,8800,熊本支店,レンタル法人,33,新規,12ヶ月以上
B25022603,11,2026/7/31,13187,0,8000,800,0,8800,熊本支店,レンタル法人,33,新規,12ヶ月以上
B25022603,12,2026/8/31,13187,0,8000,800,0,8800,熊本支店,レンタル法人,33,新規,12ヶ月以上
B25022671,1,2025/9/30,11771,0,12200,1220,0,13420,熊本支店,レンタル法人,1,新規,12ヶ月未満
B25022683,1,2025/9/30,5338,0,71550,7155,0,78705,熊本支店,レンタル法人,0,新規,12ヶ月未満
B25022765,1,2025/10/31,17123,0,98200,9820,0,108020,熊本支店,レンタル法人,0,新規,12ヶ月未満
B25022773,1,2025/9/30,12081,0,503000,50300,0,553300,熊本支店,レンタル法人,0,新規,12ヶ月未満
B25022774,0,2025/9/18,17118,47960,0,0,0,47960,熊本支店,レンタル法人,0,新規,12ヶ月未満
B25022774,1,2025/9/30,17118,0,43600,4360,47960,0,熊本支店,レンタル法人,0,新規,12ヶ月未満
B25022830,1,2025/9/30,1401,0,16300,1630,0,17930,熊本支店,レンタル法人,12,新規,12ヶ月未満
B25022830,2,2025/10/31,1401,0,11400,1140,0,12540,熊本支店,レンタル法人,12,新規,12ヶ月未満
B25022830,3,2025/11/30,1401,0,11400,1140,0,12540,熊本支店,レンタル法人,12,新規,12ヶ月未満
B25022830,4,2025/12/31,1401,0,11400,1140,0,12540,熊本支店,レンタル法人,12,新規,12ヶ月未満
B25022830,5,2026/1/31,1401,0,11400,1140,0,12540,熊本支店,レンタル法人,12,新規,12ヶ月未満
B25022830,6,2026/2/28,1401,0,11400,1140,0,12540,熊本支店,レンタル法人,12,新規,12ヶ月未満
B25022830,7,2026/3/31,1401,0,11400,1140,0,12540,熊本支店,レンタル法人,12,新規,12ヶ月未満
B25022830,8,2026/4/30,1401,0,11400,1140,0,12540,熊本支店,レンタル法人,12,新規,12ヶ月未満
B25022830,9,2026/5/31,1401,0,11400,1140,0,12540,熊本支店,レンタル法人,12,新規,12ヶ月未満
B25022830,10,2026/6/30,1401,0,11400,1140,0,12540,熊本支店,レンタル法人,12,新規,12ヶ月未満
B25022830,11,2026/7/31,1401,0,11400,1140,0,12540,熊本支店,レンタル法人,12,新規,12ヶ月未満
B25022830,12,2026/8/31,1401,0,11400,1140,0,12540,熊本支店,レンタル法人,12,新規,12ヶ月未満
B25022888,1,2025/9/30,15753,0,9200,920,0,10120,熊本支店,レンタル法人,36,新規,12ヶ月以上
B25022888,2,2025/10/31,15753,0,6800,680,0,7480,熊本支店,レンタル法人,36,新規,12ヶ月以上
B25022888,3,2025/11/30,15753,0,6800,680,0,7480,熊本支店,レンタル法人,36,新規,12ヶ月以上
B25022888,4,2025/12/31,15753,0,6800,680,0,7480,熊本支店,レンタル法人,36,新規,12ヶ月以上
B25022888,5,2026/1/31,15753,0,6800,680,0,7480,熊本支店,レンタル法人,36,新規,12ヶ月以上
B25022888,6,2026/2/28,15753,0,6800,680,0,7480,熊本支店,レンタル法人,36,新規,12ヶ月以上
B25022888,7,2026/3/31,15753,0,6800,680,0,7480,熊本支店,レンタル法人,36,新規,12ヶ月以上
B25022888,8,2026/4/30,15753,0,6800,680,0,7480,熊本支店,レンタル法人,36,新規,12ヶ月以上
B25022888,9,2026/5/31,15753,0,6800,680,0,7480,熊本支店,レンタル法人,36,新規,12ヶ月以上
B25022888,10,2026/6/30,15753,0,6800,680,0,7480,熊本支店,レンタル法人,36,新規,12ヶ月以上
B25022888,11,2026/7/31,15753,0,6800,680,0,7480,熊本支店,レンタル法人,36,新規,12ヶ月以上
B25022888,12,2026/8/31,15753,0,6800,680,0,7480,熊本支店,レンタル法人,36,新規,12ヶ月以上
B25023036,1,2025/9/30,13402,0,10400,1040,0,11440,熊本支店,レンタル法人,0,新規,12ヶ月未満
B25023200,1,2025/9/30,12239,0,10000,1000,0,11000,熊本支店,販売,0,新規,12ヶ月未満
B25023201,1,2025/9/30,12239,0,75000,7500,0,82500,熊本支店,販売,0,新規,12ヶ月未満
B25023203,1,2025/9/30,12239,0,150000,15000,0,165000,熊本支店,販売,0,新規,12ヶ月未満
B25023205,1,2025/9/30,12239,0,8000,800,0,8800,熊本支店,販売,0,新規,12ヶ月未満
B25023207,1,2025/9/30,12239,0,55000,5500,0,60500,熊本支店,販売,0,新規,12ヶ月未満
B25023208,1,2025/9/30,12239,0,70000,7000,0,77000,熊本支店,販売,0,新規,12ヶ月未満
B25023210,1,2025/9/30,12239,0,55000,5500,0,60500,熊本支店,販売,0,新規,12ヶ月未満
B25023213,1,2025/9/30,12239,0,33000,3300,0,36300,熊本支店,販売,0,新規,12ヶ月未満
B25023215,1,2025/9/30,12239,0,33000,3300,0,36300,熊本支店,販売,0,新規,12ヶ月未満
B25023291,1,2025/9/30,5357,0,5500,550,0,6050,熊本支店,レンタル法人,6,新規,12ヶ月未満
B25023291,2,2025/10/31,5357,0,4000,400,0,4400,熊本支店,レンタル法人,6,新規,12ヶ月未満
B25023291,3,2025/11/30,5357,0,4000,400,0,4400,熊本支店,レンタル法人,6,新規,12ヶ月未満
B25023291,4,2025/12/31,5357,0,4000,400,0,4400,熊本支店,レンタル法人,6,新規,12ヶ月未満
B25023291,5,2026/1/31,5357,0,4000,400,0,4400,熊本支店,レンタル法人,6,新規,12ヶ月未満
B25023291,6,2026/2/28,5357,0,4000,400,0,4400,熊本支店,レンタル法人,6,新規,12ヶ月未満
B25023331,1,2025/9/30,16982,0,20650,2065,0,22715,熊本支店,レンタル法人,36,新規,12ヶ月以上
B25023331,2,2025/10/31,16982,0,12250,1225,0,13475,熊本支店,レンタル法人,36,新規,12ヶ月以上
B25023331,3,2025/11/30,16982,0,12250,1225,0,13475,熊本支店,レンタル法人,36,新規,12ヶ月以上
B25023331,4,2025/12/31,16982,0,12250,1225,0,13475,熊本支店,レンタル法人,36,新規,12ヶ月以上
B25023331,5,2026/1/31,16982,0,12250,1225,0,13475,熊本支店,レンタル法人,36,新規,12ヶ月以上
B25023331,6,2026/2/28,16982,0,12250,1225,0,13475,熊本支店,レンタル法人,36,新規,12ヶ月以上
B25023331,7,2026/3/31,16982,0,12250,1225,0,13475,熊本支店,レンタル法人,36,新規,12ヶ月以上
B25023331,8,2026/4/30,16982,0,12250,1225,0,13475,熊本支店,レンタル法人,36,新規,12ヶ月以上
B25023331,9,2026/5/31,16982,0,12250,1225,0,13475,熊本支店,レンタル法人,36,新規,12ヶ月以上
B25023331,10,2026/6/30,16982,0,12250,1225,0,13475,熊本支店,レンタル法人,36,新規,12ヶ月以上
B25023331,11,2026/7/31,16982,0,12250,1225,0,13475,熊本支店,レンタル法人,36,新規,12ヶ月以上
B25023331,12,2026/8/31,16982,0,12250,1225,0,13475,熊本支店,レンタル法人,36,新規,12ヶ月以上
B25023336,1,2025/10/31,14801,0,50100,5010,0,55110,熊本支店,レンタル法人,48,新規,12ヶ月以上
B25023336,2,2025/11/30,14801,0,11700,1170,0,12870,熊本支店,レンタル法人,48,新規,12ヶ月以上
B25023336,3,2025/12/31,14801,0,11700,1170,0,12870,熊本支店,レンタル法人,48,新規,12ヶ月以上
B25023336,4,2026/1/31,14801,0,11700,1170,0,12870,熊本支店,レンタル法人,48,新規,12ヶ月以上
B25023336,5,2026/2/28,14801,0,11700,1170,0,12870,熊本支店,レンタル法人,48,新規,12ヶ月以上
B25023336,6,2026/3/31,14801,0,11700,1170,0,12870,熊本支店,レンタル法人,48,新規,12ヶ月以上
B25023336,7,2026/4/30,14801,0,11700,1170,0,12870,熊本支店,レンタル法人,48,新規,12ヶ月以上
B25023336,8,2026/5/31,14801,0,11700,1170,0,12870,熊本支店,レンタル法人,48,新規,12ヶ月以上
B25023336,9,2026/6/30,14801,0,11700,1170,0,12870,熊本支店,レンタル法人,48,新規,12ヶ月以上
B25023336,10,2026/7/31,14801,0,11700,1170,0,12870,熊本支店,レンタル法人,48,新規,12ヶ月以上
B25023336,11,2026/8/31,14801,0,11700,1170,0,12870,熊本支店,レンタル法人,48,新規,12ヶ月以上
B25023379,1,2025/10/31,11577,0,12600,1260,0,13860,熊本支店,レンタル法人,36,新規,12ヶ月以上
B25023379,2,2025/11/30,11577,0,3600,360,0,3960,熊本支店,レンタル法人,36,新規,12ヶ月以上
B25023379,3,2025/12/31,11577,0,3600,360,0,3960,熊本支店,レンタル法人,36,新規,12ヶ月以上
B25023379,4,2026/1/31,11577,0,3600,360,0,3960,熊本支店,レンタル法人,36,新規,12ヶ月以上
B25023379,5,2026/2/28,11577,0,3600,360,0,3960,熊本支店,レンタル法人,36,新規,12ヶ月以上
B25023379,6,2026/3/31,11577,0,3600,360,0,3960,熊本支店,レンタル法人,36,新規,12ヶ月以上
B25023379,7,2026/4/30,11577,0,3600,360,0,3960,熊本支店,レンタル法人,36,新規,12ヶ月以上
B25023379,8,2026/5/31,11577,0,3600,360,0,3960,熊本支店,レンタル法人,36,新規,12ヶ月以上
B25023379,9,2026/6/30,11577,0,3600,360,0,3960,熊本支店,レンタル法人,36,新規,12ヶ月以上
B25023379,10,2026/7/31,11577,0,3600,360,0,3960,熊本支店,レンタル法人,36,新規,12ヶ月以上
B25023379,11,2026/8/31,11577,0,3600,360,0,3960,熊本支店,レンタル法人,36,新規,12ヶ月以上
B25023504,1,2025/10/31,13715,0,20400,2040,0,22440,熊本支店,レンタル法人,3,新規,12ヶ月未満
B25023504,2,2025/11/30,13715,0,18000,1800,0,19800,熊本支店,レンタル法人,3,新規,12ヶ月未満
B25023504,3,2025/12/31,13715,0,18000,1800,0,19800,熊本支店,レンタル法人,3,新規,12ヶ月未満
B25023506,1,2025/10/31,13715,0,49800,4980,0,54780,熊本支店,レンタル法人,2,新規,12ヶ月未満
B25023506,2,2025/11/30,13715,0,45000,4500,0,49500,熊本支店,レンタル法人,2,新規,12ヶ月未満
B25023510,1,2025/12/31,13715,0,21000,2100,0,23100,熊本支店,レンタル法人,1,新規,12ヶ月未満
B25023523,1,2025/9/30,17148,0,7400,740,0,8140,熊本支店,レンタル法人,0,新規,12ヶ月未満
B25023577,1,2025/10/31,17152,0,33440,3344,0,36784,熊本支店,レンタル法人,8,新規,12ヶ月未満
B25023577,2,2025/11/30,17152,0,30240,3024,0,33264,熊本支店,レンタル法人,8,新規,12ヶ月未満
B25023577,3,2025/12/31,17152,0,30240,3024,0,33264,熊本支店,レンタル法人,8,新規,12ヶ月未満
B25023577,4,2026/1/31,17152,0,30240,3024,0,33264,熊本支店,レンタル法人,8,新規,12ヶ月未満
B25023577,5,2026/2/28,17152,0,30240,3024,0,33264,熊本支店,レンタル法人,8,新規,12ヶ月未満
B25023577,6,2026/3/31,17152,0,30240,3024,0,33264,熊本支店,レンタル法人,8,新規,12ヶ月未満
B25023577,7,2026/4/30,17152,0,30240,3024,0,33264,熊本支店,レンタル法人,8,新規,12ヶ月未満
B25023577,8,2026/5/31,17152,0,30240,3024,0,33264,熊本支店,レンタル法人,8,新規,12ヶ月未満
B25023606,1,2025/9/30,10788,0,15000,1500,0,16500,熊本支店,販売,0,新規,12ヶ月未満
B25023631,1,2025/9/30,12299,0,9900,990,0,10890,熊本支店,レンタル法人,1,新規,12ヶ月未満
B25023636,1,2025/9/30,12299,0,15900,1590,0,17490,熊本支店,レンタル法人,2,新規,12ヶ月未満
B25023636,2,2025/10/31,12299,0,10000,1000,0,11000,熊本支店,レンタル法人,2,新規,12ヶ月未満
B25023712,1,2025/9/30,10059,0,81350,8135,0,89485,熊本支店,レンタル法人,0,新規,12ヶ月未満
B25023717,1,2025/10/31,13187,0,84200,8420,0,92620,熊本支店,レンタル法人,0,新規,12ヶ月未満
B25023724,1,2025/9/30,1401,0,8400,840,0,9240,熊本支店,レンタル法人,0,新規,12ヶ月未満
B25023725,1,2025/9/15,8000,0,3250,325,0,3575,熊本支店,レンタル法人,4,延長,12ヶ月未満
B25023725,2,2025/10/15,8000,0,3250,325,0,3575,熊本支店,レンタル法人,4,延長,12ヶ月未満
B25023725,3,2025/11/15,8000,0,3250,325,0,3575,熊本支店,レンタル法人,4,延長,12ヶ月未満
B25023725,4,2025/12/15,8000,0,3250,325,0,3575,熊本支店,レンタル法人,4,延長,12ヶ月未満
B25023726,1,2025/9/15,8000,0,2800,280,0,3080,熊本支店,レンタル法人,4,新規,12ヶ月未満
B25023726,2,2025/10/15,8000,0,2800,280,0,3080,熊本支店,レンタル法人,4,新規,12ヶ月未満
B25023726,3,2025/11/15,8000,0,2800,280,0,3080,熊本支店,レンタル法人,4,新規,12ヶ月未満
B25023726,4,2025/12/15,8000,0,2800,280,0,3080,熊本支店,レンタル法人,4,新規,12ヶ月未満
B25023746,1,2025/9/30,10757,0,11000,1100,0,12100,熊本支店,販売,1,新規,12ヶ月未満
B25023751,1,2025/9/30,5357,0,12450,1245,0,13695,熊本支店,レンタル法人,4,新規,12ヶ月未満
B25023751,2,2025/10/31,5357,0,7150,715,0,7865,熊本支店,レンタル法人,4,新規,12ヶ月未満
B25023751,3,2025/11/30,5357,0,7150,715,0,7865,熊本支店,レンタル法人,4,新規,12ヶ月未満
B25023751,4,2025/12/31,5357,0,7150,715,0,7865,熊本支店,レンタル法人,4,新規,12ヶ月未満
B25023795,1,2025/9/30,10788,0,31000,3100,0,34100,熊本支店,販売,0,新規,12ヶ月未満
B25023800,1,2025/9/30,16297,0,140220,14022,0,154242,熊本支店,販売,1,新規,12ヶ月未満
B25023802,1,2025/10/31,17178,0,26200,2620,0,28820,熊本支店,レンタル法人,0,新規,12ヶ月未満
B25023805,1,2025/10/31,11761,0,3400,340,0,3740,熊本支店,レンタル法人,36,新規,12ヶ月以上
B25023805,2,2025/11/30,11761,0,1500,150,0,1650,熊本支店,レンタル法人,36,新規,12ヶ月以上
B25023805,3,2025/12/31,11761,0,1500,150,0,1650,熊本支店,レンタル法人,36,新規,12ヶ月以上
B25023805,4,2026/1/31,11761,0,1500,150,0,1650,熊本支店,レンタル法人,36,新規,12ヶ月以上
B25023805,5,2026/2/28,11761,0,1500,150,0,1650,熊本支店,レンタル法人,36,新規,12ヶ月以上
B25023805,6,2026/3/31,11761,0,1500,150,0,1650,熊本支店,レンタル法人,36,新規,12ヶ月以上
B25023805,7,2026/4/30,11761,0,1500,150,0,1650,熊本支店,レンタル法人,36,新規,12ヶ月以上
B25023805,8,2026/5/31,11761,0,1500,150,0,1650,熊本支店,レンタル法人,36,新規,12ヶ月以上
B25023805,9,2026/6/30,11761,0,1500,150,0,1650,熊本支店,レンタル法人,36,新規,12ヶ月以上
B25023805,10,2026/7/31,11761,0,1500,150,0,1650,熊本支店,レンタル法人,36,新規,12ヶ月以上
B25023805,11,2026/8/31,11761,0,1500,150,0,1650,熊本支店,レンタル法人,36,新規,12ヶ月以上
B25023806,1,2025/9/30,10339,0,818000,81800,0,899800,熊本支店,販売,0,新規,12ヶ月未満
B25023809,1,2025/9/30,12299,0,14400,1440,0,15840,熊本支店,レンタル法人,2,新規,12ヶ月未満
B25023809,2,2025/10/31,12299,0,12000,1200,0,13200,熊本支店,レンタル法人,2,新規,12ヶ月未満
B25023811,1,2025/9/30,1401,0,10000,1000,0,11000,熊本支店,レンタル法人,1,新規,12ヶ月未満
B25023837,1,2025/9/30,17196,0,14200,1420,0,15620,熊本支店,レンタル法人,0,新規,12ヶ月未満
B25023847,1,2025/9/30,1401,0,14000,1400,0,15400,熊本支店,レンタル法人,6,新規,12ヶ月未満
B25023847,2,2025/10/31,1401,0,9200,920,0,10120,熊本支店,レンタル法人,6,新規,12ヶ月未満
B25023847,3,2025/11/30,1401,0,9200,920,0,10120,熊本支店,レンタル法人,6,新規,12ヶ月未満
B25023847,4,2025/12/31,1401,0,9200,920,0,10120,熊本支店,レンタル法人,6,新規,12ヶ月未満
B25023847,5,2026/1/31,1401,0,9200,920,0,10120,熊本支店,レンタル法人,6,新規,12ヶ月未満
B25023847,6,2026/2/28,1401,0,9200,920,0,10120,熊本支店,レンタル法人,6,新規,12ヶ月未満
B25023852,0,2025/9/3,17197,59400,0,0,0,59400,熊本支店,レンタル法人,1,新規,12ヶ月未満
B25023852,1,2025/9/30,17197,0,27000,2700,29700,0,熊本支店,レンタル法人,1,新規,12ヶ月未満
B25023852,2,2025/10/31,17197,0,27000,2700,29700,0,熊本支店,レンタル法人,1,新規,12ヶ月未満
B25023892,1,2025/9/30,8686,0,6200,620,0,6820,熊本支店,レンタル法人,0,新規,12ヶ月未満
B25023922,1,2025/9/30,10884,0,21300,2130,0,23430,熊本支店,レンタル法人,0,新規,12ヶ月未満
B25023951,1,2025/9/30,17226,0,33600,3360,0,36960,熊本支店,レンタル法人,3,新規,12ヶ月未満
B25023951,2,2025/10/31,17226,0,19200,1920,0,21120,熊本支店,レンタル法人,3,新規,12ヶ月未満
B25023951,3,2025/11/30,17226,0,19200,1920,0,21120,熊本支店,レンタル法人,3,新規,12ヶ月未満
B25023958,1,2025/9/30,13187,0,5700,570,0,6270,熊本支店,レンタル法人,1,延長,12ヶ月未満
B25023960,1,2025/9/30,13187,0,5700,570,0,6270,熊本支店,レンタル法人,1,延長,12ヶ月未満
B25023965,0,2025/9/2,17227,176880,0,0,0,176880,熊本支店,レンタル法人,0,新規,12ヶ月未満
B25023965,1,2025/9/30,17227,0,160800,16080,176880,0,熊本支店,レンタル法人,0,新規,12ヶ月未満
B25023994,1,2025/10/31,11577,0,33000,3300,0,36300,熊本支店,役務,0,新規,12ヶ月未満
B25024003,0,2025/9/19,17229,172612,0,0,0,172612,熊本支店,レンタル法人,0,新規,12ヶ月未満
B25024003,1,2025/9/30,17229,0,156920,15692,172612,0,熊本支店,レンタル法人,0,新規,12ヶ月未満
B25024015,1,2025/9/30,17230,0,9000,900,0,9900,熊本支店,レンタル法人,0,新規,12ヶ月未満
B25024051,1,2025/9/30,1401,0,10000,1000,0,11000,熊本支店,レンタル法人,0,新規,12ヶ月未満
B25024053,1,2025/9/30,10788,0,34000,3400,0,37400,熊本支店,販売,0,新規,12ヶ月未満
B25024066,1,2025/10/31,14182,0,36240,3624,0,39864,熊本支店,レンタル法人,1,新規,12ヶ月未満
B25024075,1,2025/9/30,10788,0,3500,350,0,3850,熊本支店,レンタル法人,0,新規,12ヶ月未満
B25024108,1,2025/10/31,8988,0,4200,420,0,4620,熊本支店,レンタル法人,36,新規,12ヶ月以上
B25024108,2,2025/11/30,8988,0,2200,220,0,2420,熊本支店,レンタル法人,36,新規,12ヶ月以上
B25024108,3,2025/12/31,8988,0,2200,220,0,2420,熊本支店,レンタル法人,36,新規,12ヶ月以上
B25024108,4,2026/1/31,8988,0,2200,220,0,2420,熊本支店,レンタル法人,36,新規,12ヶ月以上
B25024108,5,2026/2/28,8988,0,2200,220,0,2420,熊本支店,レンタル法人,36,新規,12ヶ月以上
B25024108,6,2026/3/31,8988,0,2200,220,0,2420,熊本支店,レンタル法人,36,新規,12ヶ月以上
B25024108,7,2026/4/30,8988,0,2200,220,0,2420,熊本支店,レンタル法人,36,新規,12ヶ月以上
B25024108,8,2026/5/31,8988,0,2200,220,0,2420,熊本支店,レンタル法人,36,新規,12ヶ月以上
B25024108,9,2026/6/30,8988,0,2200,220,0,2420,熊本支店,レンタル法人,36,新規,12ヶ月以上
B25024108,10,2026/7/31,8988,0,2200,220,0,2420,熊本支店,レンタル法人,36,新規,12ヶ月以上
B25024108,11,2026/8/31,8988,0,2200,220,0,2420,熊本支店,レンタル法人,36,新規,12ヶ月以上
B25024109,1,2025/10/31,8988,0,68600,6860,0,75460,熊本支店,レンタル法人,36,新規,12ヶ月以上
B25024109,2,2025/11/30,8988,0,36000,3600,0,39600,熊本支店,レンタル法人,36,新規,12ヶ月以上
B25024109,3,2025/12/31,8988,0,36000,3600,0,39600,熊本支店,レンタル法人,36,新規,12ヶ月以上
B25024109,4,2026/1/31,8988,0,36000,3600,0,39600,熊本支店,レンタル法人,36,新規,12ヶ月以上
B25024109,5,2026/2/28,8988,0,36000,3600,0,39600,熊本支店,レンタル法人,36,新規,12ヶ月以上
B25024109,6,2026/3/31,8988,0,36000,3600,0,39600,熊本支店,レンタル法人,36,新規,12ヶ月以上
B25024109,7,2026/4/30,8988,0,36000,3600,0,39600,熊本支店,レンタル法人,36,新規,12ヶ月以上
B25024109,8,2026/5/31,8988,0,36000,3600,0,39600,熊本支店,レンタル法人,36,新規,12ヶ月以上
B25024109,9,2026/6/30,8988,0,36000,3600,0,39600,熊本支店,レンタル法人,36,新規,12ヶ月以上
B25024109,10,2026/7/31,8988,0,36000,3600,0,39600,熊本支店,レンタル法人,36,新規,12ヶ月以上
B25024109,11,2026/8/31,8988,0,36000,3600,0,39600,熊本支店,レンタル法人,36,新規,12ヶ月以上
B25024120,1,2025/10/31,8988,0,40000,4000,0,44000,熊本支店,レンタル法人,36,新規,12ヶ月以上
B25024120,2,2025/11/30,8988,0,11000,1100,0,12100,熊本支店,レンタル法人,36,新規,12ヶ月以上
B25024120,3,2025/12/31,8988,0,11000,1100,0,12100,熊本支店,レンタル法人,36,新規,12ヶ月以上
B25024120,4,2026/1/31,8988,0,11000,1100,0,12100,熊本支店,レンタル法人,36,新規,12ヶ月以上
B25024120,5,2026/2/28,8988,0,11000,1100,0,12100,熊本支店,レンタル法人,36,新規,12ヶ月以上
B25024120,6,2026/3/31,8988,0,11000,1100,0,12100,熊本支店,レンタル法人,36,新規,12ヶ月以上
B25024120,7,2026/4/30,8988,0,11000,1100,0,12100,熊本支店,レンタル法人,36,新規,12ヶ月以上
B25024120,8,2026/5/31,8988,0,11000,1100,0,12100,熊本支店,レンタル法人,36,新規,12ヶ月以上
B25024120,9,2026/6/30,8988,0,11000,1100,0,12100,熊本支店,レンタル法人,36,新規,12ヶ月以上
B25024120,10,2026/7/31,8988,0,11000,1100,0,12100,熊本支店,レンタル法人,36,新規,12ヶ月以上
B25024120,11,2026/8/31,8988,0,11000,1100,0,12100,熊本支店,レンタル法人,36,新規,12ヶ月以上
B25024159,1,2025/10/31,12239,0,10000,1000,0,11000,熊本支店,販売,0,新規,12ヶ月未満
B25024160,1,2025/10/31,12239,0,10000,1000,0,11000,熊本支店,販売,0,新規,12ヶ月未満
B25024161,1,2025/10/31,12239,0,110000,11000,0,121000,熊本支店,販売,0,新規,12ヶ月未満
B25024163,1,2025/10/31,12239,0,33000,3300,0,36300,熊本支店,販売,0,新規,12ヶ月未満
B25024164,1,2025/10/31,12239,0,8000,800,0,8800,熊本支店,販売,0,新規,12ヶ月未満
B25024166,1,2025/10/31,12239,0,10000,1000,0,11000,熊本支店,販売,0,新規,12ヶ月未満
B25024167,1,2025/10/31,12239,0,28000,2800,0,30800,熊本支店,販売,0,新規,12ヶ月未満
B25024168,1,2025/10/31,12239,0,70000,7000,0,77000,熊本支店,販売,0,新規,12ヶ月未満
B25024169,1,2025/10/31,12239,0,10000,1000,0,11000,熊本支店,販売,0,新規,12ヶ月未満
B25024170,1,2025/10/31,12239,0,8000,800,0,8800,熊本支店,販売,0,新規,12ヶ月未満
B25024184,1,2025/9/30,1401,0,41400,4140,0,45540,熊本支店,レンタル法人,10,新規,12ヶ月未満
B25024184,2,2025/10/31,1401,0,38200,3820,0,42020,熊本支店,レンタル法人,10,新規,12ヶ月未満
B25024184,3,2025/11/30,1401,0,38200,3820,0,42020,熊本支店,レンタル法人,10,新規,12ヶ月未満
B25024184,4,2025/12/31,1401,0,38200,3820,0,42020,熊本支店,レンタル法人,10,新規,12ヶ月未満
B25024184,5,2026/1/31,1401,0,38200,3820,0,42020,熊本支店,レンタル法人,10,新規,12ヶ月未満
B25024184,6,2026/2/28,1401,0,38200,3820,0,42020,熊本支店,レンタル法人,10,新規,12ヶ月未満
B25024184,7,2026/3/31,1401,0,38200,3820,0,42020,熊本支店,レンタル法人,10,新規,12ヶ月未満
B25024184,8,2026/4/30,1401,0,38200,3820,0,42020,熊本支店,レンタル法人,10,新規,12ヶ月未満
B25024184,9,2026/5/31,1401,0,38200,3820,0,42020,熊本支店,レンタル法人,10,新規,12ヶ月未満
B25024184,10,2026/6/30,1401,0,38200,3820,0,42020,熊本支店,レンタル法人,10,新規,12ヶ月未満
B25024184,11,2026/7/31,1401,0,38200,3820,0,42020,熊本支店,レンタル法人,10,新規,12ヶ月未満
B25024187,1,2025/9/30,12299,0,5400,540,0,5940,熊本支店,レンタル法人,1,新規,12ヶ月未満
B25024189,1,2025/9/30,12299,0,9900,990,0,10890,熊本支店,レンタル法人,3,新規,12ヶ月未満
B25024189,2,2025/10/31,12299,0,8000,800,0,8800,熊本支店,レンタル法人,3,新規,12ヶ月未満
B25024189,3,2025/11/30,12299,0,8000,800,0,8800,熊本支店,レンタル法人,3,新規,12ヶ月未満
B25024191,1,2025/9/30,10276,0,3000,300,0,3300,熊本支店,レンタル法人,0,新規,12ヶ月未満
B25024210,1,2025/9/30,12299,0,6600,660,0,7260,熊本支店,レンタル法人,6,新規,12ヶ月未満
B25024210,2,2025/10/31,12299,0,3600,360,0,3960,熊本支店,レンタル法人,6,新規,12ヶ月未満
B25024210,3,2025/11/30,12299,0,3600,360,0,3960,熊本支店,レンタル法人,6,新規,12ヶ月未満
B25024210,4,2025/12/31,12299,0,3600,360,0,3960,熊本支店,レンタル法人,6,新規,12ヶ月未満
B25024210,5,2026/1/31,12299,0,3600,360,0,3960,熊本支店,レンタル法人,6,新規,12ヶ月未満
B25024210,6,2026/2/28,12299,0,3600,360,0,3960,熊本支店,レンタル法人,6,新規,12ヶ月未満
B25024236,1,2025/9/30,10788,0,10000,1000,0,11000,熊本支店,販売,0,新規,12ヶ月未満
B25024237,1,2025/9/30,8686,0,91600,9160,0,100760,熊本支店,販売,0,新規,12ヶ月未満
B25024248,1,2025/9/30,12299,0,4400,440,0,4840,熊本支店,レンタル法人,4,新規,12ヶ月未満
B25024248,2,2025/10/31,12299,0,2500,250,0,2750,熊本支店,レンタル法人,4,新規,12ヶ月未満
B25024248,3,2025/11/30,12299,0,2500,250,0,2750,熊本支店,レンタル法人,4,新規,12ヶ月未満
B25024248,4,2025/12/31,12299,0,2500,250,0,2750,熊本支店,レンタル法人,4,新規,12ヶ月未満
B25024264,1,2025/9/30,13187,0,327550,32755,0,360305,熊本支店,レンタル法人,1,新規,12ヶ月未満
B25024264,2,2025/10/31,13187,0,268250,26825,0,295075,熊本支店,レンタル法人,1,新規,12ヶ月未満
B25024283,1,2025/9/30,12156,0,5640,564,0,6204,熊本支店,レンタル法人,60,新規,12ヶ月以上
B25024283,2,2025/10/31,12156,0,1440,144,0,1584,熊本支店,レンタル法人,60,新規,12ヶ月以上
B25024283,3,2025/11/30,12156,0,1440,144,0,1584,熊本支店,レンタル法人,60,新規,12ヶ月以上
B25024283,4,2025/12/31,12156,0,1440,144,0,1584,熊本支店,レンタル法人,60,新規,12ヶ月以上
B25024283,5,2026/1/31,12156,0,1440,144,0,1584,熊本支店,レンタル法人,60,新規,12ヶ月以上
B25024283,6,2026/2/28,12156,0,1440,144,0,1584,熊本支店,レンタル法人,60,新規,12ヶ月以上
B25024283,7,2026/3/31,12156,0,1440,144,0,1584,熊本支店,レンタル法人,60,新規,12ヶ月以上
B25024283,8,2026/4/30,12156,0,1440,144,0,1584,熊本支店,レンタル法人,60,新規,12ヶ月以上
B25024283,9,2026/5/31,12156,0,1440,144,0,1584,熊本支店,レンタル法人,60,新規,12ヶ月以上
B25024283,10,2026/6/30,12156,0,1440,144,0,1584,熊本支店,レンタル法人,60,新規,12ヶ月以上
B25024283,11,2026/7/31,12156,0,1440,144,0,1584,熊本支店,レンタル法人,60,新規,12ヶ月以上
B25024283,12,2026/8/31,12156,0,1440,144,0,1584,熊本支店,レンタル法人,60,新規,12ヶ月以上
B25024301,1,2025/9/15,8000,0,11900,1190,0,13090,熊本支店,レンタル法人,3,新規,12ヶ月未満
B25024301,2,2025/10/15,8000,0,10000,1000,0,11000,熊本支店,レンタル法人,3,新規,12ヶ月未満
B25024301,3,2025/11/15,8000,0,10000,1000,0,11000,熊本支店,レンタル法人,3,新規,12ヶ月未満
B25024307,1,2025/9/30,12299,0,24400,2440,0,26840,熊本支店,レンタル法人,0,新規,12ヶ月未満
B25024309,0,2025/9/5,17243,13951,0,0,0,13951,熊本支店,レンタル法人,0,新規,12ヶ月未満
B25024309,1,2025/9/30,17243,0,12683,1268,13951,0,熊本支店,レンタル法人,0,新規,12ヶ月未満
B25024315,1,2025/9/30,17197,0,81000,8100,0,89100,熊本支店,レンタル法人,1,新規,12ヶ月未満
B25024315,2,2025/10/31,17197,0,81000,8100,0,89100,熊本支店,レンタル法人,1,新規,12ヶ月未満
B25024327,1,2025/9/30,15589,0,262400,26240,0,288640,熊本支店,レンタル法人,3,新規,12ヶ月未満
B25024327,2,2025/10/31,15589,0,208000,20800,0,228800,熊本支店,レンタル法人,3,新規,12ヶ月未満
B25024327,3,2025/11/30,15589,0,208000,20800,0,228800,熊本支店,レンタル法人,3,新規,12ヶ月未満
B25024327,4,2025/12/31,15589,0,208000,20800,0,228800,熊本支店,レンタル法人,3,新規,12ヶ月未満
B25024328,1,2025/9/30,10772,0,12540,1254,0,13794,熊本支店,レンタル法人,24,新規,12ヶ月以上
B25024328,2,2025/10/31,10772,0,7350,735,0,8085,熊本支店,レンタル法人,24,新規,12ヶ月以上
B25024328,3,2025/11/30,10772,0,7350,735,0,8085,熊本支店,レンタル法人,24,新規,12ヶ月以上
B25024328,4,2025/12/31,10772,0,7350,735,0,8085,熊本支店,レンタル法人,24,新規,12ヶ月以上
B25024328,5,2026/1/31,10772,0,7350,735,0,8085,熊本支店,レンタル法人,24,新規,12ヶ月以上
B25024328,6,2026/2/28,10772,0,7350,735,0,8085,熊本支店,レンタル法人,24,新規,12ヶ月以上
B25024328,7,2026/3/31,10772,0,7350,735,0,8085,熊本支店,レンタル法人,24,新規,12ヶ月以上
B25024328,8,2026/4/30,10772,0,7350,735,0,8085,熊本支店,レンタル法人,24,新規,12ヶ月以上
B25024328,9,2026/5/31,10772,0,7350,735,0,8085,熊本支店,レンタル法人,24,新規,12ヶ月以上
B25024328,10,2026/6/30,10772,0,7350,735,0,8085,熊本支店,レンタル法人,24,新規,12ヶ月以上
B25024328,11,2026/7/31,10772,0,7350,735,0,8085,熊本支店,レンタル法人,24,新規,12ヶ月以上
B25024328,12,2026/8/31,10772,0,7350,735,0,8085,熊本支店,レンタル法人,24,新規,12ヶ月以上
B25024337,1,2025/9/30,10784,0,4000,400,0,4400,熊本支店,レンタル法人,7,新規,12ヶ月未満
B25024337,2,2025/10/31,10784,0,4000,400,0,4400,熊本支店,レンタル法人,7,新規,12ヶ月未満
B25024337,3,2025/11/30,10784,0,4000,400,0,4400,熊本支店,レンタル法人,7,新規,12ヶ月未満
B25024337,4,2025/12/31,10784,0,4000,400,0,4400,熊本支店,レンタル法人,7,新規,12ヶ月未満
B25024337,5,2026/1/31,10784,0,4000,400,0,4400,熊本支店,レンタル法人,7,新規,12ヶ月未満
B25024337,6,2026/2/28,10784,0,4000,400,0,4400,熊本支店,レンタル法人,7,新規,12ヶ月未満
B25024337,7,2026/3/31,10784,0,4000,400,0,4400,熊本支店,レンタル法人,7,新規,12ヶ月未満
B25024338,1,2025/9/30,10784,0,3000,300,0,3300,熊本支店,レンタル法人,19,新規,12ヶ月以上
B25024338,2,2025/10/31,10784,0,3000,300,0,3300,熊本支店,レンタル法人,19,新規,12ヶ月以上
B25024338,3,2025/11/30,10784,0,3000,300,0,3300,熊本支店,レンタル法人,19,新規,12ヶ月以上
B25024338,4,2025/12/31,10784,0,3000,300,0,3300,熊本支店,レンタル法人,19,新規,12ヶ月以上
B25024338,5,2026/1/31,10784,0,3000,300,0,3300,熊本支店,レンタル法人,19,新規,12ヶ月以上
B25024338,6,2026/2/28,10784,0,3000,300,0,3300,熊本支店,レンタル法人,19,新規,12ヶ月以上
B25024338,7,2026/3/31,10784,0,3000,300,0,3300,熊本支店,レンタル法人,19,新規,12ヶ月以上
B25024338,8,2026/4/30,10784,0,3000,300,0,3300,熊本支店,レンタル法人,19,新規,12ヶ月以上
B25024338,9,2026/5/31,10784,0,3000,300,0,3300,熊本支店,レンタル法人,19,新規,12ヶ月以上
B25024338,10,2026/6/30,10784,0,3000,300,0,3300,熊本支店,レンタル法人,19,新規,12ヶ月以上
B25024338,11,2026/7/31,10784,0,3000,300,0,3300,熊本支店,レンタル法人,19,新規,12ヶ月以上
B25024338,12,2026/8/31,10784,0,3000,300,0,3300,熊本支店,レンタル法人,19,新規,12ヶ月以上
B25024341,1,2025/10/31,4234,0,692400,69240,0,761640,熊本支店,レンタル法人,1,新規,12ヶ月未満
B25024348,1,2025/9/30,16671,0,116360,11636,0,127996,熊本支店,レンタル法人,0,新規,12ヶ月未満
B25024355,1,2025/10/31,14801,0,50100,5010,0,55110,熊本支店,レンタル法人,48,新規,12ヶ月以上
B25024355,2,2025/11/30,14801,0,11700,1170,0,12870,熊本支店,レンタル法人,48,新規,12ヶ月以上
B25024355,3,2025/12/31,14801,0,11700,1170,0,12870,熊本支店,レンタル法人,48,新規,12ヶ月以上
B25024355,4,2026/1/31,14801,0,11700,1170,0,12870,熊本支店,レンタル法人,48,新規,12ヶ月以上
B25024355,5,2026/2/28,14801,0,11700,1170,0,12870,熊本支店,レンタル法人,48,新規,12ヶ月以上
B25024355,6,2026/3/31,14801,0,11700,1170,0,12870,熊本支店,レンタル法人,48,新規,12ヶ月以上
B25024355,7,2026/4/30,14801,0,11700,1170,0,12870,熊本支店,レンタル法人,48,新規,12ヶ月以上
B25024355,8,2026/5/31,14801,0,11700,1170,0,12870,熊本支店,レンタル法人,48,新規,12ヶ月以上
B25024355,9,2026/6/30,14801,0,11700,1170,0,12870,熊本支店,レンタル法人,48,新規,12ヶ月以上
B25024355,10,2026/7/31,14801,0,11700,1170,0,12870,熊本支店,レンタル法人,48,新規,12ヶ月以上
B25024355,11,2026/8/31,14801,0,11700,1170,0,12870,熊本支店,レンタル法人,48,新規,12ヶ月以上
B25024378,1,2025/9/30,10884,0,21100,2110,0,23210,熊本支店,レンタル法人,0,新規,12ヶ月未満
B25024379,1,2025/9/30,16297,0,191220,19122,0,210342,熊本支店,販売,1,新規,12ヶ月未満
B25024385,1,2025/10/31,13599,0,10800,1080,0,11880,熊本支店,レンタル法人,1,新規,12ヶ月未満
B25024394,1,2025/9/30,17248,0,16500,1650,0,18150,熊本支店,レンタル法人,0,新規,12ヶ月未満
B25024416,1,2025/10/31,10392,0,152400,15240,0,167640,熊本支店,役務,0,新規,12ヶ月未満
B25024441,1,2025/10/31,8988,0,32000,3200,0,35200,熊本支店,レンタル法人,36,新規,12ヶ月以上
B25024441,2,2025/11/30,8988,0,8800,880,0,9680,熊本支店,レンタル法人,36,新規,12ヶ月以上
B25024441,3,2025/12/31,8988,0,8800,880,0,9680,熊本支店,レンタル法人,36,新規,12ヶ月以上
B25024441,4,2026/1/31,8988,0,8800,880,0,9680,熊本支店,レンタル法人,36,新規,12ヶ月以上
B25024441,5,2026/2/28,8988,0,8800,880,0,9680,熊本支店,レンタル法人,36,新規,12ヶ月以上
B25024441,6,2026/3/31,8988,0,8800,880,0,9680,熊本支店,レンタル法人,36,新規,12ヶ月以上
B25024441,7,2026/4/30,8988,0,8800,880,0,9680,熊本支店,レンタル法人,36,新規,12ヶ月以上
B25024441,8,2026/5/31,8988,0,8800,880,0,9680,熊本支店,レンタル法人,36,新規,12ヶ月以上
B25024441,9,2026/6/30,8988,0,8800,880,0,9680,熊本支店,レンタル法人,36,新規,12ヶ月以上
B25024441,10,2026/7/31,8988,0,8800,880,0,9680,熊本支店,レンタル法人,36,新規,12ヶ月以上
B25024441,11,2026/8/31,8988,0,8800,880,0,9680,熊本支店,レンタル法人,36,新規,12ヶ月以上
B25024451,1,2025/10/31,8988,0,8000,800,0,8800,熊本支店,レンタル法人,36,新規,12ヶ月以上
B25024451,2,2025/11/30,8988,0,2200,220,0,2420,熊本支店,レンタル法人,36,新規,12ヶ月以上
B25024451,3,2025/12/31,8988,0,2200,220,0,2420,熊本支店,レンタル法人,36,新規,12ヶ月以上
B25024451,4,2026/1/31,8988,0,2200,220,0,2420,熊本支店,レンタル法人,36,新規,12ヶ月以上
B25024451,5,2026/2/28,8988,0,2200,220,0,2420,熊本支店,レンタル法人,36,新規,12ヶ月以上
B25024451,6,2026/3/31,8988,0,2200,220,0,2420,熊本支店,レンタル法人,36,新規,12ヶ月以上
B25024451,7,2026/4/30,8988,0,2200,220,0,2420,熊本支店,レンタル法人,36,新規,12ヶ月以上
B25024451,8,2026/5/31,8988,0,2200,220,0,2420,熊本支店,レンタル法人,36,新規,12ヶ月以上
B25024451,9,2026/6/30,8988,0,2200,220,0,2420,熊本支店,レンタル法人,36,新規,12ヶ月以上
B25024451,10,2026/7/31,8988,0,2200,220,0,2420,熊本支店,レンタル法人,36,新規,12ヶ月以上
B25024451,11,2026/8/31,8988,0,2200,220,0,2420,熊本支店,レンタル法人,36,新規,12ヶ月以上
B25024461,1,2025/9/30,1401,0,2000,200,0,2200,熊本支店,レンタル法人,0,新規,12ヶ月未満
B25024474,1,2025/10/31,17257,0,15700,1570,0,17270,熊本支店,レンタル法人,0,新規,12ヶ月未満
B25024522,1,2025/9/30,12299,0,4200,420,0,4620,熊本支店,レンタル法人,2,新規,12ヶ月未満
B25024522,2,2025/10/31,12299,0,2700,270,0,2970,熊本支店,レンタル法人,2,新規,12ヶ月未満
B25024523,1,2025/9/30,12299,0,10900,1090,0,11990,熊本支店,レンタル法人,3,新規,12ヶ月未満
B25024523,2,2025/10/31,12299,0,9000,900,0,9900,熊本支店,レンタル法人,3,新規,12ヶ月未満
B25024523,3,2025/11/30,12299,0,9000,900,0,9900,熊本支店,レンタル法人,3,新規,12ヶ月未満
B25024534,0,2025/10/8,17259,17029,0,0,0,17029,熊本支店,レンタル法人,0,新規,12ヶ月未満
B25024534,1,2025/10/31,17259,0,15481,1548,17029,0,熊本支店,レンタル法人,0,新規,12ヶ月未満
B25024548,1,2025/9/30,10750,0,40000,4000,0,44000,熊本支店,販売,0,新規,12ヶ月未満
B25024566,1,2025/9/30,8072,0,8700,870,0,9570,熊本支店,レンタル法人,1,新規,12ヶ月未満
B25024599,1,2025/9/30,10757,0,0,0,0,0,熊本支店,レンタル法人,0,新規,12ヶ月未満
B25024607,1,2025/9/30,17197,0,68500,6850,0,75350,熊本支店,レンタル法人,1,新規,12ヶ月未満
B25024609,1,2025/9/30,12450,0,100000,10000,0,110000,熊本支店,販売,1,新規,12ヶ月未満
B25024636,1,2025/10/31,9512,0,40400,4040,0,44440,熊本支店,レンタル法人,1,新規,12ヶ月未満
B25024659,1,2025/10/31,11843,0,56000,5600,0,61600,熊本支店,レンタル法人,36,新規,12ヶ月以上
B25024659,2,2025/11/30,11843,0,15400,1540,0,16940,熊本支店,レンタル法人,36,新規,12ヶ月以上
B25024659,3,2025/12/31,11843,0,15400,1540,0,16940,熊本支店,レンタル法人,36,新規,12ヶ月以上
B25024659,4,2026/1/31,11843,0,15400,1540,0,16940,熊本支店,レンタル法人,36,新規,12ヶ月以上
B25024659,5,2026/2/28,11843,0,15400,1540,0,16940,熊本支店,レンタル法人,36,新規,12ヶ月以上
B25024659,6,2026/3/31,11843,0,15400,1540,0,16940,熊本支店,レンタル法人,36,新規,12ヶ月以上
B25024659,7,2026/4/30,11843,0,15400,1540,0,16940,熊本支店,レンタル法人,36,新規,12ヶ月以上
B25024659,8,2026/5/31,11843,0,15400,1540,0,16940,熊本支店,レンタル法人,36,新規,12ヶ月以上
B25024659,9,2026/6/30,11843,0,15400,1540,0,16940,熊本支店,レンタル法人,36,新規,12ヶ月以上
B25024659,10,2026/7/31,11843,0,15400,1540,0,16940,熊本支店,レンタル法人,36,新規,12ヶ月以上
B25024659,11,2026/8/31,11843,0,15400,1540,0,16940,熊本支店,レンタル法人,36,新規,12ヶ月以上
B25024663,0,2025/9/11,17264,16940,0,0,0,16940,熊本支店,レンタル法人,0,新規,12ヶ月未満
B25024663,1,2025/9/30,17264,0,15400,1540,16940,0,熊本支店,レンタル法人,0,新規,12ヶ月未満
B25024693,1,2025/9/30,17265,0,16000,1600,0,17600,熊本支店,レンタル法人,0,新規,12ヶ月未満
B25024744,1,2025/9/30,10392,0,101160,10116,0,111276,熊本支店,レンタル法人,1,新規,12ヶ月未満
B25024744,2,2025/10/31,10392,0,97200,9720,0,106920,熊本支店,レンタル法人,1,新規,12ヶ月未満
B25024756,1,2025/9/30,12994,0,18800,1880,0,20680,熊本支店,レンタル法人,0,新規,12ヶ月未満
B25024759,1,2025/9/30,4041,0,46800,4680,0,51480,熊本支店,レンタル法人,0,新規,12ヶ月未満
B25024760,1,2025/10/31,4041,0,39000,3900,0,42900,熊本支店,レンタル法人,0,新規,12ヶ月未満
B25024783,1,2025/9/30,11577,0,34000,3400,0,37400,熊本支店,役務,0,新規,12ヶ月未満
B25024788,1,2025/9/30,10757,0,0,0,0,0,熊本支店,レンタル法人,0,新規,12ヶ月未満
B25024796,1,2025/9/30,16431,0,12600,1260,0,13860,熊本支店,レンタル法人,24,新規,12ヶ月以上
B25024796,2,2025/10/31,16431,0,4400,440,0,4840,熊本支店,レンタル法人,24,新規,12ヶ月以上
B25024796,3,2025/11/30,16431,0,4400,440,0,4840,熊本支店,レンタル法人,24,新規,12ヶ月以上
B25024796,4,2025/12/31,16431,0,4400,440,0,4840,熊本支店,レンタル法人,24,新規,12ヶ月以上
B25024796,5,2026/1/31,16431,0,4400,440,0,4840,熊本支店,レンタル法人,24,新規,12ヶ月以上
B25024796,6,2026/2/28,16431,0,4400,440,0,4840,熊本支店,レンタル法人,24,新規,12ヶ月以上
B25024796,7,2026/3/31,16431,0,4400,440,0,4840,熊本支店,レンタル法人,24,新規,12ヶ月以上
B25024796,8,2026/4/30,16431,0,4400,440,0,4840,熊本支店,レンタル法人,24,新規,12ヶ月以上
B25024796,9,2026/5/31,16431,0,4400,440,0,4840,熊本支店,レンタル法人,24,新規,12ヶ月以上
B25024796,10,2026/6/30,16431,0,4400,440,0,4840,熊本支店,レンタル法人,24,新規,12ヶ月以上
B25024796,11,2026/7/31,16431,0,4400,440,0,4840,熊本支店,レンタル法人,24,新規,12ヶ月以上
B25024796,12,2026/8/31,16431,0,4400,440,0,4840,熊本支店,レンタル法人,24,新規,12ヶ月以上
B25024802,0,2025/9/12,17274,74360,0,0,0,74360,熊本支店,レンタル法人,0,新規,12ヶ月未満
B25024802,1,2025/9/30,17274,0,67600,6760,74360,0,熊本支店,レンタル法人,0,新規,12ヶ月未満
B25024811,1,2025/9/30,11761,0,1139000,113900,0,1252900,熊本支店,販売,0,新規,12ヶ月未満
B25024812,1,2025/9/30,11761,0,355000,35500,0,390500,熊本支店,販売,0,新規,12ヶ月未満
B25024828,1,2025/9/30,1401,0,9500,950,0,10450,熊本支店,レンタル法人,2,新規,12ヶ月未満
B25024828,2,2025/10/31,1401,0,8000,800,0,8800,熊本支店,レンタル法人,2,新規,12ヶ月未満
B25024832,1,2025/9/30,1401,0,8900,890,0,9790,熊本支店,レンタル法人,1,新規,12ヶ月未満
B25024843,1,2025/10/31,4294,0,11900,1190,0,13090,熊本支店,レンタル法人,1,新規,12ヶ月未満
B25024845,1,2025/9/30,10788,0,8000,800,0,8800,熊本支店,販売,0,新規,12ヶ月未満
B25024899,1,2025/10/31,8988,0,78000,7800,0,85800,熊本支店,レンタル法人,36,新規,12ヶ月以上
B25024899,2,2025/11/30,8988,0,20000,2000,0,22000,熊本支店,レンタル法人,36,新規,12ヶ月以上
B25024899,3,2025/12/31,8988,0,20000,2000,0,22000,熊本支店,レンタル法人,36,新規,12ヶ月以上
B25024899,4,2026/1/31,8988,0,20000,2000,0,22000,熊本支店,レンタル法人,36,新規,12ヶ月以上
B25024899,5,2026/2/28,8988,0,20000,2000,0,22000,熊本支店,レンタル法人,36,新規,12ヶ月以上
B25024899,6,2026/3/31,8988,0,20000,2000,0,22000,熊本支店,レンタル法人,36,新規,12ヶ月以上
B25024899,7,2026/4/30,8988,0,20000,2000,0,22000,熊本支店,レンタル法人,36,新規,12ヶ月以上
B25024899,8,2026/5/31,8988,0,20000,2000,0,22000,熊本支店,レンタル法人,36,新規,12ヶ月以上
B25024899,9,2026/6/30,8988,0,20000,2000,0,22000,熊本支店,レンタル法人,36,新規,12ヶ月以上
B25024899,10,2026/7/31,8988,0,20000,2000,0,22000,熊本支店,レンタル法人,36,新規,12ヶ月以上
B25024899,11,2026/8/31,8988,0,20000,2000,0,22000,熊本支店,レンタル法人,36,新規,12ヶ月以上
B25024901,1,2025/10/31,8988,0,62400,6240,0,68640,熊本支店,レンタル法人,36,新規,12ヶ月以上
B25024901,2,2025/11/30,8988,0,16000,1600,0,17600,熊本支店,レンタル法人,36,新規,12ヶ月以上
B25024901,3,2025/12/31,8988,0,16000,1600,0,17600,熊本支店,レンタル法人,36,新規,12ヶ月以上
B25024901,4,2026/1/31,8988,0,16000,1600,0,17600,熊本支店,レンタル法人,36,新規,12ヶ月以上
B25024901,5,2026/2/28,8988,0,16000,1600,0,17600,熊本支店,レンタル法人,36,新規,12ヶ月以上
B25024901,6,2026/3/31,8988,0,16000,1600,0,17600,熊本支店,レンタル法人,36,新規,12ヶ月以上
B25024901,7,2026/4/30,8988,0,16000,1600,0,17600,熊本支店,レンタル法人,36,新規,12ヶ月以上
B25024901,8,2026/5/31,8988,0,16000,1600,0,17600,熊本支店,レンタル法人,36,新規,12ヶ月以上
B25024901,9,2026/6/30,8988,0,16000,1600,0,17600,熊本支店,レンタル法人,36,新規,12ヶ月以上
B25024901,10,2026/7/31,8988,0,16000,1600,0,17600,熊本支店,レンタル法人,36,新規,12ヶ月以上
B25024901,11,2026/8/31,8988,0,16000,1600,0,17600,熊本支店,レンタル法人,36,新規,12ヶ月以上
B25024903,1,2025/10/31,8988,0,78000,7800,0,85800,熊本支店,レンタル法人,36,新規,12ヶ月以上
B25024903,2,2025/11/30,8988,0,20000,2000,0,22000,熊本支店,レンタル法人,36,新規,12ヶ月以上
B25024903,3,2025/12/31,8988,0,20000,2000,0,22000,熊本支店,レンタル法人,36,新規,12ヶ月以上
B25024903,4,2026/1/31,8988,0,20000,2000,0,22000,熊本支店,レンタル法人,36,新規,12ヶ月以上
B25024903,5,2026/2/28,8988,0,20000,2000,0,22000,熊本支店,レンタル法人,36,新規,12ヶ月以上
B25024903,6,2026/3/31,8988,0,20000,2000,0,22000,熊本支店,レンタル法人,36,新規,12ヶ月以上
B25024903,7,2026/4/30,8988,0,20000,2000,0,22000,熊本支店,レンタル法人,36,新規,12ヶ月以上
B25024903,8,2026/5/31,8988,0,20000,2000,0,22000,熊本支店,レンタル法人,36,新規,12ヶ月以上
B25024903,9,2026/6/30,8988,0,20000,2000,0,22000,熊本支店,レンタル法人,36,新規,12ヶ月以上
B25024903,10,2026/7/31,8988,0,20000,2000,0,22000,熊本支店,レンタル法人,36,新規,12ヶ月以上
B25024903,11,2026/8/31,8988,0,20000,2000,0,22000,熊本支店,レンタル法人,36,新規,12ヶ月以上
B25024905,1,2025/10/31,8988,0,99400,9940,0,109340,熊本支店,レンタル法人,36,新規,12ヶ月以上
B25024905,2,2025/11/30,8988,0,24000,2400,0,26400,熊本支店,レンタル法人,36,新規,12ヶ月以上
B25024905,3,2025/12/31,8988,0,24000,2400,0,26400,熊本支店,レンタル法人,36,新規,12ヶ月以上
B25024905,4,2026/1/31,8988,0,24000,2400,0,26400,熊本支店,レンタル法人,36,新規,12ヶ月以上
B25024905,5,2026/2/28,8988,0,24000,2400,0,26400,熊本支店,レンタル法人,36,新規,12ヶ月以上
B25024905,6,2026/3/31,8988,0,24000,2400,0,26400,熊本支店,レンタル法人,36,新規,12ヶ月以上
B25024905,7,2026/4/30,8988,0,24000,2400,0,26400,熊本支店,レンタル法人,36,新規,12ヶ月以上
B25024905,8,2026/5/31,8988,0,24000,2400,0,26400,熊本支店,レンタル法人,36,新規,12ヶ月以上
B25024905,9,2026/6/30,8988,0,24000,2400,0,26400,熊本支店,レンタル法人,36,新規,12ヶ月以上
B25024905,10,2026/7/31,8988,0,24000,2400,0,26400,熊本支店,レンタル法人,36,新規,12ヶ月以上
B25024905,11,2026/8/31,8988,0,24000,2400,0,26400,熊本支店,レンタル法人,36,新規,12ヶ月以上
B25024908,1,2025/11/30,8988,0,70200,7020,0,77220,熊本支店,レンタル法人,36,新規,12ヶ月以上
B25024908,2,2025/12/31,8988,0,18000,1800,0,19800,熊本支店,レンタル法人,36,新規,12ヶ月以上
B25024908,3,2026/1/31,8988,0,18000,1800,0,19800,熊本支店,レンタル法人,36,新規,12ヶ月以上
B25024908,4,2026/2/28,8988,0,18000,1800,0,19800,熊本支店,レンタル法人,36,新規,12ヶ月以上
B25024908,5,2026/3/31,8988,0,18000,1800,0,19800,熊本支店,レンタル法人,36,新規,12ヶ月以上
B25024908,6,2026/4/30,8988,0,18000,1800,0,19800,熊本支店,レンタル法人,36,新規,12ヶ月以上
B25024908,7,2026/5/31,8988,0,18000,1800,0,19800,熊本支店,レンタル法人,36,新規,12ヶ月以上
B25024908,8,2026/6/30,8988,0,18000,1800,0,19800,熊本支店,レンタル法人,36,新規,12ヶ月以上
B25024908,9,2026/7/31,8988,0,18000,1800,0,19800,熊本支店,レンタル法人,36,新規,12ヶ月以上
B25024908,10,2026/8/31,8988,0,18000,1800,0,19800,熊本支店,レンタル法人,36,新規,12ヶ月以上
B25024913,1,2025/11/30,8988,0,85800,8580,0,94380,熊本支店,レンタル法人,36,新規,12ヶ月以上
B25024913,2,2025/12/31,8988,0,85800,8580,0,94380,熊本支店,レンタル法人,36,新規,12ヶ月以上
B25024913,3,2026/1/31,8988,0,85800,8580,0,94380,熊本支店,レンタル法人,36,新規,12ヶ月以上
B25024913,4,2026/2/28,8988,0,85800,8580,0,94380,熊本支店,レンタル法人,36,新規,12ヶ月以上
B25024913,5,2026/3/31,8988,0,85800,8580,0,94380,熊本支店,レンタル法人,36,新規,12ヶ月以上
B25024913,6,2026/4/30,8988,0,85800,8580,0,94380,熊本支店,レンタル法人,36,新規,12ヶ月以上
B25024913,7,2026/5/31,8988,0,85800,8580,0,94380,熊本支店,レンタル法人,36,新規,12ヶ月以上
B25024913,8,2026/6/30,8988,0,85800,8580,0,94380,熊本支店,レンタル法人,36,新規,12ヶ月以上
B25024913,9,2026/7/31,8988,0,85800,8580,0,94380,熊本支店,レンタル法人,36,新規,12ヶ月以上
B25024913,10,2026/8/31,8988,0,85800,8580,0,94380,熊本支店,レンタル法人,36,新規,12ヶ月以上
B25024916,1,2025/11/30,8988,0,62400,6240,0,68640,熊本支店,レンタル法人,36,新規,12ヶ月以上
B25024916,2,2025/12/31,8988,0,16000,1600,0,17600,熊本支店,レンタル法人,36,新規,12ヶ月以上
B25024916,3,2026/1/31,8988,0,16000,1600,0,17600,熊本支店,レンタル法人,36,新規,12ヶ月以上
B25024916,4,2026/2/28,8988,0,16000,1600,0,17600,熊本支店,レンタル法人,36,新規,12ヶ月以上
B25024916,5,2026/3/31,8988,0,16000,1600,0,17600,熊本支店,レンタル法人,36,新規,12ヶ月以上
B25024916,6,2026/4/30,8988,0,16000,1600,0,17600,熊本支店,レンタル法人,36,新規,12ヶ月以上
B25024916,7,2026/5/31,8988,0,16000,1600,0,17600,熊本支店,レンタル法人,36,新規,12ヶ月以上
B25024916,8,2026/6/30,8988,0,16000,1600,0,17600,熊本支店,レンタル法人,36,新規,12ヶ月以上
B25024916,9,2026/7/31,8988,0,16000,1600,0,17600,熊本支店,レンタル法人,36,新規,12ヶ月以上
B25024916,10,2026/8/31,8988,0,16000,1600,0,17600,熊本支店,レンタル法人,36,新規,12ヶ月以上
B25024918,1,2025/11/30,8988,0,54600,5460,0,60060,熊本支店,レンタル法人,36,新規,12ヶ月以上
B25024918,2,2025/12/31,8988,0,14000,1400,0,15400,熊本支店,レンタル法人,36,新規,12ヶ月以上
B25024918,3,2026/1/31,8988,0,14000,1400,0,15400,熊本支店,レンタル法人,36,新規,12ヶ月以上
B25024918,4,2026/2/28,8988,0,14000,1400,0,15400,熊本支店,レンタル法人,36,新規,12ヶ月以上
B25024918,5,2026/3/31,8988,0,14000,1400,0,15400,熊本支店,レンタル法人,36,新規,12ヶ月以上
B25024918,6,2026/4/30,8988,0,14000,1400,0,15400,熊本支店,レンタル法人,36,新規,12ヶ月以上
B25024918,7,2026/5/31,8988,0,14000,1400,0,15400,熊本支店,レンタル法人,36,新規,12ヶ月以上
B25024918,8,2026/6/30,8988,0,14000,1400,0,15400,熊本支店,レンタル法人,36,新規,12ヶ月以上
B25024918,9,2026/7/31,8988,0,14000,1400,0,15400,熊本支店,レンタル法人,36,新規,12ヶ月以上
B25024918,10,2026/8/31,8988,0,14000,1400,0,15400,熊本支店,レンタル法人,36,新規,12ヶ月以上
B25024924,1,2025/9/30,1401,0,5000,500,0,5500,熊本支店,レンタル法人,1,延長,12ヶ月未満
B25024926,1,2025/9/30,1401,0,7400,740,0,8140,熊本支店,レンタル法人,1,延長,12ヶ月未満
B25024927,1,2025/9/30,1401,0,24800,2480,0,27280,熊本支店,レンタル法人,1,延長,12ヶ月未満
B25024929,1,2025/9/30,1401,0,5000,500,0,5500,熊本支店,レンタル法人,1,延長,12ヶ月未満
B25024947,1,2025/9/30,12299,0,1200,120,0,1320,熊本支店,レンタル法人,0,新規,12ヶ月未満
B25024979,1,2025/9/30,10059,0,85200,8520,0,93720,熊本支店,レンタル法人,0,新規,12ヶ月未満
B25025073,1,2025/10/31,12239,0,10000,1000,0,11000,熊本支店,販売,0,新規,12ヶ月未満
B25025075,1,2025/10/31,12239,0,10000,1000,0,11000,熊本支店,販売,0,新規,12ヶ月未満
B25025081,1,2025/10/31,12239,0,90000,9000,0,99000,熊本支店,販売,0,新規,12ヶ月未満
B25025083,1,2025/10/31,12239,0,75000,7500,0,82500,熊本支店,販売,0,新規,12ヶ月未満
B25025087,1,2025/10/31,12239,0,90000,9000,0,99000,熊本支店,販売,0,新規,12ヶ月未満
B25025088,1,2025/10/31,12239,0,90000,9000,0,99000,熊本支店,販売,0,新規,12ヶ月未満
B25025092,1,2025/10/31,12239,0,35000,3500,0,38500,熊本支店,販売,0,新規,12ヶ月未満
B25025097,1,2025/10/31,12239,0,28000,2800,0,30800,熊本支店,販売,0,新規,12ヶ月未満
B25025098,1,2025/10/31,12239,0,25000,2500,0,27500,熊本支店,販売,0,新規,12ヶ月未満
B25025101,1,2025/10/31,8988,0,7800,780,0,8580,熊本支店,レンタル法人,36,新規,12ヶ月以上
B25025101,2,2025/11/30,8988,0,2000,200,0,2200,熊本支店,レンタル法人,36,新規,12ヶ月以上
B25025101,3,2025/12/31,8988,0,2000,200,0,2200,熊本支店,レンタル法人,36,新規,12ヶ月以上
B25025101,4,2026/1/31,8988,0,2000,200,0,2200,熊本支店,レンタル法人,36,新規,12ヶ月以上
B25025101,5,2026/2/28,8988,0,2000,200,0,2200,熊本支店,レンタル法人,36,新規,12ヶ月以上
B25025101,6,2026/3/31,8988,0,2000,200,0,2200,熊本支店,レンタル法人,36,新規,12ヶ月以上
B25025101,7,2026/4/30,8988,0,2000,200,0,2200,熊本支店,レンタル法人,36,新規,12ヶ月以上
B25025101,8,2026/5/31,8988,0,2000,200,0,2200,熊本支店,レンタル法人,36,新規,12ヶ月以上
B25025101,9,2026/6/30,8988,0,2000,200,0,2200,熊本支店,レンタル法人,36,新規,12ヶ月以上
B25025101,10,2026/7/31,8988,0,2000,200,0,2200,熊本支店,レンタル法人,36,新規,12ヶ月以上
B25025101,11,2026/8/31,8988,0,2000,200,0,2200,熊本支店,レンタル法人,36,新規,12ヶ月以上
B25025104,1,2025/10/31,12239,0,37000,3700,0,40700,熊本支店,販売,0,新規,12ヶ月未満
B25025105,1,2025/10/31,12239,0,25000,2500,0,27500,熊本支店,販売,0,新規,12ヶ月未満
B25025106,1,2025/10/31,12239,0,10000,1000,0,11000,熊本支店,販売,0,新規,12ヶ月未満
B25025107,1,2025/10/31,12239,0,45000,4500,0,49500,熊本支店,販売,0,新規,12ヶ月未満
B25025108,1,2025/10/31,12239,0,10000,1000,0,11000,熊本支店,販売,0,新規,12ヶ月未満
B25025109,1,2025/10/31,12239,0,10000,1000,0,11000,熊本支店,販売,0,新規,12ヶ月未満
B25025110,1,2025/10/31,12239,0,10000,1000,0,11000,熊本支店,販売,0,新規,12ヶ月未満
B25025111,1,2025/10/31,12239,0,55000,5500,0,60500,熊本支店,販売,0,新規,12ヶ月未満
B25025137,1,2025/9/30,1401,0,8600,860,0,9460,熊本支店,レンタル法人,3,新規,12ヶ月未満
B25025137,2,2025/10/31,1401,0,5600,560,0,6160,熊本支店,レンタル法人,3,新規,12ヶ月未満
B25025137,3,2025/11/30,1401,0,5600,560,0,6160,熊本支店,レンタル法人,3,新規,12ヶ月未満
B25025147,1,2025/9/30,1251,0,68000,6800,0,74800,熊本支店,レンタル法人,3,新規,12ヶ月未満
B25025147,2,2025/10/31,1251,0,60000,6000,0,66000,熊本支店,レンタル法人,3,新規,12ヶ月未満
B25025147,3,2025/11/30,1251,0,60000,6000,0,66000,熊本支店,レンタル法人,3,新規,12ヶ月未満
B25025147,4,2025/12/31,1251,0,60000,6000,0,66000,熊本支店,レンタル法人,3,新規,12ヶ月未満
B25025169,1,2025/9/30,11154,0,16800,1680,0,18480,熊本支店,販売,0,新規,12ヶ月未満
B25025171,1,2025/9/30,5911,0,7700,770,0,8470,熊本支店,販売,0,新規,12ヶ月未満
B25025244,0,2025/9/19,17315,12650,0,0,0,12650,熊本支店,レンタル法人,0,新規,12ヶ月未満
B25025244,1,2025/9/30,17315,0,11500,1150,12650,0,熊本支店,レンタル法人,0,新規,12ヶ月未満
B25025245,1,2025/9/30,1401,0,13500,1350,0,14850,熊本支店,レンタル法人,6,新規,12ヶ月未満
B25025245,2,2025/10/31,1401,0,8500,850,0,9350,熊本支店,レンタル法人,6,新規,12ヶ月未満
B25025245,3,2025/11/30,1401,0,8500,850,0,9350,熊本支店,レンタル法人,6,新規,12ヶ月未満
B25025245,4,2025/12/31,1401,0,8500,850,0,9350,熊本支店,レンタル法人,6,新規,12ヶ月未満
B25025245,5,2026/1/31,1401,0,8500,850,0,9350,熊本支店,レンタル法人,6,新規,12ヶ月未満
B25025245,6,2026/2/28,1401,0,8500,850,0,9350,熊本支店,レンタル法人,6,新規,12ヶ月未満
B25025282,1,2025/9/30,16963,0,11910,1191,0,13101,熊本支店,レンタル法人,2,新規,12ヶ月未満
B25025282,2,2025/10/31,16963,0,7650,765,0,8415,熊本支店,レンタル法人,2,新規,12ヶ月未満
B25025296,1,2025/10/31,11771,0,10360,1036,0,11396,熊本支店,レンタル法人,36,新規,12ヶ月以上
B25025296,2,2025/11/30,11771,0,6160,616,0,6776,熊本支店,レンタル法人,36,新規,12ヶ月以上
B25025296,3,2025/12/31,11771,0,6160,616,0,6776,熊本支店,レンタル法人,36,新規,12ヶ月以上
B25025296,4,2026/1/31,11771,0,6160,616,0,6776,熊本支店,レンタル法人,36,新規,12ヶ月以上
B25025296,5,2026/2/28,11771,0,6160,616,0,6776,熊本支店,レンタル法人,36,新規,12ヶ月以上
B25025296,6,2026/3/31,11771,0,6160,616,0,6776,熊本支店,レンタル法人,36,新規,12ヶ月以上
B25025296,7,2026/4/30,11771,0,6160,616,0,6776,熊本支店,レンタル法人,36,新規,12ヶ月以上
B25025296,8,2026/5/31,11771,0,6160,616,0,6776,熊本支店,レンタル法人,36,新規,12ヶ月以上
B25025296,9,2026/6/30,11771,0,6160,616,0,6776,熊本支店,レンタル法人,36,新規,12ヶ月以上
B25025296,10,2026/7/31,11771,0,6160,616,0,6776,熊本支店,レンタル法人,36,新規,12ヶ月以上
B25025296,11,2026/8/31,11771,0,6160,616,0,6776,熊本支店,レンタル法人,36,新規,12ヶ月以上
B25025310,1,2025/9/30,16410,0,31500,3150,0,34650,熊本支店,レンタル法人,1,新規,12ヶ月未満
B25025362,1,2025/9/30,1401,0,10500,1050,0,11550,熊本支店,レンタル法人,6,新規,12ヶ月未満
B25025362,2,2025/10/31,1401,0,8500,850,0,9350,熊本支店,レンタル法人,6,新規,12ヶ月未満
B25025362,3,2025/11/30,1401,0,8500,850,0,9350,熊本支店,レンタル法人,6,新規,12ヶ月未満
B25025362,4,2025/12/31,1401,0,8500,850,0,9350,熊本支店,レンタル法人,6,新規,12ヶ月未満
B25025362,5,2026/1/31,1401,0,8500,850,0,9350,熊本支店,レンタル法人,6,新規,12ヶ月未満
B25025362,6,2026/2/28,1401,0,8500,850,0,9350,熊本支店,レンタル法人,6,新規,12ヶ月未満
B25025393,1,2025/10/31,17328,0,99800,9980,0,109780,熊本支店,レンタル法人,0,新規,12ヶ月未満
B25025416,1,2025/10/31,7362,0,10900,1090,0,11990,熊本支店,レンタル法人,0,新規,12ヶ月未満
B25025421,1,2025/10/31,17333,0,84720,8472,0,93192,熊本支店,レンタル法人,0,新規,12ヶ月未満
B25025423,1,2025/10/31,12239,0,33000,3300,0,36300,熊本支店,販売,0,新規,12ヶ月未満
B25025424,1,2025/10/31,12239,0,33000,3300,0,36300,熊本支店,販売,0,新規,12ヶ月未満
B25025426,1,2025/10/31,12239,0,55000,5500,0,60500,熊本支店,販売,0,新規,12ヶ月未満
B25025427,1,2025/10/31,12239,0,190000,19000,0,209000,熊本支店,販売,0,新規,12ヶ月未満
B25025428,1,2025/10/31,12239,0,55000,5500,0,60500,熊本支店,販売,0,新規,12ヶ月未満
B25025429,1,2025/10/31,12239,0,60000,6000,0,66000,熊本支店,販売,0,新規,12ヶ月未満
B25025430,1,2025/10/31,12239,0,90000,9000,0,99000,熊本支店,販売,0,新規,12ヶ月未満
B25025432,1,2025/10/31,12239,0,70000,7000,0,77000,熊本支店,販売,0,新規,12ヶ月未満
B25025433,1,2025/10/31,12239,0,70000,7000,0,77000,熊本支店,販売,0,新規,12ヶ月未満
B25025434,1,2025/10/31,12239,0,55000,5500,0,60500,熊本支店,販売,0,新規,12ヶ月未満
B25025435,1,2025/10/31,12239,0,18000,1800,0,19800,熊本支店,販売,0,新規,12ヶ月未満
B25025436,1,2025/10/31,12239,0,18000,1800,0,19800,熊本支店,販売,0,新規,12ヶ月未満
B25025437,1,2025/10/31,12239,0,172500,17250,0,189750,熊本支店,販売,0,新規,12ヶ月未満
B25025439,1,2025/10/31,12239,0,10000,1000,0,11000,熊本支店,販売,0,新規,12ヶ月未満
B25025440,1,2025/10/31,12239,0,25000,2500,0,27500,熊本支店,販売,0,新規,12ヶ月未満
B25025441,1,2025/10/31,12239,0,8000,800,0,8800,熊本支店,販売,0,新規,12ヶ月未満
B25025442,1,2025/10/31,12239,0,10000,1000,0,11000,熊本支店,販売,0,新規,12ヶ月未満
B25025443,1,2025/10/31,12239,0,18000,1800,0,19800,熊本支店,販売,0,新規,12ヶ月未満
B25025444,1,2025/10/31,12239,0,10000,1000,0,11000,熊本支店,販売,0,新規,12ヶ月未満
B25025463,1,2025/10/31,17335,0,9000,900,0,9900,熊本支店,レンタル法人,0,新規,12ヶ月未満
B25025465,1,2025/9/30,17335,0,3000,300,0,3300,熊本支店,レンタル法人,0,新規,12ヶ月未満
B25025629,0,2025/9/18,17341,54780,0,0,0,54780,熊本支店,販売,0,新規,12ヶ月未満
B25025629,1,2025/9/30,17341,0,49800,4980,54780,0,熊本支店,販売,0,新規,12ヶ月未満
B25025709,1,2025/9/30,1401,0,8400,840,0,9240,熊本支店,レンタル法人,5,新規,12ヶ月未満
B25025709,2,2025/10/31,1401,0,6500,650,0,7150,熊本支店,レンタル法人,5,新規,12ヶ月未満
B25025709,3,2025/11/30,1401,0,6500,650,0,7150,熊本支店,レンタル法人,5,新規,12ヶ月未満
B25025709,4,2025/12/31,1401,0,6500,650,0,7150,熊本支店,レンタル法人,5,新規,12ヶ月未満
B25025709,5,2026/1/31,1401,0,6500,650,0,7150,熊本支店,レンタル法人,5,新規,12ヶ月未満
B25025712,1,2025/10/31,1401,0,5500,550,0,6050,熊本支店,レンタル法人,1,新規,12ヶ月未満
B25025731,1,2025/9/30,16975,0,11600,1160,0,12760,熊本支店,レンタル法人,0,新規,12ヶ月未満
B25025739,1,2025/9/30,10788,0,10000,1000,0,11000,熊本支店,販売,0,新規,12ヶ月未満
B25025740,1,2025/9/30,10788,0,5500,550,0,6050,熊本支店,レンタル法人,1,新規,12ヶ月未満
B25025743,1,2025/10/31,10767,0,1500,150,0,1650,熊本支店,レンタル法人,48,新規,12ヶ月以上
B25025743,2,2025/11/30,10767,0,1500,150,0,1650,熊本支店,レンタル法人,48,新規,12ヶ月以上
B25025743,3,2025/12/31,10767,0,1500,150,0,1650,熊本支店,レンタル法人,48,新規,12ヶ月以上
B25025743,4,2026/1/31,10767,0,1500,150,0,1650,熊本支店,レンタル法人,48,新規,12ヶ月以上
B25025743,5,2026/2/28,10767,0,1500,150,0,1650,熊本支店,レンタル法人,48,新規,12ヶ月以上
B25025743,6,2026/3/31,10767,0,1500,150,0,1650,熊本支店,レンタル法人,48,新規,12ヶ月以上
B25025743,7,2026/4/30,10767,0,1500,150,0,1650,熊本支店,レンタル法人,48,新規,12ヶ月以上
B25025743,8,2026/5/31,10767,0,1500,150,0,1650,熊本支店,レンタル法人,48,新規,12ヶ月以上
B25025743,9,2026/6/30,10767,0,1500,150,0,1650,熊本支店,レンタル法人,48,新規,12ヶ月以上
B25025743,10,2026/7/31,10767,0,1500,150,0,1650,熊本支店,レンタル法人,48,新規,12ヶ月以上
B25025743,11,2026/8/31,10767,0,1500,150,0,1650,熊本支店,レンタル法人,48,新規,12ヶ月以上
B25025748,1,2025/10/31,5410,0,537000,53700,0,590700,熊本支店,レンタル法人,6,新規,12ヶ月未満
B25025748,2,2025/11/30,5410,0,300000,30000,0,330000,熊本支店,レンタル法人,6,新規,12ヶ月未満
B25025748,3,2025/12/31,5410,0,220000,22000,0,242000,熊本支店,レンタル法人,6,新規,12ヶ月未満
B25025748,4,2026/1/31,5410,0,220000,22000,0,242000,熊本支店,レンタル法人,6,新規,12ヶ月未満
B25025748,5,2026/2/28,5410,0,220000,22000,0,242000,熊本支店,レンタル法人,6,新規,12ヶ月未満
B25025748,6,2026/3/31,5410,0,220000,22000,0,242000,熊本支店,レンタル法人,6,新規,12ヶ月未満
B25025860,0,2025/9/25,17354,71434,0,0,0,71434,熊本支店,レンタル法人,0,新規,12ヶ月未満
B25025860,1,2025/9/30,17354,0,64940,6494,71434,0,熊本支店,レンタル法人,0,新規,12ヶ月未満
B25025863,1,2025/9/30,17275,0,10700,1070,0,11770,熊本支店,レンタル法人,1,新規,12ヶ月未満
B25025863,2,2025/10/31,17275,0,8300,830,0,9130,熊本支店,レンタル法人,1,新規,12ヶ月未満
B25025868,1,2025/9/15,8000,0,6050,605,0,6655,熊本支店,レンタル法人,4,延長,12ヶ月未満
B25025868,2,2025/10/15,8000,0,6050,605,0,6655,熊本支店,レンタル法人,4,延長,12ヶ月未満
B25025868,3,2025/11/15,8000,0,6050,605,0,6655,熊本支店,レンタル法人,4,延長,12ヶ月未満
B25025868,4,2025/12/15,8000,0,6050,605,0,6655,熊本支店,レンタル法人,4,延長,12ヶ月未満
B25025871,1,2025/9/15,8000,0,6050,605,0,6655,熊本支店,レンタル法人,4,延長,12ヶ月未満
B25025871,2,2025/10/15,8000,0,6050,605,0,6655,熊本支店,レンタル法人,4,延長,12ヶ月未満
B25025871,3,2025/11/15,8000,0,6050,605,0,6655,熊本支店,レンタル法人,4,延長,12ヶ月未満
B25025871,4,2025/12/15,8000,0,6050,605,0,6655,熊本支店,レンタル法人,4,延長,12ヶ月未満
B25025872,1,2025/9/15,8000,0,6050,605,0,6655,熊本支店,レンタル法人,4,延長,12ヶ月未満
B25025872,2,2025/10/15,8000,0,6050,605,0,6655,熊本支店,レンタル法人,4,延長,12ヶ月未満
B25025872,3,2025/11/15,8000,0,6050,605,0,6655,熊本支店,レンタル法人,4,延長,12ヶ月未満
B25025872,4,2025/12/15,8000,0,6050,605,0,6655,熊本支店,レンタル法人,4,延長,12ヶ月未満
B25025921,1,2025/9/30,1401,0,6000,600,0,6600,熊本支店,レンタル法人,2,延長,12ヶ月未満
B25025921,2,2025/10/31,1401,0,6000,600,0,6600,熊本支店,レンタル法人,2,延長,12ヶ月未満
B25025922,1,2025/9/30,5357,0,7140,714,0,7854,熊本支店,レンタル法人,2,延長,12ヶ月未満
B25025922,2,2025/10/31,5357,0,7140,714,0,7854,熊本支店,レンタル法人,2,延長,12ヶ月未満
B25025924,1,2025/9/30,1401,0,7400,740,0,8140,熊本支店,レンタル法人,2,延長,12ヶ月未満
B25025924,2,2025/10/31,1401,0,7400,740,0,8140,熊本支店,レンタル法人,2,延長,12ヶ月未満
B25025925,1,2025/9/30,13187,0,24000,2400,0,26400,熊本支店,レンタル法人,1,延長,12ヶ月未満
B25025929,1,2025/10/31,10744,0,21400,2140,0,23540,熊本支店,レンタル法人,12,新規,12ヶ月未満
B25025929,2,2025/11/30,10744,0,14400,1440,0,15840,熊本支店,レンタル法人,12,新規,12ヶ月未満
B25025929,3,2025/12/31,10744,0,14400,1440,0,15840,熊本支店,レンタル法人,12,新規,12ヶ月未満
B25025929,4,2026/1/31,10744,0,14400,1440,0,15840,熊本支店,レンタル法人,12,新規,12ヶ月未満
B25025929,5,2026/2/28,10744,0,14400,1440,0,15840,熊本支店,レンタル法人,12,新規,12ヶ月未満
B25025929,6,2026/3/31,10744,0,14400,1440,0,15840,熊本支店,レンタル法人,12,新規,12ヶ月未満
B25025929,7,2026/4/30,10744,0,14400,1440,0,15840,熊本支店,レンタル法人,12,新規,12ヶ月未満
B25025929,8,2026/5/31,10744,0,14400,1440,0,15840,熊本支店,レンタル法人,12,新規,12ヶ月未満
B25025929,9,2026/6/30,10744,0,14400,1440,0,15840,熊本支店,レンタル法人,12,新規,12ヶ月未満
B25025929,10,2026/7/31,10744,0,14400,1440,0,15840,熊本支店,レンタル法人,12,新規,12ヶ月未満
B25025929,11,2026/8/31,10744,0,14400,1440,0,15840,熊本支店,レンタル法人,12,新規,12ヶ月未満
B25025936,1,2025/9/30,10788,0,31200,3120,0,34320,熊本支店,販売,0,新規,12ヶ月未満
B25025948,1,2025/9/30,9693,0,10400,1040,0,11440,熊本支店,レンタル法人,1,延長,12ヶ月未満
B25025949,1,2025/9/30,1401,0,11800,1180,0,12980,熊本支店,レンタル法人,6,延長,12ヶ月未満
B25025949,2,2025/10/31,1401,0,11800,1180,0,12980,熊本支店,レンタル法人,6,延長,12ヶ月未満
B25025949,3,2025/11/30,1401,0,11800,1180,0,12980,熊本支店,レンタル法人,6,延長,12ヶ月未満
B25025949,4,2025/12/31,1401,0,11800,1180,0,12980,熊本支店,レンタル法人,6,延長,12ヶ月未満
B25025949,5,2026/1/31,1401,0,11800,1180,0,12980,熊本支店,レンタル法人,6,延長,12ヶ月未満
B25025949,6,2026/2/28,1401,0,11800,1180,0,12980,熊本支店,レンタル法人,6,延長,12ヶ月未満
B25025951,1,2025/9/30,1401,0,5000,500,0,5500,熊本支店,レンタル法人,3,延長,12ヶ月未満
B25025951,2,2025/10/31,1401,0,5000,500,0,5500,熊本支店,レンタル法人,3,延長,12ヶ月未満
B25025951,3,2025/11/30,1401,0,5000,500,0,5500,熊本支店,レンタル法人,3,延長,12ヶ月未満
B25025952,1,2025/9/30,10744,0,11000,1100,0,12100,熊本支店,レンタル法人,1,延長,12ヶ月未満
B25025953,1,2025/9/30,13187,0,2650,265,0,2915,熊本支店,レンタル法人,2,延長,12ヶ月未満
B25025953,2,2025/10/31,13187,0,2650,265,0,2915,熊本支店,レンタル法人,2,延長,12ヶ月未満
B25025955,1,2025/9/30,1401,0,5000,500,0,5500,熊本支店,レンタル法人,1,延長,12ヶ月未満
B25025957,1,2025/9/30,4294,0,5300,530,0,5830,熊本支店,レンタル法人,2,延長,12ヶ月未満
B25025957,2,2025/10/31,4294,0,5300,530,0,5830,熊本支店,レンタル法人,2,延長,12ヶ月未満
B25025959,1,2025/9/30,10744,0,11000,1100,0,12100,熊本支店,レンタル法人,2,延長,12ヶ月未満
B25025959,2,2025/10/31,10744,0,11000,1100,0,12100,熊本支店,レンタル法人,2,延長,12ヶ月未満
B25025960,1,2025/9/30,10788,0,11000,1100,0,12100,熊本支店,レンタル法人,1,延長,12ヶ月未満
B25025962,1,2025/9/30,10744,0,11000,1100,0,12100,熊本支店,レンタル法人,1,延長,12ヶ月未満
B25025965,1,2025/9/30,4294,0,6200,620,0,6820,熊本支店,レンタル法人,1,延長,12ヶ月未満
B25025969,1,2025/9/30,1401,0,6500,650,0,7150,熊本支店,レンタル法人,2,延長,12ヶ月未満
B25025969,2,2025/10/31,1401,0,6500,650,0,7150,熊本支店,レンタル法人,2,延長,12ヶ月未満
B25025972,1,2025/9/30,11577,0,19000,1900,0,20900,熊本支店,レンタル法人,1,延長,12ヶ月未満
B25025973,1,2025/9/30,4294,0,6800,680,0,7480,熊本支店,レンタル法人,1,延長,12ヶ月未満
B25025974,1,2025/9/30,12299,0,2500,250,0,2750,熊本支店,レンタル法人,1,延長,12ヶ月未満
B25025975,1,2025/9/30,5911,0,3800,380,0,4180,熊本支店,レンタル法人,1,延長,12ヶ月未満
B25025976,1,2025/9/30,5911,0,4300,430,0,4730,熊本支店,レンタル法人,1,延長,12ヶ月未満
B25025977,1,2025/9/30,13715,0,16000,1600,0,17600,熊本支店,レンタル法人,1,延長,12ヶ月未満
B25025979,1,2025/10/31,10756,0,42000,4200,0,46200,熊本支店,レンタル法人,1,延長,12ヶ月未満
B25025980,1,2025/9/30,1401,0,12400,1240,0,13640,熊本支店,レンタル法人,1,延長,12ヶ月未満
B25025981,1,2025/9/30,9693,0,9500,950,0,10450,熊本支店,レンタル法人,1,延長,12ヶ月未満
B25025982,1,2025/9/30,1401,0,4000,400,0,4400,熊本支店,レンタル法人,1,延長,12ヶ月未満
B25025983,1,2025/9/30,5852,0,9000,900,0,9900,熊本支店,レンタル法人,1,延長,12ヶ月未満
B25025984,1,2025/9/30,17360,0,246600,24660,0,271260,熊本支店,レンタル法人,0,新規,12ヶ月未満
B25025985,1,2025/9/30,13187,0,5700,570,0,6270,熊本支店,レンタル法人,1,延長,12ヶ月未満
B25025986,1,2025/9/30,10788,0,3500,350,0,3850,熊本支店,レンタル法人,1,延長,12ヶ月未満
B25025987,1,2025/9/30,12289,0,2500,250,0,2750,熊本支店,レンタル法人,1,延長,12ヶ月未満
B25025992,1,2025/9/30,10784,0,58600,5860,0,64460,熊本支店,役務,1,新規,12ヶ月未満
B25026039,1,2025/10/31,10856,0,22400,2240,0,24640,熊本支店,レンタル法人,24,新規,12ヶ月以上
B25026039,2,2025/11/30,10856,0,22400,2240,0,24640,熊本支店,レンタル法人,24,新規,12ヶ月以上
B25026039,3,2025/12/31,10856,0,22400,2240,0,24640,熊本支店,レンタル法人,24,新規,12ヶ月以上
B25026039,4,2026/1/31,10856,0,22400,2240,0,24640,熊本支店,レンタル法人,24,新規,12ヶ月以上
B25026039,5,2026/2/28,10856,0,22400,2240,0,24640,熊本支店,レンタル法人,24,新規,12ヶ月以上
B25026039,6,2026/3/31,10856,0,22400,2240,0,24640,熊本支店,レンタル法人,24,新規,12ヶ月以上
B25026039,7,2026/4/30,10856,0,22400,2240,0,24640,熊本支店,レンタル法人,24,新規,12ヶ月以上
B25026039,8,2026/5/31,10856,0,22400,2240,0,24640,熊本支店,レンタル法人,24,新規,12ヶ月以上
B25026039,9,2026/6/30,10856,0,22400,2240,0,24640,熊本支店,レンタル法人,24,新規,12ヶ月以上
B25026039,10,2026/7/31,10856,0,22400,2240,0,24640,熊本支店,レンタル法人,24,新規,12ヶ月以上
B25026039,11,2026/8/31,10856,0,22400,2240,0,24640,熊本支店,レンタル法人,24,新規,12ヶ月以上
B25026045,1,2025/9/30,17366,0,15000,1500,0,16500,熊本支店,販売,0,新規,12ヶ月未満
B25026076,1,2025/9/30,1401,0,7400,740,0,8140,熊本支店,レンタル法人,1,新規,12ヶ月未満
B25026094,1,2025/9/30,16886,0,27000,2700,0,29700,熊本支店,販売,0,新規,12ヶ月未満
B25026121,1,2025/9/30,1401,0,6200,620,0,6820,熊本支店,レンタル法人,1,延長,12ヶ月未満
B25026153,1,2026/7/31,10754,0,0,0,0,0,熊本支店,レンタル法人,10,新規,12ヶ月未満
B25026161,1,2025/9/30,17373,0,9740,974,0,10714,熊本支店,レンタル法人,0,新規,12ヶ月未満
B25026180,1,2025/11/30,15753,0,22100,2210,0,24310,熊本支店,レンタル法人,36,新規,12ヶ月以上
B25026180,2,2025/12/31,15753,0,18500,1850,0,20350,熊本支店,レンタル法人,36,新規,12ヶ月以上
B25026180,3,2026/1/31,15753,0,18500,1850,0,20350,熊本支店,レンタル法人,36,新規,12ヶ月以上
B25026180,4,2026/2/28,15753,0,18500,1850,0,20350,熊本支店,レンタル法人,36,新規,12ヶ月以上
B25026180,5,2026/3/31,15753,0,18500,1850,0,20350,熊本支店,レンタル法人,36,新規,12ヶ月以上
B25026180,6,2026/4/30,15753,0,18500,1850,0,20350,熊本支店,レンタル法人,36,新規,12ヶ月以上
B25026180,7,2026/5/31,15753,0,18500,1850,0,20350,熊本支店,レンタル法人,36,新規,12ヶ月以上
B25026180,8,2026/6/30,15753,0,18500,1850,0,20350,熊本支店,レンタル法人,36,新規,12ヶ月以上
B25026180,9,2026/7/31,15753,0,18500,1850,0,20350,熊本支店,レンタル法人,36,新規,12ヶ月以上
B25026180,10,2026/8/31,15753,0,18500,1850,0,20350,熊本支店,レンタル法人,36,新規,12ヶ月以上
B25026222,1,2025/10/31,151,0,19400,1940,0,21340,熊本支店,レンタル法人,0,新規,12ヶ月未満
B25026237,1,2025/10/31,12239,0,18000,1800,0,19800,熊本支店,販売,0,新規,12ヶ月未満
B25026239,1,2025/10/31,12239,0,55000,5500,0,60500,熊本支店,販売,0,新規,12ヶ月未満
B25026240,1,2025/10/31,12239,0,105000,10500,0,115500,熊本支店,販売,0,新規,12ヶ月未満
B25026241,1,2025/10/31,12239,0,33000,3300,0,36300,熊本支店,販売,0,新規,12ヶ月未満
B25026243,1,2025/10/31,12239,0,10000,1000,0,11000,熊本支店,販売,0,新規,12ヶ月未満
B25026244,1,2025/10/31,12239,0,90000,9000,0,99000,熊本支店,販売,0,新規,12ヶ月未満
B25026245,1,2025/10/31,12239,0,55000,5500,0,60500,熊本支店,販売,0,新規,12ヶ月未満
B25026247,1,2025/10/31,12239,0,75000,7500,0,82500,熊本支店,販売,0,新規,12ヶ月未満
B25026250,1,2025/10/31,12239,0,55000,5500,0,60500,熊本支店,販売,0,新規,12ヶ月未満
B25026251,1,2025/10/31,12239,0,75000,7500,0,82500,熊本支店,販売,0,新規,12ヶ月未満
B25026252,1,2025/10/31,12239,0,80000,8000,0,88000,熊本支店,販売,0,新規,12ヶ月未満
B25026253,1,2025/10/31,12239,0,55000,5500,0,60500,熊本支店,販売,0,新規,12ヶ月未満
B25026267,1,2025/9/30,10788,0,28500,2850,0,31350,熊本支店,販売,0,新規,12ヶ月未満
B25026318,1,2025/10/31,12299,0,16000,1600,0,17600,熊本支店,レンタル法人,6,新規,12ヶ月未満
B25026318,2,2025/11/30,12299,0,16000,1600,0,17600,熊本支店,レンタル法人,6,新規,12ヶ月未満
B25026318,3,2025/12/31,12299,0,16000,1600,0,17600,熊本支店,レンタル法人,6,新規,12ヶ月未満
B25026318,4,2026/1/31,12299,0,16000,1600,0,17600,熊本支店,レンタル法人,6,新規,12ヶ月未満
B25026318,5,2026/2/28,12299,0,16000,1600,0,17600,熊本支店,レンタル法人,6,新規,12ヶ月未満
B25026318,6,2026/3/31,12299,0,16000,1600,0,17600,熊本支店,レンタル法人,6,新規,12ヶ月未満
B25026375,1,2025/10/31,11771,0,6700,670,0,7370,熊本支店,レンタル法人,60,新規,12ヶ月以上
B25026375,2,2025/11/30,11771,0,3700,370,0,4070,熊本支店,レンタル法人,60,新規,12ヶ月以上
B25026375,3,2025/12/31,11771,0,3700,370,0,4070,熊本支店,レンタル法人,60,新規,12ヶ月以上
B25026375,4,2026/1/31,11771,0,3700,370,0,4070,熊本支店,レンタル法人,60,新規,12ヶ月以上
B25026375,5,2026/2/28,11771,0,3700,370,0,4070,熊本支店,レンタル法人,60,新規,12ヶ月以上
B25026375,6,2026/3/31,11771,0,3700,370,0,4070,熊本支店,レンタル法人,60,新規,12ヶ月以上
B25026375,7,2026/4/30,11771,0,3700,370,0,4070,熊本支店,レンタル法人,60,新規,12ヶ月以上
B25026375,8,2026/5/31,11771,0,3700,370,0,4070,熊本支店,レンタル法人,60,新規,12ヶ月以上
B25026375,9,2026/6/30,11771,0,3700,370,0,4070,熊本支店,レンタル法人,60,新規,12ヶ月以上
B25026375,10,2026/7/31,11771,0,3700,370,0,4070,熊本支店,レンタル法人,60,新規,12ヶ月以上
B25026375,11,2026/8/31,11771,0,3700,370,0,4070,熊本支店,レンタル法人,60,新規,12ヶ月以上
B25026429,0,2025/9/30,17387,27940,0,0,0,27940,熊本支店,レンタル法人,1,新規,12ヶ月未満
B25026429,1,2025/10/31,17387,0,25400,2540,27940,0,熊本支店,レンタル法人,1,新規,12ヶ月未満
B25026437,1,2025/10/31,10784,0,3000,300,0,3300,熊本支店,レンタル法人,0,新規,12ヶ月未満
B25026442,1,2025/10/31,5410,0,73200,7320,0,80520,熊本支店,レンタル法人,0,新規,12ヶ月未満
B25026444,1,2025/10/31,15448,0,82120,8212,0,90332,熊本支店,レンタル法人,48,新規,12ヶ月以上
B25026444,2,2025/11/30,15448,0,5720,572,0,6292,熊本支店,レンタル法人,48,新規,12ヶ月以上
B25026444,3,2025/12/31,15448,0,5720,572,0,6292,熊本支店,レンタル法人,48,新規,12ヶ月以上
B25026444,4,2026/1/31,15448,0,5720,572,0,6292,熊本支店,レンタル法人,48,新規,12ヶ月以上
B25026444,5,2026/2/28,15448,0,5720,572,0,6292,熊本支店,レンタル法人,48,新規,12ヶ月以上
B25026444,6,2026/3/31,15448,0,5720,572,0,6292,熊本支店,レンタル法人,48,新規,12ヶ月以上
B25026444,7,2026/4/30,15448,0,5720,572,0,6292,熊本支店,レンタル法人,48,新規,12ヶ月以上
B25026444,8,2026/5/31,15448,0,5720,572,0,6292,熊本支店,レンタル法人,48,新規,12ヶ月以上
B25026444,9,2026/6/30,15448,0,5720,572,0,6292,熊本支店,レンタル法人,48,新規,12ヶ月以上
B25026444,10,2026/7/31,15448,0,5720,572,0,6292,熊本支店,レンタル法人,48,新規,12ヶ月以上
B25026444,11,2026/8/31,15448,0,5720,572,0,6292,熊本支店,レンタル法人,48,新規,12ヶ月以上
B25026464,1,2025/9/30,10788,0,31000,3100,0,34100,熊本支店,販売,0,新規,12ヶ月未満
B25026498,1,2025/10/31,15589,0,113400,11340,0,124740,熊本支店,レンタル法人,7,新規,12ヶ月未満
B25026498,2,2025/11/30,15589,0,110000,11000,0,121000,熊本支店,レンタル法人,7,新規,12ヶ月未満
B25026498,3,2025/12/31,15589,0,110000,11000,0,121000,熊本支店,レンタル法人,7,新規,12ヶ月未満
B25026498,4,2026/1/31,15589,0,110000,11000,0,121000,熊本支店,レンタル法人,7,新規,12ヶ月未満
B25026498,5,2026/2/28,15589,0,110000,11000,0,121000,熊本支店,レンタル法人,7,新規,12ヶ月未満
B25026498,6,2026/3/31,15589,0,110000,11000,0,121000,熊本支店,レンタル法人,7,新規,12ヶ月未満
B25026498,7,2026/4/30,15589,0,110000,11000,0,121000,熊本支店,レンタル法人,7,新規,12ヶ月未満
B25026536,1,2025/9/30,1401,0,12900,1290,0,14190,熊本支店,レンタル法人,1,新規,12ヶ月未満
B25026551,1,2025/9/30,1401,0,14000,1400,0,15400,熊本支店,レンタル法人,1,延長,12ヶ月未満
B25026570,1,2025/10/31,16297,0,34440,3444,0,37884,熊本支店,販売,1,新規,12ヶ月未満
B25026594,0,2025/9/29,17393,12540,0,0,0,12540,熊本支店,レンタル法人,0,新規,12ヶ月未満
B25026594,1,2025/10/31,17393,0,11400,1140,12540,0,熊本支店,レンタル法人,0,新規,12ヶ月未満
B25026596,1,2025/10/31,16297,0,181080,18108,0,199188,熊本支店,販売,1,新規,12ヶ月未満
B25026705,1,2025/10/31,15853,0,9500,950,0,10450,熊本支店,レンタル法人,6,新規,12ヶ月未満
B25026705,2,2025/11/30,15853,0,6000,600,0,6600,熊本支店,レンタル法人,6,新規,12ヶ月未満
B25026705,3,2025/12/31,15853,0,6000,600,0,6600,熊本支店,レンタル法人,6,新規,12ヶ月未満
B25026705,4,2026/1/31,15853,0,6000,600,0,6600,熊本支店,レンタル法人,6,新規,12ヶ月未満
B25026705,5,2026/2/28,15853,0,6000,600,0,6600,熊本支店,レンタル法人,6,新規,12ヶ月未満
B25026705,6,2026/3/31,15853,0,6000,600,0,6600,熊本支店,レンタル法人,6,新規,12ヶ月未満
B25026712,1,2025/10/31,17399,0,43800,4380,0,48180,熊本支店,レンタル法人,0,新規,12ヶ月未満
B25026739,1,2025/10/31,14182,0,12000,1200,0,13200,熊本支店,レンタル法人,3,延長,12ヶ月未満
B25026739,2,2025/11/30,14182,0,12000,1200,0,13200,熊本支店,レンタル法人,3,延長,12ヶ月未満
B25026739,3,2025/12/31,14182,0,12000,1200,0,13200,熊本支店,レンタル法人,3,延長,12ヶ月未満
B25026742,1,2025/10/31,14182,0,6630,663,0,7293,熊本支店,レンタル法人,3,延長,12ヶ月未満
B25026742,2,2025/11/30,14182,0,6630,663,0,7293,熊本支店,レンタル法人,3,延長,12ヶ月未満
B25026742,3,2025/12/31,14182,0,6630,663,0,7293,熊本支店,レンタル法人,3,延長,12ヶ月未満
B25026746,1,2025/10/31,14182,0,7380,738,0,8118,熊本支店,レンタル法人,3,延長,12ヶ月未満
B25026746,2,2025/11/30,14182,0,7380,738,0,8118,熊本支店,レンタル法人,3,延長,12ヶ月未満
B25026746,3,2025/12/31,14182,0,7380,738,0,8118,熊本支店,レンタル法人,3,延長,12ヶ月未満
B25026751,1,2025/10/31,14182,0,19890,1989,0,21879,熊本支店,レンタル法人,1,延長,12ヶ月未満
B25026753,1,2025/10/31,14182,0,7380,738,0,8118,熊本支店,レンタル法人,1,延長,12ヶ月未満
B25026759,0,2025/10/17,17401,66792,0,0,0,66792,熊本支店,レンタル法人,0,新規,12ヶ月未満
B25026759,1,2025/10/31,17401,0,60720,6072,66792,0,熊本支店,レンタル法人,0,新規,12ヶ月未満
B25026761,1,2025/9/30,1401,0,-1092,-109,0,-1201,熊本支店,レンタル法人,0,新規,12ヶ月未満
B25026762,1,2025/10/31,12299,0,9400,940,0,10340,熊本支店,レンタル法人,1,新規,12ヶ月未満
B25026795,1,2025/9/30,1401,0,5500,550,0,6050,熊本支店,レンタル法人,3,延長,12ヶ月未満
B25026795,2,2025/10/31,1401,0,5500,550,0,6050,熊本支店,レンタル法人,3,延長,12ヶ月未満
B25026795,3,2025/11/30,1401,0,5500,550,0,6050,熊本支店,レンタル法人,3,延長,12ヶ月未満
B25026798,1,2025/9/30,12299,0,9500,950,0,10450,熊本支店,レンタル法人,1,延長,12ヶ月未満
B25026807,1,2025/10/31,1401,0,24800,2480,0,27280,熊本支店,レンタル法人,1,延長,12ヶ月未満
B25026810,1,2025/10/31,1401,0,5000,500,0,5500,熊本支店,レンタル法人,1,延長,12ヶ月未満
B25026830,1,2025/10/31,16277,0,13200,1320,0,14520,熊本支店,レンタル法人,48,新規,12ヶ月以上
B25026830,2,2025/11/30,16277,0,13200,1320,0,14520,熊本支店,レンタル法人,48,新規,12ヶ月以上
B25026830,3,2025/12/31,16277,0,13200,1320,0,14520,熊本支店,レンタル法人,48,新規,12ヶ月以上
B25026830,4,2026/1/31,16277,0,13200,1320,0,14520,熊本支店,レンタル法人,48,新規,12ヶ月以上
B25026830,5,2026/2/28,16277,0,13200,1320,0,14520,熊本支店,レンタル法人,48,新規,12ヶ月以上
B25026830,6,2026/3/31,16277,0,13200,1320,0,14520,熊本支店,レンタル法人,48,新規,12ヶ月以上
B25026830,7,2026/4/30,16277,0,13200,1320,0,14520,熊本支店,レンタル法人,48,新規,12ヶ月以上
B25026830,8,2026/5/31,16277,0,13200,1320,0,14520,熊本支店,レンタル法人,48,新規,12ヶ月以上
B25026830,9,2026/6/30,16277,0,13200,1320,0,14520,熊本支店,レンタル法人,48,新規,12ヶ月以上
B25026830,10,2026/7/31,16277,0,13200,1320,0,14520,熊本支店,レンタル法人,48,新規,12ヶ月以上
B25026830,11,2026/8/31,16277,0,13200,1320,0,14520,熊本支店,レンタル法人,48,新規,12ヶ月以上
B25026837,1,2025/10/31,5357,0,8300,830,0,9130,熊本支店,レンタル法人,13,新規,12ヶ月以上
B25026837,2,2025/11/30,5357,0,6300,630,0,6930,熊本支店,レンタル法人,13,新規,12ヶ月以上
B25026837,3,2025/12/31,5357,0,6300,630,0,6930,熊本支店,レンタル法人,13,新規,12ヶ月以上
B25026837,4,2026/1/31,5357,0,6300,630,0,6930,熊本支店,レンタル法人,13,新規,12ヶ月以上
B25026837,5,2026/2/28,5357,0,6300,630,0,6930,熊本支店,レンタル法人,13,新規,12ヶ月以上
B25026837,6,2026/3/31,5357,0,6300,630,0,6930,熊本支店,レンタル法人,13,新規,12ヶ月以上
B25026837,7,2026/4/30,5357,0,6300,630,0,6930,熊本支店,レンタル法人,13,新規,12ヶ月以上
B25026837,8,2026/5/31,5357,0,6300,630,0,6930,熊本支店,レンタル法人,13,新規,12ヶ月以上
B25026837,9,2026/6/30,5357,0,6300,630,0,6930,熊本支店,レンタル法人,13,新規,12ヶ月以上
B25026837,10,2026/7/31,5357,0,6300,630,0,6930,熊本支店,レンタル法人,13,新規,12ヶ月以上
B25026837,11,2026/8/31,5357,0,6300,630,0,6930,熊本支店,レンタル法人,13,新規,12ヶ月以上
B25026918,1,2025/9/30,1401,0,-1872,-187,0,-2059,熊本支店,レンタル法人,0,新規,12ヶ月未満
B25026976,1,2025/9/30,10788,0,30000,3000,0,33000,熊本支店,販売,1,新規,12ヶ月未満
B25027005,1,2025/10/31,10744,0,9600,960,0,10560,熊本支店,レンタル法人,8,新規,12ヶ月未満
B25027005,2,2025/11/30,10744,0,7600,760,0,8360,熊本支店,レンタル法人,8,新規,12ヶ月未満
B25027005,3,2025/12/31,10744,0,7600,760,0,8360,熊本支店,レンタル法人,8,新規,12ヶ月未満
B25027005,4,2026/1/31,10744,0,7600,760,0,8360,熊本支店,レンタル法人,8,新規,12ヶ月未満
B25027005,5,2026/2/28,10744,0,7600,760,0,8360,熊本支店,レンタル法人,8,新規,12ヶ月未満
B25027005,6,2026/3/31,10744,0,7600,760,0,8360,熊本支店,レンタル法人,8,新規,12ヶ月未満
B25027005,7,2026/4/30,10744,0,7600,760,0,8360,熊本支店,レンタル法人,8,新規,12ヶ月未満
B25027005,8,2026/5/31,10744,0,7600,760,0,8360,熊本支店,レンタル法人,8,新規,12ヶ月未満
B25027198,0,2025/10/3,17422,7590,0,0,0,7590,熊本支店,レンタル法人,0,新規,12ヶ月未満
B25027198,1,2025/10/31,17422,0,6900,690,7590,0,熊本支店,レンタル法人,0,新規,12ヶ月未満
B25027206,1,2025/9/30,10744,0,22000,2200,0,24200,熊本支店,レンタル法人,1,延長,12ヶ月未満
B25027218,1,2025/9/30,1401,0,23000,2300,0,25300,熊本支店,レンタル法人,1,延長,12ヶ月未満
B25027221,1,2025/10/31,17423,0,12100,1210,0,13310,熊本支店,レンタル法人,8,新規,12ヶ月未満
B25027221,2,2025/11/30,17423,0,12100,1210,0,13310,熊本支店,レンタル法人,8,新規,12ヶ月未満
B25027221,3,2025/12/31,17423,0,12100,1210,0,13310,熊本支店,レンタル法人,8,新規,12ヶ月未満
B25027221,4,2026/1/31,17423,0,12100,1210,0,13310,熊本支店,レンタル法人,8,新規,12ヶ月未満
B25027221,5,2026/2/28,17423,0,12100,1210,0,13310,熊本支店,レンタル法人,8,新規,12ヶ月未満
B25027221,6,2026/3/31,17423,0,12100,1210,0,13310,熊本支店,レンタル法人,8,新規,12ヶ月未満
B25027221,7,2026/4/30,17423,0,12100,1210,0,13310,熊本支店,レンタル法人,8,新規,12ヶ月未満
B25027221,8,2026/5/31,17423,0,12100,1210,0,13310,熊本支店,レンタル法人,8,新規,12ヶ月未満
B25027239,1,2025/9/30,1401,0,4000,400,0,4400,熊本支店,レンタル法人,2,延長,12ヶ月未満
B25027239,2,2025/10/31,1401,0,4000,400,0,4400,熊本支店,レンタル法人,2,延長,12ヶ月未満
B25027251,1,2025/10/31,10788,0,7500,750,0,8250,熊本支店,レンタル法人,2,新規,12ヶ月未満
B25027251,2,2025/11/30,10788,0,7500,750,0,8250,熊本支店,レンタル法人,2,新規,12ヶ月未満
B25027360,1,2025/10/31,14182,0,6630,663,0,7293,熊本支店,レンタル法人,1,延長,12ヶ月未満
B25027361,1,2025/10/31,14182,0,13260,1326,0,14586,熊本支店,レンタル法人,3,延長,12ヶ月未満
B25027361,2,2025/11/30,14182,0,13260,1326,0,14586,熊本支店,レンタル法人,3,延長,12ヶ月未満
B25027361,3,2025/12/31,14182,0,13260,1326,0,14586,熊本支店,レンタル法人,3,延長,12ヶ月未満
B25027362,1,2025/10/31,1401,0,9300,930,0,10230,熊本支店,レンタル法人,0,新規,12ヶ月未満
B25027365,1,2025/10/31,16297,0,225680,22568,0,248248,熊本支店,販売,1,新規,12ヶ月未満
B25027366,1,2025/10/31,16297,0,108600,10860,0,119460,熊本支店,販売,1,新規,12ヶ月未満
B25027387,1,2025/9/30,13266,0,93180,9318,0,102498,熊本支店,レンタル法人,0,新規,12ヶ月未満
B25027407,0,2025/11/30,17440,64086,0,0,0,64086,熊本支店,レンタル法人,0,新規,12ヶ月未満
B25027407,1,2025/12/31,17440,0,58260,5826,64086,0,熊本支店,レンタル法人,0,新規,12ヶ月未満
B25027416,1,2025/10/31,10757,0,5500,550,0,6050,熊本支店,レンタル法人,36,延長,12ヶ月以上
B25027416,2,2025/11/30,10757,0,5500,550,0,6050,熊本支店,レンタル法人,36,延長,12ヶ月以上
B25027416,3,2025/12/31,10757,0,5500,550,0,6050,熊本支店,レンタル法人,36,延長,12ヶ月以上
B25027416,4,2026/1/31,10757,0,5500,550,0,6050,熊本支店,レンタル法人,36,延長,12ヶ月以上
B25027416,5,2026/2/28,10757,0,5500,550,0,6050,熊本支店,レンタル法人,36,延長,12ヶ月以上
B25027416,6,2026/3/31,10757,0,5500,550,0,6050,熊本支店,レンタル法人,36,延長,12ヶ月以上
B25027416,7,2026/4/30,10757,0,5500,550,0,6050,熊本支店,レンタル法人,36,延長,12ヶ月以上
B25027416,8,2026/5/31,10757,0,5500,550,0,6050,熊本支店,レンタル法人,36,延長,12ヶ月以上
B25027416,9,2026/6/30,10757,0,5500,550,0,6050,熊本支店,レンタル法人,36,延長,12ヶ月以上
B25027416,10,2026/7/31,10757,0,5500,550,0,6050,熊本支店,レンタル法人,36,延長,12ヶ月以上
B25027416,11,2026/8/31,10757,0,5500,550,0,6050,熊本支店,レンタル法人,36,延長,12ヶ月以上
B25027488,0,2025/10/6,17444,19140,0,0,0,19140,熊本支店,レンタル法人,1,新規,12ヶ月未満
B25027488,1,2025/10/31,17444,0,17400,1740,19140,0,熊本支店,レンタル法人,1,新規,12ヶ月未満
B25027490,1,2025/10/31,17445,0,15800,1580,0,17380,熊本支店,レンタル法人,0,新規,12ヶ月未満
B25027492,1,2025/10/31,12299,0,10300,1030,0,11330,熊本支店,レンタル法人,5,新規,12ヶ月未満
B25027492,2,2025/11/30,12299,0,9500,950,0,10450,熊本支店,レンタル法人,5,新規,12ヶ月未満
B25027492,3,2025/12/31,12299,0,9500,950,0,10450,熊本支店,レンタル法人,5,新規,12ヶ月未満
B25027492,4,2026/1/31,12299,0,9500,950,0,10450,熊本支店,レンタル法人,5,新規,12ヶ月未満
B25027492,5,2026/2/28,12299,0,9500,950,0,10450,熊本支店,レンタル法人,5,新規,12ヶ月未満
B25027494,1,2025/10/31,8686,0,34500,3450,0,37950,熊本支店,レンタル法人,5,新規,12ヶ月未満
B25027494,2,2025/11/30,8686,0,4500,450,0,4950,熊本支店,レンタル法人,5,新規,12ヶ月未満
B25027494,3,2025/12/31,8686,0,4500,450,0,4950,熊本支店,レンタル法人,5,新規,12ヶ月未満
B25027494,4,2026/1/31,8686,0,4500,450,0,4950,熊本支店,レンタル法人,5,新規,12ヶ月未満
B25027494,5,2026/2/28,8686,0,4500,450,0,4950,熊本支店,レンタル法人,5,新規,12ヶ月未満
B25027494,6,2026/3/31,8686,0,4500,450,0,4950,熊本支店,レンタル法人,5,新規,12ヶ月未満
B25027496,1,2025/10/31,17446,0,13400,1340,0,14740,熊本支店,レンタル法人,36,新規,12ヶ月以上
B25027496,2,2025/11/30,17446,0,13400,1340,0,14740,熊本支店,レンタル法人,36,新規,12ヶ月以上
B25027496,3,2025/12/31,17446,0,13400,1340,0,14740,熊本支店,レンタル法人,36,新規,12ヶ月以上
B25027496,4,2026/1/31,17446,0,13400,1340,0,14740,熊本支店,レンタル法人,36,新規,12ヶ月以上
B25027496,5,2026/2/28,17446,0,13400,1340,0,14740,熊本支店,レンタル法人,36,新規,12ヶ月以上
B25027496,6,2026/3/31,17446,0,13400,1340,0,14740,熊本支店,レンタル法人,36,新規,12ヶ月以上
B25027496,7,2026/4/30,17446,0,13400,1340,0,14740,熊本支店,レンタル法人,36,新規,12ヶ月以上
B25027496,8,2026/5/31,17446,0,13400,1340,0,14740,熊本支店,レンタル法人,36,新規,12ヶ月以上
B25027496,9,2026/6/30,17446,0,13400,1340,0,14740,熊本支店,レンタル法人,36,新規,12ヶ月以上
B25027496,10,2026/7/31,17446,0,13400,1340,0,14740,熊本支店,レンタル法人,36,新規,12ヶ月以上
B25027496,11,2026/8/31,17446,0,13400,1340,0,14740,熊本支店,レンタル法人,36,新規,12ヶ月以上
B25027655,1,2025/9/30,11577,0,30500,3050,0,33550,熊本支店,レンタル法人,0,新規,12ヶ月未満
B25027656,1,2025/10/31,11577,0,34000,3400,0,37400,熊本支店,役務,0,新規,12ヶ月未満
B25027662,1,2025/9/30,11577,0,28800,2880,0,31680,熊本支店,役務,0,新規,12ヶ月未満
B25027675,1,2025/10/31,17197,0,15920,1592,0,17512,熊本支店,レンタル法人,5,新規,12ヶ月未満
B25027675,2,2025/11/30,17197,0,10920,1092,0,12012,熊本支店,レンタル法人,5,新規,12ヶ月未満
B25027675,3,2025/12/31,17197,0,10920,1092,0,12012,熊本支店,レンタル法人,5,新規,12ヶ月未満
B25027675,4,2026/1/31,17197,0,10920,1092,0,12012,熊本支店,レンタル法人,5,新規,12ヶ月未満
B25027675,5,2026/2/28,17197,0,10920,1092,0,12012,熊本支店,レンタル法人,5,新規,12ヶ月未満
B25027675,6,2026/3/31,17197,0,10920,1092,0,12012,熊本支店,レンタル法人,5,新規,12ヶ月未満
B25027698,1,2025/10/31,17458,0,19600,1960,0,21560,熊本支店,レンタル法人,4,新規,12ヶ月未満
B25027698,2,2025/11/30,17458,0,15600,1560,0,17160,熊本支店,レンタル法人,4,新規,12ヶ月未満
B25027698,3,2025/12/31,17458,0,15600,1560,0,17160,熊本支店,レンタル法人,4,新規,12ヶ月未満
B25027698,4,2026/1/31,17458,0,15600,1560,0,17160,熊本支店,レンタル法人,4,新規,12ヶ月未満
B25027698,5,2026/2/28,17458,0,15600,1560,0,17160,熊本支店,レンタル法人,4,新規,12ヶ月未満
B25027705,1,2025/11/30,12239,0,35000,3500,0,38500,熊本支店,販売,0,新規,12ヶ月未満
B25027706,1,2025/11/30,12239,0,35000,3500,0,38500,熊本支店,販売,0,新規,12ヶ月未満
B25027707,1,2025/11/30,12239,0,35000,3500,0,38500,熊本支店,販売,0,新規,12ヶ月未満
B25027709,1,2025/11/30,12239,0,33000,3300,0,36300,熊本支店,販売,0,新規,12ヶ月未満
B25027710,1,2025/10/31,12239,0,90000,9000,0,99000,熊本支店,販売,0,新規,12ヶ月未満
B25027711,1,2025/11/30,12239,0,18000,1800,0,19800,熊本支店,販売,0,新規,12ヶ月未満
B25027713,1,2025/11/30,12239,0,75000,7500,0,82500,熊本支店,販売,0,新規,12ヶ月未満
B25027719,1,2025/10/31,12239,0,70000,7000,0,77000,熊本支店,販売,0,新規,12ヶ月未満
B25027720,1,2025/10/31,12239,0,70000,7000,0,77000,熊本支店,販売,0,新規,12ヶ月未満
B25027724,1,2025/11/30,12239,0,28000,2800,0,30800,熊本支店,販売,0,新規,12ヶ月未満
B25027726,1,2025/10/31,12239,0,55000,5500,0,60500,熊本支店,販売,0,新規,12ヶ月未満
B25027727,1,2025/10/31,12239,0,190000,19000,0,209000,熊本支店,販売,0,新規,12ヶ月未満
B25027728,1,2025/11/30,12239,0,33000,3300,0,36300,熊本支店,販売,0,新規,12ヶ月未満
B25027729,1,2025/10/31,5911,0,4800,480,0,5280,熊本支店,レンタル法人,0,新規,12ヶ月未満
B25027731,1,2025/10/31,12239,0,80000,8000,0,88000,熊本支店,販売,0,新規,12ヶ月未満
B25027732,1,2025/11/30,12239,0,165000,16500,0,181500,熊本支店,販売,0,新規,12ヶ月未満
B25027734,1,2025/10/31,12239,0,190000,19000,0,209000,熊本支店,販売,0,新規,12ヶ月未満
B25027735,1,2025/11/30,12239,0,35000,3500,0,38500,熊本支店,販売,0,新規,12ヶ月未満
B25027736,1,2025/10/31,5911,0,66400,6640,0,73040,熊本支店,レンタル法人,0,新規,12ヶ月未満
B25027737,1,2025/10/31,12239,0,75000,7500,0,82500,熊本支店,販売,0,新規,12ヶ月未満
B25027738,1,2025/10/31,12239,0,140000,14000,0,154000,熊本支店,販売,0,新規,12ヶ月未満
B25027740,1,2025/10/31,12239,0,170000,17000,0,187000,熊本支店,販売,0,新規,12ヶ月未満
B25027741,1,2025/11/30,12239,0,18000,1800,0,19800,熊本支店,販売,0,新規,12ヶ月未満
B25027742,1,2025/11/30,12239,0,18000,1800,0,19800,熊本支店,販売,0,新規,12ヶ月未満
B25027743,1,2025/11/30,12239,0,40000,4000,0,44000,熊本支店,販売,0,新規,12ヶ月未満
B25027744,1,2025/11/30,12239,0,200000,20000,0,220000,熊本支店,販売,0,新規,12ヶ月未満
B25027745,1,2025/10/31,12239,0,55000,5500,0,60500,熊本支店,販売,0,新規,12ヶ月未満
B25027746,1,2025/10/31,12239,0,70000,7000,0,77000,熊本支店,販売,0,新規,12ヶ月未満
B25027747,1,2025/11/30,12239,0,18000,1800,0,19800,熊本支店,販売,0,新規,12ヶ月未満
B25027748,1,2025/11/30,12239,0,35000,3500,0,38500,熊本支店,販売,0,新規,12ヶ月未満
B25027750,1,2025/11/30,12239,0,17500,1750,0,19250,熊本支店,販売,0,新規,12ヶ月未満
B25027751,1,2025/11/30,12239,0,75000,7500,0,82500,熊本支店,販売,0,新規,12ヶ月未満
B25027752,1,2025/11/30,12239,0,35000,3500,0,38500,熊本支店,販売,0,新規,12ヶ月未満
B25027754,1,2025/10/31,12239,0,90000,9000,0,99000,熊本支店,販売,0,新規,12ヶ月未満
B25027755,1,2025/11/30,12239,0,33000,3300,0,36300,熊本支店,販売,0,新規,12ヶ月未満
B25027756,1,2025/11/30,12239,0,18000,1800,0,19800,熊本支店,販売,0,新規,12ヶ月未満
B25027757,1,2025/10/31,12239,0,190000,19000,0,209000,熊本支店,販売,0,新規,12ヶ月未満
B25027758,1,2025/11/30,12239,0,33000,3300,0,36300,熊本支店,販売,0,新規,12ヶ月未満
B25027759,1,2025/10/31,12239,0,55000,5500,0,60500,熊本支店,販売,0,新規,12ヶ月未満
B25027760,1,2025/10/31,12239,0,55000,5500,0,60500,熊本支店,販売,0,新規,12ヶ月未満
B25027761,1,2025/10/31,12239,0,50000,5000,0,55000,熊本支店,販売,0,新規,12ヶ月未満
B25027762,1,2025/10/31,12239,0,55000,5500,0,60500,熊本支店,販売,0,新規,12ヶ月未満
B25027763,1,2025/11/30,12239,0,95000,9500,0,104500,熊本支店,販売,0,新規,12ヶ月未満
B25027764,1,2025/10/31,12239,0,55000,5500,0,60500,熊本支店,販売,0,新規,12ヶ月未満
B25027765,1,2025/10/31,12239,0,55000,5500,0,60500,熊本支店,販売,0,新規,12ヶ月未満
B25027766,1,2025/11/30,12239,0,33000,3300,0,36300,熊本支店,販売,0,新規,12ヶ月未満
B25027768,1,2025/11/30,12239,0,35000,3500,0,38500,熊本支店,販売,0,新規,12ヶ月未満
B25027770,1,2025/11/30,12239,0,18000,1800,0,19800,熊本支店,販売,0,新規,12ヶ月未満
B25027774,1,2025/10/31,10757,0,6500,650,0,7150,熊本支店,レンタル法人,36,延長,12ヶ月以上
B25027774,2,2025/11/30,10757,0,6500,650,0,7150,熊本支店,レンタル法人,36,延長,12ヶ月以上
B25027774,3,2025/12/31,10757,0,6500,650,0,7150,熊本支店,レンタル法人,36,延長,12ヶ月以上
B25027774,4,2026/1/31,10757,0,6500,650,0,7150,熊本支店,レンタル法人,36,延長,12ヶ月以上
B25027774,5,2026/2/28,10757,0,6500,650,0,7150,熊本支店,レンタル法人,36,延長,12ヶ月以上
B25027774,6,2026/3/31,10757,0,6500,650,0,7150,熊本支店,レンタル法人,36,延長,12ヶ月以上
B25027774,7,2026/4/30,10757,0,6500,650,0,7150,熊本支店,レンタル法人,36,延長,12ヶ月以上
B25027774,8,2026/5/31,10757,0,6500,650,0,7150,熊本支店,レンタル法人,36,延長,12ヶ月以上
B25027774,9,2026/6/30,10757,0,6500,650,0,7150,熊本支店,レンタル法人,36,延長,12ヶ月以上
B25027774,10,2026/7/31,10757,0,6500,650,0,7150,熊本支店,レンタル法人,36,延長,12ヶ月以上
B25027774,11,2026/8/31,10757,0,6500,650,0,7150,熊本支店,レンタル法人,36,延長,12ヶ月以上
B25027777,1,2025/10/31,5911,0,69120,6912,0,76032,熊本支店,レンタル法人,6,延長,12ヶ月未満
B25027785,1,2025/10/31,17463,0,135760,13576,0,149336,熊本支店,レンタル法人,6,新規,12ヶ月未満
B25027802,1,2025/10/31,17466,0,9300,930,0,10230,熊本支店,レンタル法人,0,新規,12ヶ月未満
B25027811,1,2025/10/31,1401,0,9900,990,0,10890,熊本支店,レンタル法人,5,新規,12ヶ月未満
B25027811,2,2025/11/30,1401,0,8000,800,0,8800,熊本支店,レンタル法人,5,新規,12ヶ月未満
B25027811,3,2025/12/31,1401,0,8000,800,0,8800,熊本支店,レンタル法人,5,新規,12ヶ月未満
B25027811,4,2026/1/31,1401,0,8000,800,0,8800,熊本支店,レンタル法人,5,新規,12ヶ月未満
B25027811,5,2026/2/28,1401,0,8000,800,0,8800,熊本支店,レンタル法人,5,新規,12ヶ月未満
B25027811,6,2026/3/31,1401,0,8000,800,0,8800,熊本支店,レンタル法人,5,新規,12ヶ月未満
B25027816,1,2025/10/31,10788,0,7600,760,0,8360,熊本支店,レンタル法人,1,新規,12ヶ月未満
B25027816,2,2025/11/30,10788,0,5600,560,0,6160,熊本支店,レンタル法人,1,新規,12ヶ月未満
B25027849,1,2025/10/31,17468,0,40320,4032,0,44352,熊本支店,レンタル法人,0,新規,12ヶ月未満
B25027944,1,2025/10/31,14232,0,135000,13500,0,148500,熊本支店,販売,0,新規,12ヶ月未満
B25027945,1,2025/10/31,14232,0,150000,15000,0,165000,熊本支店,販売,0,新規,12ヶ月未満
B25027970,0,2025/10/3,17470,6820,0,0,0,6820,熊本支店,レンタル法人,0,新規,12ヶ月未満
B25027970,1,2025/10/31,17470,0,6200,620,6820,0,熊本支店,レンタル法人,0,新規,12ヶ月未満
B25027981,1,2025/10/31,8988,0,15000,1500,0,16500,熊本支店,レンタル法人,36,新規,12ヶ月以上
B25027981,2,2025/11/30,8988,0,7200,720,0,7920,熊本支店,レンタル法人,36,新規,12ヶ月以上
B25027981,3,2025/12/31,8988,0,7200,720,0,7920,熊本支店,レンタル法人,36,新規,12ヶ月以上
B25027981,4,2026/1/31,8988,0,7200,720,0,7920,熊本支店,レンタル法人,36,新規,12ヶ月以上
B25027981,5,2026/2/28,8988,0,7200,720,0,7920,熊本支店,レンタル法人,36,新規,12ヶ月以上
B25027981,6,2026/3/31,8988,0,7200,720,0,7920,熊本支店,レンタル法人,36,新規,12ヶ月以上
B25027981,7,2026/4/30,8988,0,7200,720,0,7920,熊本支店,レンタル法人,36,新規,12ヶ月以上
B25027981,8,2026/5/31,8988,0,7200,720,0,7920,熊本支店,レンタル法人,36,新規,12ヶ月以上
B25027981,9,2026/6/30,8988,0,7200,720,0,7920,熊本支店,レンタル法人,36,新規,12ヶ月以上
B25027981,10,2026/7/31,8988,0,7200,720,0,7920,熊本支店,レンタル法人,36,新規,12ヶ月以上
B25027981,11,2026/8/31,8988,0,7200,720,0,7920,熊本支店,レンタル法人,36,新規,12ヶ月以上
B25027984,1,2025/10/31,17113,0,5900,590,0,6490,熊本支店,レンタル法人,0,新規,12ヶ月未満
B25027994,1,2025/10/31,17274,0,107600,10760,0,118360,熊本支店,レンタル法人,0,新規,12ヶ月未満
B25027996,1,2025/10/31,17472,0,27900,2790,0,30690,熊本支店,レンタル法人,1,新規,12ヶ月未満
B25027996,2,2025/11/30,17472,0,24000,2400,0,26400,熊本支店,レンタル法人,1,新規,12ヶ月未満
B25027997,1,2025/10/31,16886,0,114000,11400,0,125400,熊本支店,販売,0,新規,12ヶ月未満
B25027999,1,2025/10/31,11577,0,34000,3400,0,37400,熊本支店,役務,0,新規,12ヶ月未満
B25028033,1,2025/11/30,14801,0,45800,4580,0,50380,熊本支店,レンタル法人,48,新規,12ヶ月以上
B25028033,2,2025/12/31,14801,0,7800,780,0,8580,熊本支店,レンタル法人,48,新規,12ヶ月以上
B25028033,3,2026/1/31,14801,0,7800,780,0,8580,熊本支店,レンタル法人,48,新規,12ヶ月以上
B25028033,4,2026/2/28,14801,0,7800,780,0,8580,熊本支店,レンタル法人,48,新規,12ヶ月以上
B25028033,5,2026/3/31,14801,0,7800,780,0,8580,熊本支店,レンタル法人,48,新規,12ヶ月以上
B25028033,6,2026/4/30,14801,0,7800,780,0,8580,熊本支店,レンタル法人,48,新規,12ヶ月以上
B25028033,7,2026/5/31,14801,0,7800,780,0,8580,熊本支店,レンタル法人,48,新規,12ヶ月以上
B25028033,8,2026/6/30,14801,0,7800,780,0,8580,熊本支店,レンタル法人,48,新規,12ヶ月以上
B25028033,9,2026/7/31,14801,0,7800,780,0,8580,熊本支店,レンタル法人,48,新規,12ヶ月以上
B25028033,10,2026/8/31,14801,0,7800,780,0,8580,熊本支店,レンタル法人,48,新規,12ヶ月以上
B25028034,1,2025/11/30,14801,0,52100,5210,0,57310,熊本支店,レンタル法人,48,新規,12ヶ月以上
B25028034,2,2025/12/31,14801,0,9100,910,0,10010,熊本支店,レンタル法人,48,新規,12ヶ月以上
B25028034,3,2026/1/31,14801,0,9100,910,0,10010,熊本支店,レンタル法人,48,新規,12ヶ月以上
B25028034,4,2026/2/28,14801,0,9100,910,0,10010,熊本支店,レンタル法人,48,新規,12ヶ月以上
B25028034,5,2026/3/31,14801,0,9100,910,0,10010,熊本支店,レンタル法人,48,新規,12ヶ月以上
B25028034,6,2026/4/30,14801,0,9100,910,0,10010,熊本支店,レンタル法人,48,新規,12ヶ月以上
B25028034,7,2026/5/31,14801,0,9100,910,0,10010,熊本支店,レンタル法人,48,新規,12ヶ月以上
B25028034,8,2026/6/30,14801,0,9100,910,0,10010,熊本支店,レンタル法人,48,新規,12ヶ月以上
B25028034,9,2026/7/31,14801,0,9100,910,0,10010,熊本支店,レンタル法人,48,新規,12ヶ月以上
B25028034,10,2026/8/31,14801,0,9100,910,0,10010,熊本支店,レンタル法人,48,新規,12ヶ月以上
B25028056,1,2025/10/31,10884,0,49600,4960,0,54560,熊本支店,レンタル法人,0,新規,12ヶ月未満
B25028074,1,2025/10/31,11761,0,0,0,0,0,熊本支店,販売,0,新規,12ヶ月未満
B25028084,1,2025/10/31,13187,0,22000,2200,0,24200,熊本支店,レンタル法人,1,新規,12ヶ月未満
B25028106,1,2025/10/15,8000,0,14300,1430,0,15730,熊本支店,レンタル法人,6,新規,12ヶ月未満
B25028106,2,2025/11/15,8000,0,10400,1040,0,11440,熊本支店,レンタル法人,6,新規,12ヶ月未満
B25028106,3,2025/12/15,8000,0,10400,1040,0,11440,熊本支店,レンタル法人,6,新規,12ヶ月未満
B25028106,4,2026/1/15,8000,0,10400,1040,0,11440,熊本支店,レンタル法人,6,新規,12ヶ月未満
B25028106,5,2026/2/15,8000,0,10400,1040,0,11440,熊本支店,レンタル法人,6,新規,12ヶ月未満
B25028106,6,2026/3/15,8000,0,10400,1040,0,11440,熊本支店,レンタル法人,6,新規,12ヶ月未満
B25028188,1,2025/10/31,17485,0,40960,4096,0,45056,熊本支店,レンタル法人,4,新規,12ヶ月未満
B25028188,2,2025/11/30,17485,0,36960,3696,0,40656,熊本支店,レンタル法人,4,新規,12ヶ月未満
B25028188,3,2025/12/31,17485,0,36960,3696,0,40656,熊本支店,レンタル法人,4,新規,12ヶ月未満
B25028188,4,2026/1/31,17485,0,36960,3696,0,40656,熊本支店,レンタル法人,4,新規,12ヶ月未満
B25028188,5,2026/2/28,17485,0,36960,3696,0,40656,熊本支店,レンタル法人,4,新規,12ヶ月未満
B25028194,1,2025/10/31,10788,0,14000,1400,0,15400,熊本支店,販売,0,新規,12ヶ月未満
B25028202,1,2025/10/31,14182,0,19140,1914,0,21054,熊本支店,レンタル法人,3,延長,12ヶ月未満
B25028202,2,2025/11/30,14182,0,19140,1914,0,21054,熊本支店,レンタル法人,3,延長,12ヶ月未満
B25028202,3,2025/12/31,14182,0,19140,1914,0,21054,熊本支店,レンタル法人,3,延長,12ヶ月未満
B25028204,0,2025/10/9,17486,23100,0,0,0,23100,熊本支店,レンタル法人,2,新規,12ヶ月未満
B25028204,1,2025/10/31,17486,0,12200,1220,13420,0,熊本支店,レンタル法人,2,新規,12ヶ月未満
B25028204,2,2025/11/30,17486,0,8800,880,9680,0,熊本支店,レンタル法人,2,新規,12ヶ月未満
B25028213,1,2025/9/30,17489,0,9000,900,0,9900,熊本支店,レンタル法人,0,新規,12ヶ月未満
B25028217,1,2025/10/31,17491,0,3000,300,0,3300,熊本支店,レンタル法人,3,新規,12ヶ月未満
B25028217,2,2025/11/30,17491,0,3000,300,0,3300,熊本支店,レンタル法人,3,新規,12ヶ月未満
B25028217,3,2025/12/31,17491,0,3000,300,0,3300,熊本支店,レンタル法人,3,新規,12ヶ月未満
B25028233,0,2025/10/7,17495,15775,0,0,0,15775,熊本支店,レンタル法人,0,新規,12ヶ月未満
B25028233,1,2025/10/31,17495,0,14341,1434,15775,0,熊本支店,レンタル法人,0,新規,12ヶ月未満
B25028281,1,2025/10/31,13187,0,46500,4650,0,51150,熊本支店,レンタル法人,32,新規,12ヶ月以上
B25028281,2,2025/11/30,13187,0,17100,1710,0,18810,熊本支店,レンタル法人,32,新規,12ヶ月以上
B25028281,3,2025/12/31,13187,0,17100,1710,0,18810,熊本支店,レンタル法人,32,新規,12ヶ月以上
B25028281,4,2026/1/31,13187,0,17100,1710,0,18810,熊本支店,レンタル法人,32,新規,12ヶ月以上
B25028281,5,2026/2/28,13187,0,17100,1710,0,18810,熊本支店,レンタル法人,32,新規,12ヶ月以上
B25028281,6,2026/3/31,13187,0,17100,1710,0,18810,熊本支店,レンタル法人,32,新規,12ヶ月以上
B25028281,7,2026/4/30,13187,0,17100,1710,0,18810,熊本支店,レンタル法人,32,新規,12ヶ月以上
B25028281,8,2026/5/31,13187,0,17100,1710,0,18810,熊本支店,レンタル法人,32,新規,12ヶ月以上
B25028281,9,2026/6/30,13187,0,17100,1710,0,18810,熊本支店,レンタル法人,32,新規,12ヶ月以上
B25028281,10,2026/7/31,13187,0,17100,1710,0,18810,熊本支店,レンタル法人,32,新規,12ヶ月以上
B25028281,11,2026/8/31,13187,0,17100,1710,0,18810,熊本支店,レンタル法人,32,新規,12ヶ月以上
B25028282,1,2025/10/31,1401,0,6200,620,0,6820,熊本支店,レンタル法人,3,延長,12ヶ月未満
B25028282,2,2025/11/30,1401,0,6200,620,0,6820,熊本支店,レンタル法人,3,延長,12ヶ月未満
B25028282,3,2025/12/31,1401,0,6200,620,0,6820,熊本支店,レンタル法人,3,延長,12ヶ月未満
B25028284,1,2025/10/31,1401,0,12500,1250,0,13750,熊本支店,レンタル法人,3,延長,12ヶ月未満
B25028284,2,2025/11/30,1401,0,12500,1250,0,13750,熊本支店,レンタル法人,3,延長,12ヶ月未満
B25028284,3,2025/12/31,1401,0,12500,1250,0,13750,熊本支店,レンタル法人,3,延長,12ヶ月未満
B25028315,1,2025/11/30,8988,0,7200,720,0,7920,熊本支店,レンタル法人,36,新規,12ヶ月以上
B25028315,2,2025/12/31,8988,0,2000,200,0,2200,熊本支店,レンタル法人,36,新規,12ヶ月以上
B25028315,3,2026/1/31,8988,0,2000,200,0,2200,熊本支店,レンタル法人,36,新規,12ヶ月以上
B25028315,4,2026/2/28,8988,0,2000,200,0,2200,熊本支店,レンタル法人,36,新規,12ヶ月以上
B25028315,5,2026/3/31,8988,0,2000,200,0,2200,熊本支店,レンタル法人,36,新規,12ヶ月以上
B25028315,6,2026/4/30,8988,0,2000,200,0,2200,熊本支店,レンタル法人,36,新規,12ヶ月以上
B25028315,7,2026/5/31,8988,0,2000,200,0,2200,熊本支店,レンタル法人,36,新規,12ヶ月以上
B25028315,8,2026/6/30,8988,0,2000,200,0,2200,熊本支店,レンタル法人,36,新規,12ヶ月以上
B25028315,9,2026/7/31,8988,0,2000,200,0,2200,熊本支店,レンタル法人,36,新規,12ヶ月以上
B25028315,10,2026/8/31,8988,0,2000,200,0,2200,熊本支店,レンタル法人,36,新規,12ヶ月以上
B25028316,1,2025/11/30,8988,0,7800,780,0,8580,熊本支店,レンタル法人,36,新規,12ヶ月以上
B25028316,2,2025/12/31,8988,0,2000,200,0,2200,熊本支店,レンタル法人,36,新規,12ヶ月以上
B25028316,3,2026/1/31,8988,0,2000,200,0,2200,熊本支店,レンタル法人,36,新規,12ヶ月以上
B25028316,4,2026/2/28,8988,0,2000,200,0,2200,熊本支店,レンタル法人,36,新規,12ヶ月以上
B25028316,5,2026/3/31,8988,0,2000,200,0,2200,熊本支店,レンタル法人,36,新規,12ヶ月以上
B25028316,6,2026/4/30,8988,0,2000,200,0,2200,熊本支店,レンタル法人,36,新規,12ヶ月以上
B25028316,7,2026/5/31,8988,0,2000,200,0,2200,熊本支店,レンタル法人,36,新規,12ヶ月以上
B25028316,8,2026/6/30,8988,0,2000,200,0,2200,熊本支店,レンタル法人,36,新規,12ヶ月以上
B25028316,9,2026/7/31,8988,0,2000,200,0,2200,熊本支店,レンタル法人,36,新規,12ヶ月以上
B25028316,10,2026/8/31,8988,0,2000,200,0,2200,熊本支店,レンタル法人,36,新規,12ヶ月以上
B25028317,1,2025/11/30,8988,0,7800,780,0,8580,熊本支店,レンタル法人,36,新規,12ヶ月以上
B25028317,2,2025/12/31,8988,0,2000,200,0,2200,熊本支店,レンタル法人,36,新規,12ヶ月以上
B25028317,3,2026/1/31,8988,0,2000,200,0,2200,熊本支店,レンタル法人,36,新規,12ヶ月以上
B25028317,4,2026/2/28,8988,0,2000,200,0,2200,熊本支店,レンタル法人,36,新規,12ヶ月以上
B25028317,5,2026/3/31,8988,0,2000,200,0,2200,熊本支店,レンタル法人,36,新規,12ヶ月以上
B25028317,6,2026/4/30,8988,0,2000,200,0,2200,熊本支店,レンタル法人,36,新規,12ヶ月以上
B25028317,7,2026/5/31,8988,0,2000,200,0,2200,熊本支店,レンタル法人,36,新規,12ヶ月以上
B25028317,8,2026/6/30,8988,0,2000,200,0,2200,熊本支店,レンタル法人,36,新規,12ヶ月以上
B25028317,9,2026/7/31,8988,0,2000,200,0,2200,熊本支店,レンタル法人,36,新規,12ヶ月以上
B25028317,10,2026/8/31,8988,0,2000,200,0,2200,熊本支店,レンタル法人,36,新規,12ヶ月以上
B25028331,1,2025/10/31,10735,0,2728,272,0,3000,熊本支店,レンタル法人,6,延長,12ヶ月未満
B25028331,2,2025/11/30,10735,0,2728,272,0,3000,熊本支店,レンタル法人,6,延長,12ヶ月未満
B25028331,3,2025/12/31,10735,0,2728,272,0,3000,熊本支店,レンタル法人,6,延長,12ヶ月未満
B25028331,4,2026/1/31,10735,0,2728,272,0,3000,熊本支店,レンタル法人,6,延長,12ヶ月未満
B25028331,5,2026/2/28,10735,0,2728,272,0,3000,熊本支店,レンタル法人,6,延長,12ヶ月未満
B25028331,6,2026/3/31,10735,0,2728,272,0,3000,熊本支店,レンタル法人,6,延長,12ヶ月未満
B25028332,1,2025/10/31,10735,0,1819,181,0,2000,熊本支店,レンタル法人,1,延長,12ヶ月未満
B25028360,1,2025/10/31,12239,0,60000,6000,0,66000,熊本支店,販売,0,新規,12ヶ月未満
B25028416,1,2025/11/30,11577,0,30700,3070,0,33770,熊本支店,レンタル法人,36,新規,12ヶ月以上
B25028416,2,2025/12/31,11577,0,21700,2170,0,23870,熊本支店,レンタル法人,36,新規,12ヶ月以上
B25028416,3,2026/1/31,11577,0,21700,2170,0,23870,熊本支店,レンタル法人,36,新規,12ヶ月以上
B25028416,4,2026/2/28,11577,0,21700,2170,0,23870,熊本支店,レンタル法人,36,新規,12ヶ月以上
B25028416,5,2026/3/31,11577,0,21700,2170,0,23870,熊本支店,レンタル法人,36,新規,12ヶ月以上
B25028416,6,2026/4/30,11577,0,21700,2170,0,23870,熊本支店,レンタル法人,36,新規,12ヶ月以上
B25028416,7,2026/5/31,11577,0,21700,2170,0,23870,熊本支店,レンタル法人,36,新規,12ヶ月以上
B25028416,8,2026/6/30,11577,0,21700,2170,0,23870,熊本支店,レンタル法人,36,新規,12ヶ月以上
B25028416,9,2026/7/31,11577,0,21700,2170,0,23870,熊本支店,レンタル法人,36,新規,12ヶ月以上
B25028416,10,2026/8/31,11577,0,21700,2170,0,23870,熊本支店,レンタル法人,36,新規,12ヶ月以上
B25028424,1,2025/10/31,10788,0,88000,8800,0,96800,熊本支店,販売,0,新規,12ヶ月未満
B25028425,1,2025/10/31,10788,0,49800,4980,0,54780,熊本支店,販売,0,新規,12ヶ月未満
B25028432,1,2025/10/31,10788,0,90000,9000,0,99000,熊本支店,販売,0,新規,12ヶ月未満
B25028452,1,2025/10/31,14182,0,9280,928,0,10208,熊本支店,レンタル法人,3,新規,12ヶ月未満
B25028452,2,2025/11/30,14182,0,7380,738,0,8118,熊本支店,レンタル法人,3,新規,12ヶ月未満
B25028452,3,2025/12/31,14182,0,7380,738,0,8118,熊本支店,レンタル法人,3,新規,12ヶ月未満
B25028452,4,2026/1/31,14182,0,7380,738,0,8118,熊本支店,レンタル法人,3,新規,12ヶ月未満
B25028523,1,2025/10/31,16603,0,6000,600,0,6600,熊本支店,レンタル法人,48,新規,12ヶ月以上
B25028523,2,2025/11/30,16603,0,6000,600,0,6600,熊本支店,レンタル法人,48,新規,12ヶ月以上
B25028523,3,2025/12/31,16603,0,6000,600,0,6600,熊本支店,レンタル法人,48,新規,12ヶ月以上
B25028523,4,2026/1/31,16603,0,6000,600,0,6600,熊本支店,レンタル法人,48,新規,12ヶ月以上
B25028523,5,2026/2/28,16603,0,6000,600,0,6600,熊本支店,レンタル法人,48,新規,12ヶ月以上
B25028523,6,2026/3/31,16603,0,6000,600,0,6600,熊本支店,レンタル法人,48,新規,12ヶ月以上
B25028523,7,2026/4/30,16603,0,6000,600,0,6600,熊本支店,レンタル法人,48,新規,12ヶ月以上
B25028523,8,2026/5/31,16603,0,6000,600,0,6600,熊本支店,レンタル法人,48,新規,12ヶ月以上
B25028523,9,2026/6/30,16603,0,6000,600,0,6600,熊本支店,レンタル法人,48,新規,12ヶ月以上
B25028523,10,2026/7/31,16603,0,6000,600,0,6600,熊本支店,レンタル法人,48,新規,12ヶ月以上
B25028523,11,2026/8/31,16603,0,6000,600,0,6600,熊本支店,レンタル法人,48,新規,12ヶ月以上
B25028535,1,2025/10/31,8988,0,5800,580,0,6380,熊本支店,レンタル法人,36,新規,12ヶ月以上
B25028545,1,2025/10/31,10788,0,31000,3100,0,34100,熊本支店,販売,0,新規,12ヶ月未満
B25028577,1,2025/10/31,12299,0,6000,600,0,6600,熊本支店,レンタル法人,2,新規,12ヶ月未満
B25028579,1,2025/10/31,12299,0,8000,800,0,8800,熊本支店,レンタル法人,6,新規,12ヶ月未満
B25028579,2,2025/11/30,12299,0,8000,800,0,8800,熊本支店,レンタル法人,6,新規,12ヶ月未満
B25028579,3,2025/12/31,12299,0,8000,800,0,8800,熊本支店,レンタル法人,6,新規,12ヶ月未満
B25028579,4,2026/1/31,12299,0,8000,800,0,8800,熊本支店,レンタル法人,6,新規,12ヶ月未満
B25028579,5,2026/2/28,12299,0,8000,800,0,8800,熊本支店,レンタル法人,6,新規,12ヶ月未満
B25028579,6,2026/3/31,12299,0,8000,800,0,8800,熊本支店,レンタル法人,6,新規,12ヶ月未満
B25028587,1,2025/11/30,17421,0,9220,922,0,10142,熊本支店,レンタル法人,48,新規,12ヶ月以上
B25028587,2,2025/12/31,17421,0,6820,682,0,7502,熊本支店,レンタル法人,48,新規,12ヶ月以上
B25028587,3,2026/1/31,17421,0,6820,682,0,7502,熊本支店,レンタル法人,48,新規,12ヶ月以上
B25028587,4,2026/2/28,17421,0,6820,682,0,7502,熊本支店,レンタル法人,48,新規,12ヶ月以上
B25028587,5,2026/3/31,17421,0,6820,682,0,7502,熊本支店,レンタル法人,48,新規,12ヶ月以上
B25028587,6,2026/4/30,17421,0,6820,682,0,7502,熊本支店,レンタル法人,48,新規,12ヶ月以上
B25028587,7,2026/5/31,17421,0,6820,682,0,7502,熊本支店,レンタル法人,48,新規,12ヶ月以上
B25028587,8,2026/6/30,17421,0,6820,682,0,7502,熊本支店,レンタル法人,48,新規,12ヶ月以上
B25028587,9,2026/7/31,17421,0,6820,682,0,7502,熊本支店,レンタル法人,48,新規,12ヶ月以上
B25028587,10,2026/8/31,17421,0,6820,682,0,7502,熊本支店,レンタル法人,48,新規,12ヶ月以上
B25028639,1,2025/11/30,11771,0,14400,1440,0,15840,熊本支店,レンタル法人,60,新規,12ヶ月以上
B25028639,2,2025/12/31,11771,0,11400,1140,0,12540,熊本支店,レンタル法人,60,新規,12ヶ月以上
B25028639,3,2026/1/31,11771,0,11400,1140,0,12540,熊本支店,レンタル法人,60,新規,12ヶ月以上
B25028639,4,2026/2/28,11771,0,11400,1140,0,12540,熊本支店,レンタル法人,60,新規,12ヶ月以上
B25028639,5,2026/3/31,11771,0,11400,1140,0,12540,熊本支店,レンタル法人,60,新規,12ヶ月以上
B25028639,6,2026/4/30,11771,0,11400,1140,0,12540,熊本支店,レンタル法人,60,新規,12ヶ月以上
B25028639,7,2026/5/31,11771,0,11400,1140,0,12540,熊本支店,レンタル法人,60,新規,12ヶ月以上
B25028639,8,2026/6/30,11771,0,11400,1140,0,12540,熊本支店,レンタル法人,60,新規,12ヶ月以上
B25028639,9,2026/7/31,11771,0,11400,1140,0,12540,熊本支店,レンタル法人,60,新規,12ヶ月以上
B25028639,10,2026/8/31,11771,0,11400,1140,0,12540,熊本支店,レンタル法人,60,新規,12ヶ月以上
B25028642,1,2025/11/30,17468,0,40320,4032,0,44352,熊本支店,レンタル法人,0,新規,12ヶ月未満
B25028666,1,2025/10/31,14350,0,25200,2520,0,27720,熊本支店,レンタル法人,1,新規,12ヶ月未満
B25028692,1,2025/10/31,15585,0,77200,7720,0,84920,熊本支店,レンタル法人,1,新規,12ヶ月未満
B25028694,1,2025/10/31,17519,0,79920,7992,0,87912,熊本支店,レンタル法人,0,新規,12ヶ月未満
B25028702,1,2025/11/30,10784,0,9600,960,0,10560,熊本支店,レンタル法人,0,新規,12ヶ月未満
B25028720,1,2025/10/31,1401,0,14500,1450,0,15950,熊本支店,レンタル法人,1,新規,12ヶ月未満
B25028736,1,2025/10/31,8072,0,16600,1660,0,18260,熊本支店,販売,0,新規,12ヶ月未満
B25028782,1,2025/10/31,8988,0,3200,320,0,3520,熊本支店,レンタル法人,1,新規,12ヶ月未満
B25028822,1,2025/10/31,10856,0,40000,4000,0,44000,熊本支店,販売,0,新規,12ヶ月未満
B25028835,1,2025/10/31,16982,0,16500,1650,0,18150,熊本支店,レンタル法人,36,新規,12ヶ月以上
B25028835,2,2025/11/30,16982,0,8500,850,0,9350,熊本支店,レンタル法人,36,新規,12ヶ月以上
B25028835,3,2025/12/31,16982,0,8500,850,0,9350,熊本支店,レンタル法人,36,新規,12ヶ月以上
B25028835,4,2026/1/31,16982,0,8500,850,0,9350,熊本支店,レンタル法人,36,新規,12ヶ月以上
B25028835,5,2026/2/28,16982,0,8500,850,0,9350,熊本支店,レンタル法人,36,新規,12ヶ月以上
B25028835,6,2026/3/31,16982,0,8500,850,0,9350,熊本支店,レンタル法人,36,新規,12ヶ月以上
B25028835,7,2026/4/30,16982,0,8500,850,0,9350,熊本支店,レンタル法人,36,新規,12ヶ月以上
B25028835,8,2026/5/31,16982,0,8500,850,0,9350,熊本支店,レンタル法人,36,新規,12ヶ月以上
B25028835,9,2026/6/30,16982,0,8500,850,0,9350,熊本支店,レンタル法人,36,新規,12ヶ月以上
B25028835,10,2026/7/31,16982,0,8500,850,0,9350,熊本支店,レンタル法人,36,新規,12ヶ月以上
B25028835,11,2026/8/31,16982,0,8500,850,0,9350,熊本支店,レンタル法人,36,新規,12ヶ月以上
B25028841,1,2025/10/31,13187,0,119300,11930,0,131230,熊本支店,販売,1,新規,12ヶ月未満
B25028843,1,2025/10/31,5357,0,7200,720,0,7920,熊本支店,レンタル法人,1,新規,12ヶ月未満
B25028858,1,2025/11/30,13085,0,77200,7720,0,84920,熊本支店,レンタル法人,1,新規,12ヶ月未満
B25028895,1,2025/10/31,14646,0,58000,5800,0,63800,熊本支店,レンタル法人,0,新規,12ヶ月未満
B25028913,0,2025/10/17,17541,205810,0,0,0,205810,熊本支店,レンタル法人,0,新規,12ヶ月未満
B25028913,1,2025/10/31,17541,0,187100,18710,205810,0,熊本支店,レンタル法人,0,新規,12ヶ月未満
B25028958,1,2025/12/31,15908,0,273000,27300,0,300300,熊本支店,レンタル法人,1,新規,12ヶ月未満
B25029041,1,2025/11/15,8000,0,6050,605,0,6655,熊本支店,レンタル法人,3,延長,12ヶ月未満
B25029041,2,2025/12/15,8000,0,6050,605,0,6655,熊本支店,レンタル法人,3,延長,12ヶ月未満
B25029041,3,2026/1/15,8000,0,6050,605,0,6655,熊本支店,レンタル法人,3,延長,12ヶ月未満
B25029086,1,2025/11/30,4041,0,81800,8180,0,89980,熊本支店,レンタル法人,0,新規,12ヶ月未満
B25029087,1,2025/11/30,4041,0,39000,3900,0,42900,熊本支店,レンタル法人,0,新規,12ヶ月未満
B25029088,1,2025/11/30,4041,0,78000,7800,0,85800,熊本支店,レンタル法人,0,新規,12ヶ月未満
B25029092,1,2025/10/31,17549,0,80500,8050,0,88550,熊本支店,レンタル法人,1,新規,12ヶ月未満
B25029105,1,2025/10/31,16962,0,18760,1876,0,20636,熊本支店,レンタル法人,0,新規,12ヶ月未満
B25029108,1,2025/11/30,12239,0,190000,19000,0,209000,熊本支店,販売,0,新規,12ヶ月未満
B25029109,1,2025/11/30,12239,0,40000,4000,0,44000,熊本支店,販売,0,新規,12ヶ月未満
B25029119,1,2026/3/31,11154,0,108400,10840,0,119240,熊本支店,レンタル法人,5,新規,12ヶ月未満
B25029128,0,2025/10/16,17552,82731,0,0,0,82731,熊本支店,レンタル法人,3,新規,12ヶ月未満
B25029128,1,2025/10/31,17552,0,75210,7521,82731,0,熊本支店,レンタル法人,3,新規,12ヶ月未満
B25029128,2,2025/11/30,17552,0,55110,5511,0,60621,熊本支店,レンタル法人,3,新規,12ヶ月未満
B25029128,3,2025/12/31,17552,0,55110,5511,0,60621,熊本支店,レンタル法人,3,新規,12ヶ月未満
B25029150,1,2025/10/31,1401,0,12500,1250,0,13750,熊本支店,レンタル法人,3,延長,12ヶ月未満
B25029150,2,2025/11/30,1401,0,12500,1250,0,13750,熊本支店,レンタル法人,3,延長,12ヶ月未満
B25029150,3,2025/12/31,1401,0,12500,1250,0,13750,熊本支店,レンタル法人,3,延長,12ヶ月未満
B25029154,1,2025/10/31,12299,0,8000,800,0,8800,熊本支店,レンタル法人,6,延長,12ヶ月未満
B25029154,2,2025/11/30,12299,0,8000,800,0,8800,熊本支店,レンタル法人,6,延長,12ヶ月未満
B25029154,3,2025/12/31,12299,0,8000,800,0,8800,熊本支店,レンタル法人,6,延長,12ヶ月未満
B25029154,4,2026/1/31,12299,0,8000,800,0,8800,熊本支店,レンタル法人,6,延長,12ヶ月未満
B25029154,5,2026/2/28,12299,0,8000,800,0,8800,熊本支店,レンタル法人,6,延長,12ヶ月未満
B25029154,6,2026/3/31,12299,0,8000,800,0,8800,熊本支店,レンタル法人,6,延長,12ヶ月未満
B25029156,1,2025/10/31,12299,0,25000,2500,0,27500,熊本支店,レンタル法人,1,延長,12ヶ月未満
B25029157,1,2025/10/31,12299,0,8000,800,0,8800,熊本支店,レンタル法人,3,延長,12ヶ月未満
B25029157,2,2025/11/30,12299,0,8000,800,0,8800,熊本支店,レンタル法人,3,延長,12ヶ月未満
B25029157,3,2025/12/31,12299,0,8000,800,0,8800,熊本支店,レンタル法人,3,延長,12ヶ月未満
B25029158,1,2025/10/31,12299,0,2700,270,0,2970,熊本支店,レンタル法人,3,延長,12ヶ月未満
B25029158,2,2025/11/30,12299,0,2700,270,0,2970,熊本支店,レンタル法人,3,延長,12ヶ月未満
B25029158,3,2025/12/31,12299,0,2700,270,0,2970,熊本支店,レンタル法人,3,延長,12ヶ月未満
B25029159,1,2025/10/31,1401,0,7400,740,0,8140,熊本支店,レンタル法人,1,延長,12ヶ月未満
B25029162,1,2025/10/31,1401,0,5000,500,0,5500,熊本支店,レンタル法人,3,延長,12ヶ月未満
B25029162,2,2025/11/30,1401,0,5000,500,0,5500,熊本支店,レンタル法人,3,延長,12ヶ月未満
B25029162,3,2025/12/31,1401,0,5000,500,0,5500,熊本支店,レンタル法人,3,延長,12ヶ月未満
B25029163,1,2025/10/31,1401,0,4000,400,0,4400,熊本支店,レンタル法人,3,延長,12ヶ月未満
B25029163,2,2025/11/30,1401,0,4000,400,0,4400,熊本支店,レンタル法人,3,延長,12ヶ月未満
B25029163,3,2025/12/31,1401,0,4000,400,0,4400,熊本支店,レンタル法人,3,延長,12ヶ月未満
B25029164,1,2025/10/31,1401,0,12400,1240,0,13640,熊本支店,レンタル法人,3,延長,12ヶ月未満
B25029164,2,2025/11/30,1401,0,12400,1240,0,13640,熊本支店,レンタル法人,3,延長,12ヶ月未満
B25029164,3,2025/12/31,1401,0,12400,1240,0,13640,熊本支店,レンタル法人,3,延長,12ヶ月未満
B25029165,1,2025/10/31,1401,0,6200,620,0,6820,熊本支店,レンタル法人,3,延長,12ヶ月未満
B25029165,2,2025/11/30,1401,0,6200,620,0,6820,熊本支店,レンタル法人,3,延長,12ヶ月未満
B25029165,3,2025/12/31,1401,0,6200,620,0,6820,熊本支店,レンタル法人,3,延長,12ヶ月未満
B25029166,1,2025/10/31,1401,0,14000,1400,0,15400,熊本支店,レンタル法人,1,延長,12ヶ月未満
B25029167,1,2025/10/31,1401,0,23000,2300,0,25300,熊本支店,レンタル法人,1,延長,12ヶ月未満
B25029169,1,2025/10/31,1401,0,6100,610,0,6710,熊本支店,レンタル法人,1,延長,12ヶ月未満
B25029185,1,2025/10/31,17152,0,14000,1400,0,15400,熊本支店,レンタル法人,0,新規,12ヶ月未満
B25029258,1,2025/10/31,12299,0,7200,720,0,7920,熊本支店,レンタル法人,0,新規,12ヶ月未満
B25029262,1,2025/10/31,14279,0,12000,1200,0,13200,熊本支店,レンタル法人,5,新規,12ヶ月未満
B25029262,2,2025/11/30,14279,0,12000,1200,0,13200,熊本支店,レンタル法人,5,新規,12ヶ月未満
B25029262,3,2025/12/31,14279,0,12000,1200,0,13200,熊本支店,レンタル法人,5,新規,12ヶ月未満
B25029262,4,2026/1/31,14279,0,12000,1200,0,13200,熊本支店,レンタル法人,5,新規,12ヶ月未満
B25029262,5,2026/2/28,14279,0,12000,1200,0,13200,熊本支店,レンタル法人,5,新規,12ヶ月未満
B25029262,6,2026/3/31,14279,0,12000,1200,0,13200,熊本支店,レンタル法人,5,新規,12ヶ月未満
B25029309,1,2025/10/31,17568,0,9400,940,0,10340,熊本支店,レンタル法人,0,新規,12ヶ月未満
B25029312,1,2025/10/31,7559,0,10500,1050,0,11550,熊本支店,レンタル法人,0,新規,12ヶ月未満
B25029318,1,2025/10/31,7559,0,22400,2240,0,24640,熊本支店,レンタル法人,0,新規,12ヶ月未満
B25029442,1,2025/10/31,10788,0,8800,880,0,9680,熊本支店,レンタル法人,10,新規,12ヶ月未満
B25029442,2,2025/11/30,10788,0,7300,730,0,8030,熊本支店,レンタル法人,10,新規,12ヶ月未満
B25029442,3,2025/12/31,10788,0,7300,730,0,8030,熊本支店,レンタル法人,10,新規,12ヶ月未満
B25029442,4,2026/1/31,10788,0,7300,730,0,8030,熊本支店,レンタル法人,10,新規,12ヶ月未満
B25029442,5,2026/2/28,10788,0,7300,730,0,8030,熊本支店,レンタル法人,10,新規,12ヶ月未満
B25029442,6,2026/3/31,10788,0,7300,730,0,8030,熊本支店,レンタル法人,10,新規,12ヶ月未満
B25029442,7,2026/4/30,10788,0,7300,730,0,8030,熊本支店,レンタル法人,10,新規,12ヶ月未満
B25029442,8,2026/5/31,10788,0,7300,730,0,8030,熊本支店,レンタル法人,10,新規,12ヶ月未満
B25029442,9,2026/6/30,10788,0,7300,730,0,8030,熊本支店,レンタル法人,10,新規,12ヶ月未満
B25029442,10,2026/7/31,10788,0,7300,730,0,8030,熊本支店,レンタル法人,10,新規,12ヶ月未満
B25029461,1,2025/11/30,17573,0,11800,1180,0,12980,熊本支店,レンタル法人,5,新規,12ヶ月未満
B25029461,2,2025/12/31,17573,0,8400,840,0,9240,熊本支店,レンタル法人,5,新規,12ヶ月未満
B25029461,3,2026/1/31,17573,0,8400,840,0,9240,熊本支店,レンタル法人,5,新規,12ヶ月未満
B25029461,4,2026/2/28,17573,0,8400,840,0,9240,熊本支店,レンタル法人,5,新規,12ヶ月未満
B25029461,5,2026/3/31,17573,0,8400,840,0,9240,熊本支店,レンタル法人,5,新規,12ヶ月未満
B25029470,1,2025/10/31,10788,0,37000,3700,0,40700,熊本支店,販売,0,新規,12ヶ月未満
B25029476,1,2025/11/30,10059,0,100800,10080,0,110880,熊本支店,レンタル法人,0,新規,12ヶ月未満
B25029494,0,2025/10/21,17577,14190,0,0,0,14190,熊本支店,レンタル法人,1,新規,12ヶ月未満
B25029494,1,2025/10/31,17577,0,12900,1290,14190,0,熊本支店,レンタル法人,1,新規,12ヶ月未満
B25029513,0,2025/10/24,17579,3520,0,0,0,3520,熊本支店,レンタル法人,0,新規,12ヶ月未満
B25029513,1,2025/10/31,17579,0,3200,320,3520,0,熊本支店,レンタル法人,0,新規,12ヶ月未満
B25029522,1,2025/10/31,15884,0,10250,1025,0,11275,熊本支店,販売,0,新規,12ヶ月未満
B25029543,1,2025/10/31,15884,0,28000,2800,0,30800,熊本支店,販売,0,新規,12ヶ月未満
B25029544,1,2025/10/31,10784,0,53000,5300,0,58300,熊本支店,役務,1,新規,12ヶ月未満
B25029546,1,2025/10/31,10784,0,97600,9760,0,107360,熊本支店,役務,1,新規,12ヶ月未満
B25029550,0,2025/10/24,17583,35640,0,0,0,35640,熊本支店,レンタル法人,0,新規,12ヶ月未満
B25029550,1,2025/11/30,17583,0,32400,3240,35640,0,熊本支店,レンタル法人,0,新規,12ヶ月未満
B25029551,1,2025/10/31,15884,0,70100,7010,0,77110,熊本支店,販売,0,新規,12ヶ月未満
B25029656,1,2025/11/30,12299,0,9800,980,0,10780,熊本支店,レンタル法人,5,新規,12ヶ月未満
B25029656,2,2025/12/31,12299,0,9000,900,0,9900,熊本支店,レンタル法人,5,新規,12ヶ月未満
B25029656,3,2026/1/31,12299,0,9000,900,0,9900,熊本支店,レンタル法人,5,新規,12ヶ月未満
B25029656,4,2026/2/28,12299,0,9000,900,0,9900,熊本支店,レンタル法人,5,新規,12ヶ月未満
B25029656,5,2026/3/31,12299,0,9000,900,0,9900,熊本支店,レンタル法人,5,新規,12ヶ月未満
B25029675,1,2025/11/30,12172,0,0,0,0,0,熊本支店,レンタル法人,0,新規,12ヶ月未満
B25029700,1,2025/10/31,5852,0,9000,900,0,9900,熊本支店,レンタル法人,1,新規,12ヶ月未満
B25029714,1,2025/11/30,12191,0,12000,1200,0,13200,熊本支店,レンタル法人,12,延長,12ヶ月未満
B25029714,2,2025/12/31,12191,0,12000,1200,0,13200,熊本支店,レンタル法人,12,延長,12ヶ月未満
B25029714,3,2026/1/31,12191,0,12000,1200,0,13200,熊本支店,レンタル法人,12,延長,12ヶ月未満
B25029714,4,2026/2/28,12191,0,12000,1200,0,13200,熊本支店,レンタル法人,12,延長,12ヶ月未満
B25029714,5,2026/3/31,12191,0,12000,1200,0,13200,熊本支店,レンタル法人,12,延長,12ヶ月未満
B25029714,6,2026/4/30,12191,0,12000,1200,0,13200,熊本支店,レンタル法人,12,延長,12ヶ月未満
B25029714,7,2026/5/31,12191,0,12000,1200,0,13200,熊本支店,レンタル法人,12,延長,12ヶ月未満
B25029714,8,2026/6/30,12191,0,12000,1200,0,13200,熊本支店,レンタル法人,12,延長,12ヶ月未満
B25029714,9,2026/7/31,12191,0,12000,1200,0,13200,熊本支店,レンタル法人,12,延長,12ヶ月未満
B25029714,10,2026/8/31,12191,0,12000,1200,0,13200,熊本支店,レンタル法人,12,延長,12ヶ月未満
B25029796,1,2025/10/31,17552,0,16360,1636,0,17996,熊本支店,レンタル法人,1,新規,12ヶ月未満
B25029804,1,2025/11/30,10856,0,5600,560,0,6160,熊本支店,レンタル法人,24,新規,12ヶ月以上
B25029804,2,2025/12/31,10856,0,5600,560,0,6160,熊本支店,レンタル法人,24,新規,12ヶ月以上
B25029804,3,2026/1/31,10856,0,5600,560,0,6160,熊本支店,レンタル法人,24,新規,12ヶ月以上
B25029804,4,2026/2/28,10856,0,5600,560,0,6160,熊本支店,レンタル法人,24,新規,12ヶ月以上
B25029804,5,2026/3/31,10856,0,5600,560,0,6160,熊本支店,レンタル法人,24,新規,12ヶ月以上
B25029804,6,2026/4/30,10856,0,5600,560,0,6160,熊本支店,レンタル法人,24,新規,12ヶ月以上
B25029804,7,2026/5/31,10856,0,5600,560,0,6160,熊本支店,レンタル法人,24,新規,12ヶ月以上
B25029804,8,2026/6/30,10856,0,5600,560,0,6160,熊本支店,レンタル法人,24,新規,12ヶ月以上
B25029804,9,2026/7/31,10856,0,5600,560,0,6160,熊本支店,レンタル法人,24,新規,12ヶ月以上
B25029804,10,2026/8/31,10856,0,5600,560,0,6160,熊本支店,レンタル法人,24,新規,12ヶ月以上
B25029814,1,2025/10/31,11715,0,141000,14100,0,155100,熊本支店,販売,0,新規,12ヶ月未満
B25029910,1,2025/11/30,13266,0,229201,22920,0,252121,熊本支店,レンタル法人,0,新規,12ヶ月未満
B25029953,1,2025/11/30,8988,0,15600,1560,0,17160,熊本支店,レンタル法人,36,新規,12ヶ月以上
B25029953,2,2025/12/31,8988,0,4000,400,0,4400,熊本支店,レンタル法人,36,新規,12ヶ月以上
B25029953,3,2026/1/31,8988,0,4000,400,0,4400,熊本支店,レンタル法人,36,新規,12ヶ月以上
B25029953,4,2026/2/28,8988,0,4000,400,0,4400,熊本支店,レンタル法人,36,新規,12ヶ月以上
B25029953,5,2026/3/31,8988,0,4000,400,0,4400,熊本支店,レンタル法人,36,新規,12ヶ月以上
B25029953,6,2026/4/30,8988,0,4000,400,0,4400,熊本支店,レンタル法人,36,新規,12ヶ月以上
B25029953,7,2026/5/31,8988,0,4000,400,0,4400,熊本支店,レンタル法人,36,新規,12ヶ月以上
B25029953,8,2026/6/30,8988,0,4000,400,0,4400,熊本支店,レンタル法人,36,新規,12ヶ月以上
B25029953,9,2026/7/31,8988,0,4000,400,0,4400,熊本支店,レンタル法人,36,新規,12ヶ月以上
B25029953,10,2026/8/31,8988,0,4000,400,0,4400,熊本支店,レンタル法人,36,新規,12ヶ月以上
B25029984,1,2025/11/30,4294,0,9600,960,0,10560,熊本支店,レンタル法人,1,延長,12ヶ月未満
B25029988,1,2025/11/30,12239,0,40000,4000,0,44000,熊本支店,販売,0,新規,12ヶ月未満
B25029989,1,2025/11/30,12239,0,40000,4000,0,44000,熊本支店,販売,0,新規,12ヶ月未満
B25030001,1,2025/10/31,10788,0,36200,3620,0,39820,熊本支店,レンタル法人,0,新規,12ヶ月未満
B25030002,1,2025/11/30,8988,0,7800,780,0,8580,熊本支店,レンタル法人,36,新規,12ヶ月以上
B25030002,2,2025/12/31,8988,0,2000,200,0,2200,熊本支店,レンタル法人,36,新規,12ヶ月以上
B25030002,3,2026/1/31,8988,0,2000,200,0,2200,熊本支店,レンタル法人,36,新規,12ヶ月以上
B25030002,4,2026/2/28,8988,0,2000,200,0,2200,熊本支店,レンタル法人,36,新規,12ヶ月以上
B25030002,5,2026/3/31,8988,0,2000,200,0,2200,熊本支店,レンタル法人,36,新規,12ヶ月以上
B25030002,6,2026/4/30,8988,0,2000,200,0,2200,熊本支店,レンタル法人,36,新規,12ヶ月以上
B25030002,7,2026/5/31,8988,0,2000,200,0,2200,熊本支店,レンタル法人,36,新規,12ヶ月以上
B25030002,8,2026/6/30,8988,0,2000,200,0,2200,熊本支店,レンタル法人,36,新規,12ヶ月以上
B25030002,9,2026/7/31,8988,0,2000,200,0,2200,熊本支店,レンタル法人,36,新規,12ヶ月以上
B25030002,10,2026/8/31,8988,0,2000,200,0,2200,熊本支店,レンタル法人,36,新規,12ヶ月以上
B25030009,1,2025/10/31,17590,0,32400,3240,0,35640,熊本支店,レンタル法人,0,新規,12ヶ月未満
B25030012,1,2025/11/30,11577,0,7800,780,0,8580,熊本支店,レンタル法人,36,新規,12ヶ月以上
B25030012,2,2025/12/31,11577,0,300,30,0,330,熊本支店,レンタル法人,36,新規,12ヶ月以上
B25030012,3,2026/1/31,11577,0,300,30,0,330,熊本支店,レンタル法人,36,新規,12ヶ月以上
B25030012,4,2026/2/28,11577,0,300,30,0,330,熊本支店,レンタル法人,36,新規,12ヶ月以上
B25030012,5,2026/3/31,11577,0,300,30,0,330,熊本支店,レンタル法人,36,新規,12ヶ月以上
B25030012,6,2026/4/30,11577,0,300,30,0,330,熊本支店,レンタル法人,36,新規,12ヶ月以上
B25030012,7,2026/5/31,11577,0,300,30,0,330,熊本支店,レンタル法人,36,新規,12ヶ月以上
B25030012,8,2026/6/30,11577,0,300,30,0,330,熊本支店,レンタル法人,36,新規,12ヶ月以上
B25030012,9,2026/7/31,11577,0,300,30,0,330,熊本支店,レンタル法人,36,新規,12ヶ月以上
B25030012,10,2026/8/31,11577,0,300,30,0,330,熊本支店,レンタル法人,36,新規,12ヶ月以上
B25030140,1,2025/10/31,10489,0,2728,272,0,3000,熊本支店,レンタル法人,1,延長,12ヶ月未満
B25030141,1,2025/10/31,10489,0,8182,818,0,9000,熊本支店,レンタル法人,6,延長,12ヶ月未満
B25030141,2,2025/11/30,10489,0,8182,818,0,9000,熊本支店,レンタル法人,6,延長,12ヶ月未満
B25030141,3,2025/12/31,10489,0,8182,818,0,9000,熊本支店,レンタル法人,6,延長,12ヶ月未満
B25030141,4,2026/1/31,10489,0,8182,818,0,9000,熊本支店,レンタル法人,6,延長,12ヶ月未満
B25030141,5,2026/2/28,10489,0,8182,818,0,9000,熊本支店,レンタル法人,6,延長,12ヶ月未満
B25030141,6,2026/3/31,10489,0,8182,818,0,9000,熊本支店,レンタル法人,6,延長,12ヶ月未満
B25030142,1,2025/10/31,10489,0,2728,272,0,3000,熊本支店,レンタル法人,6,延長,12ヶ月未満
B25030142,2,2025/11/30,10489,0,2728,272,0,3000,熊本支店,レンタル法人,6,延長,12ヶ月未満
B25030142,3,2025/12/31,10489,0,2728,272,0,3000,熊本支店,レンタル法人,6,延長,12ヶ月未満
B25030142,4,2026/1/31,10489,0,2728,272,0,3000,熊本支店,レンタル法人,6,延長,12ヶ月未満
B25030142,5,2026/2/28,10489,0,2728,272,0,3000,熊本支店,レンタル法人,6,延長,12ヶ月未満
B25030142,6,2026/3/31,10489,0,2728,272,0,3000,熊本支店,レンタル法人,6,延長,12ヶ月未満
B25030144,1,2025/11/30,5338,0,30600,3060,0,33660,熊本支店,レンタル法人,3,新規,12ヶ月未満
B25030144,2,2025/12/31,5338,0,27000,2700,0,29700,熊本支店,レンタル法人,3,新規,12ヶ月未満
B25030144,3,2026/1/31,5338,0,27000,2700,0,29700,熊本支店,レンタル法人,3,新規,12ヶ月未満
B25030154,1,2025/10/31,10834,0,63600,6360,0,69960,熊本支店,レンタル法人,1,新規,12ヶ月未満
B25030154,2,2025/11/30,10834,0,50000,5000,0,55000,熊本支店,レンタル法人,1,新規,12ヶ月未満
B25030161,1,2025/10/31,10788,0,31200,3120,0,34320,熊本支店,レンタル法人,0,新規,12ヶ月未満
B25030163,1,2025/11/30,12299,0,15200,1520,0,16720,熊本支店,レンタル法人,2,新規,12ヶ月未満
B25030163,2,2025/12/31,12299,0,10000,1000,0,11000,熊本支店,レンタル法人,2,新規,12ヶ月未満
B25030165,1,2025/10/31,5852,0,8000,800,0,8800,熊本支店,レンタル法人,6,延長,12ヶ月未満
B25030165,2,2025/11/30,5852,0,8000,800,0,8800,熊本支店,レンタル法人,6,延長,12ヶ月未満
B25030165,3,2025/12/31,5852,0,8000,800,0,8800,熊本支店,レンタル法人,6,延長,12ヶ月未満
B25030165,4,2026/1/31,5852,0,8000,800,0,8800,熊本支店,レンタル法人,6,延長,12ヶ月未満
B25030165,5,2026/2/28,5852,0,8000,800,0,8800,熊本支店,レンタル法人,6,延長,12ヶ月未満
B25030165,6,2026/3/31,5852,0,8000,800,0,8800,熊本支店,レンタル法人,6,延長,12ヶ月未満
B25030166,1,2025/11/30,13187,0,4600,460,0,5060,熊本支店,レンタル法人,36,新規,12ヶ月以上
B25030166,2,2025/12/31,13187,0,2200,220,0,2420,熊本支店,レンタル法人,36,新規,12ヶ月以上
B25030166,3,2026/1/31,13187,0,2200,220,0,2420,熊本支店,レンタル法人,36,新規,12ヶ月以上
B25030166,4,2026/2/28,13187,0,2200,220,0,2420,熊本支店,レンタル法人,36,新規,12ヶ月以上
B25030166,5,2026/3/31,13187,0,2200,220,0,2420,熊本支店,レンタル法人,36,新規,12ヶ月以上
B25030166,6,2026/4/30,13187,0,2200,220,0,2420,熊本支店,レンタル法人,36,新規,12ヶ月以上
B25030166,7,2026/5/31,13187,0,2200,220,0,2420,熊本支店,レンタル法人,36,新規,12ヶ月以上
B25030166,8,2026/6/30,13187,0,2200,220,0,2420,熊本支店,レンタル法人,36,新規,12ヶ月以上
B25030166,9,2026/7/31,13187,0,2200,220,0,2420,熊本支店,レンタル法人,36,新規,12ヶ月以上
B25030166,10,2026/8/31,13187,0,2200,220,0,2420,熊本支店,レンタル法人,36,新規,12ヶ月以上
B25030174,1,2025/10/31,16297,0,2100,210,0,2310,熊本支店,販売,1,新規,12ヶ月未満
B25030181,1,2025/10/31,1401,0,145000,14500,0,159500,熊本支店,レンタル法人,0,新規,12ヶ月未満
B25030183,1,2025/10/31,10788,0,41000,4100,0,45100,熊本支店,販売,0,新規,12ヶ月未満
B25030186,0,2025/11/7,17602,158152,0,0,0,158152,熊本支店,レンタル法人,0,新規,12ヶ月未満
B25030186,1,2025/11/30,17602,0,143775,14377,158152,0,熊本支店,レンタル法人,0,新規,12ヶ月未満
B25030188,0,2025/11/25,13224,11220,0,0,0,11220,熊本支店,レンタル法人,0,新規,12ヶ月未満
B25030188,1,2025/11/30,13224,0,10200,1020,11220,0,熊本支店,レンタル法人,0,新規,12ヶ月未満
B25030193,1,2025/11/30,12299,0,5100,510,0,5610,熊本支店,レンタル法人,2,新規,12ヶ月未満
B25030193,2,2025/12/31,12299,0,3600,360,0,3960,熊本支店,レンタル法人,2,新規,12ヶ月未満
B25030197,1,2025/11/30,14182,0,19890,1989,0,21879,熊本支店,レンタル法人,2,延長,12ヶ月未満
B25030197,2,2025/12/31,14182,0,19890,1989,0,21879,熊本支店,レンタル法人,2,延長,12ヶ月未満
B25030198,1,2025/11/30,14182,0,6630,663,0,7293,熊本支店,レンタル法人,2,延長,12ヶ月未満
B25030198,2,2025/12/31,14182,0,6630,663,0,7293,熊本支店,レンタル法人,2,延長,12ヶ月未満
B25030199,1,2025/11/30,14182,0,7380,738,0,8118,熊本支店,レンタル法人,2,延長,12ヶ月未満
B25030199,2,2025/12/31,14182,0,7380,738,0,8118,熊本支店,レンタル法人,2,延長,12ヶ月未満
B25030204,1,2025/10/31,10788,0,11000,1100,0,12100,熊本支店,レンタル法人,3,延長,12ヶ月未満
B25030204,2,2025/11/30,10788,0,11000,1100,0,12100,熊本支店,レンタル法人,3,延長,12ヶ月未満
B25030204,3,2025/12/31,10788,0,11000,1100,0,12100,熊本支店,レンタル法人,3,延長,12ヶ月未満
B25030261,1,2025/10/31,5357,0,14300,1430,0,15730,熊本支店,レンタル法人,3,延長,12ヶ月未満
B25030261,2,2025/11/30,5357,0,14300,1430,0,15730,熊本支店,レンタル法人,3,延長,12ヶ月未満
B25030261,3,2025/12/31,5357,0,14300,1430,0,15730,熊本支店,レンタル法人,3,延長,12ヶ月未満
B25030262,1,2025/10/31,1401,0,3600,360,0,3960,熊本支店,レンタル法人,3,延長,12ヶ月未満
B25030262,2,2025/11/30,1401,0,3600,360,0,3960,熊本支店,レンタル法人,3,延長,12ヶ月未満
B25030262,3,2025/12/31,1401,0,3600,360,0,3960,熊本支店,レンタル法人,3,延長,12ヶ月未満
B25030263,1,2025/10/31,8317,0,4400,440,0,4840,熊本支店,レンタル法人,3,延長,12ヶ月未満
B25030263,2,2025/11/30,8317,0,4400,440,0,4840,熊本支店,レンタル法人,3,延長,12ヶ月未満
B25030263,3,2025/12/31,8317,0,4400,440,0,4840,熊本支店,レンタル法人,3,延長,12ヶ月未満
B25030264,1,2025/10/31,13187,0,5700,570,0,6270,熊本支店,レンタル法人,1,延長,12ヶ月未満
B25030265,1,2025/10/31,16732,0,12000,1200,0,13200,熊本支店,レンタル法人,1,延長,12ヶ月未満
B25030266,1,2025/10/31,9693,0,10400,1040,0,11440,熊本支店,レンタル法人,3,延長,12ヶ月未満
B25030266,2,2025/11/30,9693,0,10400,1040,0,11440,熊本支店,レンタル法人,3,延長,12ヶ月未満
B25030266,3,2025/12/31,9693,0,10400,1040,0,11440,熊本支店,レンタル法人,3,延長,12ヶ月未満
B25030267,1,2025/10/31,1401,0,7600,760,0,8360,熊本支店,レンタル法人,1,延長,12ヶ月未満
B25030269,1,2025/11/30,1401,0,23000,2300,0,25300,熊本支店,レンタル法人,3,延長,12ヶ月未満
B25030269,2,2025/12/31,1401,0,23000,2300,0,25300,熊本支店,レンタル法人,3,延長,12ヶ月未満
B25030269,3,2026/1/31,1401,0,23000,2300,0,25300,熊本支店,レンタル法人,3,延長,12ヶ月未満
B25030270,1,2025/11/30,1401,0,7400,740,0,8140,熊本支店,レンタル法人,3,延長,12ヶ月未満
B25030270,2,2025/12/31,1401,0,7400,740,0,8140,熊本支店,レンタル法人,3,延長,12ヶ月未満
B25030270,3,2026/1/31,1401,0,7400,740,0,8140,熊本支店,レンタル法人,3,延長,12ヶ月未満
B25030272,1,2025/10/31,1401,0,5000,500,0,5500,熊本支店,レンタル法人,4,延長,12ヶ月未満
B25030272,2,2025/11/30,1401,0,5000,500,0,5500,熊本支店,レンタル法人,4,延長,12ヶ月未満
B25030272,3,2025/12/31,1401,0,5000,500,0,5500,熊本支店,レンタル法人,4,延長,12ヶ月未満
B25030272,4,2026/1/31,1401,0,5000,500,0,5500,熊本支店,レンタル法人,4,延長,12ヶ月未満
B25030273,1,2025/11/30,1401,0,24800,2480,0,27280,熊本支店,レンタル法人,3,延長,12ヶ月未満
B25030273,2,2025/12/31,1401,0,24800,2480,0,27280,熊本支店,レンタル法人,3,延長,12ヶ月未満
B25030273,3,2026/1/31,1401,0,24800,2480,0,27280,熊本支店,レンタル法人,3,延長,12ヶ月未満
B25030274,1,2025/11/30,1401,0,5000,500,0,5500,熊本支店,レンタル法人,3,延長,12ヶ月未満
B25030274,2,2025/12/31,1401,0,5000,500,0,5500,熊本支店,レンタル法人,3,延長,12ヶ月未満
B25030274,3,2026/1/31,1401,0,5000,500,0,5500,熊本支店,レンタル法人,3,延長,12ヶ月未満
B25030275,1,2025/10/31,14384,0,5400,540,0,5940,熊本支店,レンタル法人,3,延長,12ヶ月未満
B25030275,2,2025/11/30,14384,0,5400,540,0,5940,熊本支店,レンタル法人,3,延長,12ヶ月未満
B25030275,3,2025/12/31,14384,0,5400,540,0,5940,熊本支店,レンタル法人,3,延長,12ヶ月未満
B25030278,1,2025/10/31,12299,0,6000,600,0,6600,熊本支店,レンタル法人,3,延長,12ヶ月未満
B25030278,2,2025/11/30,12299,0,6000,600,0,6600,熊本支店,レンタル法人,3,延長,12ヶ月未満
B25030278,3,2025/12/31,12299,0,6000,600,0,6600,熊本支店,レンタル法人,3,延長,12ヶ月未満
B25030279,1,2025/10/31,5357,0,7600,760,0,8360,熊本支店,レンタル法人,3,延長,12ヶ月未満
B25030279,2,2025/11/30,5357,0,7600,760,0,8360,熊本支店,レンタル法人,3,延長,12ヶ月未満
B25030279,3,2025/12/31,5357,0,7600,760,0,8360,熊本支店,レンタル法人,3,延長,12ヶ月未満
B25030280,1,2025/10/31,9693,0,9500,950,0,10450,熊本支店,レンタル法人,3,延長,12ヶ月未満
B25030280,2,2025/11/30,9693,0,9500,950,0,10450,熊本支店,レンタル法人,3,延長,12ヶ月未満
B25030280,3,2025/12/31,9693,0,9500,950,0,10450,熊本支店,レンタル法人,3,延長,12ヶ月未満
B25030281,1,2025/10/31,9693,0,31500,3150,0,34650,熊本支店,レンタル法人,3,延長,12ヶ月未満
B25030281,2,2025/11/30,9693,0,31500,3150,0,34650,熊本支店,レンタル法人,3,延長,12ヶ月未満
B25030281,3,2025/12/31,9693,0,31500,3150,0,34650,熊本支店,レンタル法人,3,延長,12ヶ月未満
B25030282,1,2025/10/31,8072,0,5500,550,0,6050,熊本支店,レンタル法人,1,延長,12ヶ月未満
B25030283,1,2025/10/31,13187,0,24000,2400,0,26400,熊本支店,レンタル法人,1,延長,12ヶ月未満
B25030284,1,2025/10/31,10744,0,11000,1100,0,12100,熊本支店,レンタル法人,1,延長,12ヶ月未満
B25030285,1,2025/10/31,10744,0,11000,1100,0,12100,熊本支店,レンタル法人,1,延長,12ヶ月未満
B25030286,1,2025/10/31,4294,0,6200,620,0,6820,熊本支店,レンタル法人,1,延長,12ヶ月未満
B25030287,1,2025/10/31,11577,0,19000,1900,0,20900,熊本支店,レンタル法人,1,延長,12ヶ月未満
B25030288,1,2025/10/31,4294,0,6800,680,0,7480,熊本支店,レンタル法人,1,延長,12ヶ月未満
B25030289,1,2025/10/31,12299,0,2500,250,0,2750,熊本支店,レンタル法人,3,延長,12ヶ月未満
B25030289,2,2025/11/30,12299,0,2500,250,0,2750,熊本支店,レンタル法人,3,延長,12ヶ月未満
B25030289,3,2025/12/31,12299,0,2500,250,0,2750,熊本支店,レンタル法人,3,延長,12ヶ月未満
B25030290,1,2025/10/31,5911,0,3800,380,0,4180,熊本支店,レンタル法人,1,延長,12ヶ月未満
B25030291,1,2025/10/31,5911,0,4300,430,0,4730,熊本支店,レンタル法人,1,延長,12ヶ月未満
B25030292,1,2025/10/31,13715,0,16000,1600,0,17600,熊本支店,レンタル法人,1,延長,12ヶ月未満
B25030293,1,2025/11/30,10756,0,42000,4200,0,46200,熊本支店,レンタル法人,1,延長,12ヶ月未満
B25030295,1,2025/10/31,9693,0,9500,950,0,10450,熊本支店,レンタル法人,3,延長,12ヶ月未満
B25030295,2,2025/11/30,9693,0,9500,950,0,10450,熊本支店,レンタル法人,3,延長,12ヶ月未満
B25030295,3,2025/12/31,9693,0,9500,950,0,10450,熊本支店,レンタル法人,3,延長,12ヶ月未満
B25030296,1,2025/10/31,5852,0,9000,900,0,9900,熊本支店,レンタル法人,2,延長,12ヶ月未満
B25030296,2,2025/11/30,5852,0,9000,900,0,9900,熊本支店,レンタル法人,2,延長,12ヶ月未満
B25030298,1,2025/10/31,10744,0,22000,2200,0,24200,熊本支店,レンタル法人,1,延長,12ヶ月未満
B25030299,1,2025/11/30,13187,0,22000,2200,0,24200,熊本支店,レンタル法人,1,延長,12ヶ月未満
B25030303,1,2025/11/30,12191,0,10400,1040,0,11440,熊本支店,レンタル法人,0,新規,12ヶ月未満
B25030371,1,2025/11/30,11577,0,13600,1360,0,14960,熊本支店,レンタル法人,2,新規,12ヶ月未満
B25030371,2,2025/12/31,11577,0,9100,910,0,10010,熊本支店,レンタル法人,2,新規,12ヶ月未満
B25030386,1,2025/10/31,9978,0,6200,620,0,6820,熊本支店,レンタル法人,0,新規,12ヶ月未満
B25030387,1,2025/11/30,9978,0,6200,620,0,6820,熊本支店,レンタル法人,0,新規,12ヶ月未満
B25030388,1,2025/11/30,9978,0,6200,620,0,6820,熊本支店,レンタル法人,0,新規,12ヶ月未満
B25030401,1,2025/10/31,17617,0,12000,1200,0,13200,熊本支店,レンタル法人,0,新規,12ヶ月未満
B25030402,1,2025/10/31,3939,0,15100,1510,0,16610,熊本支店,レンタル法人,1,延長,12ヶ月未満
B25030446,1,2025/11/30,10788,0,12000,1200,0,13200,熊本支店,レンタル法人,6,新規,12ヶ月未満
B25030446,2,2025/12/31,10788,0,7300,730,0,8030,熊本支店,レンタル法人,6,新規,12ヶ月未満
B25030446,3,2026/1/31,10788,0,7300,730,0,8030,熊本支店,レンタル法人,6,新規,12ヶ月未満
B25030446,4,2026/2/28,10788,0,7300,730,0,8030,熊本支店,レンタル法人,6,新規,12ヶ月未満
B25030446,5,2026/3/31,10788,0,7300,730,0,8030,熊本支店,レンタル法人,6,新規,12ヶ月未満
B25030446,6,2026/4/30,10788,0,7300,730,0,8030,熊本支店,レンタル法人,6,新規,12ヶ月未満
B25030456,0,2025/10/29,17621,27280,0,0,0,27280,熊本支店,レンタル法人,0,新規,12ヶ月未満
B25030456,1,2025/10/31,17621,0,24800,2480,27280,0,熊本支店,レンタル法人,0,新規,12ヶ月未満
B25030546,1,2025/11/30,13187,0,4600,460,0,5060,熊本支店,レンタル法人,36,新規,12ヶ月以上
B25030546,2,2025/12/31,13187,0,2200,220,0,2420,熊本支店,レンタル法人,36,新規,12ヶ月以上
B25030546,3,2026/1/31,13187,0,2200,220,0,2420,熊本支店,レンタル法人,36,新規,12ヶ月以上
B25030546,4,2026/2/28,13187,0,2200,220,0,2420,熊本支店,レンタル法人,36,新規,12ヶ月以上
B25030546,5,2026/3/31,13187,0,2200,220,0,2420,熊本支店,レンタル法人,36,新規,12ヶ月以上
B25030546,6,2026/4/30,13187,0,2200,220,0,2420,熊本支店,レンタル法人,36,新規,12ヶ月以上
B25030546,7,2026/5/31,13187,0,2200,220,0,2420,熊本支店,レンタル法人,36,新規,12ヶ月以上
B25030546,8,2026/6/30,13187,0,2200,220,0,2420,熊本支店,レンタル法人,36,新規,12ヶ月以上
B25030546,9,2026/7/31,13187,0,2200,220,0,2420,熊本支店,レンタル法人,36,新規,12ヶ月以上
B25030546,10,2026/8/31,13187,0,2200,220,0,2420,熊本支店,レンタル法人,36,新規,12ヶ月以上
B25030599,1,2025/10/31,17485,0,16600,1660,0,18260,熊本支店,レンタル法人,1,新規,12ヶ月未満
B25030612,1,2025/10/31,11356,0,50943,5094,0,56037,熊本支店,レンタル法人,2,新規,12ヶ月未満
B25030620,1,2025/11/30,10392,0,8410,841,0,9251,熊本支店,レンタル法人,4,新規,12ヶ月未満
B25030620,2,2025/12/31,10392,0,6480,648,0,7128,熊本支店,レンタル法人,4,新規,12ヶ月未満
B25030620,3,2026/1/31,10392,0,6480,648,0,7128,熊本支店,レンタル法人,4,新規,12ヶ月未満
B25030620,4,2026/2/28,10392,0,6480,648,0,7128,熊本支店,レンタル法人,4,新規,12ヶ月未満
B25030655,1,2025/11/30,10856,0,2800,280,0,3080,熊本支店,レンタル法人,24,新規,12ヶ月以上
B25030655,2,2025/12/31,10856,0,2800,280,0,3080,熊本支店,レンタル法人,24,新規,12ヶ月以上
B25030655,3,2026/1/31,10856,0,2800,280,0,3080,熊本支店,レンタル法人,24,新規,12ヶ月以上
B25030655,4,2026/2/28,10856,0,2800,280,0,3080,熊本支店,レンタル法人,24,新規,12ヶ月以上
B25030655,5,2026/3/31,10856,0,2800,280,0,3080,熊本支店,レンタル法人,24,新規,12ヶ月以上
B25030655,6,2026/4/30,10856,0,2800,280,0,3080,熊本支店,レンタル法人,24,新規,12ヶ月以上
B25030655,7,2026/5/31,10856,0,2800,280,0,3080,熊本支店,レンタル法人,24,新規,12ヶ月以上
B25030655,8,2026/6/30,10856,0,2800,280,0,3080,熊本支店,レンタル法人,24,新規,12ヶ月以上
B25030655,9,2026/7/31,10856,0,2800,280,0,3080,熊本支店,レンタル法人,24,新規,12ヶ月以上
B25030655,10,2026/8/31,10856,0,2800,280,0,3080,熊本支店,レンタル法人,24,新規,12ヶ月以上
B25030694,1,2025/11/30,9978,0,5600,560,0,6160,熊本支店,レンタル法人,0,新規,12ヶ月未満
B25030737,0,2025/11/6,17628,147778,0,0,0,147778,熊本支店,レンタル法人,1,新規,12ヶ月未満
B25030737,1,2025/11/30,17628,0,134344,13434,147778,0,熊本支店,レンタル法人,1,新規,12ヶ月未満
B25030769,1,2025/10/31,14076,0,14000,1400,0,15400,熊本支店,レンタル法人,0,新規,12ヶ月未満
B25030782,1,2026/1/31,17630,0,29000,2900,0,31900,熊本支店,レンタル法人,1,新規,12ヶ月未満
B25030816,1,2025/11/30,16410,0,21000,2100,0,23100,熊本支店,レンタル法人,1,新規,12ヶ月未満
B25030864,1,2025/11/30,7559,0,500,50,0,550,熊本支店,レンタル法人,0,新規,12ヶ月未満
B25030868,1,2025/11/30,17634,0,31600,3160,0,34760,熊本支店,レンタル法人,0,新規,12ヶ月未満
B25030886,1,2025/10/31,16776,0,18360,1836,0,20196,熊本支店,レンタル法人,1,延長,12ヶ月未満
B25030890,1,2025/10/31,1401,0,11000,1100,0,12100,熊本支店,レンタル法人,1,延長,12ヶ月未満
B25030920,1,2025/11/30,10744,0,11000,1100,0,12100,熊本支店,レンタル法人,1,新規,12ヶ月未満
B25030926,1,2025/11/30,9577,0,55400,5540,0,60940,熊本支店,レンタル法人,0,新規,12ヶ月未満
B25030930,1,2025/10/31,11577,0,35300,3530,0,38830,熊本支店,販売,0,新規,12ヶ月未満
B25030942,1,2025/10/31,1401,0,-1054,-105,0,-1159,熊本支店,レンタル法人,0,新規,12ヶ月未満
B25030945,1,2025/10/31,1401,0,-3674,-367,0,-4041,熊本支店,レンタル法人,0,新規,12ヶ月未満
B25030946,1,2025/10/31,1401,0,-1072,-107,0,-1179,熊本支店,レンタル法人,0,新規,12ヶ月未満
B25030983,1,2025/11/30,10982,0,0,0,0,0,熊本支店,レンタル法人,33,新規,12ヶ月以上
B25030985,1,2025/11/30,10982,0,0,0,0,0,熊本支店,レンタル法人,41,新規,12ヶ月以上
B25030992,1,2025/11/30,15613,0,38400,3840,0,42240,熊本支店,レンタル法人,0,新規,12ヶ月未満
B25031003,1,2025/11/30,8091,0,9900,990,0,10890,熊本支店,レンタル法人,1,新規,12ヶ月未満
B25031009,1,2025/11/30,8091,0,9400,940,0,10340,熊本支店,レンタル法人,1,新規,12ヶ月未満
B25031071,1,2025/11/30,12617,0,108800,10880,0,119680,熊本支店,レンタル法人,0,新規,12ヶ月未満
B25031102,1,2025/11/30,13187,0,10900,1090,0,11990,熊本支店,レンタル法人,31,新規,12ヶ月以上
B25031102,2,2025/12/31,13187,0,8500,850,0,9350,熊本支店,レンタル法人,31,新規,12ヶ月以上
B25031102,3,2026/1/31,13187,0,8500,850,0,9350,熊本支店,レンタル法人,31,新規,12ヶ月以上
B25031102,4,2026/2/28,13187,0,8500,850,0,9350,熊本支店,レンタル法人,31,新規,12ヶ月以上
B25031102,5,2026/3/31,13187,0,8500,850,0,9350,熊本支店,レンタル法人,31,新規,12ヶ月以上
B25031102,6,2026/4/30,13187,0,8500,850,0,9350,熊本支店,レンタル法人,31,新規,12ヶ月以上
B25031102,7,2026/5/31,13187,0,8500,850,0,9350,熊本支店,レンタル法人,31,新規,12ヶ月以上
B25031102,8,2026/6/30,13187,0,8500,850,0,9350,熊本支店,レンタル法人,31,新規,12ヶ月以上
B25031102,9,2026/7/31,13187,0,8500,850,0,9350,熊本支店,レンタル法人,31,新規,12ヶ月以上
B25031102,10,2026/8/31,13187,0,8500,850,0,9350,熊本支店,レンタル法人,31,新規,12ヶ月以上
B25031273,1,2025/11/30,5911,0,123200,12320,0,135520,熊本支店,レンタル法人,6,新規,12ヶ月未満
B25031274,1,2025/11/30,12299,0,5000,500,0,5500,熊本支店,レンタル法人,3,新規,12ヶ月未満
B25031274,2,2025/12/31,12299,0,2700,270,0,2970,熊本支店,レンタル法人,3,新規,12ヶ月未満
B25031274,3,2026/1/31,12299,0,2700,270,0,2970,熊本支店,レンタル法人,3,新規,12ヶ月未満
B25031310,0,2025/11/14,17653,11440,0,0,0,11440,熊本支店,レンタル法人,1,新規,12ヶ月未満
B25031310,1,2025/11/30,17653,0,10400,1040,11440,0,熊本支店,レンタル法人,1,新規,12ヶ月未満
B25031317,1,2025/11/30,10751,0,114000,11400,0,125400,熊本支店,販売,61,新規,12ヶ月以上
B25031324,1,2025/11/30,10059,0,39750,3975,0,43725,熊本支店,レンタル法人,0,新規,12ヶ月未満
B25031369,1,2025/11/15,8000,0,11950,1195,0,13145,熊本支店,レンタル法人,1,新規,12ヶ月未満
B25031378,1,2025/11/30,12299,0,8900,890,0,9790,熊本支店,レンタル法人,1,新規,12ヶ月未満
B25031379,1,2025/12/31,17243,0,17700,1770,0,19470,熊本支店,レンタル法人,0,新規,12ヶ月未満
B25031380,1,2025/12/31,17243,0,4000,400,0,4400,熊本支店,レンタル法人,0,新規,12ヶ月未満
B25031389,0,2025/11/11,17659,19800,0,0,0,19800,熊本支店,レンタル法人,0,新規,12ヶ月未満
B25031389,1,2025/11/30,17659,0,18000,1800,19800,0,熊本支店,レンタル法人,0,新規,12ヶ月未満
B25031398,1,2025/12/31,11577,0,7800,780,0,8580,熊本支店,レンタル法人,36,新規,12ヶ月以上
B25031398,2,2026/1/31,11577,0,300,30,0,330,熊本支店,レンタル法人,36,新規,12ヶ月以上
B25031398,3,2026/2/28,11577,0,300,30,0,330,熊本支店,レンタル法人,36,新規,12ヶ月以上
B25031398,4,2026/3/31,11577,0,300,30,0,330,熊本支店,レンタル法人,36,新規,12ヶ月以上
B25031398,5,2026/4/30,11577,0,300,30,0,330,熊本支店,レンタル法人,36,新規,12ヶ月以上
B25031398,6,2026/5/31,11577,0,300,30,0,330,熊本支店,レンタル法人,36,新規,12ヶ月以上
B25031398,7,2026/6/30,11577,0,300,30,0,330,熊本支店,レンタル法人,36,新規,12ヶ月以上
B25031398,8,2026/7/31,11577,0,300,30,0,330,熊本支店,レンタル法人,36,新規,12ヶ月以上
B25031398,9,2026/8/31,11577,0,300,30,0,330,熊本支店,レンタル法人,36,新規,12ヶ月以上
B25031404,1,2025/11/30,10784,0,3800,380,0,4180,熊本支店,役務,0,新規,12ヶ月未満
B25031405,1,2025/11/30,11577,0,24000,2400,0,26400,熊本支店,レンタル法人,0,新規,12ヶ月未満
B25031411,1,2025/11/30,10724,0,30500,3050,0,33550,熊本支店,販売,0,新規,12ヶ月未満
B25031419,1,2025/12/31,12548,0,65400,6540,0,71940,熊本支店,レンタル法人,0,新規,12ヶ月未満
B25031481,1,2025/12/31,11771,0,19050,1905,0,20955,熊本支店,レンタル法人,60,新規,12ヶ月以上
B25031481,2,2026/1/31,11771,0,14250,1425,0,15675,熊本支店,レンタル法人,60,新規,12ヶ月以上
B25031481,3,2026/2/28,11771,0,14250,1425,0,15675,熊本支店,レンタル法人,60,新規,12ヶ月以上
B25031481,4,2026/3/31,11771,0,14250,1425,0,15675,熊本支店,レンタル法人,60,新規,12ヶ月以上
B25031481,5,2026/4/30,11771,0,14250,1425,0,15675,熊本支店,レンタル法人,60,新規,12ヶ月以上
B25031481,6,2026/5/31,11771,0,14250,1425,0,15675,熊本支店,レンタル法人,60,新規,12ヶ月以上
B25031481,7,2026/6/30,11771,0,14250,1425,0,15675,熊本支店,レンタル法人,60,新規,12ヶ月以上
B25031481,8,2026/7/31,11771,0,14250,1425,0,15675,熊本支店,レンタル法人,60,新規,12ヶ月以上
B25031481,9,2026/8/31,11771,0,14250,1425,0,15675,熊本支店,レンタル法人,60,新規,12ヶ月以上
B25031499,1,2025/11/30,12239,0,165000,16500,0,181500,熊本支店,販売,0,新規,12ヶ月未満
B25031500,0,2025/11/6,17666,25520,0,0,0,25520,熊本支店,レンタル法人,0,新規,12ヶ月未満
B25031500,1,2025/11/30,17666,0,23200,2320,25520,0,熊本支店,レンタル法人,0,新規,12ヶ月未満
B25031505,1,2025/11/30,10788,0,31000,3100,0,34100,熊本支店,販売,0,新規,12ヶ月未満
B25031563,1,2025/11/30,10751,0,1200,120,0,1320,熊本支店,レンタル法人,60,新規,12ヶ月以上
B25031563,2,2025/12/31,10751,0,1200,120,0,1320,熊本支店,レンタル法人,60,新規,12ヶ月以上
B25031563,3,2026/1/31,10751,0,1200,120,0,1320,熊本支店,レンタル法人,60,新規,12ヶ月以上
B25031563,4,2026/2/28,10751,0,1200,120,0,1320,熊本支店,レンタル法人,60,新規,12ヶ月以上
B25031563,5,2026/3/31,10751,0,1200,120,0,1320,熊本支店,レンタル法人,60,新規,12ヶ月以上
B25031563,6,2026/4/30,10751,0,1200,120,0,1320,熊本支店,レンタル法人,60,新規,12ヶ月以上
B25031563,7,2026/5/31,10751,0,1200,120,0,1320,熊本支店,レンタル法人,60,新規,12ヶ月以上
B25031563,8,2026/6/30,10751,0,1200,120,0,1320,熊本支店,レンタル法人,60,新規,12ヶ月以上
B25031563,9,2026/7/31,10751,0,1200,120,0,1320,熊本支店,レンタル法人,60,新規,12ヶ月以上
B25031563,10,2026/8/31,10751,0,1200,120,0,1320,熊本支店,レンタル法人,60,新規,12ヶ月以上
B25031585,1,2025/11/30,12299,0,6300,630,0,6930,熊本支店,レンタル法人,4,新規,12ヶ月未満
B25031585,2,2025/12/31,12299,0,3600,360,0,3960,熊本支店,レンタル法人,4,新規,12ヶ月未満
B25031585,3,2026/1/31,12299,0,3600,360,0,3960,熊本支店,レンタル法人,4,新規,12ヶ月未満
B25031585,4,2026/2/28,12299,0,3600,360,0,3960,熊本支店,レンタル法人,4,新規,12ヶ月未満
B25031586,1,2025/11/30,12299,0,6300,630,0,6930,熊本支店,レンタル法人,4,新規,12ヶ月未満
B25031586,2,2025/12/31,12299,0,3600,360,0,3960,熊本支店,レンタル法人,4,新規,12ヶ月未満
B25031586,3,2026/1/31,12299,0,3600,360,0,3960,熊本支店,レンタル法人,4,新規,12ヶ月未満
B25031586,4,2026/2/28,12299,0,3600,360,0,3960,熊本支店,レンタル法人,4,新規,12ヶ月未満
B25031587,1,2025/11/30,17671,0,1600,160,0,1760,熊本支店,レンタル法人,60,新規,12ヶ月以上
B25031587,2,2025/12/31,17671,0,1600,160,0,1760,熊本支店,レンタル法人,60,新規,12ヶ月以上
B25031587,3,2026/1/31,17671,0,1600,160,0,1760,熊本支店,レンタル法人,60,新規,12ヶ月以上
B25031587,4,2026/2/28,17671,0,1600,160,0,1760,熊本支店,レンタル法人,60,新規,12ヶ月以上
B25031587,5,2026/3/31,17671,0,1600,160,0,1760,熊本支店,レンタル法人,60,新規,12ヶ月以上
B25031587,6,2026/4/30,17671,0,1600,160,0,1760,熊本支店,レンタル法人,60,新規,12ヶ月以上
B25031587,7,2026/5/31,17671,0,1600,160,0,1760,熊本支店,レンタル法人,60,新規,12ヶ月以上
B25031587,8,2026/6/30,17671,0,1600,160,0,1760,熊本支店,レンタル法人,60,新規,12ヶ月以上
B25031587,9,2026/7/31,17671,0,1600,160,0,1760,熊本支店,レンタル法人,60,新規,12ヶ月以上
B25031587,10,2026/8/31,17671,0,1600,160,0,1760,熊本支店,レンタル法人,60,新規,12ヶ月以上
B25031595,1,2025/11/30,4041,0,46800,4680,0,51480,熊本支店,レンタル法人,0,新規,12ヶ月未満
B25031596,1,2025/11/30,4041,0,60400,6040,0,66440,熊本支店,レンタル法人,0,新規,12ヶ月未満
B25031600,1,2025/11/30,10788,0,80000,8000,0,88000,熊本支店,販売,0,新規,12ヶ月未満
B25031627,1,2025/11/30,14350,0,22800,2280,0,25080,熊本支店,レンタル法人,1,延長,12ヶ月未満
B25031652,1,2025/11/30,5911,0,81510,8151,0,89661,熊本支店,レンタル法人,16,新規,12ヶ月以上
B25031652,2,2025/12/31,5911,0,45510,4551,0,50061,熊本支店,レンタル法人,16,新規,12ヶ月以上
B25031652,3,2026/1/31,5911,0,45510,4551,0,50061,熊本支店,レンタル法人,16,新規,12ヶ月以上
B25031652,4,2026/2/28,5911,0,45510,4551,0,50061,熊本支店,レンタル法人,16,新規,12ヶ月以上
B25031652,5,2026/3/31,5911,0,45510,4551,0,50061,熊本支店,レンタル法人,16,新規,12ヶ月以上
B25031652,6,2026/4/30,5911,0,45510,4551,0,50061,熊本支店,レンタル法人,16,新規,12ヶ月以上
B25031652,7,2026/5/31,5911,0,45510,4551,0,50061,熊本支店,レンタル法人,16,新規,12ヶ月以上
B25031652,8,2026/6/30,5911,0,45510,4551,0,50061,熊本支店,レンタル法人,16,新規,12ヶ月以上
B25031652,9,2026/7/31,5911,0,45510,4551,0,50061,熊本支店,レンタル法人,16,新規,12ヶ月以上
B25031652,10,2026/8/31,5911,0,45510,4551,0,50061,熊本支店,レンタル法人,16,新規,12ヶ月以上
B25031654,1,2025/11/30,15589,0,110000,11000,0,121000,熊本支店,レンタル法人,3,延長,12ヶ月未満
B25031654,2,2025/12/31,15589,0,110000,11000,0,121000,熊本支店,レンタル法人,3,延長,12ヶ月未満
B25031654,3,2026/1/31,15589,0,110000,11000,0,121000,熊本支店,レンタル法人,3,延長,12ヶ月未満
B25031655,1,2025/11/30,15589,0,35000,3500,0,38500,熊本支店,レンタル法人,3,延長,12ヶ月未満
B25031655,2,2025/12/31,15589,0,35000,3500,0,38500,熊本支店,レンタル法人,3,延長,12ヶ月未満
B25031655,3,2026/1/31,15589,0,35000,3500,0,38500,熊本支店,レンタル法人,3,延長,12ヶ月未満
B25031656,1,2025/11/30,1401,0,55000,5500,0,60500,熊本支店,レンタル法人,3,延長,12ヶ月未満
B25031656,2,2025/12/31,1401,0,55000,5500,0,60500,熊本支店,レンタル法人,3,延長,12ヶ月未満
B25031656,3,2026/1/31,1401,0,55000,5500,0,60500,熊本支店,レンタル法人,3,延長,12ヶ月未満
B25031657,1,2025/11/30,1401,0,23000,2300,0,25300,熊本支店,レンタル法人,3,延長,12ヶ月未満
B25031657,2,2025/12/31,1401,0,23000,2300,0,25300,熊本支店,レンタル法人,3,延長,12ヶ月未満
B25031657,3,2026/1/31,1401,0,23000,2300,0,25300,熊本支店,レンタル法人,3,延長,12ヶ月未満
B25031658,1,2025/11/30,1401,0,7500,750,0,8250,熊本支店,レンタル法人,3,延長,12ヶ月未満
B25031658,2,2025/12/31,1401,0,7500,750,0,8250,熊本支店,レンタル法人,3,延長,12ヶ月未満
B25031658,3,2026/1/31,1401,0,7500,750,0,8250,熊本支店,レンタル法人,3,延長,12ヶ月未満
B25031659,1,2025/11/30,1401,0,11500,1150,0,12650,熊本支店,レンタル法人,3,延長,12ヶ月未満
B25031659,2,2025/12/31,1401,0,11500,1150,0,12650,熊本支店,レンタル法人,3,延長,12ヶ月未満
B25031659,3,2026/1/31,1401,0,11500,1150,0,12650,熊本支店,レンタル法人,3,延長,12ヶ月未満
B25031660,1,2025/11/30,1401,0,4000,400,0,4400,熊本支店,レンタル法人,3,延長,12ヶ月未満
B25031660,2,2025/12/31,1401,0,4000,400,0,4400,熊本支店,レンタル法人,3,延長,12ヶ月未満
B25031660,3,2026/1/31,1401,0,4000,400,0,4400,熊本支店,レンタル法人,3,延長,12ヶ月未満
B25031661,1,2025/11/30,1401,0,6000,600,0,6600,熊本支店,レンタル法人,3,延長,12ヶ月未満
B25031661,2,2025/12/31,1401,0,6000,600,0,6600,熊本支店,レンタル法人,3,延長,12ヶ月未満
B25031661,3,2026/1/31,1401,0,6000,600,0,6600,熊本支店,レンタル法人,3,延長,12ヶ月未満
B25031662,1,2025/11/30,1401,0,6500,650,0,7150,熊本支店,レンタル法人,3,延長,12ヶ月未満
B25031662,2,2025/12/31,1401,0,6500,650,0,7150,熊本支店,レンタル法人,3,延長,12ヶ月未満
B25031662,3,2026/1/31,1401,0,6500,650,0,7150,熊本支店,レンタル法人,3,延長,12ヶ月未満
B25031663,1,2025/11/30,1401,0,7400,740,0,8140,熊本支店,レンタル法人,3,延長,12ヶ月未満
B25031663,2,2025/12/31,1401,0,7400,740,0,8140,熊本支店,レンタル法人,3,延長,12ヶ月未満
B25031663,3,2026/1/31,1401,0,7400,740,0,8140,熊本支店,レンタル法人,3,延長,12ヶ月未満
B25031664,1,2025/11/30,1401,0,6100,610,0,6710,熊本支店,レンタル法人,3,延長,12ヶ月未満
B25031664,2,2025/12/31,1401,0,6100,610,0,6710,熊本支店,レンタル法人,3,延長,12ヶ月未満
B25031664,3,2026/1/31,1401,0,6100,610,0,6710,熊本支店,レンタル法人,3,延長,12ヶ月未満
B25031669,1,2025/11/30,17676,0,14000,1400,0,15400,熊本支店,レンタル法人,3,新規,12ヶ月未満
B25031669,2,2025/12/31,17676,0,10000,1000,0,11000,熊本支店,レンタル法人,3,新規,12ヶ月未満
B25031669,3,2026/1/31,17676,0,10000,1000,0,11000,熊本支店,レンタル法人,3,新規,12ヶ月未満
B25031674,1,2025/11/30,15103,0,2728,272,0,3000,熊本支店,レンタル法人,6,延長,12ヶ月未満
B25031674,2,2025/12/31,15103,0,2728,272,0,3000,熊本支店,レンタル法人,6,延長,12ヶ月未満
B25031674,3,2026/1/31,15103,0,2728,272,0,3000,熊本支店,レンタル法人,6,延長,12ヶ月未満
B25031674,4,2026/2/28,15103,0,2728,272,0,3000,熊本支店,レンタル法人,6,延長,12ヶ月未満
B25031674,5,2026/3/31,15103,0,2728,272,0,3000,熊本支店,レンタル法人,6,延長,12ヶ月未満
B25031674,6,2026/4/30,15103,0,2728,272,0,3000,熊本支店,レンタル法人,6,延長,12ヶ月未満
B25031676,1,2025/11/30,10489,0,2728,272,0,3000,熊本支店,レンタル法人,6,延長,12ヶ月未満
B25031676,2,2025/12/31,10489,0,2728,272,0,3000,熊本支店,レンタル法人,6,延長,12ヶ月未満
B25031676,3,2026/1/31,10489,0,2728,272,0,3000,熊本支店,レンタル法人,6,延長,12ヶ月未満
B25031676,4,2026/2/28,10489,0,2728,272,0,3000,熊本支店,レンタル法人,6,延長,12ヶ月未満
B25031676,5,2026/3/31,10489,0,2728,272,0,3000,熊本支店,レンタル法人,6,延長,12ヶ月未満
B25031676,6,2026/4/30,10489,0,2728,272,0,3000,熊本支店,レンタル法人,6,延長,12ヶ月未満
B25031677,1,2025/11/30,10489,0,5455,545,0,6000,熊本支店,レンタル法人,6,延長,12ヶ月未満
B25031677,2,2025/12/31,10489,0,5455,545,0,6000,熊本支店,レンタル法人,6,延長,12ヶ月未満
B25031677,3,2026/1/31,10489,0,5455,545,0,6000,熊本支店,レンタル法人,6,延長,12ヶ月未満
B25031677,4,2026/2/28,10489,0,5455,545,0,6000,熊本支店,レンタル法人,6,延長,12ヶ月未満
B25031677,5,2026/3/31,10489,0,5455,545,0,6000,熊本支店,レンタル法人,6,延長,12ヶ月未満
B25031677,6,2026/4/30,10489,0,5455,545,0,6000,熊本支店,レンタル法人,6,延長,12ヶ月未満
B25031679,1,2025/11/30,10735,0,1819,181,0,2000,熊本支店,レンタル法人,1,延長,12ヶ月未満
B25031680,1,2025/11/30,10489,0,2728,272,0,3000,熊本支店,レンタル法人,1,延長,12ヶ月未満
B25031681,1,2025/11/30,10489,0,2728,272,0,3000,熊本支店,レンタル法人,6,延長,12ヶ月未満
B25031681,2,2025/12/31,10489,0,2728,272,0,3000,熊本支店,レンタル法人,6,延長,12ヶ月未満
B25031681,3,2026/1/31,10489,0,2728,272,0,3000,熊本支店,レンタル法人,6,延長,12ヶ月未満
B25031681,4,2026/2/28,10489,0,2728,272,0,3000,熊本支店,レンタル法人,6,延長,12ヶ月未満
B25031681,5,2026/3/31,10489,0,2728,272,0,3000,熊本支店,レンタル法人,6,延長,12ヶ月未満
B25031681,6,2026/4/30,10489,0,2728,272,0,3000,熊本支店,レンタル法人,6,延長,12ヶ月未満
B25031682,1,2025/11/30,10735,0,2728,272,0,3000,熊本支店,レンタル法人,6,延長,12ヶ月未満
B25031682,2,2025/12/31,10735,0,2728,272,0,3000,熊本支店,レンタル法人,6,延長,12ヶ月未満
B25031682,3,2026/1/31,10735,0,2728,272,0,3000,熊本支店,レンタル法人,6,延長,12ヶ月未満
B25031682,4,2026/2/28,10735,0,2728,272,0,3000,熊本支店,レンタル法人,6,延長,12ヶ月未満
B25031682,5,2026/3/31,10735,0,2728,272,0,3000,熊本支店,レンタル法人,6,延長,12ヶ月未満
B25031682,6,2026/4/30,10735,0,2728,272,0,3000,熊本支店,レンタル法人,6,延長,12ヶ月未満
B25031683,1,2025/11/30,10489,0,2728,272,0,3000,熊本支店,レンタル法人,6,延長,12ヶ月未満
B25031683,2,2025/12/31,10489,0,2728,272,0,3000,熊本支店,レンタル法人,6,延長,12ヶ月未満
B25031683,3,2026/1/31,10489,0,2728,272,0,3000,熊本支店,レンタル法人,6,延長,12ヶ月未満
B25031683,4,2026/2/28,10489,0,2728,272,0,3000,熊本支店,レンタル法人,6,延長,12ヶ月未満
B25031683,5,2026/3/31,10489,0,2728,272,0,3000,熊本支店,レンタル法人,6,延長,12ヶ月未満
B25031683,6,2026/4/30,10489,0,2728,272,0,3000,熊本支店,レンタル法人,6,延長,12ヶ月未満
B25031684,1,2025/11/30,10489,0,2728,272,0,3000,熊本支店,レンタル法人,6,延長,12ヶ月未満
B25031684,2,2025/12/31,10489,0,2728,272,0,3000,熊本支店,レンタル法人,6,延長,12ヶ月未満
B25031684,3,2026/1/31,10489,0,2728,272,0,3000,熊本支店,レンタル法人,6,延長,12ヶ月未満
B25031684,4,2026/2/28,10489,0,2728,272,0,3000,熊本支店,レンタル法人,6,延長,12ヶ月未満
B25031684,5,2026/3/31,10489,0,2728,272,0,3000,熊本支店,レンタル法人,6,延長,12ヶ月未満
B25031684,6,2026/4/30,10489,0,2728,272,0,3000,熊本支店,レンタル法人,6,延長,12ヶ月未満
B25031685,1,2025/12/31,10735,0,2728,272,0,3000,熊本支店,レンタル法人,6,延長,12ヶ月未満
B25031685,2,2026/1/31,10735,0,2728,272,0,3000,熊本支店,レンタル法人,6,延長,12ヶ月未満
B25031685,3,2026/2/28,10735,0,2728,272,0,3000,熊本支店,レンタル法人,6,延長,12ヶ月未満
B25031685,4,2026/3/31,10735,0,2728,272,0,3000,熊本支店,レンタル法人,6,延長,12ヶ月未満
B25031685,5,2026/4/30,10735,0,2728,272,0,3000,熊本支店,レンタル法人,6,延長,12ヶ月未満
B25031685,6,2026/5/31,10735,0,2728,272,0,3000,熊本支店,レンタル法人,6,延長,12ヶ月未満
B25031686,1,2025/11/30,10489,0,2728,272,0,3000,熊本支店,レンタル法人,2,延長,12ヶ月未満
B25031686,2,2025/12/31,10489,0,2728,272,0,3000,熊本支店,レンタル法人,2,延長,12ヶ月未満
B25031687,1,2025/12/31,10489,0,3637,363,0,4000,熊本支店,レンタル法人,6,延長,12ヶ月未満
B25031687,2,2026/1/31,10489,0,3637,363,0,4000,熊本支店,レンタル法人,6,延長,12ヶ月未満
B25031687,3,2026/2/28,10489,0,3637,363,0,4000,熊本支店,レンタル法人,6,延長,12ヶ月未満
B25031687,4,2026/3/31,10489,0,3637,363,0,4000,熊本支店,レンタル法人,6,延長,12ヶ月未満
B25031687,5,2026/4/30,10489,0,3637,363,0,4000,熊本支店,レンタル法人,6,延長,12ヶ月未満
B25031687,6,2026/5/31,10489,0,3637,363,0,4000,熊本支店,レンタル法人,6,延長,12ヶ月未満
B25031689,1,2025/12/31,10489,0,2728,272,0,3000,熊本支店,レンタル法人,6,延長,12ヶ月未満
B25031689,2,2026/1/31,10489,0,2728,272,0,3000,熊本支店,レンタル法人,6,延長,12ヶ月未満
B25031689,3,2026/2/28,10489,0,2728,272,0,3000,熊本支店,レンタル法人,6,延長,12ヶ月未満
B25031689,4,2026/3/31,10489,0,2728,272,0,3000,熊本支店,レンタル法人,6,延長,12ヶ月未満
B25031689,5,2026/4/30,10489,0,2728,272,0,3000,熊本支店,レンタル法人,6,延長,12ヶ月未満
B25031689,6,2026/5/31,10489,0,2728,272,0,3000,熊本支店,レンタル法人,6,延長,12ヶ月未満
B25031696,1,2025/12/31,10750,0,10000,1000,0,11000,熊本支店,レンタル法人,36,新規,12ヶ月以上
B25031696,2,2026/1/31,10750,0,10000,1000,0,11000,熊本支店,レンタル法人,36,新規,12ヶ月以上
B25031696,3,2026/2/28,10750,0,10000,1000,0,11000,熊本支店,レンタル法人,36,新規,12ヶ月以上
B25031696,4,2026/3/31,10750,0,10000,1000,0,11000,熊本支店,レンタル法人,36,新規,12ヶ月以上
B25031696,5,2026/4/30,10750,0,10000,1000,0,11000,熊本支店,レンタル法人,36,新規,12ヶ月以上
B25031696,6,2026/5/31,10750,0,10000,1000,0,11000,熊本支店,レンタル法人,36,新規,12ヶ月以上
B25031696,7,2026/6/30,10750,0,10000,1000,0,11000,熊本支店,レンタル法人,36,新規,12ヶ月以上
B25031696,8,2026/7/31,10750,0,10000,1000,0,11000,熊本支店,レンタル法人,36,新規,12ヶ月以上
B25031696,9,2026/8/31,10750,0,10000,1000,0,11000,熊本支店,レンタル法人,36,新規,12ヶ月以上
B25031698,1,2025/11/30,17679,0,54200,5420,0,59620,熊本支店,レンタル法人,0,新規,12ヶ月未満
B25031721,1,2025/12/31,8988,0,2150,215,0,2365,熊本支店,レンタル法人,36,新規,12ヶ月以上
B25031721,2,2026/1/31,8988,0,2150,215,0,2365,熊本支店,レンタル法人,36,新規,12ヶ月以上
B25031721,3,2026/2/28,8988,0,2150,215,0,2365,熊本支店,レンタル法人,36,新規,12ヶ月以上
B25031721,4,2026/3/31,8988,0,2150,215,0,2365,熊本支店,レンタル法人,36,新規,12ヶ月以上
B25031721,5,2026/4/30,8988,0,2150,215,0,2365,熊本支店,レンタル法人,36,新規,12ヶ月以上
B25031721,6,2026/5/31,8988,0,2150,215,0,2365,熊本支店,レンタル法人,36,新規,12ヶ月以上
B25031721,7,2026/6/30,8988,0,2150,215,0,2365,熊本支店,レンタル法人,36,新規,12ヶ月以上
B25031721,8,2026/7/31,8988,0,2150,215,0,2365,熊本支店,レンタル法人,36,新規,12ヶ月以上
B25031721,9,2026/8/31,8988,0,2150,215,0,2365,熊本支店,レンタル法人,36,新規,12ヶ月以上
B25031746,1,2025/11/30,10750,0,500,50,0,550,熊本支店,販売,0,新規,12ヶ月未満
B25031757,1,2025/11/30,17683,0,126240,12624,0,138864,熊本支店,レンタル法人,0,新規,12ヶ月未満
B25031763,1,2025/11/30,15589,0,120400,12040,0,132440,熊本支店,レンタル法人,5,新規,12ヶ月未満
B25031763,2,2025/12/31,15589,0,90000,9000,0,99000,熊本支店,レンタル法人,5,新規,12ヶ月未満
B25031763,3,2026/1/31,15589,0,90000,9000,0,99000,熊本支店,レンタル法人,5,新規,12ヶ月未満
B25031763,4,2026/2/28,15589,0,90000,9000,0,99000,熊本支店,レンタル法人,5,新規,12ヶ月未満
B25031763,5,2026/3/31,15589,0,90000,9000,0,99000,熊本支店,レンタル法人,5,新規,12ヶ月未満
B25031763,6,2026/4/30,15589,0,90000,9000,0,99000,熊本支店,レンタル法人,5,新規,12ヶ月未満
B25031794,1,2025/11/30,11771,0,34700,3470,0,38170,熊本支店,レンタル法人,1,新規,12ヶ月未満
B25031823,1,2025/12/31,10771,0,1800,180,0,1980,熊本支店,レンタル法人,36,新規,12ヶ月以上
B25031823,2,2026/1/31,10771,0,1800,180,0,1980,熊本支店,レンタル法人,36,新規,12ヶ月以上
B25031823,3,2026/2/28,10771,0,1800,180,0,1980,熊本支店,レンタル法人,36,新規,12ヶ月以上
B25031823,4,2026/3/31,10771,0,1800,180,0,1980,熊本支店,レンタル法人,36,新規,12ヶ月以上
B25031823,5,2026/4/30,10771,0,1800,180,0,1980,熊本支店,レンタル法人,36,新規,12ヶ月以上
B25031823,6,2026/5/31,10771,0,1800,180,0,1980,熊本支店,レンタル法人,36,新規,12ヶ月以上
B25031823,7,2026/6/30,10771,0,1800,180,0,1980,熊本支店,レンタル法人,36,新規,12ヶ月以上
B25031823,8,2026/7/31,10771,0,1800,180,0,1980,熊本支店,レンタル法人,36,新規,12ヶ月以上
B25031823,9,2026/8/31,10771,0,1800,180,0,1980,熊本支店,レンタル法人,36,新規,12ヶ月以上
B25031824,0,2025/11/10,17688,7700,0,0,0,7700,熊本支店,レンタル法人,0,新規,12ヶ月未満
B25031824,1,2025/11/30,17688,0,7000,700,7700,0,熊本支店,レンタル法人,0,新規,12ヶ月未満
B25031831,1,2025/11/30,17689,0,30840,3084,0,33924,熊本支店,レンタル法人,12,新規,12ヶ月未満
B25031831,2,2025/12/31,17689,0,22440,2244,0,24684,熊本支店,レンタル法人,12,新規,12ヶ月未満
B25031831,3,2026/1/31,17689,0,22440,2244,0,24684,熊本支店,レンタル法人,12,新規,12ヶ月未満
B25031831,4,2026/2/28,17689,0,22440,2244,0,24684,熊本支店,レンタル法人,12,新規,12ヶ月未満
B25031831,5,2026/3/31,17689,0,22440,2244,0,24684,熊本支店,レンタル法人,12,新規,12ヶ月未満
B25031831,6,2026/4/30,17689,0,22440,2244,0,24684,熊本支店,レンタル法人,12,新規,12ヶ月未満
B25031831,7,2026/5/31,17689,0,22440,2244,0,24684,熊本支店,レンタル法人,12,新規,12ヶ月未満
B25031831,8,2026/6/30,17689,0,22440,2244,0,24684,熊本支店,レンタル法人,12,新規,12ヶ月未満
B25031831,9,2026/7/31,17689,0,22440,2244,0,24684,熊本支店,レンタル法人,12,新規,12ヶ月未満
B25031831,10,2026/8/31,17689,0,22440,2244,0,24684,熊本支店,レンタル法人,12,新規,12ヶ月未満
B25031842,1,2025/12/31,12172,0,43340,4334,0,47674,熊本支店,レンタル法人,48,新規,12ヶ月以上
B25031842,2,2026/1/31,12172,0,3740,374,0,4114,熊本支店,レンタル法人,48,新規,12ヶ月以上
B25031842,3,2026/2/28,12172,0,3740,374,0,4114,熊本支店,レンタル法人,48,新規,12ヶ月以上
B25031842,4,2026/3/31,12172,0,3740,374,0,4114,熊本支店,レンタル法人,48,新規,12ヶ月以上
B25031842,5,2026/4/30,12172,0,3740,374,0,4114,熊本支店,レンタル法人,48,新規,12ヶ月以上
B25031842,6,2026/5/31,12172,0,3740,374,0,4114,熊本支店,レンタル法人,48,新規,12ヶ月以上
B25031842,7,2026/6/30,12172,0,3740,374,0,4114,熊本支店,レンタル法人,48,新規,12ヶ月以上
B25031842,8,2026/7/31,12172,0,3740,374,0,4114,熊本支店,レンタル法人,48,新規,12ヶ月以上
B25031842,9,2026/8/31,12172,0,3740,374,0,4114,熊本支店,レンタル法人,48,新規,12ヶ月以上
B25031902,0,2025/11/11,17694,8800,0,0,0,8800,熊本支店,レンタル法人,0,新規,12ヶ月未満
B25031902,1,2025/11/30,17694,0,8000,800,8800,0,熊本支店,レンタル法人,0,新規,12ヶ月未満
B25032003,1,2025/11/30,5357,0,6000,600,0,6600,熊本支店,レンタル法人,2,延長,12ヶ月未満
B25032003,2,2025/12/31,5357,0,6000,600,0,6600,熊本支店,レンタル法人,2,延長,12ヶ月未満
B25032006,1,2025/11/30,15884,0,43900,4390,0,48290,熊本支店,販売,0,新規,12ヶ月未満
B25032018,1,2025/11/30,7559,0,9400,940,0,10340,熊本支店,レンタル法人,0,新規,12ヶ月未満
B25032039,1,2025/11/30,15884,0,91700,9170,0,100870,熊本支店,販売,0,新規,12ヶ月未満
B25032044,1,2025/11/30,12299,0,20400,2040,0,22440,熊本支店,レンタル法人,4,新規,12ヶ月未満
B25032044,2,2025/12/31,12299,0,18000,1800,0,19800,熊本支店,レンタル法人,4,新規,12ヶ月未満
B25032044,3,2026/1/31,12299,0,18000,1800,0,19800,熊本支店,レンタル法人,4,新規,12ヶ月未満
B25032044,4,2026/2/28,12299,0,18000,1800,0,19800,熊本支店,レンタル法人,4,新規,12ヶ月未満
B25032044,5,2026/3/31,12299,0,18000,1800,0,19800,熊本支店,レンタル法人,4,新規,12ヶ月未満
B25032076,1,2025/11/30,13085,0,10720,1072,0,11792,熊本支店,レンタル法人,0,新規,12ヶ月未満
B25032084,1,2025/11/30,13266,0,215175,21517,0,236692,熊本支店,販売,0,新規,12ヶ月未満
B25032096,1,2025/11/30,17702,0,8800,880,0,9680,熊本支店,レンタル法人,0,新規,12ヶ月未満
B25032098,1,2025/11/30,12299,0,5400,540,0,5940,熊本支店,レンタル法人,0,新規,12ヶ月未満
B25032103,1,2025/11/30,17703,0,48600,4860,0,53460,熊本支店,レンタル法人,0,新規,12ヶ月未満
B25032110,1,2025/11/30,11577,0,0,0,0,0,熊本支店,役務,1,新規,12ヶ月未満
B25032128,1,2025/11/30,13187,0,23300,2330,0,25630,熊本支店,レンタル法人,30,新規,12ヶ月以上
B25032128,2,2025/12/31,13187,0,18500,1850,0,20350,熊本支店,レンタル法人,30,新規,12ヶ月以上
B25032128,3,2026/1/31,13187,0,18500,1850,0,20350,熊本支店,レンタル法人,30,新規,12ヶ月以上
B25032128,4,2026/2/28,13187,0,18500,1850,0,20350,熊本支店,レンタル法人,30,新規,12ヶ月以上
B25032128,5,2026/3/31,13187,0,18500,1850,0,20350,熊本支店,レンタル法人,30,新規,12ヶ月以上
B25032128,6,2026/4/30,13187,0,18500,1850,0,20350,熊本支店,レンタル法人,30,新規,12ヶ月以上
B25032128,7,2026/5/31,13187,0,18500,1850,0,20350,熊本支店,レンタル法人,30,新規,12ヶ月以上
B25032128,8,2026/6/30,13187,0,18500,1850,0,20350,熊本支店,レンタル法人,30,新規,12ヶ月以上
B25032128,9,2026/7/31,13187,0,18500,1850,0,20350,熊本支店,レンタル法人,30,新規,12ヶ月以上
B25032128,10,2026/8/31,13187,0,18500,1850,0,20350,熊本支店,レンタル法人,30,新規,12ヶ月以上
B25032139,1,2025/12/31,12239,0,75000,7500,0,82500,熊本支店,販売,0,新規,12ヶ月未満
B25032140,1,2025/12/31,12239,0,55000,5500,0,60500,熊本支店,販売,0,新規,12ヶ月未満
B25032142,1,2025/11/30,12239,0,33000,3300,0,36300,熊本支店,販売,0,新規,12ヶ月未満
B25032143,1,2025/11/30,12239,0,40000,4000,0,44000,熊本支店,販売,0,新規,12ヶ月未満
B25032145,1,2025/12/31,12239,0,60000,6000,0,66000,熊本支店,販売,0,新規,12ヶ月未満
B25032146,1,2025/12/31,12239,0,200000,20000,0,220000,熊本支店,販売,0,新規,12ヶ月未満
B25032153,1,2025/11/30,17634,0,52600,5260,0,57860,熊本支店,レンタル法人,0,新規,12ヶ月未満
B25032162,1,2025/11/30,17709,0,58080,5808,0,63888,熊本支店,レンタル法人,0,新規,12ヶ月未満
B25032164,0,2025/11/12,17710,9163,0,0,0,9163,熊本支店,レンタル法人,0,新規,12ヶ月未満
B25032164,1,2025/11/30,17710,0,8330,833,9163,0,熊本支店,レンタル法人,0,新規,12ヶ月未満
B25032216,1,2025/12/31,14801,0,11100,1110,0,12210,熊本支店,レンタル法人,48,新規,12ヶ月以上
B25032216,2,2026/1/31,14801,0,1900,190,0,2090,熊本支店,レンタル法人,48,新規,12ヶ月以上
B25032216,3,2026/2/28,14801,0,1900,190,0,2090,熊本支店,レンタル法人,48,新規,12ヶ月以上
B25032216,4,2026/3/31,14801,0,1900,190,0,2090,熊本支店,レンタル法人,48,新規,12ヶ月以上
B25032216,5,2026/4/30,14801,0,1900,190,0,2090,熊本支店,レンタル法人,48,新規,12ヶ月以上
B25032216,6,2026/5/31,14801,0,1900,190,0,2090,熊本支店,レンタル法人,48,新規,12ヶ月以上
B25032216,7,2026/6/30,14801,0,1900,190,0,2090,熊本支店,レンタル法人,48,新規,12ヶ月以上
B25032216,8,2026/7/31,14801,0,1900,190,0,2090,熊本支店,レンタル法人,48,新規,12ヶ月以上
B25032216,9,2026/8/31,14801,0,1900,190,0,2090,熊本支店,レンタル法人,48,新規,12ヶ月以上
B25032259,0,2025/11/13,17719,10303,0,0,0,10303,熊本支店,レンタル法人,0,新規,12ヶ月未満
B25032259,1,2025/11/30,17719,0,9367,936,10303,0,熊本支店,レンタル法人,0,新規,12ヶ月未満
B25032280,1,2025/11/30,17714,0,33640,3364,0,37004,熊本支店,レンタル法人,0,新規,12ヶ月未満
B25032282,1,2025/12/31,4041,0,117000,11700,0,128700,熊本支店,レンタル法人,0,新規,12ヶ月未満
B25032304,1,2025/12/31,10767,0,6000,600,0,6600,熊本支店,レンタル法人,48,新規,12ヶ月以上
B25032304,2,2026/1/31,10767,0,6000,600,0,6600,熊本支店,レンタル法人,48,新規,12ヶ月以上
B25032304,3,2026/2/28,10767,0,6000,600,0,6600,熊本支店,レンタル法人,48,新規,12ヶ月以上
B25032304,4,2026/3/31,10767,0,6000,600,0,6600,熊本支店,レンタル法人,48,新規,12ヶ月以上
B25032304,5,2026/4/30,10767,0,6000,600,0,6600,熊本支店,レンタル法人,48,新規,12ヶ月以上
B25032304,6,2026/5/31,10767,0,6000,600,0,6600,熊本支店,レンタル法人,48,新規,12ヶ月以上
B25032304,7,2026/6/30,10767,0,6000,600,0,6600,熊本支店,レンタル法人,48,新規,12ヶ月以上
B25032304,8,2026/7/31,10767,0,6000,600,0,6600,熊本支店,レンタル法人,48,新規,12ヶ月以上
B25032304,9,2026/8/31,10767,0,6000,600,0,6600,熊本支店,レンタル法人,48,新規,12ヶ月以上
B25032350,0,2025/11/14,14499,276760,0,0,0,276760,熊本支店,販売,0,新規,12ヶ月未満
B25032350,1,2025/11/30,14499,0,251600,25160,276760,0,熊本支店,販売,0,新規,12ヶ月未満
B25032355,1,2026/1/31,13402,0,54000,5400,0,59400,熊本支店,レンタル法人,0,新規,12ヶ月未満
B25032356,1,2025/11/30,12920,0,65000,6500,0,71500,熊本支店,販売,0,新規,12ヶ月未満
B25032357,1,2025/11/30,11577,0,34000,3400,0,37400,熊本支店,役務,0,新規,12ヶ月未満
B25032360,1,2025/11/30,17092,0,77160,7716,0,84876,熊本支店,レンタル法人,0,新規,12ヶ月未満
B25032388,1,2025/12/31,10767,0,4500,450,0,4950,熊本支店,レンタル法人,48,新規,12ヶ月以上
B25032388,2,2026/1/31,10767,0,4500,450,0,4950,熊本支店,レンタル法人,48,新規,12ヶ月以上
B25032388,3,2026/2/28,10767,0,4500,450,0,4950,熊本支店,レンタル法人,48,新規,12ヶ月以上
B25032388,4,2026/3/31,10767,0,4500,450,0,4950,熊本支店,レンタル法人,48,新規,12ヶ月以上
B25032388,5,2026/4/30,10767,0,4500,450,0,4950,熊本支店,レンタル法人,48,新規,12ヶ月以上
B25032388,6,2026/5/31,10767,0,4500,450,0,4950,熊本支店,レンタル法人,48,新規,12ヶ月以上
B25032388,7,2026/6/30,10767,0,4500,450,0,4950,熊本支店,レンタル法人,48,新規,12ヶ月以上
B25032388,8,2026/7/31,10767,0,4500,450,0,4950,熊本支店,レンタル法人,48,新規,12ヶ月以上
B25032388,9,2026/8/31,10767,0,4500,450,0,4950,熊本支店,レンタル法人,48,新規,12ヶ月以上
B25032389,1,2025/12/31,14384,0,1500,150,0,1650,熊本支店,レンタル法人,48,新規,12ヶ月以上
B25032389,2,2026/1/31,14384,0,1500,150,0,1650,熊本支店,レンタル法人,48,新規,12ヶ月以上
B25032389,3,2026/2/28,14384,0,1500,150,0,1650,熊本支店,レンタル法人,48,新規,12ヶ月以上
B25032389,4,2026/3/31,14384,0,1500,150,0,1650,熊本支店,レンタル法人,48,新規,12ヶ月以上
B25032389,5,2026/4/30,14384,0,1500,150,0,1650,熊本支店,レンタル法人,48,新規,12ヶ月以上
B25032389,6,2026/5/31,14384,0,1500,150,0,1650,熊本支店,レンタル法人,48,新規,12ヶ月以上
B25032389,7,2026/6/30,14384,0,1500,150,0,1650,熊本支店,レンタル法人,48,新規,12ヶ月以上
B25032389,8,2026/7/31,14384,0,1500,150,0,1650,熊本支店,レンタル法人,48,新規,12ヶ月以上
B25032389,9,2026/8/31,14384,0,1500,150,0,1650,熊本支店,レンタル法人,48,新規,12ヶ月以上
B25032479,1,2025/12/31,8988,0,37200,3720,0,40920,熊本支店,レンタル法人,36,新規,12ヶ月以上
B25032479,2,2026/1/31,8988,0,24000,2400,0,26400,熊本支店,レンタル法人,36,新規,12ヶ月以上
B25032479,3,2026/2/28,8988,0,24000,2400,0,26400,熊本支店,レンタル法人,36,新規,12ヶ月以上
B25032479,4,2026/3/31,8988,0,24000,2400,0,26400,熊本支店,レンタル法人,36,新規,12ヶ月以上
B25032479,5,2026/4/30,8988,0,24000,2400,0,26400,熊本支店,レンタル法人,36,新規,12ヶ月以上
B25032479,6,2026/5/31,8988,0,24000,2400,0,26400,熊本支店,レンタル法人,36,新規,12ヶ月以上
B25032479,7,2026/6/30,8988,0,24000,2400,0,26400,熊本支店,レンタル法人,36,新規,12ヶ月以上
B25032479,8,2026/7/31,8988,0,24000,2400,0,26400,熊本支店,レンタル法人,36,新規,12ヶ月以上
B25032479,9,2026/8/31,8988,0,24000,2400,0,26400,熊本支店,レンタル法人,36,新規,12ヶ月以上
B25032482,1,2025/12/31,11843,0,23600,2360,0,25960,熊本支店,レンタル法人,36,新規,12ヶ月以上
B25032482,2,2026/1/31,11843,0,14400,1440,0,15840,熊本支店,レンタル法人,36,新規,12ヶ月以上
B25032482,3,2026/2/28,11843,0,14400,1440,0,15840,熊本支店,レンタル法人,36,新規,12ヶ月以上
B25032482,4,2026/3/31,11843,0,14400,1440,0,15840,熊本支店,レンタル法人,36,新規,12ヶ月以上
B25032482,5,2026/4/30,11843,0,14400,1440,0,15840,熊本支店,レンタル法人,36,新規,12ヶ月以上
B25032482,6,2026/5/31,11843,0,14400,1440,0,15840,熊本支店,レンタル法人,36,新規,12ヶ月以上
B25032482,7,2026/6/30,11843,0,14400,1440,0,15840,熊本支店,レンタル法人,36,新規,12ヶ月以上
B25032482,8,2026/7/31,11843,0,14400,1440,0,15840,熊本支店,レンタル法人,36,新規,12ヶ月以上
B25032482,9,2026/8/31,11843,0,14400,1440,0,15840,熊本支店,レンタル法人,36,新規,12ヶ月以上
B25032483,1,2025/12/31,14801,0,77900,7790,0,85690,熊本支店,レンタル法人,48,新規,12ヶ月以上
B25032483,2,2026/1/31,14801,0,19500,1950,0,21450,熊本支店,レンタル法人,48,新規,12ヶ月以上
B25032483,3,2026/2/28,14801,0,19500,1950,0,21450,熊本支店,レンタル法人,48,新規,12ヶ月以上
B25032483,4,2026/3/31,14801,0,19500,1950,0,21450,熊本支店,レンタル法人,48,新規,12ヶ月以上
B25032483,5,2026/4/30,14801,0,19500,1950,0,21450,熊本支店,レンタル法人,48,新規,12ヶ月以上
B25032483,6,2026/5/31,14801,0,19500,1950,0,21450,熊本支店,レンタル法人,48,新規,12ヶ月以上
B25032483,7,2026/6/30,14801,0,19500,1950,0,21450,熊本支店,レンタル法人,48,新規,12ヶ月以上
B25032483,8,2026/7/31,14801,0,19500,1950,0,21450,熊本支店,レンタル法人,48,新規,12ヶ月以上
B25032483,9,2026/8/31,14801,0,19500,1950,0,21450,熊本支店,レンタル法人,48,新規,12ヶ月以上
B25032512,1,2025/11/30,15589,0,56000,5600,0,61600,熊本支店,レンタル法人,4,延長,12ヶ月未満
B25032512,2,2025/12/31,15589,0,56000,5600,0,61600,熊本支店,レンタル法人,4,延長,12ヶ月未満
B25032512,3,2026/1/31,15589,0,56000,5600,0,61600,熊本支店,レンタル法人,4,延長,12ヶ月未満
B25032512,4,2026/2/28,15589,0,56000,5600,0,61600,熊本支店,レンタル法人,4,延長,12ヶ月未満
B25032514,1,2025/11/30,1401,0,7600,760,0,8360,熊本支店,レンタル法人,1,延長,12ヶ月未満
B25032524,1,2025/11/30,581,0,7688,768,0,8456,熊本支店,レンタル法人,0,新規,12ヶ月未満
B25032525,1,2025/11/30,581,0,7688,768,0,8456,熊本支店,レンタル法人,0,新規,12ヶ月未満
B25032555,1,2025/11/30,10784,0,58400,5840,0,64240,熊本支店,役務,1,新規,12ヶ月未満
B25032613,1,2025/11/30,17740,0,84720,8472,0,93192,熊本支店,レンタル法人,0,新規,12ヶ月未満
B25032614,0,2025/11/21,17741,26928,0,0,0,26928,熊本支店,レンタル法人,0,新規,12ヶ月未満
B25032614,1,2025/11/30,17741,0,24480,2448,26928,0,熊本支店,レンタル法人,0,新規,12ヶ月未満
B25032619,1,2025/12/31,11771,0,20300,2030,0,22330,熊本支店,レンタル法人,60,新規,12ヶ月以上
B25032619,2,2026/1/31,11771,0,16500,1650,0,18150,熊本支店,レンタル法人,60,新規,12ヶ月以上
B25032619,3,2026/2/28,11771,0,16500,1650,0,18150,熊本支店,レンタル法人,60,新規,12ヶ月以上
B25032619,4,2026/3/31,11771,0,16500,1650,0,18150,熊本支店,レンタル法人,60,新規,12ヶ月以上
B25032619,5,2026/4/30,11771,0,16500,1650,0,18150,熊本支店,レンタル法人,60,新規,12ヶ月以上
B25032619,6,2026/5/31,11771,0,16500,1650,0,18150,熊本支店,レンタル法人,60,新規,12ヶ月以上
B25032619,7,2026/6/30,11771,0,16500,1650,0,18150,熊本支店,レンタル法人,60,新規,12ヶ月以上
B25032619,8,2026/7/31,11771,0,16500,1650,0,18150,熊本支店,レンタル法人,60,新規,12ヶ月以上
B25032619,9,2026/8/31,11771,0,16500,1650,0,18150,熊本支店,レンタル法人,60,新規,12ヶ月以上
B25032625,1,2025/11/30,987,0,10200,1020,0,11220,熊本支店,レンタル法人,0,新規,12ヶ月未満
B25032626,1,2025/11/30,10788,0,19000,1900,0,20900,熊本支店,販売,0,新規,12ヶ月未満
B25032647,1,2025/11/30,12617,0,28680,2868,0,31548,熊本支店,販売,0,新規,12ヶ月未満
B25032658,0,2025/11/19,17745,7370,0,0,0,7370,熊本支店,レンタル法人,0,新規,12ヶ月未満
B25032658,1,2025/11/30,17745,0,6700,670,7370,0,熊本支店,レンタル法人,0,新規,12ヶ月未満
B25032661,0,2025/12/25,17746,52140,0,0,0,52140,熊本支店,レンタル法人,5,新規,12ヶ月未満
B25032661,1,2026/1/31,17746,0,12400,1240,13640,0,熊本支店,レンタル法人,5,新規,12ヶ月未満
B25032661,2,2026/2/28,17746,0,7000,700,7700,0,熊本支店,レンタル法人,5,新規,12ヶ月未満
B25032661,3,2026/3/31,17746,0,7000,700,7700,0,熊本支店,レンタル法人,5,新規,12ヶ月未満
B25032661,4,2026/4/30,17746,0,7000,700,7700,0,熊本支店,レンタル法人,5,新規,12ヶ月未満
B25032661,5,2026/5/31,17746,0,7000,700,7700,0,熊本支店,レンタル法人,5,新規,12ヶ月未満
B25032661,6,2026/6/30,17746,0,7000,700,7700,0,熊本支店,レンタル法人,5,新規,12ヶ月未満
B25032721,1,2025/11/30,16732,0,9360,936,0,10296,熊本支店,レンタル法人,1,延長,12ヶ月未満
B25032725,1,2025/12/31,12239,0,55000,5500,0,60500,熊本支店,販売,0,新規,12ヶ月未満
B25032740,1,2025/12/31,17748,0,13440,1344,0,14784,熊本支店,レンタル法人,48,新規,12ヶ月以上
B25032740,2,2026/1/31,17748,0,8640,864,0,9504,熊本支店,レンタル法人,48,新規,12ヶ月以上
B25032740,3,2026/2/28,17748,0,8640,864,0,9504,熊本支店,レンタル法人,48,新規,12ヶ月以上
B25032740,4,2026/3/31,17748,0,8640,864,0,9504,熊本支店,レンタル法人,48,新規,12ヶ月以上
B25032740,5,2026/4/30,17748,0,8640,864,0,9504,熊本支店,レンタル法人,48,新規,12ヶ月以上
B25032740,6,2026/5/31,17748,0,8640,864,0,9504,熊本支店,レンタル法人,48,新規,12ヶ月以上
B25032740,7,2026/6/30,17748,0,8640,864,0,9504,熊本支店,レンタル法人,48,新規,12ヶ月以上
B25032740,8,2026/7/31,17748,0,8640,864,0,9504,熊本支店,レンタル法人,48,新規,12ヶ月以上
B25032740,9,2026/8/31,17748,0,8640,864,0,9504,熊本支店,レンタル法人,48,新規,12ヶ月以上
B25032754,1,2025/11/30,12299,0,6000,600,0,6600,熊本支店,レンタル法人,3,延長,12ヶ月未満
B25032754,2,2025/12/31,12299,0,6000,600,0,6600,熊本支店,レンタル法人,3,延長,12ヶ月未満
B25032754,3,2026/1/31,12299,0,6000,600,0,6600,熊本支店,レンタル法人,3,延長,12ヶ月未満
B25032755,1,2025/11/30,1401,0,4000,400,0,4400,熊本支店,レンタル法人,3,延長,12ヶ月未満
B25032755,2,2025/12/31,1401,0,4000,400,0,4400,熊本支店,レンタル法人,3,延長,12ヶ月未満
B25032755,3,2026/1/31,1401,0,4000,400,0,4400,熊本支店,レンタル法人,3,延長,12ヶ月未満
B25032756,1,2025/11/30,12299,0,7000,700,0,7700,熊本支店,レンタル法人,3,延長,12ヶ月未満
B25032756,2,2025/12/31,12299,0,7000,700,0,7700,熊本支店,レンタル法人,3,延長,12ヶ月未満
B25032756,3,2026/1/31,12299,0,7000,700,0,7700,熊本支店,レンタル法人,3,延長,12ヶ月未満
B25032758,1,2025/11/30,1401,0,11500,1150,0,12650,熊本支店,レンタル法人,3,延長,12ヶ月未満
B25032758,2,2025/12/31,1401,0,11500,1150,0,12650,熊本支店,レンタル法人,3,延長,12ヶ月未満
B25032758,3,2026/1/31,1401,0,11500,1150,0,12650,熊本支店,レンタル法人,3,延長,12ヶ月未満
B25032759,1,2025/11/30,4294,0,8000,800,0,8800,熊本支店,レンタル法人,1,延長,12ヶ月未満
B25032760,1,2025/11/30,12299,0,7000,700,0,7700,熊本支店,レンタル法人,3,延長,12ヶ月未満
B25032760,2,2025/12/31,12299,0,7000,700,0,7700,熊本支店,レンタル法人,3,延長,12ヶ月未満
B25032760,3,2026/1/31,12299,0,7000,700,0,7700,熊本支店,レンタル法人,3,延長,12ヶ月未満
B25032763,1,2025/11/30,12299,0,17400,1740,0,19140,熊本支店,レンタル法人,3,延長,12ヶ月未満
B25032763,2,2025/12/31,12299,0,17400,1740,0,19140,熊本支店,レンタル法人,3,延長,12ヶ月未満
B25032763,3,2026/1/31,12299,0,17400,1740,0,19140,熊本支店,レンタル法人,3,延長,12ヶ月未満
B25032764,1,2025/11/30,12299,0,5800,580,0,6380,熊本支店,レンタル法人,3,延長,12ヶ月未満
B25032764,2,2025/12/31,12299,0,5800,580,0,6380,熊本支店,レンタル法人,3,延長,12ヶ月未満
B25032764,3,2026/1/31,12299,0,5800,580,0,6380,熊本支店,レンタル法人,3,延長,12ヶ月未満
B25032766,1,2025/11/30,5911,0,3000,300,0,3300,熊本支店,レンタル法人,2,延長,12ヶ月未満
B25032766,2,2025/12/31,5911,0,3000,300,0,3300,熊本支店,レンタル法人,2,延長,12ヶ月未満
B25032777,1,2025/11/30,5357,0,7150,715,0,7865,熊本支店,レンタル法人,3,延長,12ヶ月未満
B25032777,2,2025/12/31,5357,0,7150,715,0,7865,熊本支店,レンタル法人,3,延長,12ヶ月未満
B25032777,3,2026/1/31,5357,0,7150,715,0,7865,熊本支店,レンタル法人,3,延長,12ヶ月未満
B25032779,1,2025/11/30,12299,0,4500,450,0,4950,熊本支店,レンタル法人,3,延長,12ヶ月未満
B25032779,2,2025/12/31,12299,0,4500,450,0,4950,熊本支店,レンタル法人,3,延長,12ヶ月未満
B25032779,3,2026/1/31,12299,0,4500,450,0,4950,熊本支店,レンタル法人,3,延長,12ヶ月未満
B25032783,1,2025/11/30,5357,0,6250,625,0,6875,熊本支店,レンタル法人,3,延長,12ヶ月未満
B25032783,2,2025/12/31,5357,0,6250,625,0,6875,熊本支店,レンタル法人,3,延長,12ヶ月未満
B25032783,3,2026/1/31,5357,0,6250,625,0,6875,熊本支店,レンタル法人,3,延長,12ヶ月未満
B25032785,1,2025/11/30,5357,0,7140,714,0,7854,熊本支店,レンタル法人,3,延長,12ヶ月未満
B25032785,2,2025/12/31,5357,0,7140,714,0,7854,熊本支店,レンタル法人,3,延長,12ヶ月未満
B25032785,3,2026/1/31,5357,0,7140,714,0,7854,熊本支店,レンタル法人,3,延長,12ヶ月未満
B25032788,1,2025/11/30,13187,0,2650,265,0,2915,熊本支店,レンタル法人,3,延長,12ヶ月未満
B25032788,2,2025/12/31,13187,0,2650,265,0,2915,熊本支店,レンタル法人,3,延長,12ヶ月未満
B25032788,3,2026/1/31,13187,0,2650,265,0,2915,熊本支店,レンタル法人,3,延長,12ヶ月未満
B25032789,1,2025/11/30,4294,0,5300,530,0,5830,熊本支店,レンタル法人,2,延長,12ヶ月未満
B25032789,2,2025/12/31,4294,0,5300,530,0,5830,熊本支店,レンタル法人,2,延長,12ヶ月未満
B25032790,1,2025/11/30,10744,0,11000,1100,0,12100,熊本支店,レンタル法人,3,延長,12ヶ月未満
B25032790,2,2025/12/31,10744,0,11000,1100,0,12100,熊本支店,レンタル法人,3,延長,12ヶ月未満
B25032790,3,2026/1/31,10744,0,11000,1100,0,12100,熊本支店,レンタル法人,3,延長,12ヶ月未満
B25032793,1,2025/12/31,12299,0,6000,600,0,6600,熊本支店,レンタル法人,2,延長,12ヶ月未満
B25032794,1,2025/11/30,1401,0,14000,1400,0,15400,熊本支店,レンタル法人,1,延長,12ヶ月未満
B25032795,1,2025/11/30,5852,0,9000,900,0,9900,熊本支店,レンタル法人,1,延長,12ヶ月未満
B25032796,1,2025/11/30,13187,0,5700,570,0,6270,熊本支店,レンタル法人,1,延長,12ヶ月未満
B25032797,1,2025/11/30,8072,0,5500,550,0,6050,熊本支店,レンタル法人,1,延長,12ヶ月未満
B25032798,1,2025/11/30,13187,0,24000,2400,0,26400,熊本支店,レンタル法人,1,延長,12ヶ月未満
B25032799,1,2025/11/30,10744,0,11000,1100,0,12100,熊本支店,レンタル法人,1,延長,12ヶ月未満
B25032800,1,2025/11/30,10744,0,11000,1100,0,12100,熊本支店,レンタル法人,1,延長,12ヶ月未満
B25032802,1,2025/11/30,4294,0,6200,620,0,6820,熊本支店,レンタル法人,1,延長,12ヶ月未満
B25032803,1,2025/11/30,11577,0,19000,1900,0,20900,熊本支店,レンタル法人,1,延長,12ヶ月未満
B25032805,1,2025/11/30,5911,0,3800,380,0,4180,熊本支店,レンタル法人,1,延長,12ヶ月未満
B25032806,1,2025/11/30,5911,0,4300,430,0,4730,熊本支店,レンタル法人,1,延長,12ヶ月未満
B25032807,1,2025/11/30,13715,0,16000,1600,0,17600,熊本支店,レンタル法人,1,延長,12ヶ月未満
B25032808,1,2025/12/31,10756,0,42000,4200,0,46200,熊本支店,レンタル法人,1,延長,12ヶ月未満
B25032809,1,2025/11/30,10744,0,22000,2200,0,24200,熊本支店,レンタル法人,2,延長,12ヶ月未満
B25032809,2,2025/12/31,10744,0,22000,2200,0,24200,熊本支店,レンタル法人,2,延長,12ヶ月未満
B25032810,1,2025/12/31,13187,0,22000,2200,0,24200,熊本支店,レンタル法人,1,延長,12ヶ月未満
B25032811,1,2025/11/30,3939,0,15100,1510,0,16610,熊本支店,レンタル法人,1,延長,12ヶ月未満
B25032813,1,2025/11/30,12299,0,12400,1240,0,13640,熊本支店,レンタル法人,4,新規,12ヶ月未満
B25032813,2,2025/12/31,12299,0,10000,1000,0,11000,熊本支店,レンタル法人,4,新規,12ヶ月未満
B25032813,3,2026/1/31,12299,0,10000,1000,0,11000,熊本支店,レンタル法人,4,新規,12ヶ月未満
B25032813,4,2026/2/28,12299,0,10000,1000,0,11000,熊本支店,レンタル法人,4,新規,12ヶ月未満
B25032821,0,2025/12/3,17751,21120,0,0,0,21120,熊本支店,レンタル法人,0,新規,12ヶ月未満
B25032821,1,2025/12/31,17751,0,19200,1920,21120,0,熊本支店,レンタル法人,0,新規,12ヶ月未満
B25032822,1,2025/11/30,12994,0,8200,820,0,9020,熊本支店,レンタル法人,0,新規,12ヶ月未満
B25032823,0,2025/12/2,17751,22000,0,0,0,22000,熊本支店,レンタル法人,0,新規,12ヶ月未満
B25032823,1,2025/12/31,17751,0,20000,2000,22000,0,熊本支店,レンタル法人,0,新規,12ヶ月未満
B25032845,1,2025/11/30,15589,0,288500,28850,0,317350,熊本支店,レンタル法人,3,延長,12ヶ月未満
B25032845,2,2025/12/31,15589,0,288500,28850,0,317350,熊本支店,レンタル法人,3,延長,12ヶ月未満
B25032845,3,2026/1/31,15589,0,288500,28850,0,317350,熊本支店,レンタル法人,3,延長,12ヶ月未満
B25032859,0,2025/11/20,17755,7040,0,0,0,7040,熊本支店,レンタル法人,0,新規,12ヶ月未満
B25032859,1,2025/11/30,17755,0,6400,640,7040,0,熊本支店,レンタル法人,0,新規,12ヶ月未満
B25032862,1,2025/11/30,1401,0,65800,6580,0,72380,熊本支店,レンタル法人,0,新規,12ヶ月未満
B25032867,1,2025/12/31,12172,0,42360,4236,0,46596,熊本支店,レンタル法人,60,新規,12ヶ月以上
B25032867,2,2026/1/31,12172,0,11760,1176,0,12936,熊本支店,レンタル法人,60,新規,12ヶ月以上
B25032867,3,2026/2/28,12172,0,11760,1176,0,12936,熊本支店,レンタル法人,60,新規,12ヶ月以上
B25032867,4,2026/3/31,12172,0,11760,1176,0,12936,熊本支店,レンタル法人,60,新規,12ヶ月以上
B25032867,5,2026/4/30,12172,0,11760,1176,0,12936,熊本支店,レンタル法人,60,新規,12ヶ月以上
B25032867,6,2026/5/31,12172,0,11760,1176,0,12936,熊本支店,レンタル法人,60,新規,12ヶ月以上
B25032867,7,2026/6/30,12172,0,11760,1176,0,12936,熊本支店,レンタル法人,60,新規,12ヶ月以上
B25032867,8,2026/7/31,12172,0,11760,1176,0,12936,熊本支店,レンタル法人,60,新規,12ヶ月以上
B25032867,9,2026/8/31,12172,0,11760,1176,0,12936,熊本支店,レンタル法人,60,新規,12ヶ月以上
B25032875,1,2025/12/31,2213,0,10800,1080,0,11880,熊本支店,レンタル法人,12,新規,12ヶ月未満
B25032875,2,2026/1/31,2213,0,6000,600,0,6600,熊本支店,レンタル法人,12,新規,12ヶ月未満
B25032875,3,2026/2/28,2213,0,6000,600,0,6600,熊本支店,レンタル法人,12,新規,12ヶ月未満
B25032875,4,2026/3/31,2213,0,6000,600,0,6600,熊本支店,レンタル法人,12,新規,12ヶ月未満
B25032875,5,2026/4/30,2213,0,6000,600,0,6600,熊本支店,レンタル法人,12,新規,12ヶ月未満
B25032875,6,2026/5/31,2213,0,6000,600,0,6600,熊本支店,レンタル法人,12,新規,12ヶ月未満
B25032875,7,2026/6/30,2213,0,6000,600,0,6600,熊本支店,レンタル法人,12,新規,12ヶ月未満
B25032875,8,2026/7/31,2213,0,6000,600,0,6600,熊本支店,レンタル法人,12,新規,12ヶ月未満
B25032875,9,2026/8/31,2213,0,6000,600,0,6600,熊本支店,レンタル法人,12,新規,12ヶ月未満
B25032879,1,2025/11/30,1401,0,2500,250,0,2750,熊本支店,レンタル法人,12,新規,12ヶ月未満
B25032879,2,2025/12/31,1401,0,2500,250,0,2750,熊本支店,レンタル法人,12,新規,12ヶ月未満
B25032879,3,2026/1/31,1401,0,2500,250,0,2750,熊本支店,レンタル法人,12,新規,12ヶ月未満
B25032879,4,2026/2/28,1401,0,2500,250,0,2750,熊本支店,レンタル法人,12,新規,12ヶ月未満
B25032879,5,2026/3/31,1401,0,2500,250,0,2750,熊本支店,レンタル法人,12,新規,12ヶ月未満
B25032879,6,2026/4/30,1401,0,2500,250,0,2750,熊本支店,レンタル法人,12,新規,12ヶ月未満
B25032879,7,2026/5/31,1401,0,2500,250,0,2750,熊本支店,レンタル法人,12,新規,12ヶ月未満
B25032879,8,2026/6/30,1401,0,2500,250,0,2750,熊本支店,レンタル法人,12,新規,12ヶ月未満
B25032879,9,2026/7/31,1401,0,2500,250,0,2750,熊本支店,レンタル法人,12,新規,12ヶ月未満
B25032879,10,2026/8/31,1401,0,2500,250,0,2750,熊本支店,レンタル法人,12,新規,12ヶ月未満
B25032883,1,2025/11/30,10788,0,30000,3000,0,33000,熊本支店,レンタル法人,0,新規,12ヶ月未満
B25033024,1,2025/12/31,8988,0,7800,780,0,8580,熊本支店,レンタル法人,36,新規,12ヶ月以上
B25033024,2,2026/1/31,8988,0,2000,200,0,2200,熊本支店,レンタル法人,36,新規,12ヶ月以上
B25033024,3,2026/2/28,8988,0,2000,200,0,2200,熊本支店,レンタル法人,36,新規,12ヶ月以上
B25033024,4,2026/3/31,8988,0,2000,200,0,2200,熊本支店,レンタル法人,36,新規,12ヶ月以上
B25033024,5,2026/4/30,8988,0,2000,200,0,2200,熊本支店,レンタル法人,36,新規,12ヶ月以上
B25033024,6,2026/5/31,8988,0,2000,200,0,2200,熊本支店,レンタル法人,36,新規,12ヶ月以上
B25033024,7,2026/6/30,8988,0,2000,200,0,2200,熊本支店,レンタル法人,36,新規,12ヶ月以上
B25033024,8,2026/7/31,8988,0,2000,200,0,2200,熊本支店,レンタル法人,36,新規,12ヶ月以上
B25033024,9,2026/8/31,8988,0,2000,200,0,2200,熊本支店,レンタル法人,36,新規,12ヶ月以上
B25033028,1,2025/11/30,17761,0,18200,1820,0,20020,熊本支店,レンタル法人,0,新規,12ヶ月未満
B25033029,1,2026/1/31,17761,0,21600,2160,0,23760,熊本支店,レンタル法人,1,新規,12ヶ月未満
B25033063,1,2025/12/31,17763,0,8700,870,0,9570,熊本支店,レンタル法人,4,新規,12ヶ月未満
B25033063,2,2026/1/31,17763,0,5500,550,0,6050,熊本支店,レンタル法人,4,新規,12ヶ月未満
B25033063,3,2026/2/28,17763,0,5500,550,0,6050,熊本支店,レンタル法人,4,新規,12ヶ月未満
B25033063,4,2026/3/31,17763,0,5500,550,0,6050,熊本支店,レンタル法人,4,新規,12ヶ月未満
B25033092,0,2025/11/25,17765,9020,0,0,0,9020,熊本支店,レンタル法人,0,新規,12ヶ月未満
B25033092,1,2025/11/30,17765,0,8200,820,9020,0,熊本支店,レンタル法人,0,新規,12ヶ月未満
B25033182,0,2025/11/21,17767,16940,0,0,0,16940,熊本支店,レンタル法人,1,新規,12ヶ月未満
B25033182,1,2025/11/30,17767,0,15400,1540,16940,0,熊本支店,レンタル法人,1,新規,12ヶ月未満
B25033244,1,2025/12/31,17769,0,15200,1520,0,16720,熊本支店,レンタル法人,2,新規,12ヶ月未満
B25033244,2,2026/1/31,17769,0,12000,1200,0,13200,熊本支店,レンタル法人,2,新規,12ヶ月未満
B25033246,1,2025/12/31,7462,0,25000,2500,0,27500,熊本支店,レンタル法人,12,新規,12ヶ月未満
B25033246,2,2026/1/31,7462,0,17200,1720,0,18920,熊本支店,レンタル法人,12,新規,12ヶ月未満
B25033246,3,2026/2/28,7462,0,17200,1720,0,18920,熊本支店,レンタル法人,12,新規,12ヶ月未満
B25033246,4,2026/3/31,7462,0,17200,1720,0,18920,熊本支店,レンタル法人,12,新規,12ヶ月未満
B25033246,5,2026/4/30,7462,0,17200,1720,0,18920,熊本支店,レンタル法人,12,新規,12ヶ月未満
B25033246,6,2026/5/31,7462,0,17200,1720,0,18920,熊本支店,レンタル法人,12,新規,12ヶ月未満
B25033246,7,2026/6/30,7462,0,17200,1720,0,18920,熊本支店,レンタル法人,12,新規,12ヶ月未満
B25033246,8,2026/7/31,7462,0,17200,1720,0,18920,熊本支店,レンタル法人,12,新規,12ヶ月未満
B25033246,9,2026/8/31,7462,0,17200,1720,0,18920,熊本支店,レンタル法人,12,新規,12ヶ月未満
B25033264,1,2025/12/31,10788,0,18000,1800,0,19800,熊本支店,販売,0,新規,12ヶ月未満
B25033317,1,2025/11/30,11577,0,22000,2200,0,24200,熊本支店,レンタル法人,0,新規,12ヶ月未満
B25033337,1,2025/11/30,17777,0,15900,1590,0,17490,熊本支店,レンタル法人,0,新規,12ヶ月未満
B25033338,0,2025/11/25,17778,22440,0,0,0,22440,熊本支店,レンタル法人,0,新規,12ヶ月未満
B25033338,1,2025/11/30,17778,0,20400,2040,22440,0,熊本支店,レンタル法人,0,新規,12ヶ月未満
B25033352,1,2025/12/31,1401,0,106060,10606,0,116666,熊本支店,レンタル法人,4,新規,12ヶ月未満
B25033352,2,2026/1/31,1401,0,83160,8316,0,91476,熊本支店,レンタル法人,4,新規,12ヶ月未満
B25033352,3,2026/2/28,1401,0,83160,8316,0,91476,熊本支店,レンタル法人,4,新規,12ヶ月未満
B25033352,4,2026/3/31,1401,0,83160,8316,0,91476,熊本支店,レンタル法人,4,新規,12ヶ月未満
B25033357,1,2025/12/31,5911,0,6200,620,0,6820,熊本支店,レンタル法人,0,新規,12ヶ月未満
B25033387,1,2025/12/31,16732,0,27200,2720,0,29920,熊本支店,レンタル法人,1,新規,12ヶ月未満
B25033392,1,2025/12/31,16410,0,0,0,0,0,熊本支店,レンタル法人,1,新規,12ヶ月未満
B25033415,0,2025/11/27,17781,29920,0,0,0,29920,熊本支店,レンタル法人,0,新規,12ヶ月未満
B25033415,1,2025/11/30,17781,0,27200,2720,29920,0,熊本支店,レンタル法人,0,新規,12ヶ月未満
B25033419,1,2026/1/31,10788,0,27000,2700,0,29700,熊本支店,販売,0,新規,12ヶ月未満
B25033441,1,2025/11/30,1401,0,8100,810,0,8910,熊本支店,レンタル法人,1,延長,12ヶ月未満
B25033442,1,2025/12/15,8000,0,10000,1000,0,11000,熊本支店,レンタル法人,1,延長,12ヶ月未満
B25033449,1,2025/12/31,12239,0,18000,1800,0,19800,熊本支店,販売,0,新規,12ヶ月未満
B25033454,1,2025/12/31,12239,0,80000,8000,0,88000,熊本支店,販売,0,新規,12ヶ月未満
B25033455,1,2025/12/31,12239,0,70000,7000,0,77000,熊本支店,販売,0,新規,12ヶ月未満
B25033456,1,2025/12/31,12239,0,70000,7000,0,77000,熊本支店,販売,0,新規,12ヶ月未満
B25033457,1,2025/12/31,12239,0,70000,7000,0,77000,熊本支店,販売,0,新規,12ヶ月未満
B25033458,1,2025/12/31,12239,0,90000,9000,0,99000,熊本支店,販売,0,新規,12ヶ月未満
B25033459,1,2025/12/31,12239,0,70000,7000,0,77000,熊本支店,販売,0,新規,12ヶ月未満
B25033461,1,2025/12/31,12239,0,70000,7000,0,77000,熊本支店,販売,0,新規,12ヶ月未満
B25033463,1,2025/12/31,12239,0,8000,800,0,8800,熊本支店,販売,0,新規,12ヶ月未満
B25033464,1,2025/12/31,12239,0,33000,3300,0,36300,熊本支店,販売,0,新規,12ヶ月未満
B25033488,1,2025/12/31,14646,0,50400,5040,0,55440,熊本支店,レンタル法人,0,新規,12ヶ月未満
B25033759,1,2025/12/31,12920,0,37000,3700,0,40700,熊本支店,レンタル法人,1,新規,12ヶ月未満
B25033773,1,2025/11/30,17789,0,15800,1580,0,17380,熊本支店,レンタル法人,0,新規,12ヶ月未満
B25033777,0,2025/11/28,17792,17600,0,0,0,17600,熊本支店,レンタル法人,0,新規,12ヶ月未満
B25033777,1,2025/12/31,17792,0,16000,1600,17600,0,熊本支店,レンタル法人,0,新規,12ヶ月未満
B25033941,1,2025/12/31,1401,0,12900,1290,0,14190,熊本支店,レンタル法人,1,新規,12ヶ月未満
B25033974,0,2025/11/28,17796,11220,0,0,0,11220,熊本支店,レンタル法人,0,新規,12ヶ月未満
B25033974,1,2025/12/31,17796,0,10200,1020,11220,0,熊本支店,レンタル法人,0,新規,12ヶ月未満
B25033991,1,2025/11/30,1401,0,-1680,-168,0,-1848,熊本支店,レンタル法人,0,新規,12ヶ月未満
B25034018,0,2025/12/2,17798,7370,0,0,0,7370,熊本支店,レンタル法人,0,新規,12ヶ月未満
B25034018,1,2025/12/31,17798,0,6700,670,7370,0,熊本支店,レンタル法人,0,新規,12ヶ月未満
B25034027,1,2025/12/31,10059,0,51600,5160,0,56760,熊本支店,販売,1,新規,12ヶ月未満
B25034029,1,2025/11/30,1401,0,11000,1100,0,12100,熊本支店,レンタル法人,1,延長,12ヶ月未満
B25034093,1,2025/12/31,16410,0,0,0,0,0,熊本支店,レンタル法人,1,新規,12ヶ月未満
B25034108,1,2025/12/31,17152,0,10400,1040,0,11440,熊本支店,レンタル法人,0,新規,12ヶ月未満
B25034115,0,2025/11/28,17803,14740,0,0,0,14740,熊本支店,レンタル法人,0,新規,12ヶ月未満
B25034115,1,2025/12/31,17803,0,13400,1340,14740,0,熊本支店,レンタル法人,0,新規,12ヶ月未満
B25034136,1,2025/12/31,11117,0,36000,3600,0,39600,熊本支店,レンタル法人,2,新規,12ヶ月未満
B25034138,1,2025/12/31,11117,0,20000,2000,0,22000,熊本支店,レンタル法人,0,新規,12ヶ月未満
B25034159,1,2025/12/31,10772,0,48000,4800,0,52800,熊本支店,販売,1,新規,12ヶ月未満
B25034161,1,2025/12/31,10772,0,2100,210,0,2310,熊本支店,レンタル法人,6,延長,12ヶ月未満
B25034161,2,2026/1/31,10772,0,2100,210,0,2310,熊本支店,レンタル法人,6,延長,12ヶ月未満
B25034161,3,2026/2/28,10772,0,2100,210,0,2310,熊本支店,レンタル法人,6,延長,12ヶ月未満
B25034161,4,2026/3/31,10772,0,2100,210,0,2310,熊本支店,レンタル法人,6,延長,12ヶ月未満
B25034161,5,2026/4/30,10772,0,2100,210,0,2310,熊本支店,レンタル法人,6,延長,12ヶ月未満
B25034161,6,2026/5/31,10772,0,2100,210,0,2310,熊本支店,レンタル法人,6,延長,12ヶ月未満
B25034233,1,2025/12/31,10784,0,24000,2400,0,26400,熊本支店,レンタル法人,0,新規,12ヶ月未満
B25034236,1,2025/11/30,10856,0,80000,8000,0,88000,熊本支店,レンタル法人,12,延長,12ヶ月未満
B25034236,2,2025/12/31,10856,0,80000,8000,0,88000,熊本支店,レンタル法人,12,延長,12ヶ月未満
B25034236,3,2026/1/31,10856,0,80000,8000,0,88000,熊本支店,レンタル法人,12,延長,12ヶ月未満
B25034236,4,2026/2/28,10856,0,80000,8000,0,88000,熊本支店,レンタル法人,12,延長,12ヶ月未満
B25034236,5,2026/3/31,10856,0,80000,8000,0,88000,熊本支店,レンタル法人,12,延長,12ヶ月未満
B25034236,6,2026/4/30,10856,0,80000,8000,0,88000,熊本支店,レンタル法人,12,延長,12ヶ月未満
B25034236,7,2026/5/31,10856,0,80000,8000,0,88000,熊本支店,レンタル法人,12,延長,12ヶ月未満
B25034236,8,2026/6/30,10856,0,80000,8000,0,88000,熊本支店,レンタル法人,12,延長,12ヶ月未満
B25034236,9,2026/7/31,10856,0,80000,8000,0,88000,熊本支店,レンタル法人,12,延長,12ヶ月未満
B25034236,10,2026/8/31,10856,0,80000,8000,0,88000,熊本支店,レンタル法人,12,延長,12ヶ月未満
B25034249,0,2025/12/10,17808,4950,0,0,0,4950,熊本支店,レンタル法人,0,新規,12ヶ月未満
B25034249,1,2025/12/31,17808,0,4500,450,4950,0,熊本支店,レンタル法人,0,新規,12ヶ月未満
B25034255,1,2025/12/31,12299,0,8400,840,0,9240,熊本支店,レンタル法人,5,新規,12ヶ月未満
B25034255,2,2026/1/31,12299,0,6000,600,0,6600,熊本支店,レンタル法人,5,新規,12ヶ月未満
B25034255,3,2026/2/28,12299,0,6000,600,0,6600,熊本支店,レンタル法人,5,新規,12ヶ月未満
B25034255,4,2026/3/31,12299,0,6000,600,0,6600,熊本支店,レンタル法人,5,新規,12ヶ月未満
B25034255,5,2026/4/30,12299,0,6000,600,0,6600,熊本支店,レンタル法人,5,新規,12ヶ月未満
B25034256,1,2025/12/31,12299,0,9000,900,0,9900,熊本支店,レンタル法人,16,新規,12ヶ月以上
B25034256,2,2026/1/31,12299,0,9000,900,0,9900,熊本支店,レンタル法人,16,新規,12ヶ月以上
B25034256,3,2026/2/28,12299,0,9000,900,0,9900,熊本支店,レンタル法人,16,新規,12ヶ月以上
B25034256,4,2026/3/31,12299,0,9000,900,0,9900,熊本支店,レンタル法人,16,新規,12ヶ月以上
B25034256,5,2026/4/30,12299,0,9000,900,0,9900,熊本支店,レンタル法人,16,新規,12ヶ月以上
B25034256,6,2026/5/31,12299,0,9000,900,0,9900,熊本支店,レンタル法人,16,新規,12ヶ月以上
B25034256,7,2026/6/30,12299,0,9000,900,0,9900,熊本支店,レンタル法人,16,新規,12ヶ月以上
B25034256,8,2026/7/31,12299,0,9000,900,0,9900,熊本支店,レンタル法人,16,新規,12ヶ月以上
B25034256,9,2026/8/31,12299,0,9000,900,0,9900,熊本支店,レンタル法人,16,新規,12ヶ月以上
B25034377,1,2025/12/31,16041,0,5636,563,0,6199,熊本支店,レンタル法人,12,新規,12ヶ月未満
B25034377,2,2026/1/31,16041,0,2527,252,0,2779,熊本支店,レンタル法人,12,新規,12ヶ月未満
B25034377,3,2026/2/28,16041,0,2527,252,0,2779,熊本支店,レンタル法人,12,新規,12ヶ月未満
B25034377,4,2026/3/31,16041,0,2527,252,0,2779,熊本支店,レンタル法人,12,新規,12ヶ月未満
B25034377,5,2026/4/30,16041,0,2527,252,0,2779,熊本支店,レンタル法人,12,新規,12ヶ月未満
B25034377,6,2026/5/31,16041,0,2527,252,0,2779,熊本支店,レンタル法人,12,新規,12ヶ月未満
B25034377,7,2026/6/30,16041,0,2527,252,0,2779,熊本支店,レンタル法人,12,新規,12ヶ月未満
B25034377,8,2026/7/31,16041,0,2527,252,0,2779,熊本支店,レンタル法人,12,新規,12ヶ月未満
B25034377,9,2026/8/31,16041,0,2527,252,0,2779,熊本支店,レンタル法人,12,新規,12ヶ月未満
B25034387,1,2025/12/31,5338,0,39450,3945,0,43395,熊本支店,レンタル法人,0,新規,12ヶ月未満
B25034389,1,2025/12/31,10788,0,6500,650,0,7150,熊本支店,レンタル法人,1,新規,12ヶ月未満
B25034398,0,2025/12/2,17815,7700,0,0,0,7700,熊本支店,レンタル法人,0,新規,12ヶ月未満
B25034398,1,2025/12/31,17815,0,7000,700,7700,0,熊本支店,レンタル法人,0,新規,12ヶ月未満
B25034416,1,2025/12/31,12920,0,120000,12000,0,132000,熊本支店,販売,1,新規,12ヶ月未満
B25034427,1,2025/12/31,17818,0,269780,26978,0,296758,熊本支店,レンタル法人,0,新規,12ヶ月未満
B25034431,1,2025/12/31,17820,0,12000,1200,0,13200,熊本支店,レンタル法人,0,新規,12ヶ月未満
B25034459,1,2025/12/31,1401,0,18400,1840,0,20240,熊本支店,レンタル法人,3,新規,12ヶ月未満
B25034459,2,2026/1/31,1401,0,15400,1540,0,16940,熊本支店,レンタル法人,3,新規,12ヶ月未満
B25034459,3,2026/2/28,1401,0,15400,1540,0,16940,熊本支店,レンタル法人,3,新規,12ヶ月未満
B25034459,4,2026/3/31,1401,0,15400,1540,0,16940,熊本支店,レンタル法人,3,新規,12ヶ月未満
B25034460,1,2025/12/31,1401,0,17800,1780,0,19580,熊本支店,レンタル法人,3,新規,12ヶ月未満
B25034460,2,2026/1/31,1401,0,14800,1480,0,16280,熊本支店,レンタル法人,3,新規,12ヶ月未満
B25034460,3,2026/2/28,1401,0,14800,1480,0,16280,熊本支店,レンタル法人,3,新規,12ヶ月未満
B25034460,4,2026/3/31,1401,0,14800,1480,0,16280,熊本支店,レンタル法人,3,新規,12ヶ月未満
B25034484,1,2025/12/31,12239,0,70000,7000,0,77000,熊本支店,販売,0,新規,12ヶ月未満
B25034485,1,2025/12/31,12239,0,200000,20000,0,220000,熊本支店,販売,0,新規,12ヶ月未満
B25034486,1,2025/12/31,12239,0,70000,7000,0,77000,熊本支店,販売,0,新規,12ヶ月未満
B25034487,1,2025/12/31,12239,0,70000,7000,0,77000,熊本支店,販売,0,新規,12ヶ月未満
B25034500,1,2025/12/31,10726,0,14240,1424,0,15664,熊本支店,レンタル法人,0,新規,12ヶ月未満
B25034517,1,2026/1/31,14255,0,0,0,0,0,熊本支店,レンタル法人,1,新規,12ヶ月未満
B25034527,1,2025/12/31,5357,0,11100,1110,0,12210,熊本支店,販売,0,新規,12ヶ月未満
B25034533,1,2025/12/31,10788,0,37000,3700,0,40700,熊本支店,販売,0,新規,12ヶ月未満
B25034552,1,2025/12/31,10788,0,25000,2500,0,27500,熊本支店,販売,0,新規,12ヶ月未満
B25034607,1,2025/12/31,1401,0,9300,930,0,10230,熊本支店,レンタル法人,1,新規,12ヶ月未満
B25034616,1,2025/12/31,10744,0,12700,1270,0,13970,熊本支店,レンタル法人,12,新規,12ヶ月未満
B25034616,2,2026/1/31,10744,0,7200,720,0,7920,熊本支店,レンタル法人,12,新規,12ヶ月未満
B25034616,3,2026/2/28,10744,0,7200,720,0,7920,熊本支店,レンタル法人,12,新規,12ヶ月未満
B25034616,4,2026/3/31,10744,0,7200,720,0,7920,熊本支店,レンタル法人,12,新規,12ヶ月未満
B25034616,5,2026/4/30,10744,0,7200,720,0,7920,熊本支店,レンタル法人,12,新規,12ヶ月未満
B25034616,6,2026/5/31,10744,0,7200,720,0,7920,熊本支店,レンタル法人,12,新規,12ヶ月未満
B25034616,7,2026/6/30,10744,0,7200,720,0,7920,熊本支店,レンタル法人,12,新規,12ヶ月未満
B25034616,8,2026/7/31,10744,0,7200,720,0,7920,熊本支店,レンタル法人,12,新規,12ヶ月未満
B25034616,9,2026/8/31,10744,0,7200,720,0,7920,熊本支店,レンタル法人,12,新規,12ヶ月未満
B25034617,1,2025/12/31,4294,0,8850,885,0,9735,熊本支店,レンタル法人,12,新規,12ヶ月未満
B25034617,2,2026/1/31,4294,0,4350,435,0,4785,熊本支店,レンタル法人,12,新規,12ヶ月未満
B25034617,3,2026/2/28,4294,0,4350,435,0,4785,熊本支店,レンタル法人,12,新規,12ヶ月未満
B25034617,4,2026/3/31,4294,0,4350,435,0,4785,熊本支店,レンタル法人,12,新規,12ヶ月未満
B25034617,5,2026/4/30,4294,0,4350,435,0,4785,熊本支店,レンタル法人,12,新規,12ヶ月未満
B25034617,6,2026/5/31,4294,0,4350,435,0,4785,熊本支店,レンタル法人,12,新規,12ヶ月未満
B25034617,7,2026/6/30,4294,0,4350,435,0,4785,熊本支店,レンタル法人,12,新規,12ヶ月未満
B25034617,8,2026/7/31,4294,0,4350,435,0,4785,熊本支店,レンタル法人,12,新規,12ヶ月未満
B25034617,9,2026/8/31,4294,0,4350,435,0,4785,熊本支店,レンタル法人,12,新規,12ヶ月未満
B25034629,1,2025/12/31,11154,0,74800,7480,0,82280,熊本支店,レンタル法人,3,新規,12ヶ月未満
B25034629,2,2026/1/31,11154,0,62400,6240,0,68640,熊本支店,レンタル法人,3,新規,12ヶ月未満
B25034629,3,2026/2/28,11154,0,62400,6240,0,68640,熊本支店,レンタル法人,3,新規,12ヶ月未満
B25034629,4,2026/3/31,11154,0,62400,6240,0,68640,熊本支店,レンタル法人,3,新規,12ヶ月未満
B25034638,1,2025/11/30,17552,0,10360,1036,0,11396,熊本支店,レンタル法人,1,延長,12ヶ月未満
B25034645,0,2025/12/4,17830,37488,0,0,0,37488,熊本支店,レンタル法人,0,新規,12ヶ月未満
B25034645,1,2025/12/31,17830,0,34080,3408,37488,0,熊本支店,レンタル法人,0,新規,12ヶ月未満
B25034692,1,2025/12/31,11771,0,45000,4500,0,49500,熊本支店,販売,0,新規,12ヶ月未満
B25034725,1,2025/12/31,13187,0,47800,4780,0,52580,熊本支店,レンタル法人,29,新規,12ヶ月以上
B25034725,2,2026/1/31,13187,0,19000,1900,0,20900,熊本支店,レンタル法人,29,新規,12ヶ月以上
B25034725,3,2026/2/28,13187,0,19000,1900,0,20900,熊本支店,レンタル法人,29,新規,12ヶ月以上
B25034725,4,2026/3/31,13187,0,19000,1900,0,20900,熊本支店,レンタル法人,29,新規,12ヶ月以上
B25034725,5,2026/4/30,13187,0,19000,1900,0,20900,熊本支店,レンタル法人,29,新規,12ヶ月以上
B25034725,6,2026/5/31,13187,0,19000,1900,0,20900,熊本支店,レンタル法人,29,新規,12ヶ月以上
B25034725,7,2026/6/30,13187,0,19000,1900,0,20900,熊本支店,レンタル法人,29,新規,12ヶ月以上
B25034725,8,2026/7/31,13187,0,19000,1900,0,20900,熊本支店,レンタル法人,29,新規,12ヶ月以上
B25034725,9,2026/8/31,13187,0,19000,1900,0,20900,熊本支店,レンタル法人,29,新規,12ヶ月以上
B25034744,1,2025/12/31,10788,0,37000,3700,0,40700,熊本支店,販売,0,新規,12ヶ月未満
B25034745,1,2025/12/31,10788,0,30000,3000,0,33000,熊本支店,販売,0,新規,12ヶ月未満
B25034748,1,2025/12/31,17834,0,11000,1100,0,12100,熊本支店,レンタル法人,0,新規,12ヶ月未満
B25034789,1,2025/12/31,17836,0,13400,1340,0,14740,熊本支店,レンタル法人,1,新規,12ヶ月未満
B25034791,1,2025/12/31,17552,0,23640,2364,0,26004,熊本支店,レンタル法人,1,新規,12ヶ月未満
B25034791,2,2026/1/31,17552,0,15540,1554,0,17094,熊本支店,レンタル法人,1,新規,12ヶ月未満
B25034807,1,2025/12/31,15613,0,0,0,0,0,熊本支店,おためし,0,新規,12ヶ月未満
B25034856,1,2025/12/31,3939,0,10400,1040,0,11440,熊本支店,レンタル法人,12,延長,12ヶ月未満
B25034856,2,2026/1/31,3939,0,10400,1040,0,11440,熊本支店,レンタル法人,12,延長,12ヶ月未満
B25034856,3,2026/2/28,3939,0,10400,1040,0,11440,熊本支店,レンタル法人,12,延長,12ヶ月未満
B25034856,4,2026/3/31,3939,0,10400,1040,0,11440,熊本支店,レンタル法人,12,延長,12ヶ月未満
B25034856,5,2026/4/30,3939,0,10400,1040,0,11440,熊本支店,レンタル法人,12,延長,12ヶ月未満
B25034856,6,2026/5/31,3939,0,10400,1040,0,11440,熊本支店,レンタル法人,12,延長,12ヶ月未満
B25034856,7,2026/6/30,3939,0,10400,1040,0,11440,熊本支店,レンタル法人,12,延長,12ヶ月未満
B25034856,8,2026/7/31,3939,0,10400,1040,0,11440,熊本支店,レンタル法人,12,延長,12ヶ月未満
B25034856,9,2026/8/31,3939,0,10400,1040,0,11440,熊本支店,レンタル法人,12,延長,12ヶ月未満
B25034858,1,2025/12/15,8000,0,6050,605,0,6655,熊本支店,レンタル法人,3,延長,12ヶ月未満
B25034858,2,2026/1/15,8000,0,6050,605,0,6655,熊本支店,レンタル法人,3,延長,12ヶ月未満
B25034858,3,2026/2/15,8000,0,6050,605,0,6655,熊本支店,レンタル法人,3,延長,12ヶ月未満
B25034860,1,2025/12/31,1401,0,5000,500,0,5500,熊本支店,レンタル法人,4,延長,12ヶ月未満
B25034860,2,2026/1/31,1401,0,5000,500,0,5500,熊本支店,レンタル法人,4,延長,12ヶ月未満
B25034860,3,2026/2/28,1401,0,5000,500,0,5500,熊本支店,レンタル法人,4,延長,12ヶ月未満
B25034860,4,2026/3/31,1401,0,5000,500,0,5500,熊本支店,レンタル法人,4,延長,12ヶ月未満
B25034862,1,2025/12/15,8000,0,6050,605,0,6655,熊本支店,レンタル法人,3,延長,12ヶ月未満
B25034862,2,2026/1/15,8000,0,6050,605,0,6655,熊本支店,レンタル法人,3,延長,12ヶ月未満
B25034862,3,2026/2/15,8000,0,6050,605,0,6655,熊本支店,レンタル法人,3,延長,12ヶ月未満
B25034863,1,2025/12/31,4294,0,8000,800,0,8800,熊本支店,レンタル法人,1,延長,12ヶ月未満
B25034885,1,2025/12/31,10735,0,1819,181,0,2000,熊本支店,レンタル法人,1,延長,12ヶ月未満
B25034887,1,2025/12/31,10489,0,2728,272,0,3000,熊本支店,レンタル法人,1,延長,12ヶ月未満
B25034889,1,2025/12/31,10489,0,1000,100,0,1100,熊本支店,レンタル法人,6,延長,12ヶ月未満
B25034889,2,2026/1/31,10489,0,1000,100,0,1100,熊本支店,レンタル法人,6,延長,12ヶ月未満
B25034889,3,2026/2/28,10489,0,1000,100,0,1100,熊本支店,レンタル法人,6,延長,12ヶ月未満
B25034889,4,2026/3/31,10489,0,1000,100,0,1100,熊本支店,レンタル法人,6,延長,12ヶ月未満
B25034889,5,2026/4/30,10489,0,1000,100,0,1100,熊本支店,レンタル法人,6,延長,12ヶ月未満
B25034889,6,2026/5/31,10489,0,1000,100,0,1100,熊本支店,レンタル法人,6,延長,12ヶ月未満
B25034896,1,2026/1/31,14801,0,77900,7790,0,85690,熊本支店,レンタル法人,48,新規,12ヶ月以上
B25034896,2,2026/2/28,14801,0,19500,1950,0,21450,熊本支店,レンタル法人,48,新規,12ヶ月以上
B25034896,3,2026/3/31,14801,0,19500,1950,0,21450,熊本支店,レンタル法人,48,新規,12ヶ月以上
B25034896,4,2026/4/30,14801,0,19500,1950,0,21450,熊本支店,レンタル法人,48,新規,12ヶ月以上
B25034896,5,2026/5/31,14801,0,19500,1950,0,21450,熊本支店,レンタル法人,48,新規,12ヶ月以上
B25034896,6,2026/6/30,14801,0,19500,1950,0,21450,熊本支店,レンタル法人,48,新規,12ヶ月以上
B25034896,7,2026/7/31,14801,0,19500,1950,0,21450,熊本支店,レンタル法人,48,新規,12ヶ月以上
B25034896,8,2026/8/31,14801,0,19500,1950,0,21450,熊本支店,レンタル法人,48,新規,12ヶ月以上
B25034914,1,2025/12/31,17841,0,34900,3490,0,38390,熊本支店,レンタル法人,24,新規,12ヶ月以上
B25034914,2,2026/1/31,17841,0,28500,2850,0,31350,熊本支店,レンタル法人,24,新規,12ヶ月以上
B25034914,3,2026/2/28,17841,0,28500,2850,0,31350,熊本支店,レンタル法人,24,新規,12ヶ月以上
B25034914,4,2026/3/31,17841,0,28500,2850,0,31350,熊本支店,レンタル法人,24,新規,12ヶ月以上
B25034914,5,2026/4/30,17841,0,28500,2850,0,31350,熊本支店,レンタル法人,24,新規,12ヶ月以上
B25034914,6,2026/5/31,17841,0,28500,2850,0,31350,熊本支店,レンタル法人,24,新規,12ヶ月以上
B25034914,7,2026/6/30,17841,0,28500,2850,0,31350,熊本支店,レンタル法人,24,新規,12ヶ月以上
B25034914,8,2026/7/31,17841,0,28500,2850,0,31350,熊本支店,レンタル法人,24,新規,12ヶ月以上
B25034914,9,2026/8/31,17841,0,28500,2850,0,31350,熊本支店,レンタル法人,24,新規,12ヶ月以上
B25034925,1,2025/12/31,10788,0,10000,1000,0,11000,熊本支店,レンタル法人,1,新規,12ヶ月未満
B25034926,1,2026/1/31,8988,0,11800,1180,0,12980,熊本支店,レンタル法人,36,新規,12ヶ月以上
B25034926,2,2026/2/28,8988,0,4000,400,0,4400,熊本支店,レンタル法人,36,新規,12ヶ月以上
B25034926,3,2026/3/31,8988,0,4000,400,0,4400,熊本支店,レンタル法人,36,新規,12ヶ月以上
B25034926,4,2026/4/30,8988,0,4000,400,0,4400,熊本支店,レンタル法人,36,新規,12ヶ月以上
B25034926,5,2026/5/31,8988,0,4000,400,0,4400,熊本支店,レンタル法人,36,新規,12ヶ月以上
B25034926,6,2026/6/30,8988,0,4000,400,0,4400,熊本支店,レンタル法人,36,新規,12ヶ月以上
B25034926,7,2026/7/31,8988,0,4000,400,0,4400,熊本支店,レンタル法人,36,新規,12ヶ月以上
B25034926,8,2026/8/31,8988,0,4000,400,0,4400,熊本支店,レンタル法人,36,新規,12ヶ月以上
B25034986,1,2025/12/31,10788,0,14000,1400,0,15400,熊本支店,販売,0,新規,12ヶ月未満
B25034987,1,2025/12/31,17843,0,31600,3160,0,34760,熊本支店,レンタル法人,0,新規,12ヶ月未満
B25034991,1,2025/12/31,5911,0,9000,900,0,9900,熊本支店,レンタル法人,6,新規,12ヶ月未満
B25035012,1,2025/12/31,12239,0,8000,800,0,8800,熊本支店,販売,0,新規,12ヶ月未満
B25035013,1,2025/12/31,12239,0,35000,3500,0,38500,熊本支店,販売,0,新規,12ヶ月未満
B25035014,1,2025/12/31,12239,0,35000,3500,0,38500,熊本支店,販売,0,新規,12ヶ月未満
B25035015,1,2025/12/31,12239,0,70000,7000,0,77000,熊本支店,販売,0,新規,12ヶ月未満
B25035016,1,2025/12/31,12239,0,55000,5500,0,60500,熊本支店,販売,0,新規,12ヶ月未満
B25035017,1,2025/12/31,12239,0,60000,6000,0,66000,熊本支店,販売,0,新規,12ヶ月未満
B25035018,1,2025/12/31,12239,0,55000,5500,0,60500,熊本支店,販売,0,新規,12ヶ月未満
B25035019,1,2025/12/31,12239,0,70000,7000,0,77000,熊本支店,販売,0,新規,12ヶ月未満
B25035020,1,2025/12/31,12239,0,70000,7000,0,77000,熊本支店,販売,0,新規,12ヶ月未満
B25035021,1,2025/12/31,12239,0,70000,7000,0,77000,熊本支店,販売,0,新規,12ヶ月未満
B25035022,1,2025/12/31,17830,0,64320,6432,0,70752,熊本支店,レンタル法人,0,新規,12ヶ月未満
B25035042,1,2025/12/31,9331,0,18800,1880,0,20680,熊本支店,レンタル法人,0,新規,12ヶ月未満
B25035089,1,2025/12/31,5911,0,2000,200,0,2200,熊本支店,レンタル法人,0,延長,12ヶ月未満
B25035138,1,2026/1/31,10856,0,2800,280,0,3080,熊本支店,レンタル法人,24,新規,12ヶ月以上
B25035138,2,2026/2/28,10856,0,2800,280,0,3080,熊本支店,レンタル法人,24,新規,12ヶ月以上
B25035138,3,2026/3/31,10856,0,2800,280,0,3080,熊本支店,レンタル法人,24,新規,12ヶ月以上
B25035138,4,2026/4/30,10856,0,2800,280,0,3080,熊本支店,レンタル法人,24,新規,12ヶ月以上
B25035138,5,2026/5/31,10856,0,2800,280,0,3080,熊本支店,レンタル法人,24,新規,12ヶ月以上
B25035138,6,2026/6/30,10856,0,2800,280,0,3080,熊本支店,レンタル法人,24,新規,12ヶ月以上
B25035138,7,2026/7/31,10856,0,2800,280,0,3080,熊本支店,レンタル法人,24,新規,12ヶ月以上
B25035138,8,2026/8/31,10856,0,2800,280,0,3080,熊本支店,レンタル法人,24,新規,12ヶ月以上
B25035174,1,2025/12/31,17808,0,6500,650,0,7150,熊本支店,レンタル法人,0,新規,12ヶ月未満
B25035181,1,2026/1/31,17849,0,0,0,0,0,熊本支店,レンタル法人,1,新規,12ヶ月未満
B25035183,1,2025/12/31,12299,0,11900,1190,0,13090,熊本支店,レンタル法人,1,新規,12ヶ月未満
B25035195,1,2025/12/31,10856,0,43190,4319,0,47509,熊本支店,レンタル法人,0,新規,12ヶ月未満
B25035208,1,2025/12/31,5911,0,15700,1570,0,17270,熊本支店,レンタル法人,0,新規,12ヶ月未満
B25035265,1,2025/12/31,15589,0,87900,8790,0,96690,熊本支店,レンタル法人,4,新規,12ヶ月未満
B25035265,2,2026/1/31,15589,0,65000,6500,0,71500,熊本支店,レンタル法人,4,新規,12ヶ月未満
B25035265,3,2026/2/28,15589,0,65000,6500,0,71500,熊本支店,レンタル法人,4,新規,12ヶ月未満
B25035265,4,2026/3/31,15589,0,65000,6500,0,71500,熊本支店,レンタル法人,4,新規,12ヶ月未満
B25035265,5,2026/4/30,15589,0,65000,6500,0,71500,熊本支店,レンタル法人,4,新規,12ヶ月未満
B25035271,1,2025/12/31,5911,0,7200,720,0,7920,熊本支店,レンタル法人,6,延長,12ヶ月未満
B25035272,1,2026/1/31,17849,0,0,0,0,0,熊本支店,レンタル法人,1,新規,12ヶ月未満
B25035383,1,2026/1/31,11771,0,13450,1345,0,14795,熊本支店,レンタル法人,60,新規,12ヶ月以上
B25035383,2,2026/2/28,11771,0,9250,925,0,10175,熊本支店,レンタル法人,60,新規,12ヶ月以上
B25035383,3,2026/3/31,11771,0,9250,925,0,10175,熊本支店,レンタル法人,60,新規,12ヶ月以上
B25035383,4,2026/4/30,11771,0,9250,925,0,10175,熊本支店,レンタル法人,60,新規,12ヶ月以上
B25035383,5,2026/5/31,11771,0,9250,925,0,10175,熊本支店,レンタル法人,60,新規,12ヶ月以上
B25035383,6,2026/6/30,11771,0,9250,925,0,10175,熊本支店,レンタル法人,60,新規,12ヶ月以上
B25035383,7,2026/7/31,11771,0,9250,925,0,10175,熊本支店,レンタル法人,60,新規,12ヶ月以上
B25035383,8,2026/8/31,11771,0,9250,925,0,10175,熊本支店,レンタル法人,60,新規,12ヶ月以上
B25035411,1,2025/12/31,17856,0,11120,1112,0,12232,熊本支店,レンタル法人,0,新規,12ヶ月未満
B25035421,1,2025/12/31,1401,0,16200,1620,0,17820,熊本支店,レンタル法人,1,延長,12ヶ月未満
B25035422,1,2025/12/31,4294,0,9600,960,0,10560,熊本支店,レンタル法人,1,延長,12ヶ月未満
B25035423,1,2025/12/31,10744,0,11000,1100,0,12100,熊本支店,レンタル法人,1,延長,12ヶ月未満
B25035424,1,2025/12/31,1401,0,14000,1400,0,15400,熊本支店,レンタル法人,1,延長,12ヶ月未満
B25035425,1,2025/12/31,13187,0,5700,570,0,6270,熊本支店,レンタル法人,1,延長,12ヶ月未満
B25035426,1,2025/12/31,13187,0,24000,2400,0,26400,熊本支店,レンタル法人,1,延長,12ヶ月未満
B25035427,1,2025/12/31,11577,0,19000,1900,0,20900,熊本支店,レンタル法人,1,延長,12ヶ月未満
B25035428,1,2025/12/31,5911,0,3800,380,0,4180,熊本支店,レンタル法人,1,延長,12ヶ月未満
B25035429,1,2025/12/31,5911,0,4300,430,0,4730,熊本支店,レンタル法人,1,延長,12ヶ月未満
B25035431,1,2025/12/31,13715,0,16000,1600,0,17600,熊本支店,レンタル法人,1,延長,12ヶ月未満
B25035433,1,2025/12/31,17755,0,6000,600,0,6600,熊本支店,レンタル法人,1,延長,12ヶ月未満
B25035437,1,2025/12/31,10769,0,4600,460,0,5060,熊本支店,レンタル法人,3,延長,12ヶ月未満
B25035437,2,2026/1/31,10769,0,4600,460,0,5060,熊本支店,レンタル法人,3,延長,12ヶ月未満
B25035437,3,2026/2/28,10769,0,4600,460,0,5060,熊本支店,レンタル法人,3,延長,12ヶ月未満
B25035444,1,2025/12/31,10788,0,22000,2200,0,24200,熊本支店,販売,0,新規,12ヶ月未満
B25035447,1,2025/12/31,10744,0,11000,1100,0,12100,熊本支店,レンタル法人,1,延長,12ヶ月未満
B25035448,1,2025/12/31,1401,0,2750,275,0,3025,熊本支店,レンタル法人,12,延長,12ヶ月未満
B25035448,2,2026/1/31,1401,0,2750,275,0,3025,熊本支店,レンタル法人,12,延長,12ヶ月未満
B25035448,3,2026/2/28,1401,0,2750,275,0,3025,熊本支店,レンタル法人,12,延長,12ヶ月未満
B25035448,4,2026/3/31,1401,0,2750,275,0,3025,熊本支店,レンタル法人,12,延長,12ヶ月未満
B25035448,5,2026/4/30,1401,0,2750,275,0,3025,熊本支店,レンタル法人,12,延長,12ヶ月未満
B25035448,6,2026/5/31,1401,0,2750,275,0,3025,熊本支店,レンタル法人,12,延長,12ヶ月未満
B25035448,7,2026/6/30,1401,0,2750,275,0,3025,熊本支店,レンタル法人,12,延長,12ヶ月未満
B25035448,8,2026/7/31,1401,0,2750,275,0,3025,熊本支店,レンタル法人,12,延長,12ヶ月未満
B25035448,9,2026/8/31,1401,0,2750,275,0,3025,熊本支店,レンタル法人,12,延長,12ヶ月未満
B25035452,1,2025/12/31,8072,0,5500,550,0,6050,熊本支店,レンタル法人,1,延長,12ヶ月未満
B25035454,1,2025/12/31,10744,0,11000,1100,0,12100,熊本支店,レンタル法人,1,延長,12ヶ月未満
B25035459,1,2025/12/31,4294,0,6200,620,0,6820,熊本支店,レンタル法人,1,延長,12ヶ月未満
B25035461,1,2026/1/31,10756,0,42000,4200,0,46200,熊本支店,レンタル法人,1,延長,12ヶ月未満
B25035462,1,2026/1/31,13187,0,22000,2200,0,24200,熊本支店,レンタル法人,1,延長,12ヶ月未満
B25035464,1,2025/12/31,10747,0,99000,9900,0,108900,熊本支店,レンタル法人,12,延長,12ヶ月未満
B25035464,2,2026/1/31,10747,0,99000,9900,0,108900,熊本支店,レンタル法人,12,延長,12ヶ月未満
B25035464,3,2026/2/28,10747,0,99000,9900,0,108900,熊本支店,レンタル法人,12,延長,12ヶ月未満
B25035464,4,2026/3/31,10747,0,99000,9900,0,108900,熊本支店,レンタル法人,12,延長,12ヶ月未満
B25035464,5,2026/4/30,10747,0,99000,9900,0,108900,熊本支店,レンタル法人,12,延長,12ヶ月未満
B25035464,6,2026/5/31,10747,0,99000,9900,0,108900,熊本支店,レンタル法人,12,延長,12ヶ月未満
B25035464,7,2026/6/30,10747,0,99000,9900,0,108900,熊本支店,レンタル法人,12,延長,12ヶ月未満
B25035464,8,2026/7/31,10747,0,99000,9900,0,108900,熊本支店,レンタル法人,12,延長,12ヶ月未満
B25035464,9,2026/8/31,10747,0,99000,9900,0,108900,熊本支店,レンタル法人,12,延長,12ヶ月未満
B25035468,1,2025/11/30,17485,0,13200,1320,0,14520,熊本支店,レンタル法人,3,延長,12ヶ月未満
B25035468,2,2025/12/31,17485,0,13200,1320,0,14520,熊本支店,レンタル法人,3,延長,12ヶ月未満
B25035468,3,2026/1/31,17485,0,13200,1320,0,14520,熊本支店,レンタル法人,3,延長,12ヶ月未満
B25035475,1,2025/12/31,10744,0,16000,1600,0,17600,熊本支店,レンタル法人,1,新規,12ヶ月未満
B25035480,1,2025/12/31,17859,0,114600,11460,0,126060,熊本支店,レンタル法人,0,新規,12ヶ月未満
B25035485,1,2025/12/31,12299,0,8000,800,0,8800,熊本支店,レンタル法人,4,延長,12ヶ月未満
B25035485,2,2026/1/31,12299,0,8000,800,0,8800,熊本支店,レンタル法人,4,延長,12ヶ月未満
B25035485,3,2026/2/28,12299,0,8000,800,0,8800,熊本支店,レンタル法人,4,延長,12ヶ月未満
B25035485,4,2026/3/31,12299,0,8000,800,0,8800,熊本支店,レンタル法人,4,延長,12ヶ月未満
B25035486,1,2025/12/31,12299,0,9000,900,0,9900,熊本支店,レンタル法人,4,延長,12ヶ月未満
B25035486,2,2026/1/31,12299,0,9000,900,0,9900,熊本支店,レンタル法人,4,延長,12ヶ月未満
B25035486,3,2026/2/28,12299,0,9000,900,0,9900,熊本支店,レンタル法人,4,延長,12ヶ月未満
B25035486,4,2026/3/31,12299,0,9000,900,0,9900,熊本支店,レンタル法人,4,延長,12ヶ月未満
B25035488,1,2025/12/31,12299,0,6500,650,0,7150,熊本支店,レンタル法人,4,延長,12ヶ月未満
B25035488,2,2026/1/31,12299,0,6500,650,0,7150,熊本支店,レンタル法人,4,延長,12ヶ月未満
B25035488,3,2026/2/28,12299,0,6500,650,0,7150,熊本支店,レンタル法人,4,延長,12ヶ月未満
B25035488,4,2026/3/31,12299,0,6500,650,0,7150,熊本支店,レンタル法人,4,延長,12ヶ月未満
B25035489,1,2025/12/31,1401,0,8100,810,0,8910,熊本支店,レンタル法人,3,延長,12ヶ月未満
B25035489,2,2026/1/31,1401,0,8100,810,0,8910,熊本支店,レンタル法人,3,延長,12ヶ月未満
B25035489,3,2026/2/28,1401,0,8100,810,0,8910,熊本支店,レンタル法人,3,延長,12ヶ月未満
B25035490,1,2025/12/31,10769,0,9200,920,0,10120,熊本支店,レンタル法人,12,延長,12ヶ月未満
B25035490,2,2026/1/31,10769,0,9200,920,0,10120,熊本支店,レンタル法人,12,延長,12ヶ月未満
B25035490,3,2026/2/28,10769,0,9200,920,0,10120,熊本支店,レンタル法人,12,延長,12ヶ月未満
B25035490,4,2026/3/31,10769,0,9200,920,0,10120,熊本支店,レンタル法人,12,延長,12ヶ月未満
B25035490,5,2026/4/30,10769,0,9200,920,0,10120,熊本支店,レンタル法人,12,延長,12ヶ月未満
B25035490,6,2026/5/31,10769,0,9200,920,0,10120,熊本支店,レンタル法人,12,延長,12ヶ月未満
B25035490,7,2026/6/30,10769,0,9200,920,0,10120,熊本支店,レンタル法人,12,延長,12ヶ月未満
B25035490,8,2026/7/31,10769,0,9200,920,0,10120,熊本支店,レンタル法人,12,延長,12ヶ月未満
B25035490,9,2026/8/31,10769,0,9200,920,0,10120,熊本支店,レンタル法人,12,延長,12ヶ月未満
B25035499,1,2026/3/31,13187,0,19200,1920,0,21120,熊本支店,レンタル法人,2,新規,12ヶ月未満
B25035589,1,2025/12/31,16235,0,38920,3892,0,42812,熊本支店,販売,0,新規,12ヶ月未満
B25035643,1,2026/1/31,11771,0,7410,741,0,8151,熊本支店,レンタル法人,36,新規,12ヶ月以上
B25035643,2,2026/2/28,11771,0,3610,361,0,3971,熊本支店,レンタル法人,36,新規,12ヶ月以上
B25035643,3,2026/3/31,11771,0,3610,361,0,3971,熊本支店,レンタル法人,36,新規,12ヶ月以上
B25035643,4,2026/4/30,11771,0,3610,361,0,3971,熊本支店,レンタル法人,36,新規,12ヶ月以上
B25035643,5,2026/5/31,11771,0,3610,361,0,3971,熊本支店,レンタル法人,36,新規,12ヶ月以上
B25035643,6,2026/6/30,11771,0,3610,361,0,3971,熊本支店,レンタル法人,36,新規,12ヶ月以上
B25035643,7,2026/7/31,11771,0,3610,361,0,3971,熊本支店,レンタル法人,36,新規,12ヶ月以上
B25035643,8,2026/8/31,11771,0,3610,361,0,3971,熊本支店,レンタル法人,36,新規,12ヶ月以上
B25035691,1,2026/1/31,1401,0,14400,1440,0,15840,熊本支店,レンタル法人,2,新規,12ヶ月未満
B25035691,2,2026/2/28,1401,0,12000,1200,0,13200,熊本支店,レンタル法人,2,新規,12ヶ月未満
B25035702,1,2026/1/31,12239,0,55000,5500,0,60500,熊本支店,販売,0,新規,12ヶ月未満
B25035703,1,2026/1/31,12239,0,55000,5500,0,60500,熊本支店,販売,0,新規,12ヶ月未満
B25035705,1,2026/1/31,12239,0,55000,5500,0,60500,熊本支店,販売,0,新規,12ヶ月未満
B25035707,1,2026/1/31,12239,0,35000,3500,0,38500,熊本支店,販売,0,新規,12ヶ月未満
B25035708,1,2026/1/31,12239,0,55000,5500,0,60500,熊本支店,販売,0,新規,12ヶ月未満
B25035725,1,2026/1/31,12239,0,35000,3500,0,38500,熊本支店,販売,0,新規,12ヶ月未満
B25035727,1,2026/1/31,12239,0,90000,9000,0,99000,熊本支店,販売,0,新規,12ヶ月未満
B25035728,1,2026/1/31,12239,0,65000,6500,0,71500,熊本支店,販売,0,新規,12ヶ月未満
B25035730,1,2026/1/31,12239,0,8000,800,0,8800,熊本支店,販売,0,新規,12ヶ月未満
B25035734,1,2026/1/31,2213,0,10280,1028,0,11308,熊本支店,レンタル法人,3,新規,12ヶ月未満
B25035734,2,2026/2/28,2213,0,7080,708,0,7788,熊本支店,レンタル法人,3,新規,12ヶ月未満
B25035734,3,2026/3/31,2213,0,7080,708,0,7788,熊本支店,レンタル法人,3,新規,12ヶ月未満
B25035735,1,2025/12/31,16776,0,18360,1836,0,20196,熊本支店,レンタル法人,1,延長,12ヶ月未満
B25035736,1,2026/1/31,17877,0,45840,4584,0,50424,熊本支店,レンタル法人,60,新規,12ヶ月以上
B25035736,2,2026/2/28,17877,0,21440,2144,0,23584,熊本支店,レンタル法人,60,新規,12ヶ月以上
B25035736,3,2026/3/31,17877,0,21440,2144,0,23584,熊本支店,レンタル法人,60,新規,12ヶ月以上
B25035736,4,2026/4/30,17877,0,21440,2144,0,23584,熊本支店,レンタル法人,60,新規,12ヶ月以上
B25035736,5,2026/5/31,17877,0,21440,2144,0,23584,熊本支店,レンタル法人,60,新規,12ヶ月以上
B25035736,6,2026/6/30,17877,0,21440,2144,0,23584,熊本支店,レンタル法人,60,新規,12ヶ月以上
B25035736,7,2026/7/31,17877,0,21440,2144,0,23584,熊本支店,レンタル法人,60,新規,12ヶ月以上
B25035736,8,2026/8/31,17877,0,21440,2144,0,23584,熊本支店,レンタル法人,60,新規,12ヶ月以上
B25035747,1,2026/1/31,10757,0,5000,500,0,5500,熊本支店,レンタル法人,36,新規,12ヶ月以上
B25035747,2,2026/2/28,10757,0,5000,500,0,5500,熊本支店,レンタル法人,36,新規,12ヶ月以上
B25035747,3,2026/3/31,10757,0,5000,500,0,5500,熊本支店,レンタル法人,36,新規,12ヶ月以上
B25035747,4,2026/4/30,10757,0,5000,500,0,5500,熊本支店,レンタル法人,36,新規,12ヶ月以上
B25035747,5,2026/5/31,10757,0,5000,500,0,5500,熊本支店,レンタル法人,36,新規,12ヶ月以上
B25035747,6,2026/6/30,10757,0,5000,500,0,5500,熊本支店,レンタル法人,36,新規,12ヶ月以上
B25035747,7,2026/7/31,10757,0,5000,500,0,5500,熊本支店,レンタル法人,36,新規,12ヶ月以上
B25035747,8,2026/8/31,10757,0,5000,500,0,5500,熊本支店,レンタル法人,36,新規,12ヶ月以上
B25035749,1,2025/12/31,17803,0,1500,150,0,1650,熊本支店,レンタル法人,0,延長,12ヶ月未満
B25035751,1,2026/1/31,14182,0,10500,1050,0,11550,熊本支店,レンタル法人,3,延長,12ヶ月未満
B25035751,2,2026/2/28,14182,0,10500,1050,0,11550,熊本支店,レンタル法人,3,延長,12ヶ月未満
B25035751,3,2026/3/31,14182,0,10500,1050,0,11550,熊本支店,レンタル法人,3,延長,12ヶ月未満
B25035752,1,2026/1/31,14182,0,5880,588,0,6468,熊本支店,レンタル法人,3,延長,12ヶ月未満
B25035752,2,2026/2/28,14182,0,5880,588,0,6468,熊本支店,レンタル法人,3,延長,12ヶ月未満
B25035752,3,2026/3/31,14182,0,5880,588,0,6468,熊本支店,レンタル法人,3,延長,12ヶ月未満
B25035753,1,2026/1/31,14182,0,5880,588,0,6468,熊本支店,レンタル法人,3,延長,12ヶ月未満
B25035753,2,2026/2/28,14182,0,5880,588,0,6468,熊本支店,レンタル法人,3,延長,12ヶ月未満
B25035753,3,2026/3/31,14182,0,5880,588,0,6468,熊本支店,レンタル法人,3,延長,12ヶ月未満
B25035755,1,2026/1/31,14182,0,11760,1176,0,12936,熊本支店,レンタル法人,3,延長,12ヶ月未満
B25035755,2,2026/2/28,14182,0,11760,1176,0,12936,熊本支店,レンタル法人,3,延長,12ヶ月未満
B25035755,3,2026/3/31,14182,0,11760,1176,0,12936,熊本支店,レンタル法人,3,延長,12ヶ月未満
B25035757,1,2026/1/31,14182,0,5880,588,0,6468,熊本支店,レンタル法人,1,延長,12ヶ月未満
B25035758,0,2025/12/22,14499,52800,0,0,0,52800,熊本支店,販売,0,新規,12ヶ月未満
B25035758,1,2025/12/31,14499,0,48000,4800,52800,0,熊本支店,販売,0,新規,12ヶ月未満
B25035896,1,2026/1/31,10767,0,9000,900,0,9900,熊本支店,レンタル法人,48,新規,12ヶ月以上
B25035896,2,2026/2/28,10767,0,9000,900,0,9900,熊本支店,レンタル法人,48,新規,12ヶ月以上
B25035896,3,2026/3/31,10767,0,9000,900,0,9900,熊本支店,レンタル法人,48,新規,12ヶ月以上
B25035896,4,2026/4/30,10767,0,9000,900,0,9900,熊本支店,レンタル法人,48,新規,12ヶ月以上
B25035896,5,2026/5/31,10767,0,9000,900,0,9900,熊本支店,レンタル法人,48,新規,12ヶ月以上
B25035896,6,2026/6/30,10767,0,9000,900,0,9900,熊本支店,レンタル法人,48,新規,12ヶ月以上
B25035896,7,2026/7/31,10767,0,9000,900,0,9900,熊本支店,レンタル法人,48,新規,12ヶ月以上
B25035896,8,2026/8/31,10767,0,9000,900,0,9900,熊本支店,レンタル法人,48,新規,12ヶ月以上
B25036027,1,2026/1/31,1401,0,14200,1420,0,15620,熊本支店,レンタル法人,6,新規,12ヶ月未満
B25036027,2,2026/2/28,1401,0,11000,1100,0,12100,熊本支店,レンタル法人,6,新規,12ヶ月未満
B25036027,3,2026/3/31,1401,0,11000,1100,0,12100,熊本支店,レンタル法人,6,新規,12ヶ月未満
B25036027,4,2026/4/30,1401,0,11000,1100,0,12100,熊本支店,レンタル法人,6,新規,12ヶ月未満
B25036027,5,2026/5/31,1401,0,11000,1100,0,12100,熊本支店,レンタル法人,6,新規,12ヶ月未満
B25036027,6,2026/6/30,1401,0,11000,1100,0,12100,熊本支店,レンタル法人,6,新規,12ヶ月未満
B25036061,0,2026/1/20,16761,172480,0,0,0,172480,熊本支店,レンタル法人,0,新規,12ヶ月未満
B25036061,1,2026/1/31,16761,0,156800,15680,172480,0,熊本支店,レンタル法人,0,新規,12ヶ月未満
B25036068,1,2026/1/31,7462,0,45200,4520,0,49720,熊本支店,レンタル法人,11,新規,12ヶ月未満
B25036068,2,2026/2/28,7462,0,33400,3340,0,36740,熊本支店,レンタル法人,11,新規,12ヶ月未満
B25036068,3,2026/3/31,7462,0,33400,3340,0,36740,熊本支店,レンタル法人,11,新規,12ヶ月未満
B25036068,4,2026/4/30,7462,0,33400,3340,0,36740,熊本支店,レンタル法人,11,新規,12ヶ月未満
B25036068,5,2026/5/31,7462,0,33400,3340,0,36740,熊本支店,レンタル法人,11,新規,12ヶ月未満
B25036068,6,2026/6/30,7462,0,33400,3340,0,36740,熊本支店,レンタル法人,11,新規,12ヶ月未満
B25036068,7,2026/7/31,7462,0,33400,3340,0,36740,熊本支店,レンタル法人,11,新規,12ヶ月未満
B25036068,8,2026/8/31,7462,0,33400,3340,0,36740,熊本支店,レンタル法人,11,新規,12ヶ月未満
B25036162,1,2025/12/31,5357,0,6250,625,0,6875,熊本支店,レンタル法人,3,延長,12ヶ月未満
B25036162,2,2026/1/31,5357,0,6250,625,0,6875,熊本支店,レンタル法人,3,延長,12ヶ月未満
B25036162,3,2026/2/28,5357,0,6250,625,0,6875,熊本支店,レンタル法人,3,延長,12ヶ月未満
B25036164,1,2025/12/31,5852,0,9000,900,0,9900,熊本支店,レンタル法人,2,延長,12ヶ月未満
B25036164,2,2026/1/31,5852,0,9000,900,0,9900,熊本支店,レンタル法人,2,延長,12ヶ月未満
B25036166,1,2025/12/31,16732,0,9360,936,0,10296,熊本支店,レンタル法人,1,延長,12ヶ月未満
B25036167,1,2025/12/31,1401,0,5500,550,0,6050,熊本支店,レンタル法人,1,延長,12ヶ月未満
B25036168,1,2025/12/31,5852,0,9000,900,0,9900,熊本支店,レンタル法人,2,延長,12ヶ月未満
B25036168,2,2026/1/31,5852,0,9000,900,0,9900,熊本支店,レンタル法人,2,延長,12ヶ月未満
B25036169,1,2026/1/15,8000,0,10000,1000,0,11000,熊本支店,レンタル法人,1,延長,12ヶ月未満
B25036170,1,2025/12/31,1401,0,11000,1100,0,12100,熊本支店,レンタル法人,1,延長,12ヶ月未満
B25036189,1,2025/12/31,11577,0,14000,1400,0,15400,熊本支店,レンタル法人,1,新規,12ヶ月未満
B25036261,1,2025/12/31,17856,0,9000,900,0,9900,熊本支店,販売,0,新規,12ヶ月未満
B25036269,1,2026/1/31,10784,0,34650,3465,0,38115,熊本支店,レンタル法人,0,新規,12ヶ月未満
B25036279,1,2026/1/31,12299,0,9900,990,0,10890,熊本支店,レンタル法人,5,新規,12ヶ月未満
B25036279,2,2026/2/28,12299,0,8000,800,0,8800,熊本支店,レンタル法人,5,新規,12ヶ月未満
B25036279,3,2026/3/31,12299,0,8000,800,0,8800,熊本支店,レンタル法人,5,新規,12ヶ月未満
B25036279,4,2026/4/30,12299,0,8000,800,0,8800,熊本支店,レンタル法人,5,新規,12ヶ月未満
B25036279,5,2026/5/31,12299,0,8000,800,0,8800,熊本支店,レンタル法人,5,新規,12ヶ月未満
B25036293,1,2025/12/31,17803,0,1000,100,0,1100,熊本支店,レンタル法人,0,延長,12ヶ月未満
B25036359,1,2025/12/31,2804,0,24000,2400,0,26400,熊本支店,レンタル法人,1,新規,12ヶ月未満
B25036384,1,2026/1/31,13187,0,6800,680,0,7480,熊本支店,レンタル法人,36,新規,12ヶ月以上
B25036384,2,2026/2/28,13187,0,4400,440,0,4840,熊本支店,レンタル法人,36,新規,12ヶ月以上
B25036384,3,2026/3/31,13187,0,4400,440,0,4840,熊本支店,レンタル法人,36,新規,12ヶ月以上
B25036384,4,2026/4/30,13187,0,4400,440,0,4840,熊本支店,レンタル法人,36,新規,12ヶ月以上
B25036384,5,2026/5/31,13187,0,4400,440,0,4840,熊本支店,レンタル法人,36,新規,12ヶ月以上
B25036384,6,2026/6/30,13187,0,4400,440,0,4840,熊本支店,レンタル法人,36,新規,12ヶ月以上
B25036384,7,2026/7/31,13187,0,4400,440,0,4840,熊本支店,レンタル法人,36,新規,12ヶ月以上
B25036384,8,2026/8/31,13187,0,4400,440,0,4840,熊本支店,レンタル法人,36,新規,12ヶ月以上
B25036404,1,2026/1/31,11771,0,34700,3470,0,38170,熊本支店,レンタル法人,1,新規,12ヶ月未満
B25036407,1,2026/1/31,7559,0,183100,18310,0,201410,熊本支店,レンタル法人,2,新規,12ヶ月未満
B25036407,2,2026/2/28,7559,0,171000,17100,0,188100,熊本支店,レンタル法人,2,新規,12ヶ月未満
B25036407,3,2026/3/31,7559,0,171000,17100,0,188100,熊本支店,レンタル法人,2,新規,12ヶ月未満
B25036419,1,2025/12/31,11117,0,9000,900,0,9900,熊本支店,レンタル法人,0,新規,12ヶ月未満
B25036521,1,2026/1/15,8000,0,20000,2000,0,22000,熊本支店,レンタル法人,1,新規,12ヶ月未満
B25036527,1,2026/1/31,16201,0,34000,3400,0,37400,熊本支店,レンタル法人,0,新規,12ヶ月未満
B25036603,0,2026/1/7,17900,26946,0,0,0,26946,熊本支店,レンタル法人,1,新規,12ヶ月未満
B25036603,1,2026/1/31,17900,0,24497,2449,26946,0,熊本支店,レンタル法人,1,新規,12ヶ月未満
B25036606,1,2026/3/31,12172,0,273300,27330,0,300630,熊本支店,レンタル法人,60,新規,12ヶ月以上
B25036606,2,2026/4/30,12172,0,48300,4830,0,53130,熊本支店,レンタル法人,60,新規,12ヶ月以上
B25036606,3,2026/5/31,12172,0,48300,4830,0,53130,熊本支店,レンタル法人,60,新規,12ヶ月以上
B25036606,4,2026/6/30,12172,0,48300,4830,0,53130,熊本支店,レンタル法人,60,新規,12ヶ月以上
B25036606,5,2026/7/31,12172,0,48300,4830,0,53130,熊本支店,レンタル法人,60,新規,12ヶ月以上
B25036606,6,2026/8/31,12172,0,48300,4830,0,53130,熊本支店,レンタル法人,60,新規,12ヶ月以上
B25036609,1,2026/1/31,17849,0,0,0,0,0,熊本支店,レンタル法人,1,新規,12ヶ月未満
B25036612,1,2025/12/31,11577,0,34300,3430,0,37730,熊本支店,役務,0,新規,12ヶ月未満
B25036618,1,2025/12/31,17767,0,10200,1020,0,11220,熊本支店,レンタル法人,1,延長,12ヶ月未満
B25036735,1,2025/12/31,11577,0,44000,4400,0,48400,熊本支店,役務,0,新規,12ヶ月未満
B25036736,1,2025/12/31,11577,0,34000,3400,0,37400,熊本支店,役務,0,新規,12ヶ月未満
B25036740,0,2026/1/12,17903,7590,0,0,0,7590,熊本支店,レンタル法人,0,新規,12ヶ月未満
B25036740,1,2026/1/31,17903,0,6900,690,7590,0,熊本支店,レンタル法人,0,新規,12ヶ月未満
B25036749,1,2026/1/31,1401,0,10000,1000,0,11000,熊本支店,レンタル法人,3,新規,12ヶ月未満
B25036749,2,2026/2/28,1401,0,5800,580,0,6380,熊本支店,レンタル法人,3,新規,12ヶ月未満
B25036749,3,2026/3/31,1401,0,5800,580,0,6380,熊本支店,レンタル法人,3,新規,12ヶ月未満
B25036756,1,2026/1/31,17763,0,12200,1220,0,13420,熊本支店,レンタル法人,0,新規,12ヶ月未満
B25036780,1,2026/1/31,11771,0,17600,1760,0,19360,熊本支店,レンタル法人,1,延長,12ヶ月未満
B25036783,1,2026/1/31,17152,0,30200,3020,0,33220,熊本支店,レンタル法人,0,新規,12ヶ月未満
B25036784,1,2026/1/31,17152,0,12700,1270,0,13970,熊本支店,レンタル法人,0,新規,12ヶ月未満
B25036796,1,2025/12/31,1401,0,-1755,-175,0,-1930,熊本支店,レンタル法人,0,新規,12ヶ月未満
B25036798,1,2025/12/31,1401,0,-3752,-375,0,-4127,熊本支店,レンタル法人,0,新規,12ヶ月未満
B25036835,1,2025/12/31,1401,0,-234,-23,0,-257,熊本支店,レンタル法人,0,新規,12ヶ月未満
B25036836,1,2025/12/31,1401,0,-4096,-409,0,-4505,熊本支店,レンタル法人,0,新規,12ヶ月未満
B25036847,1,2025/12/31,1401,0,-40656,-4065,0,-44721,熊本支店,レンタル法人,0,新規,12ヶ月未満
B25036860,0,2026/1/5,17905,70840,0,0,0,70840,熊本支店,レンタル法人,2,新規,12ヶ月未満
B25036860,1,2026/1/31,17905,0,28400,2840,31240,0,熊本支店,レンタル法人,2,新規,12ヶ月未満
B25036860,2,2026/2/28,17905,0,18000,1800,19800,0,熊本支店,レンタル法人,2,新規,12ヶ月未満
B25036860,3,2026/3/31,17905,0,18000,1800,19800,0,熊本支店,レンタル法人,2,新規,12ヶ月未満
B25036931,1,2026/2/28,14801,0,54700,5470,0,60170,熊本支店,レンタル法人,48,新規,12ヶ月以上
B25036931,2,2026/3/31,14801,0,11700,1170,0,12870,熊本支店,レンタル法人,48,新規,12ヶ月以上
B25036931,3,2026/4/30,14801,0,11700,1170,0,12870,熊本支店,レンタル法人,48,新規,12ヶ月以上
B25036931,4,2026/5/31,14801,0,11700,1170,0,12870,熊本支店,レンタル法人,48,新規,12ヶ月以上
B25036931,5,2026/6/30,14801,0,11700,1170,0,12870,熊本支店,レンタル法人,48,新規,12ヶ月以上
B25036931,6,2026/7/31,14801,0,11700,1170,0,12870,熊本支店,レンタル法人,48,新規,12ヶ月以上
B25036931,7,2026/8/31,14801,0,11700,1170,0,12870,熊本支店,レンタル法人,48,新規,12ヶ月以上
B26000006,1,2026/1/15,8000,0,6050,605,0,6655,熊本支店,レンタル法人,1,延長,12ヶ月未満
B26000011,1,2026/1/15,8000,0,6050,605,0,6655,熊本支店,レンタル法人,3,延長,12ヶ月未満
B26000011,2,2026/2/15,8000,0,6050,605,0,6655,熊本支店,レンタル法人,3,延長,12ヶ月未満
B26000011,3,2026/3/15,8000,0,6050,605,0,6655,熊本支店,レンタル法人,3,延長,12ヶ月未満
B26000012,1,2026/1/15,8000,0,6050,605,0,6655,熊本支店,レンタル法人,3,延長,12ヶ月未満
B26000012,2,2026/2/15,8000,0,6050,605,0,6655,熊本支店,レンタル法人,3,延長,12ヶ月未満
B26000012,3,2026/3/15,8000,0,6050,605,0,6655,熊本支店,レンタル法人,3,延長,12ヶ月未満
B26000013,1,2026/1/15,8000,0,6050,605,0,6655,熊本支店,レンタル法人,3,延長,12ヶ月未満
B26000013,2,2026/2/15,8000,0,6050,605,0,6655,熊本支店,レンタル法人,3,延長,12ヶ月未満
B26000013,3,2026/3/15,8000,0,6050,605,0,6655,熊本支店,レンタル法人,3,延長,12ヶ月未満
B26000026,1,2026/1/31,10784,0,88200,8820,0,97020,熊本支店,販売,0,新規,12ヶ月未満
B26000072,1,2026/1/31,10744,0,11000,1100,0,12100,熊本支店,レンタル法人,3,延長,12ヶ月未満
B26000072,2,2026/2/28,10744,0,11000,1100,0,12100,熊本支店,レンタル法人,3,延長,12ヶ月未満
B26000072,3,2026/3/31,10744,0,11000,1100,0,12100,熊本支店,レンタル法人,3,延長,12ヶ月未満
B26000077,1,2026/1/31,8988,0,7800,780,0,8580,熊本支店,レンタル法人,36,新規,12ヶ月以上
B26000077,2,2026/2/28,8988,0,2000,200,0,2200,熊本支店,レンタル法人,36,新規,12ヶ月以上
B26000077,3,2026/3/31,8988,0,2000,200,0,2200,熊本支店,レンタル法人,36,新規,12ヶ月以上
B26000077,4,2026/4/30,8988,0,2000,200,0,2200,熊本支店,レンタル法人,36,新規,12ヶ月以上
B26000077,5,2026/5/31,8988,0,2000,200,0,2200,熊本支店,レンタル法人,36,新規,12ヶ月以上
B26000077,6,2026/6/30,8988,0,2000,200,0,2200,熊本支店,レンタル法人,36,新規,12ヶ月以上
B26000077,7,2026/7/31,8988,0,2000,200,0,2200,熊本支店,レンタル法人,36,新規,12ヶ月以上
B26000077,8,2026/8/31,8988,0,2000,200,0,2200,熊本支店,レンタル法人,36,新規,12ヶ月以上
B26000080,0,2026/1/8,17918,118800,0,0,0,118800,熊本支店,レンタル法人,2,新規,12ヶ月未満
B26000080,1,2026/1/31,17918,0,56000,5600,61600,0,熊本支店,レンタル法人,2,新規,12ヶ月未満
B26000080,2,2026/2/28,17918,0,52000,5200,57200,0,熊本支店,レンタル法人,2,新規,12ヶ月未満
B26000095,1,2026/1/31,1401,0,13100,1310,0,14410,熊本支店,レンタル法人,6,新規,12ヶ月未満
B26000095,2,2026/2/28,1401,0,8100,810,0,8910,熊本支店,レンタル法人,6,新規,12ヶ月未満
B26000095,3,2026/3/31,1401,0,8100,810,0,8910,熊本支店,レンタル法人,6,新規,12ヶ月未満
B26000095,4,2026/4/30,1401,0,8100,810,0,8910,熊本支店,レンタル法人,6,新規,12ヶ月未満
B26000095,5,2026/5/31,1401,0,8100,810,0,8910,熊本支店,レンタル法人,6,新規,12ヶ月未満
B26000095,6,2026/6/30,1401,0,8100,810,0,8910,熊本支店,レンタル法人,6,新規,12ヶ月未満
B26000096,1,2026/1/31,14182,0,5880,588,0,6468,熊本支店,レンタル法人,1,延長,12ヶ月未満
B26000110,1,2026/1/31,10489,0,2728,272,0,3000,熊本支店,レンタル法人,12,新規,12ヶ月未満
B26000110,2,2026/2/28,10489,0,2728,272,0,3000,熊本支店,レンタル法人,12,新規,12ヶ月未満
B26000110,3,2026/3/31,10489,0,2728,272,0,3000,熊本支店,レンタル法人,12,新規,12ヶ月未満
B26000110,4,2026/4/30,10489,0,2728,272,0,3000,熊本支店,レンタル法人,12,新規,12ヶ月未満
B26000110,5,2026/5/31,10489,0,2728,272,0,3000,熊本支店,レンタル法人,12,新規,12ヶ月未満
B26000110,6,2026/6/30,10489,0,2728,272,0,3000,熊本支店,レンタル法人,12,新規,12ヶ月未満
B26000110,7,2026/7/31,10489,0,2728,272,0,3000,熊本支店,レンタル法人,12,新規,12ヶ月未満
B26000110,8,2026/8/31,10489,0,2728,272,0,3000,熊本支店,レンタル法人,12,新規,12ヶ月未満
B26000114,1,2026/1/31,10489,0,2728,272,0,3000,熊本支店,レンタル法人,1,延長,12ヶ月未満
B26000117,1,2026/1/31,9539,0,16600,1660,0,18260,熊本支店,レンタル法人,0,新規,12ヶ月未満
B26000121,1,2026/2/28,14837,0,37400,3740,0,41140,熊本支店,レンタル法人,0,新規,12ヶ月未満
B26000151,1,2026/1/31,14465,0,20000,2000,0,22000,熊本支店,レンタル法人,5,延長,12ヶ月未満
B26000224,1,2026/1/31,13146,0,4000,400,0,4400,熊本支店,レンタル法人,12,延長,12ヶ月未満
B26000224,2,2026/2/28,13146,0,4000,400,0,4400,熊本支店,レンタル法人,12,延長,12ヶ月未満
B26000224,3,2026/3/31,13146,0,4000,400,0,4400,熊本支店,レンタル法人,12,延長,12ヶ月未満
B26000224,4,2026/4/30,13146,0,4000,400,0,4400,熊本支店,レンタル法人,12,延長,12ヶ月未満
B26000224,5,2026/5/31,13146,0,4000,400,0,4400,熊本支店,レンタル法人,12,延長,12ヶ月未満
B26000224,6,2026/6/30,13146,0,4000,400,0,4400,熊本支店,レンタル法人,12,延長,12ヶ月未満
B26000224,7,2026/7/31,13146,0,4000,400,0,4400,熊本支店,レンタル法人,12,延長,12ヶ月未満
B26000224,8,2026/8/31,13146,0,4000,400,0,4400,熊本支店,レンタル法人,12,延長,12ヶ月未満
B26000230,1,2026/1/31,10735,0,1819,181,0,2000,熊本支店,レンタル法人,1,延長,12ヶ月未満
B26000231,1,2026/1/31,10489,0,2728,272,0,3000,熊本支店,レンタル法人,1,延長,12ヶ月未満
B26000264,1,2026/1/31,10793,0,125600,12560,0,138160,熊本支店,レンタル法人,0,新規,12ヶ月未満
B26000278,1,2026/1/31,12239,0,175000,17500,0,192500,熊本支店,販売,0,新規,12ヶ月未満
B26000279,1,2026/1/31,12239,0,70000,7000,0,77000,熊本支店,販売,0,新規,12ヶ月未満
B26000281,1,2026/1/31,12239,0,35000,3500,0,38500,熊本支店,販売,0,新規,12ヶ月未満
B26000282,1,2026/1/31,12239,0,35000,3500,0,38500,熊本支店,販売,0,新規,12ヶ月未満
B26000283,1,2026/1/31,12239,0,55000,5500,0,60500,熊本支店,販売,0,新規,12ヶ月未満
B26000284,1,2026/1/31,12239,0,35000,3500,0,38500,熊本支店,販売,0,新規,12ヶ月未満
B26000285,1,2026/1/31,12239,0,55000,5500,0,60500,熊本支店,販売,0,新規,12ヶ月未満
B26000286,1,2026/1/31,12239,0,165000,16500,0,181500,熊本支店,販売,0,新規,12ヶ月未満
B26000287,1,2026/1/31,12239,0,175000,17500,0,192500,熊本支店,販売,0,新規,12ヶ月未満
B26000288,1,2026/1/31,12239,0,18000,1800,0,19800,熊本支店,販売,0,新規,12ヶ月未満
B26000289,1,2026/1/31,12239,0,70000,7000,0,77000,熊本支店,販売,0,新規,12ヶ月未満
B26000290,1,2026/1/31,12239,0,70000,7000,0,77000,熊本支店,販売,0,新規,12ヶ月未満
B26000291,1,2026/1/31,12239,0,35000,3500,0,38500,熊本支店,販売,0,新規,12ヶ月未満
B26000293,1,2026/1/31,12239,0,28000,2800,0,30800,熊本支店,販売,0,新規,12ヶ月未満
B26000294,1,2026/1/31,12239,0,35000,3500,0,38500,熊本支店,販売,0,新規,12ヶ月未満
B26000297,1,2026/1/31,12239,0,110000,11000,0,121000,熊本支店,販売,0,新規,12ヶ月未満
B26000299,1,2026/1/31,12239,0,60000,6000,0,66000,熊本支店,販売,0,新規,12ヶ月未満
B26000300,1,2026/1/31,12239,0,55000,5500,0,60500,熊本支店,販売,0,新規,12ヶ月未満
B26000301,1,2026/1/31,12239,0,65000,6500,0,71500,熊本支店,販売,0,新規,12ヶ月未満
B26000302,1,2026/1/31,12239,0,70000,7000,0,77000,熊本支店,販売,0,新規,12ヶ月未満
B26000303,1,2026/1/31,12239,0,70000,7000,0,77000,熊本支店,販売,0,新規,12ヶ月未満
B26000305,1,2026/1/31,12239,0,18000,1800,0,19800,熊本支店,販売,0,新規,12ヶ月未満
B26000306,1,2026/1/31,12239,0,35000,3500,0,38500,熊本支店,販売,0,新規,12ヶ月未満
B26000308,1,2026/1/31,12239,0,55000,5500,0,60500,熊本支店,販売,0,新規,12ヶ月未満
B26000309,1,2026/1/31,12239,0,90000,9000,0,99000,熊本支店,販売,0,新規,12ヶ月未満
B26000310,1,2026/1/31,12239,0,75000,7500,0,82500,熊本支店,販売,0,新規,12ヶ月未満
B26000311,1,2026/1/31,12239,0,55000,5500,0,60500,熊本支店,販売,0,新規,12ヶ月未満
B26000312,1,2026/1/31,12239,0,8000,800,0,8800,熊本支店,販売,0,新規,12ヶ月未満
B26000313,1,2026/1/31,12239,0,60000,6000,0,66000,熊本支店,販売,0,新規,12ヶ月未満
B26000314,1,2026/1/31,12239,0,8000,800,0,8800,熊本支店,販売,0,新規,12ヶ月未満
B26000315,1,2026/1/31,12239,0,105000,10500,0,115500,熊本支店,販売,0,新規,12ヶ月未満
B26000317,1,2026/1/31,12239,0,35000,3500,0,38500,熊本支店,販売,0,新規,12ヶ月未満
B26000318,1,2026/1/31,12239,0,105000,10500,0,115500,熊本支店,販売,0,新規,12ヶ月未満
B26000319,1,2026/1/31,12239,0,55000,5500,0,60500,熊本支店,販売,0,新規,12ヶ月未満
B26000320,1,2026/1/31,12239,0,90000,9000,0,99000,熊本支店,販売,0,新規,12ヶ月未満
B26000321,1,2026/1/31,12239,0,55000,5500,0,60500,熊本支店,販売,0,新規,12ヶ月未満
B26000322,1,2026/1/31,12239,0,35000,3500,0,38500,熊本支店,販売,0,新規,12ヶ月未満
B26000324,1,2026/1/31,12239,0,40000,4000,0,44000,熊本支店,販売,0,新規,12ヶ月未満
B26000325,1,2026/1/31,12239,0,40000,4000,0,44000,熊本支店,販売,0,新規,12ヶ月未満
B26000326,1,2026/1/31,12239,0,55000,5500,0,60500,熊本支店,販売,0,新規,12ヶ月未満
B26000327,1,2026/1/31,12239,0,55000,5500,0,60500,熊本支店,販売,0,新規,12ヶ月未満
B26000328,1,2026/1/31,12239,0,55000,5500,0,60500,熊本支店,販売,0,新規,12ヶ月未満
B26000329,1,2026/1/31,12239,0,55000,5500,0,60500,熊本支店,販売,0,新規,12ヶ月未満
B26000330,1,2026/1/31,12239,0,55000,5500,0,60500,熊本支店,販売,0,新規,12ヶ月未満
B26000332,1,2026/1/31,12239,0,33000,3300,0,36300,熊本支店,販売,0,新規,12ヶ月未満
B26000333,1,2026/1/31,12239,0,70000,7000,0,77000,熊本支店,販売,0,新規,12ヶ月未満
B26000334,1,2026/1/31,12239,0,55000,5500,0,60500,熊本支店,販売,0,新規,12ヶ月未満
B26000336,1,2026/1/31,12239,0,70000,7000,0,77000,熊本支店,販売,0,新規,12ヶ月未満
B26000337,1,2026/1/31,12239,0,35000,3500,0,38500,熊本支店,販売,0,新規,12ヶ月未満
B26000339,1,2026/1/31,12239,0,33000,3300,0,36300,熊本支店,販売,0,新規,12ヶ月未満
B26000341,1,2026/1/31,12239,0,172500,17250,0,189750,熊本支店,販売,0,新規,12ヶ月未満
B26000342,1,2026/1/31,12239,0,33000,3300,0,36300,熊本支店,販売,0,新規,12ヶ月未満
B26000343,1,2026/1/31,12239,0,35000,3500,0,38500,熊本支店,販売,0,新規,12ヶ月未満
B26000345,1,2026/1/31,12239,0,35000,3500,0,38500,熊本支店,販売,0,新規,12ヶ月未満
B26000348,1,2026/1/31,12239,0,35000,3500,0,38500,熊本支店,販売,0,新規,12ヶ月未満
B26000349,1,2026/1/31,12239,0,35000,3500,0,38500,熊本支店,販売,0,新規,12ヶ月未満
B26000350,1,2026/1/31,12239,0,55000,5500,0,60500,熊本支店,販売,0,新規,12ヶ月未満
B26000351,1,2026/1/31,12239,0,35000,3500,0,38500,熊本支店,販売,0,新規,12ヶ月未満
B26000353,1,2026/1/31,12239,0,33000,3300,0,36300,熊本支店,販売,0,新規,12ヶ月未満
B26000354,1,2026/1/31,12239,0,70000,7000,0,77000,熊本支店,販売,0,新規,12ヶ月未満
B26000355,1,2026/1/31,12239,0,190000,19000,0,209000,熊本支店,販売,0,新規,12ヶ月未満
B26000356,1,2026/1/31,12239,0,35000,3500,0,38500,熊本支店,販売,0,新規,12ヶ月未満
B26000357,1,2026/1/31,12239,0,70000,7000,0,77000,熊本支店,販売,0,新規,12ヶ月未満
B26000358,1,2026/1/31,12239,0,70000,7000,0,77000,熊本支店,販売,0,新規,12ヶ月未満
B26000359,1,2026/1/31,12239,0,70000,7000,0,77000,熊本支店,販売,0,新規,12ヶ月未満
B26000360,1,2026/1/31,12239,0,65000,6500,0,71500,熊本支店,販売,0,新規,12ヶ月未満
B26000361,1,2026/1/31,12239,0,60000,6000,0,66000,熊本支店,販売,0,新規,12ヶ月未満
B26000362,1,2026/1/31,12239,0,60000,6000,0,66000,熊本支店,販売,0,新規,12ヶ月未満
B26000363,1,2026/1/31,12239,0,40000,4000,0,44000,熊本支店,販売,0,新規,12ヶ月未満
B26000364,1,2026/1/31,12239,0,8000,800,0,8800,熊本支店,販売,0,新規,12ヶ月未満
B26000365,1,2026/1/31,12239,0,40000,4000,0,44000,熊本支店,販売,0,新規,12ヶ月未満
B26000377,0,2026/1/15,17930,44990,0,0,0,44990,熊本支店,レンタル法人,0,新規,12ヶ月未満
B26000377,1,2026/1/31,17930,0,40900,4090,44990,0,熊本支店,レンタル法人,0,新規,12ヶ月未満
B26000394,1,2026/1/31,11771,0,11650,1165,0,12815,熊本支店,レンタル法人,36,新規,12ヶ月以上
B26000394,2,2026/2/28,11771,0,5250,525,0,5775,熊本支店,レンタル法人,36,新規,12ヶ月以上
B26000394,3,2026/3/31,11771,0,5250,525,0,5775,熊本支店,レンタル法人,36,新規,12ヶ月以上
B26000394,4,2026/4/30,11771,0,5250,525,0,5775,熊本支店,レンタル法人,36,新規,12ヶ月以上
B26000394,5,2026/5/31,11771,0,5250,525,0,5775,熊本支店,レンタル法人,36,新規,12ヶ月以上
B26000394,6,2026/6/30,11771,0,5250,525,0,5775,熊本支店,レンタル法人,36,新規,12ヶ月以上
B26000394,7,2026/7/31,11771,0,5250,525,0,5775,熊本支店,レンタル法人,36,新規,12ヶ月以上
B26000394,8,2026/8/31,11771,0,5250,525,0,5775,熊本支店,レンタル法人,36,新規,12ヶ月以上
B26000400,1,2026/1/31,9539,0,11000,1100,0,12100,熊本支店,レンタル法人,0,新規,12ヶ月未満
B26000404,1,2026/1/31,15448,0,42260,4226,0,46486,熊本支店,レンタル法人,48,新規,12ヶ月以上
B26000404,2,2026/2/28,15448,0,2860,286,0,3146,熊本支店,レンタル法人,48,新規,12ヶ月以上
B26000404,3,2026/3/31,15448,0,2860,286,0,3146,熊本支店,レンタル法人,48,新規,12ヶ月以上
B26000404,4,2026/4/30,15448,0,2860,286,0,3146,熊本支店,レンタル法人,48,新規,12ヶ月以上
B26000404,5,2026/5/31,15448,0,2860,286,0,3146,熊本支店,レンタル法人,48,新規,12ヶ月以上
B26000404,6,2026/6/30,15448,0,2860,286,0,3146,熊本支店,レンタル法人,48,新規,12ヶ月以上
B26000404,7,2026/7/31,15448,0,2860,286,0,3146,熊本支店,レンタル法人,48,新規,12ヶ月以上
B26000404,8,2026/8/31,15448,0,2860,286,0,3146,熊本支店,レンタル法人,48,新規,12ヶ月以上
B26000419,1,2026/1/31,17243,0,9200,920,0,10120,熊本支店,レンタル法人,3,新規,12ヶ月未満
B26000419,2,2026/2/28,17243,0,6000,600,0,6600,熊本支店,レンタル法人,3,新規,12ヶ月未満
B26000419,3,2026/3/31,17243,0,6000,600,0,6600,熊本支店,レンタル法人,3,新規,12ヶ月未満
B26000448,1,2026/5/31,14255,0,0,0,0,0,熊本支店,レンタル法人,4,新規,12ヶ月未満
B26000452,1,2026/1/31,5911,0,775900,77590,0,853490,熊本支店,レンタル法人,3,新規,12ヶ月未満
B26000452,2,2026/2/28,5911,0,494900,49490,0,544390,熊本支店,レンタル法人,3,新規,12ヶ月未満
B26000452,3,2026/3/31,5911,0,494900,49490,0,544390,熊本支店,レンタル法人,3,新規,12ヶ月未満
B26000452,4,2026/4/30,5911,0,494900,49490,0,544390,熊本支店,レンタル法人,3,新規,12ヶ月未満
B26000455,1,2026/1/31,17934,0,36000,3600,0,39600,熊本支店,レンタル法人,0,新規,12ヶ月未満
B26000541,1,2026/1/31,13187,0,50250,5025,0,55275,熊本支店,レンタル法人,29,新規,12ヶ月以上
B26000541,2,2026/2/28,13187,0,41250,4125,0,45375,熊本支店,レンタル法人,29,新規,12ヶ月以上
B26000541,3,2026/3/31,13187,0,41250,4125,0,45375,熊本支店,レンタル法人,29,新規,12ヶ月以上
B26000541,4,2026/4/30,13187,0,41250,4125,0,45375,熊本支店,レンタル法人,29,新規,12ヶ月以上
B26000541,5,2026/5/31,13187,0,41250,4125,0,45375,熊本支店,レンタル法人,29,新規,12ヶ月以上
B26000541,6,2026/6/30,13187,0,41250,4125,0,45375,熊本支店,レンタル法人,29,新規,12ヶ月以上
B26000541,7,2026/7/31,13187,0,41250,4125,0,45375,熊本支店,レンタル法人,29,新規,12ヶ月以上
B26000541,8,2026/8/31,13187,0,41250,4125,0,45375,熊本支店,レンタル法人,29,新規,12ヶ月以上
B26000549,1,2026/2/28,10784,0,22000,2200,0,24200,熊本支店,レンタル法人,1,新規,12ヶ月未満
B26000563,1,2026/1/31,5911,0,12500,1250,0,13750,熊本支店,レンタル法人,3,新規,12ヶ月未満
B26000563,2,2026/2/28,5911,0,12500,1250,0,13750,熊本支店,レンタル法人,3,新規,12ヶ月未満
B26000563,3,2026/3/31,5911,0,12500,1250,0,13750,熊本支店,レンタル法人,3,新規,12ヶ月未満
B26000563,4,2026/4/30,5911,0,12500,1250,0,13750,熊本支店,レンタル法人,3,新規,12ヶ月未満
B26000569,1,2026/1/31,11577,0,21000,2100,0,23100,熊本支店,レンタル法人,1,新規,12ヶ月未満
B26000606,1,2026/2/28,13187,0,4600,460,0,5060,熊本支店,レンタル法人,36,新規,12ヶ月以上
B26000606,2,2026/3/31,13187,0,2200,220,0,2420,熊本支店,レンタル法人,36,新規,12ヶ月以上
B26000606,3,2026/4/30,13187,0,2200,220,0,2420,熊本支店,レンタル法人,36,新規,12ヶ月以上
B26000606,4,2026/5/31,13187,0,2200,220,0,2420,熊本支店,レンタル法人,36,新規,12ヶ月以上
B26000606,5,2026/6/30,13187,0,2200,220,0,2420,熊本支店,レンタル法人,36,新規,12ヶ月以上
B26000606,6,2026/7/31,13187,0,2200,220,0,2420,熊本支店,レンタル法人,36,新規,12ヶ月以上
B26000606,7,2026/8/31,13187,0,2200,220,0,2420,熊本支店,レンタル法人,36,新規,12ヶ月以上
B26000642,1,2026/1/31,17836,0,13400,1340,0,14740,熊本支店,レンタル法人,1,新規,12ヶ月未満
B26000666,1,2026/2/28,10767,0,3000,300,0,3300,熊本支店,レンタル法人,48,新規,12ヶ月以上
B26000666,2,2026/3/31,10767,0,3000,300,0,3300,熊本支店,レンタル法人,48,新規,12ヶ月以上
B26000666,3,2026/4/30,10767,0,3000,300,0,3300,熊本支店,レンタル法人,48,新規,12ヶ月以上
B26000666,4,2026/5/31,10767,0,3000,300,0,3300,熊本支店,レンタル法人,48,新規,12ヶ月以上
B26000666,5,2026/6/30,10767,0,3000,300,0,3300,熊本支店,レンタル法人,48,新規,12ヶ月以上
B26000666,6,2026/7/31,10767,0,3000,300,0,3300,熊本支店,レンタル法人,48,新規,12ヶ月以上
B26000666,7,2026/8/31,10767,0,3000,300,0,3300,熊本支店,レンタル法人,48,新規,12ヶ月以上
B26000685,1,2026/2/28,16011,0,3000,300,0,3300,熊本支店,レンタル法人,49,新規,12ヶ月以上
B26000685,2,2026/3/31,16011,0,3000,300,0,3300,熊本支店,レンタル法人,49,新規,12ヶ月以上
B26000685,3,2026/4/30,16011,0,3000,300,0,3300,熊本支店,レンタル法人,49,新規,12ヶ月以上
B26000685,4,2026/5/31,16011,0,3000,300,0,3300,熊本支店,レンタル法人,49,新規,12ヶ月以上
B26000685,5,2026/6/30,16011,0,3000,300,0,3300,熊本支店,レンタル法人,49,新規,12ヶ月以上
B26000685,6,2026/7/31,16011,0,3000,300,0,3300,熊本支店,レンタル法人,49,新規,12ヶ月以上
B26000685,7,2026/8/31,16011,0,3000,300,0,3300,熊本支店,レンタル法人,49,新規,12ヶ月以上
B26000686,1,2026/2/28,15439,0,3400,340,0,3740,熊本支店,レンタル法人,48,新規,12ヶ月以上
B26000686,2,2026/3/31,15439,0,3400,340,0,3740,熊本支店,レンタル法人,48,新規,12ヶ月以上
B26000686,3,2026/4/30,15439,0,3400,340,0,3740,熊本支店,レンタル法人,48,新規,12ヶ月以上
B26000686,4,2026/5/31,15439,0,3400,340,0,3740,熊本支店,レンタル法人,48,新規,12ヶ月以上
B26000686,5,2026/6/30,15439,0,3400,340,0,3740,熊本支店,レンタル法人,48,新規,12ヶ月以上
B26000686,6,2026/7/31,15439,0,3400,340,0,3740,熊本支店,レンタル法人,48,新規,12ヶ月以上
B26000686,7,2026/8/31,15439,0,3400,340,0,3740,熊本支店,レンタル法人,48,新規,12ヶ月以上
B26000688,1,2026/2/28,16410,0,0,0,0,0,熊本支店,レンタル法人,1,新規,12ヶ月未満
B26000693,1,2026/3/31,16405,0,28600,2860,0,31460,熊本支店,レンタル法人,0,新規,12ヶ月未満
B26000701,1,2025/12/31,17552,0,10360,1036,0,11396,熊本支店,レンタル法人,1,延長,12ヶ月未満
B26000712,1,2026/2/28,1401,0,43240,4324,0,47564,熊本支店,レンタル法人,25,新規,12ヶ月以上
B26000712,2,2026/3/31,1401,0,38200,3820,0,42020,熊本支店,レンタル法人,25,新規,12ヶ月以上
B26000712,3,2026/4/30,1401,0,38200,3820,0,42020,熊本支店,レンタル法人,25,新規,12ヶ月以上
B26000712,4,2026/5/31,1401,0,38200,3820,0,42020,熊本支店,レンタル法人,25,新規,12ヶ月以上
B26000712,5,2026/6/30,1401,0,38200,3820,0,42020,熊本支店,レンタル法人,25,新規,12ヶ月以上
B26000712,6,2026/7/31,1401,0,38200,3820,0,42020,熊本支店,レンタル法人,25,新規,12ヶ月以上
B26000712,7,2026/8/31,1401,0,38200,3820,0,42020,熊本支店,レンタル法人,25,新規,12ヶ月以上
B26000714,1,2026/1/31,17957,0,19600,1960,0,21560,熊本支店,レンタル法人,0,新規,12ヶ月未満
B26000772,1,2026/1/31,12299,0,11900,1190,0,13090,熊本支店,レンタル法人,2,新規,12ヶ月未満
B26000772,2,2026/2/28,12299,0,6500,650,0,7150,熊本支店,レンタル法人,2,新規,12ヶ月未満
B26000783,1,2026/2/28,12239,0,70000,7000,0,77000,熊本支店,販売,0,新規,12ヶ月未満
B26000785,1,2026/2/28,12239,0,110000,11000,0,121000,熊本支店,販売,0,新規,12ヶ月未満
B26000786,1,2026/1/31,10788,0,30000,3000,0,33000,熊本支店,販売,0,新規,12ヶ月未満
B26000789,1,2026/3/31,16360,0,36364,3636,0,40000,熊本支店,販売,0,新規,12ヶ月未満
B26000793,1,2026/3/31,1401,0,67200,6720,0,73920,熊本支店,レンタル法人,0,新規,12ヶ月未満
B26000804,1,2026/2/28,4234,0,266000,26600,0,292600,熊本支店,レンタル法人,1,新規,12ヶ月未満
B26000808,1,2026/2/28,4234,0,22200,2220,0,24420,熊本支店,レンタル法人,1,新規,12ヶ月未満
B26000809,1,2026/2/28,4234,0,22200,2220,0,24420,熊本支店,レンタル法人,1,新規,12ヶ月未満
B26000812,1,2026/2/28,4234,0,0,0,0,0,熊本支店,レンタル法人,1,新規,12ヶ月未満
B26000844,1,2026/1/31,1401,0,43000,4300,0,47300,熊本支店,レンタル法人,6,新規,12ヶ月未満
B26000844,2,2026/2/28,1401,0,38200,3820,0,42020,熊本支店,レンタル法人,6,新規,12ヶ月未満
B26000844,3,2026/3/31,1401,0,38200,3820,0,42020,熊本支店,レンタル法人,6,新規,12ヶ月未満
B26000844,4,2026/4/30,1401,0,38200,3820,0,42020,熊本支店,レンタル法人,6,新規,12ヶ月未満
B26000844,5,2026/5/31,1401,0,38200,3820,0,42020,熊本支店,レンタル法人,6,新規,12ヶ月未満
B26000844,6,2026/6/30,1401,0,38200,3820,0,42020,熊本支店,レンタル法人,6,新規,12ヶ月未満
B26000845,1,2026/1/31,12299,0,11400,1140,0,12540,熊本支店,レンタル法人,1,新規,12ヶ月未満
B26000885,1,2026/1/31,17966,0,13400,1340,0,14740,熊本支店,レンタル法人,0,新規,12ヶ月未満
B26000889,1,2026/1/31,12299,0,84000,8400,0,92400,熊本支店,レンタル法人,1,新規,12ヶ月未満
B26000890,1,2026/1/31,17634,0,36400,3640,0,40040,熊本支店,レンタル法人,0,新規,12ヶ月未満
B26000893,1,2026/1/31,17634,0,145600,14560,0,160160,熊本支店,レンタル法人,0,新規,12ヶ月未満
B26000914,1,2026/2/28,4234,0,692400,69240,0,761640,熊本支店,レンタル法人,1,新規,12ヶ月未満
B26000927,1,2026/1/31,14350,0,13800,1380,0,15180,熊本支店,レンタル法人,1,新規,12ヶ月未満
B26000929,1,2026/1/31,17967,0,10400,1040,0,11440,熊本支店,レンタル法人,0,新規,12ヶ月未満
B26000941,1,2026/1/31,5410,0,3520,352,0,3872,熊本支店,レンタル法人,2,新規,12ヶ月未満
B26000941,2,2026/2/28,5410,0,6600,660,0,7260,熊本支店,レンタル法人,2,新規,12ヶ月未満
B26000941,3,2026/3/31,5410,0,17038,1703,0,18741,熊本支店,レンタル法人,2,新規,12ヶ月未満
B26000958,1,2026/1/31,5911,0,478000,47800,0,525800,熊本支店,レンタル法人,1,新規,12ヶ月未満
B26000959,1,2026/1/31,5911,0,800,80,0,880,熊本支店,レンタル法人,0,新規,12ヶ月未満
B26000979,1,2026/1/31,1401,0,6000,600,0,6600,熊本支店,販売,0,新規,12ヶ月未満
B26000981,1,2026/1/31,1401,0,10000,1000,0,11000,熊本支店,レンタル法人,0,新規,12ヶ月未満
B26000985,1,2026/1/31,10392,0,49930,4993,0,54923,熊本支店,レンタル法人,1,新規,12ヶ月未満
B26000985,2,2026/2/28,10392,0,48000,4800,0,52800,熊本支店,レンタル法人,1,新規,12ヶ月未満
B26001024,1,2026/2/28,16521,0,44200,4420,0,48620,熊本支店,レンタル法人,0,新規,12ヶ月未満
B26001025,1,2026/1/31,5911,0,887500,88750,0,976250,熊本支店,レンタル法人,0,新規,12ヶ月未満
B26001030,1,2026/1/31,2213,0,59400,5940,0,65340,熊本支店,レンタル法人,1,新規,12ヶ月未満
B26001030,2,2026/2/28,2213,0,45000,4500,0,49500,熊本支店,レンタル法人,1,新規,12ヶ月未満
B26001056,1,2026/2/28,4041,0,18000,1800,0,19800,熊本支店,レンタル法人,0,新規,12ヶ月未満
B26001061,0,2026/1/19,17973,6820,0,0,0,6820,熊本支店,レンタル法人,0,新規,12ヶ月未満
B26001061,1,2026/1/31,17973,0,6200,620,6820,0,熊本支店,レンタル法人,0,新規,12ヶ月未満
B26001102,1,2026/1/31,5357,0,11950,1195,0,13145,熊本支店,レンタル法人,18,新規,12ヶ月以上
B26001102,2,2026/2/28,5357,0,6650,665,0,7315,熊本支店,レンタル法人,18,新規,12ヶ月以上
B26001102,3,2026/3/31,5357,0,6650,665,0,7315,熊本支店,レンタル法人,18,新規,12ヶ月以上
B26001102,4,2026/4/30,5357,0,6650,665,0,7315,熊本支店,レンタル法人,18,新規,12ヶ月以上
B26001102,5,2026/5/31,5357,0,6650,665,0,7315,熊本支店,レンタル法人,18,新規,12ヶ月以上
B26001102,6,2026/6/30,5357,0,6650,665,0,7315,熊本支店,レンタル法人,18,新規,12ヶ月以上
B26001102,7,2026/7/31,5357,0,6650,665,0,7315,熊本支店,レンタル法人,18,新規,12ヶ月以上
B26001102,8,2026/8/31,5357,0,6650,665,0,7315,熊本支店,レンタル法人,18,新規,12ヶ月以上
B26001133,1,2026/1/31,15884,0,73200,7320,0,80520,熊本支店,販売,0,新規,12ヶ月未満
B26001190,1,2026/2/28,4234,0,164400,16440,0,180840,熊本支店,レンタル法人,1,新規,12ヶ月未満
B26001198,1,2026/1/31,12191,0,15000,1500,0,16500,熊本支店,レンタル法人,0,新規,12ヶ月未満
B26001210,1,2026/1/31,16410,0,42000,4200,0,46200,熊本支店,レンタル法人,1,新規,12ヶ月未満
B26001226,1,2026/2/15,8000,0,6050,605,0,6655,熊本支店,レンタル法人,1,延長,12ヶ月未満
B26001228,1,2026/2/28,4234,0,109000,10900,0,119900,熊本支店,レンタル法人,1,新規,12ヶ月未満
B26001236,1,2026/1/31,5911,0,36800,3680,0,40480,熊本支店,レンタル法人,0,新規,12ヶ月未満
B26001247,1,2026/1/31,17983,0,12540,1254,0,13794,熊本支店,レンタル法人,2,新規,12ヶ月未満
B26001247,2,2026/2/28,17983,0,8640,864,0,9504,熊本支店,レンタル法人,2,新規,12ヶ月未満
B26001247,3,2026/3/31,17983,0,8640,864,0,9504,熊本支店,レンタル法人,2,新規,12ヶ月未満
B26001251,1,2026/1/31,17472,0,15000,1500,0,16500,熊本支店,レンタル法人,2,新規,12ヶ月未満
B26001251,2,2026/2/28,17472,0,12000,1200,0,13200,熊本支店,レンタル法人,2,新規,12ヶ月未満
B26001284,1,2026/1/31,5911,0,2240,224,0,2464,熊本支店,レンタル法人,1,延長,12ヶ月未満
B26001288,1,2026/1/31,17366,0,24000,2400,0,26400,熊本支店,販売,0,新規,12ヶ月未満
B26001303,1,2026/2/28,17985,0,7200,720,0,7920,熊本支店,レンタル法人,0,新規,12ヶ月未満
B26001343,1,2026/1/31,12299,0,92400,9240,0,101640,熊本支店,レンタル法人,1,新規,12ヶ月未満
B26001423,1,2026/1/31,16410,0,976500,97650,0,1074150,熊本支店,レンタル法人,1,新規,12ヶ月未満
B26001424,1,2026/1/31,10392,0,49930,4993,0,54923,熊本支店,レンタル法人,1,新規,12ヶ月未満
B26001424,2,2026/2/28,10392,0,48000,4800,0,52800,熊本支店,レンタル法人,1,新規,12ヶ月未満
B26001471,1,2026/1/31,12081,0,503000,50300,0,553300,熊本支店,レンタル法人,0,新規,12ヶ月未満
B26001473,1,2026/1/31,13402,0,12800,1280,0,14080,熊本支店,レンタル法人,0,新規,12ヶ月未満
B26001474,1,2026/1/31,15589,0,20500,2050,0,22550,熊本支店,レンタル法人,0,新規,12ヶ月未満
B26001475,1,2026/1/31,15589,0,203800,20380,0,224180,熊本支店,レンタル法人,1,延長,12ヶ月未満
B26001478,1,2026/2/15,8000,0,17000,1700,0,18700,熊本支店,レンタル法人,6,新規,12ヶ月未満
B26001478,2,2026/3/15,8000,0,14000,1400,0,15400,熊本支店,レンタル法人,6,新規,12ヶ月未満
B26001478,3,2026/4/15,8000,0,14000,1400,0,15400,熊本支店,レンタル法人,6,新規,12ヶ月未満
B26001478,4,2026/5/15,8000,0,14000,1400,0,15400,熊本支店,レンタル法人,6,新規,12ヶ月未満
B26001478,5,2026/6/15,8000,0,14000,1400,0,15400,熊本支店,レンタル法人,6,新規,12ヶ月未満
B26001478,6,2026/7/15,8000,0,14000,1400,0,15400,熊本支店,レンタル法人,6,新規,12ヶ月未満
B26001498,1,2026/2/28,12784,0,91200,9120,0,100320,熊本支店,レンタル法人,0,新規,12ヶ月未満
B26001499,1,2026/1/31,13599,0,5400,540,0,5940,熊本支店,レンタル法人,0,新規,12ヶ月未満
B26001502,1,2026/1/31,10788,0,37800,3780,0,41580,熊本支店,販売,0,新規,12ヶ月未満
B26001509,1,2026/1/31,8072,0,31600,3160,0,34760,熊本支店,販売,0,新規,12ヶ月未満
B26001570,1,2026/2/28,4234,0,0,0,0,0,熊本支店,レンタル法人,1,新規,12ヶ月未満
B26001572,1,2026/2/28,1401,0,9400,940,0,10340,熊本支店,レンタル法人,1,新規,12ヶ月未満
B26001625,1,2026/1/31,1401,0,69400,6940,0,76340,熊本支店,レンタル法人,0,新規,12ヶ月未満
B26001719,0,2026/1/22,18003,8251,0,0,0,8251,熊本支店,レンタル法人,1,新規,12ヶ月未満
B26001719,1,2026/1/31,18003,0,7501,750,8251,0,熊本支店,レンタル法人,1,新規,12ヶ月未満
B26001726,1,2026/2/28,4234,0,21000,2100,0,23100,熊本支店,レンタル法人,1,新規,12ヶ月未満
B26001754,0,2026/2/24,18006,79750,0,0,0,79750,熊本支店,レンタル法人,0,新規,12ヶ月未満
B26001754,1,2026/2/28,18006,0,72500,7250,79750,0,熊本支店,レンタル法人,0,新規,12ヶ月未満
B26001761,1,2026/1/31,1401,0,48700,4870,0,53570,熊本支店,レンタル法人,0,新規,12ヶ月未満
B26001766,1,2026/1/31,8988,0,-45600,-4560,0,-50160,熊本支店,販売,0,新規,12ヶ月未満
B26001769,1,2026/1/31,13402,0,455,45,0,500,熊本支店,販売,0,新規,12ヶ月未満
B26001775,1,2026/2/28,4234,0,3897400,389740,0,4287140,熊本支店,レンタル法人,1,新規,12ヶ月未満
B26001777,1,2026/2/28,1401,0,11900,1190,0,13090,熊本支店,レンタル法人,6,新規,12ヶ月未満
B26001777,2,2026/3/31,1401,0,6900,690,0,7590,熊本支店,レンタル法人,6,新規,12ヶ月未満
B26001777,3,2026/4/30,1401,0,6900,690,0,7590,熊本支店,レンタル法人,6,新規,12ヶ月未満
B26001777,4,2026/5/31,1401,0,6900,690,0,7590,熊本支店,レンタル法人,6,新規,12ヶ月未満
B26001777,5,2026/6/30,1401,0,6900,690,0,7590,熊本支店,レンタル法人,6,新規,12ヶ月未満
B26001777,6,2026/7/31,1401,0,6900,690,0,7590,熊本支店,レンタル法人,6,新規,12ヶ月未満
B26001868,1,2026/1/31,18012,0,95172,9517,0,104689,熊本支店,レンタル法人,0,新規,12ヶ月未満
B26001872,1,2026/1/31,18013,0,7700,770,0,8470,熊本支店,レンタル法人,0,新規,12ヶ月未満
B26001883,1,2026/2/28,12299,0,11400,1140,0,12540,熊本支店,レンタル法人,1,新規,12ヶ月未満
B26001885,1,2026/1/31,5911,0,14200,1420,0,15620,熊本支店,レンタル法人,0,新規,12ヶ月未満
B26001887,1,2026/2/28,4234,0,29600,2960,0,32560,熊本支店,レンタル法人,1,新規,12ヶ月未満
B26001921,1,2026/1/31,459,0,15200,1520,0,16720,熊本支店,レンタル法人,0,新規,12ヶ月未満
B26001922,1,2026/2/28,4234,0,8500,850,0,9350,熊本支店,レンタル法人,1,新規,12ヶ月未満
B26001972,1,2026/2/28,4234,0,32700,3270,0,35970,熊本支店,レンタル法人,1,新規,12ヶ月未満
B26001974,1,2026/2/28,18016,0,18200,1820,0,20020,熊本支店,レンタル法人,1,新規,12ヶ月未満
B26001980,1,2026/1/31,10726,0,18080,1808,0,19888,熊本支店,レンタル法人,0,新規,12ヶ月未満
B26001989,1,2026/2/28,7462,0,25000,2500,0,27500,熊本支店,レンタル法人,12,新規,12ヶ月未満
B26001989,2,2026/3/31,7462,0,17200,1720,0,18920,熊本支店,レンタル法人,12,新規,12ヶ月未満
B26001989,3,2026/4/30,7462,0,17200,1720,0,18920,熊本支店,レンタル法人,12,新規,12ヶ月未満
B26001989,4,2026/5/31,7462,0,17200,1720,0,18920,熊本支店,レンタル法人,12,新規,12ヶ月未満
B26001989,5,2026/6/30,7462,0,17200,1720,0,18920,熊本支店,レンタル法人,12,新規,12ヶ月未満
B26001989,6,2026/7/31,7462,0,17200,1720,0,18920,熊本支店,レンタル法人,12,新規,12ヶ月未満
B26001989,7,2026/8/31,7462,0,17200,1720,0,18920,熊本支店,レンタル法人,12,新規,12ヶ月未満
B26001999,1,2026/1/31,5911,0,11400,1140,0,12540,熊本支店,レンタル法人,7,新規,12ヶ月未満
B26001999,2,2026/2/28,5911,0,6600,660,0,7260,熊本支店,レンタル法人,7,新規,12ヶ月未満
B26001999,3,2026/3/31,5911,0,6600,660,0,7260,熊本支店,レンタル法人,7,新規,12ヶ月未満
B26001999,4,2026/4/30,5911,0,6600,660,0,7260,熊本支店,レンタル法人,7,新規,12ヶ月未満
B26001999,5,2026/5/31,5911,0,6600,660,0,7260,熊本支店,レンタル法人,7,新規,12ヶ月未満
B26001999,6,2026/6/30,5911,0,6600,660,0,7260,熊本支店,レンタル法人,7,新規,12ヶ月未満
B26001999,7,2026/7/31,5911,0,6600,660,0,7260,熊本支店,レンタル法人,7,新規,12ヶ月未満
B26001999,8,2026/8/31,5911,0,6600,660,0,7260,熊本支店,レンタル法人,7,新規,12ヶ月未満
B26002046,1,2026/1/31,11577,0,9300,930,0,10230,熊本支店,レンタル法人,1,延長,12ヶ月未満
B26002064,1,2026/2/28,4234,0,11400,1140,0,12540,熊本支店,レンタル法人,1,新規,12ヶ月未満
B26002068,1,2026/2/28,4234,0,600400,60040,0,660440,熊本支店,レンタル法人,1,新規,12ヶ月未満
B26002074,1,2026/1/31,16982,0,9300,930,0,10230,熊本支店,レンタル法人,36,新規,12ヶ月以上
B26002074,2,2026/2/28,16982,0,5100,510,0,5610,熊本支店,レンタル法人,36,新規,12ヶ月以上
B26002074,3,2026/3/31,16982,0,5100,510,0,5610,熊本支店,レンタル法人,36,新規,12ヶ月以上
B26002074,4,2026/4/30,16982,0,5100,510,0,5610,熊本支店,レンタル法人,36,新規,12ヶ月以上
B26002074,5,2026/5/31,16982,0,5100,510,0,5610,熊本支店,レンタル法人,36,新規,12ヶ月以上
B26002074,6,2026/6/30,16982,0,5100,510,0,5610,熊本支店,レンタル法人,36,新規,12ヶ月以上
B26002074,7,2026/7/31,16982,0,5100,510,0,5610,熊本支店,レンタル法人,36,新規,12ヶ月以上
B26002074,8,2026/8/31,16982,0,5100,510,0,5610,熊本支店,レンタル法人,36,新規,12ヶ月以上
B26002088,1,2026/1/31,1401,0,6200,620,0,6820,熊本支店,レンタル法人,3,延長,12ヶ月未満
B26002088,2,2026/2/28,1401,0,6200,620,0,6820,熊本支店,レンタル法人,3,延長,12ヶ月未満
B26002088,3,2026/3/31,1401,0,6200,620,0,6820,熊本支店,レンタル法人,3,延長,12ヶ月未満
B26002090,1,2026/2/28,4294,0,15000,1500,0,16500,熊本支店,レンタル法人,1,新規,12ヶ月未満
B26002091,1,2026/1/31,1401,0,12500,1250,0,13750,熊本支店,レンタル法人,3,延長,12ヶ月未満
B26002091,2,2026/2/28,1401,0,12500,1250,0,13750,熊本支店,レンタル法人,3,延長,12ヶ月未満
B26002091,3,2026/3/31,1401,0,12500,1250,0,13750,熊本支店,レンタル法人,3,延長,12ヶ月未満
B26002093,1,2026/1/31,12299,0,8000,800,0,8800,熊本支店,レンタル法人,3,延長,12ヶ月未満
B26002093,2,2026/2/28,12299,0,8000,800,0,8800,熊本支店,レンタル法人,3,延長,12ヶ月未満
B26002093,3,2026/3/31,12299,0,8000,800,0,8800,熊本支店,レンタル法人,3,延長,12ヶ月未満
B26002095,1,2026/1/31,1401,0,12500,1250,0,13750,熊本支店,レンタル法人,3,延長,12ヶ月未満
B26002095,2,2026/2/28,1401,0,12500,1250,0,13750,熊本支店,レンタル法人,3,延長,12ヶ月未満
B26002095,3,2026/3/31,1401,0,12500,1250,0,13750,熊本支店,レンタル法人,3,延長,12ヶ月未満
B26002096,1,2026/1/31,12299,0,2700,270,0,2970,熊本支店,レンタル法人,2,延長,12ヶ月未満
B26002096,2,2026/2/28,12299,0,2700,270,0,2970,熊本支店,レンタル法人,2,延長,12ヶ月未満
B26002096,3,2026/3/31,12299,0,2700,270,0,2970,熊本支店,レンタル法人,2,延長,12ヶ月未満
B26002097,1,2026/1/31,1401,0,5000,500,0,5500,熊本支店,レンタル法人,3,延長,12ヶ月未満
B26002097,2,2026/2/28,1401,0,5000,500,0,5500,熊本支店,レンタル法人,3,延長,12ヶ月未満
B26002097,3,2026/3/31,1401,0,5000,500,0,5500,熊本支店,レンタル法人,3,延長,12ヶ月未満
B26002098,1,2026/1/31,1401,0,4000,400,0,4400,熊本支店,レンタル法人,3,延長,12ヶ月未満
B26002098,2,2026/2/28,1401,0,4000,400,0,4400,熊本支店,レンタル法人,3,延長,12ヶ月未満
B26002098,3,2026/3/31,1401,0,4000,400,0,4400,熊本支店,レンタル法人,3,延長,12ヶ月未満
B26002099,1,2026/1/31,1401,0,5500,550,0,6050,熊本支店,レンタル法人,3,延長,12ヶ月未満
B26002099,2,2026/2/28,1401,0,5500,550,0,6050,熊本支店,レンタル法人,3,延長,12ヶ月未満
B26002099,3,2026/3/31,1401,0,5500,550,0,6050,熊本支店,レンタル法人,3,延長,12ヶ月未満
B26002101,1,2026/2/15,8000,0,10000,1000,0,11000,熊本支店,レンタル法人,3,延長,12ヶ月未満
B26002101,2,2026/3/15,8000,0,10000,1000,0,11000,熊本支店,レンタル法人,3,延長,12ヶ月未満
B26002101,3,2026/4/15,8000,0,10000,1000,0,11000,熊本支店,レンタル法人,3,延長,12ヶ月未満
B26002102,1,2026/1/31,12299,0,7000,700,0,7700,熊本支店,レンタル法人,6,延長,12ヶ月未満
B26002102,2,2026/2/28,12299,0,7000,700,0,7700,熊本支店,レンタル法人,6,延長,12ヶ月未満
B26002102,3,2026/3/31,12299,0,7000,700,0,7700,熊本支店,レンタル法人,6,延長,12ヶ月未満
B26002102,4,2026/4/30,12299,0,7000,700,0,7700,熊本支店,レンタル法人,6,延長,12ヶ月未満
B26002102,5,2026/5/31,12299,0,7000,700,0,7700,熊本支店,レンタル法人,6,延長,12ヶ月未満
B26002102,6,2026/6/30,12299,0,7000,700,0,7700,熊本支店,レンタル法人,6,延長,12ヶ月未満
B26002103,1,2026/1/31,1401,0,4000,400,0,4400,熊本支店,レンタル法人,3,延長,12ヶ月未満
B26002103,2,2026/2/28,1401,0,4000,400,0,4400,熊本支店,レンタル法人,3,延長,12ヶ月未満
B26002103,3,2026/3/31,1401,0,4000,400,0,4400,熊本支店,レンタル法人,3,延長,12ヶ月未満
B26002104,1,2026/1/31,4294,0,8000,800,0,8800,熊本支店,レンタル法人,1,延長,12ヶ月未満
B26002105,1,2026/1/31,12299,0,10000,1000,0,11000,熊本支店,レンタル法人,2,延長,12ヶ月未満
B26002105,2,2026/2/28,12299,0,10000,1000,0,11000,熊本支店,レンタル法人,2,延長,12ヶ月未満
B26002145,1,2026/1/31,5911,0,3800,380,0,4180,熊本支店,レンタル法人,1,延長,12ヶ月未満
B26002146,1,2026/1/31,5911,0,4300,430,0,4730,熊本支店,レンタル法人,1,延長,12ヶ月未満
B26002147,1,2026/1/31,13715,0,16000,1600,0,17600,熊本支店,レンタル法人,1,延長,12ヶ月未満
B26002148,1,2026/1/31,11577,0,19000,1900,0,20900,熊本支店,レンタル法人,1,延長,12ヶ月未満
B26002150,1,2026/1/31,13187,0,5700,570,0,6270,熊本支店,レンタル法人,1,延長,12ヶ月未満
B26002151,1,2026/1/31,4294,0,9600,960,0,10560,熊本支店,レンタル法人,1,延長,12ヶ月未満
B26002152,1,2026/1/31,4294,0,5300,530,0,5830,熊本支店,レンタル法人,1,延長,12ヶ月未満
B26002153,1,2026/1/31,10744,0,11000,1100,0,12100,熊本支店,レンタル法人,1,延長,12ヶ月未満
B26002154,1,2026/1/31,1401,0,3600,360,0,3960,熊本支店,レンタル法人,3,延長,12ヶ月未満
B26002154,2,2026/2/28,1401,0,3600,360,0,3960,熊本支店,レンタル法人,3,延長,12ヶ月未満
B26002154,3,2026/3/31,1401,0,3600,360,0,3960,熊本支店,レンタル法人,3,延長,12ヶ月未満
B26002156,1,2026/1/31,12299,0,2500,250,0,2750,熊本支店,レンタル法人,3,延長,12ヶ月未満
B26002156,2,2026/2/28,12299,0,2500,250,0,2750,熊本支店,レンタル法人,3,延長,12ヶ月未満
B26002156,3,2026/3/31,12299,0,2500,250,0,2750,熊本支店,レンタル法人,3,延長,12ヶ月未満
B26002158,1,2026/1/31,12299,0,6000,600,0,6600,熊本支店,レンタル法人,3,延長,12ヶ月未満
B26002158,2,2026/2/28,12299,0,6000,600,0,6600,熊本支店,レンタル法人,3,延長,12ヶ月未満
B26002158,3,2026/3/31,12299,0,6000,600,0,6600,熊本支店,レンタル法人,3,延長,12ヶ月未満
B26002159,1,2026/1/31,14384,0,5400,540,0,5940,熊本支店,レンタル法人,3,延長,12ヶ月未満
B26002159,2,2026/2/28,14384,0,5400,540,0,5940,熊本支店,レンタル法人,3,延長,12ヶ月未満
B26002159,3,2026/3/31,14384,0,5400,540,0,5940,熊本支店,レンタル法人,3,延長,12ヶ月未満
B26002160,1,2026/1/31,5357,0,14300,1430,0,15730,熊本支店,レンタル法人,3,延長,12ヶ月未満
B26002160,2,2026/2/28,5357,0,14300,1430,0,15730,熊本支店,レンタル法人,3,延長,12ヶ月未満
B26002160,3,2026/3/31,5357,0,14300,1430,0,15730,熊本支店,レンタル法人,3,延長,12ヶ月未満
B26002162,1,2026/1/31,16732,0,9360,936,0,10296,熊本支店,レンタル法人,1,延長,12ヶ月未満
B26002163,1,2026/1/31,10744,0,11000,1100,0,12100,熊本支店,レンタル法人,3,延長,12ヶ月未満
B26002163,2,2026/2/28,10744,0,11000,1100,0,12100,熊本支店,レンタル法人,3,延長,12ヶ月未満
B26002163,3,2026/3/31,10744,0,11000,1100,0,12100,熊本支店,レンタル法人,3,延長,12ヶ月未満
B26002164,1,2026/2/28,10756,0,42000,4200,0,46200,熊本支店,レンタル法人,1,延長,12ヶ月未満
B26002165,1,2026/1/31,9693,0,6400,640,0,7040,熊本支店,レンタル法人,3,延長,12ヶ月未満
B26002165,2,2026/2/28,9693,0,6400,640,0,7040,熊本支店,レンタル法人,3,延長,12ヶ月未満
B26002165,3,2026/3/31,9693,0,6400,640,0,7040,熊本支店,レンタル法人,3,延長,12ヶ月未満
B26002166,1,2026/1/31,9693,0,9500,950,0,10450,熊本支店,レンタル法人,3,延長,12ヶ月未満
B26002166,2,2026/2/28,9693,0,9500,950,0,10450,熊本支店,レンタル法人,3,延長,12ヶ月未満
B26002166,3,2026/3/31,9693,0,9500,950,0,10450,熊本支店,レンタル法人,3,延長,12ヶ月未満
B26002167,1,2026/2/28,13187,0,22000,2200,0,24200,熊本支店,レンタル法人,1,延長,12ヶ月未満
B26002168,1,2026/1/31,10744,0,22000,2200,0,24200,熊本支店,レンタル法人,3,延長,12ヶ月未満
B26002168,2,2026/2/28,10744,0,22000,2200,0,24200,熊本支店,レンタル法人,3,延長,12ヶ月未満
B26002168,3,2026/3/31,10744,0,22000,2200,0,24200,熊本支店,レンタル法人,3,延長,12ヶ月未満
B26002169,1,2026/2/28,12299,0,5800,580,0,6380,熊本支店,レンタル法人,3,延長,12ヶ月未満
B26002169,2,2026/3/31,12299,0,5800,580,0,6380,熊本支店,レンタル法人,3,延長,12ヶ月未満
B26002169,3,2026/4/30,12299,0,5800,580,0,6380,熊本支店,レンタル法人,3,延長,12ヶ月未満
B26002170,1,2026/1/31,12299,0,3000,300,0,3300,熊本支店,レンタル法人,3,延長,12ヶ月未満
B26002170,2,2026/2/28,12299,0,3000,300,0,3300,熊本支店,レンタル法人,3,延長,12ヶ月未満
B26002170,3,2026/3/31,12299,0,3000,300,0,3300,熊本支店,レンタル法人,3,延長,12ヶ月未満
B26002172,1,2026/2/28,12299,0,17400,1740,0,19140,熊本支店,レンタル法人,3,延長,12ヶ月未満
B26002172,2,2026/3/31,12299,0,17400,1740,0,19140,熊本支店,レンタル法人,3,延長,12ヶ月未満
B26002172,3,2026/4/30,12299,0,17400,1740,0,19140,熊本支店,レンタル法人,3,延長,12ヶ月未満
B26002173,1,2026/2/15,8000,0,6050,605,0,6655,熊本支店,レンタル法人,1,延長,12ヶ月未満
B26002175,1,2026/2/28,5357,0,6250,625,0,6875,熊本支店,レンタル法人,3,延長,12ヶ月未満
B26002175,2,2026/3/31,5357,0,6250,625,0,6875,熊本支店,レンタル法人,3,延長,12ヶ月未満
B26002175,3,2026/4/30,5357,0,6250,625,0,6875,熊本支店,レンタル法人,3,延長,12ヶ月未満
B26002177,1,2026/2/28,13187,0,2650,265,0,2915,熊本支店,レンタル法人,3,延長,12ヶ月未満
B26002177,2,2026/3/31,13187,0,2650,265,0,2915,熊本支店,レンタル法人,3,延長,12ヶ月未満
B26002177,3,2026/4/30,13187,0,2650,265,0,2915,熊本支店,レンタル法人,3,延長,12ヶ月未満
B26002179,1,2026/2/28,12299,0,4500,450,0,4950,熊本支店,レンタル法人,3,延長,12ヶ月未満
B26002179,2,2026/3/31,12299,0,4500,450,0,4950,熊本支店,レンタル法人,3,延長,12ヶ月未満
B26002179,3,2026/4/30,12299,0,4500,450,0,4950,熊本支店,レンタル法人,3,延長,12ヶ月未満
B26002181,1,2026/2/28,5357,0,7150,715,0,7865,熊本支店,レンタル法人,3,延長,12ヶ月未満
B26002181,2,2026/3/31,5357,0,7150,715,0,7865,熊本支店,レンタル法人,3,延長,12ヶ月未満
B26002181,3,2026/4/30,5357,0,7150,715,0,7865,熊本支店,レンタル法人,3,延長,12ヶ月未満
B26002183,1,2026/2/28,5357,0,7140,714,0,7854,熊本支店,レンタル法人,3,延長,12ヶ月未満
B26002183,2,2026/3/31,5357,0,7140,714,0,7854,熊本支店,レンタル法人,3,延長,12ヶ月未満
B26002183,3,2026/4/30,5357,0,7140,714,0,7854,熊本支店,レンタル法人,3,延長,12ヶ月未満
B26002185,1,2026/2/28,1401,0,23000,2300,0,25300,熊本支店,レンタル法人,3,延長,12ヶ月未満
B26002185,2,2026/3/31,1401,0,23000,2300,0,25300,熊本支店,レンタル法人,3,延長,12ヶ月未満
B26002185,3,2026/4/30,1401,0,23000,2300,0,25300,熊本支店,レンタル法人,3,延長,12ヶ月未満
B26002187,1,2026/2/28,1401,0,7400,740,0,8140,熊本支店,レンタル法人,3,延長,12ヶ月未満
B26002187,2,2026/3/31,1401,0,7400,740,0,8140,熊本支店,レンタル法人,3,延長,12ヶ月未満
B26002187,3,2026/4/30,1401,0,7400,740,0,8140,熊本支店,レンタル法人,3,延長,12ヶ月未満
B26002188,1,2026/2/28,1401,0,5000,500,0,5500,熊本支店,レンタル法人,3,延長,12ヶ月未満
B26002188,2,2026/3/31,1401,0,5000,500,0,5500,熊本支店,レンタル法人,3,延長,12ヶ月未満
B26002188,3,2026/4/30,1401,0,5000,500,0,5500,熊本支店,レンタル法人,3,延長,12ヶ月未満
B26002189,1,2026/2/28,1401,0,5000,500,0,5500,熊本支店,レンタル法人,3,延長,12ヶ月未満
B26002189,2,2026/3/31,1401,0,5000,500,0,5500,熊本支店,レンタル法人,3,延長,12ヶ月未満
B26002189,3,2026/4/30,1401,0,5000,500,0,5500,熊本支店,レンタル法人,3,延長,12ヶ月未満
B26002191,1,2026/2/28,1401,0,12400,1240,0,13640,熊本支店,レンタル法人,3,延長,12ヶ月未満
B26002191,2,2026/3/31,1401,0,12400,1240,0,13640,熊本支店,レンタル法人,3,延長,12ヶ月未満
B26002191,3,2026/4/30,1401,0,12400,1240,0,13640,熊本支店,レンタル法人,3,延長,12ヶ月未満
B26002194,1,2026/2/28,1401,0,7500,750,0,8250,熊本支店,レンタル法人,3,延長,12ヶ月未満
B26002194,2,2026/3/31,1401,0,7500,750,0,8250,熊本支店,レンタル法人,3,延長,12ヶ月未満
B26002194,3,2026/4/30,1401,0,7500,750,0,8250,熊本支店,レンタル法人,3,延長,12ヶ月未満
B26002195,1,2026/2/28,1401,0,6000,600,0,6600,熊本支店,レンタル法人,3,延長,12ヶ月未満
B26002195,2,2026/3/31,1401,0,6000,600,0,6600,熊本支店,レンタル法人,3,延長,12ヶ月未満
B26002195,3,2026/4/30,1401,0,6000,600,0,6600,熊本支店,レンタル法人,3,延長,12ヶ月未満
B26002198,1,2026/2/28,10489,0,2728,272,0,3000,熊本支店,レンタル法人,1,延長,12ヶ月未満
B26002199,1,2026/2/28,10489,0,2728,272,0,3000,熊本支店,レンタル法人,3,延長,12ヶ月未満
B26002199,2,2026/3/31,10489,0,2728,272,0,3000,熊本支店,レンタル法人,3,延長,12ヶ月未満
B26002199,3,2026/4/30,10489,0,2728,272,0,3000,熊本支店,レンタル法人,3,延長,12ヶ月未満
B26002202,1,2026/2/28,1401,0,8300,830,0,9130,熊本支店,レンタル法人,0,新規,12ヶ月未満
B26002213,1,2026/1/31,5357,0,6250,625,0,6875,熊本支店,レンタル法人,2,延長,12ヶ月未満
B26002213,2,2026/2/28,5357,0,6250,625,0,6875,熊本支店,レンタル法人,2,延長,12ヶ月未満
B26002214,1,2026/1/31,5357,0,7150,715,0,7865,熊本支店,レンタル法人,2,延長,12ヶ月未満
B26002214,2,2026/2/28,5357,0,7150,715,0,7865,熊本支店,レンタル法人,2,延長,12ヶ月未満
B26002217,1,2026/1/31,5357,0,7150,715,0,7865,熊本支店,レンタル法人,2,延長,12ヶ月未満
B26002217,2,2026/2/28,5357,0,7150,715,0,7865,熊本支店,レンタル法人,2,延長,12ヶ月未満
B26002218,1,2026/1/31,5357,0,7150,715,0,7865,熊本支店,レンタル法人,2,延長,12ヶ月未満
B26002218,2,2026/2/28,5357,0,7150,715,0,7865,熊本支店,レンタル法人,2,延長,12ヶ月未満
B26002221,1,2026/1/31,14182,0,5880,588,0,6468,熊本支店,レンタル法人,3,延長,12ヶ月未満
B26002221,2,2026/2/28,14182,0,5880,588,0,6468,熊本支店,レンタル法人,3,延長,12ヶ月未満
B26002221,3,2026/3/31,14182,0,5880,588,0,6468,熊本支店,レンタル法人,3,延長,12ヶ月未満
B26002223,1,2026/1/31,12299,0,3600,360,0,3960,熊本支店,レンタル法人,3,延長,12ヶ月未満
B26002223,2,2026/2/28,12299,0,3600,360,0,3960,熊本支店,レンタル法人,3,延長,12ヶ月未満
B26002223,3,2026/3/31,12299,0,3600,360,0,3960,熊本支店,レンタル法人,3,延長,12ヶ月未満
B26002224,1,2026/1/31,5357,0,7600,760,0,8360,熊本支店,レンタル法人,2,延長,12ヶ月未満
B26002224,2,2026/2/28,5357,0,7600,760,0,8360,熊本支店,レンタル法人,2,延長,12ヶ月未満
B26002225,1,2026/1/31,5357,0,6000,600,0,6600,熊本支店,レンタル法人,2,延長,12ヶ月未満
B26002225,2,2026/2/28,5357,0,6000,600,0,6600,熊本支店,レンタル法人,2,延長,12ヶ月未満
B26002228,1,2026/1/31,4294,0,6200,620,0,6820,熊本支店,レンタル法人,1,延長,12ヶ月未満
B26002229,1,2026/1/31,10744,0,17000,1700,0,18700,熊本支店,レンタル法人,1,延長,12ヶ月未満
B26002230,1,2026/1/31,1401,0,11000,1100,0,12100,熊本支店,レンタル法人,1,延長,12ヶ月未満
B26002232,1,2026/1/31,16732,0,24000,2400,0,26400,熊本支店,レンタル法人,1,延長,12ヶ月未満
B26002233,1,2026/1/31,1401,0,11000,1100,0,12100,熊本支店,レンタル法人,1,延長,12ヶ月未満
B26002236,1,2026/1/31,17836,0,10000,1000,0,11000,熊本支店,レンタル法人,1,延長,12ヶ月未満
B26002237,1,2026/1/31,10788,0,10000,1000,0,11000,熊本支店,レンタル法人,1,延長,12ヶ月未満
B26002240,1,2026/1/31,17755,0,3000,300,0,3300,熊本支店,レンタル法人,1,延長,12ヶ月未満
B26002254,1,2026/2/28,15511,0,84000,8400,0,92400,熊本支店,レンタル法人,0,新規,12ヶ月未満
B26002262,0,2026/2/9,18025,22500,0,0,0,22500,熊本支店,レンタル法人,0,新規,12ヶ月未満
B26002262,1,2026/2/28,18025,0,20455,2045,22500,0,熊本支店,レンタル法人,0,新規,12ヶ月未満
B26002276,1,2026/2/28,10059,0,37382,3738,0,41120,熊本支店,レンタル法人,1,新規,12ヶ月未満
B26002276,2,2026/3/31,10059,0,19488,1948,0,21436,熊本支店,レンタル法人,1,新規,12ヶ月未満
B26002290,1,2026/1/31,11577,0,14000,1400,0,15400,熊本支店,レンタル法人,1,延長,12ヶ月未満
B26002334,1,2026/2/28,18032,0,69300,6930,0,76230,熊本支店,レンタル法人,1,新規,12ヶ月未満
B26002334,2,2026/3/31,18032,0,52800,5280,0,58080,熊本支店,レンタル法人,1,新規,12ヶ月未満
B26002358,1,2026/2/28,17803,0,30300,3030,0,33330,熊本支店,レンタル法人,0,新規,12ヶ月未満
B26002364,1,2026/2/28,13187,0,49200,4920,0,54120,熊本支店,レンタル法人,0,新規,12ヶ月未満
B26002381,1,2026/2/28,13187,0,4600,460,0,5060,熊本支店,レンタル法人,36,新規,12ヶ月以上
B26002381,2,2026/3/31,13187,0,2200,220,0,2420,熊本支店,レンタル法人,36,新規,12ヶ月以上
B26002381,3,2026/4/30,13187,0,2200,220,0,2420,熊本支店,レンタル法人,36,新規,12ヶ月以上
B26002381,4,2026/5/31,13187,0,2200,220,0,2420,熊本支店,レンタル法人,36,新規,12ヶ月以上
B26002381,5,2026/6/30,13187,0,2200,220,0,2420,熊本支店,レンタル法人,36,新規,12ヶ月以上
B26002381,6,2026/7/31,13187,0,2200,220,0,2420,熊本支店,レンタル法人,36,新規,12ヶ月以上
B26002381,7,2026/8/31,13187,0,2200,220,0,2420,熊本支店,レンタル法人,36,新規,12ヶ月以上
B26002504,1,2026/2/28,15448,0,43250,4325,0,47575,熊本支店,レンタル法人,48,新規,12ヶ月以上
B26002504,2,2026/3/31,15448,0,3850,385,0,4235,熊本支店,レンタル法人,48,新規,12ヶ月以上
B26002504,3,2026/4/30,15448,0,3850,385,0,4235,熊本支店,レンタル法人,48,新規,12ヶ月以上
B26002504,4,2026/5/31,15448,0,3850,385,0,4235,熊本支店,レンタル法人,48,新規,12ヶ月以上
B26002504,5,2026/6/30,15448,0,3850,385,0,4235,熊本支店,レンタル法人,48,新規,12ヶ月以上
B26002504,6,2026/7/31,15448,0,3850,385,0,4235,熊本支店,レンタル法人,48,新規,12ヶ月以上
B26002504,7,2026/8/31,15448,0,3850,385,0,4235,熊本支店,レンタル法人,48,新規,12ヶ月以上
B26002533,1,2026/2/28,4234,0,29600,2960,0,32560,熊本支店,レンタル法人,1,新規,12ヶ月未満
B26002549,1,2026/2/28,4041,0,76400,7640,0,84040,熊本支店,レンタル法人,0,新規,12ヶ月未満
B26002562,1,2026/2/28,12849,0,11200,1120,0,12320,熊本支店,レンタル法人,3,新規,12ヶ月未満
B26002562,2,2026/3/31,12849,0,11200,1120,0,12320,熊本支店,レンタル法人,3,新規,12ヶ月未満
B26002562,3,2026/4/30,12849,0,11200,1120,0,12320,熊本支店,レンタル法人,3,新規,12ヶ月未満
B26002647,1,2026/2/28,4234,0,268600,26860,0,295460,熊本支店,レンタル法人,1,新規,12ヶ月未満
B26002648,1,2026/2/28,4234,0,142200,14220,0,156420,熊本支店,レンタル法人,1,新規,12ヶ月未満
B26002650,1,2026/2/28,4234,0,63200,6320,0,69520,熊本支店,レンタル法人,1,新規,12ヶ月未満
B26002651,1,2026/2/28,4234,0,71100,7110,0,78210,熊本支店,レンタル法人,1,新規,12ヶ月未満
B26002679,1,2026/5/31,18041,0,116400,11640,0,128040,熊本支店,レンタル法人,0,新規,12ヶ月未満
B26002680,1,2026/1/31,17634,0,36400,3640,0,40040,熊本支店,レンタル法人,0,新規,12ヶ月未満
B26002683,1,2026/2/28,14182,0,5880,588,0,6468,熊本支店,レンタル法人,2,延長,12ヶ月未満
B26002683,2,2026/3/31,14182,0,5880,588,0,6468,熊本支店,レンタル法人,2,延長,12ヶ月未満
B26002685,1,2026/1/31,1401,0,11320,1132,0,12452,熊本支店,レンタル法人,0,新規,12ヶ月未満
B26002687,1,2026/1/31,1401,0,2505,250,0,2755,熊本支店,レンタル法人,0,新規,12ヶ月未満
B26002688,1,2026/1/31,1401,0,-3752,-375,0,-4127,熊本支店,レンタル法人,0,新規,12ヶ月未満
B26002691,1,2026/1/31,1401,0,-2500,-250,0,-2750,熊本支店,レンタル法人,0,新規,12ヶ月未満
B26002695,1,2026/3/31,8988,0,7800,780,0,8580,熊本支店,レンタル法人,36,新規,12ヶ月以上
B26002695,2,2026/4/30,8988,0,2000,200,0,2200,熊本支店,レンタル法人,36,新規,12ヶ月以上
B26002695,3,2026/5/31,8988,0,2000,200,0,2200,熊本支店,レンタル法人,36,新規,12ヶ月以上
B26002695,4,2026/6/30,8988,0,2000,200,0,2200,熊本支店,レンタル法人,36,新規,12ヶ月以上
B26002695,5,2026/7/31,8988,0,2000,200,0,2200,熊本支店,レンタル法人,36,新規,12ヶ月以上
B26002695,6,2026/8/31,8988,0,2000,200,0,2200,熊本支店,レンタル法人,36,新規,12ヶ月以上
B26002696,1,2026/3/31,8988,0,7000,700,0,7700,熊本支店,レンタル法人,36,新規,12ヶ月以上
B26002696,2,2026/4/30,8988,0,2000,200,0,2200,熊本支店,レンタル法人,36,新規,12ヶ月以上
B26002696,3,2026/5/31,8988,0,2000,200,0,2200,熊本支店,レンタル法人,36,新規,12ヶ月以上
B26002696,4,2026/6/30,8988,0,2000,200,0,2200,熊本支店,レンタル法人,36,新規,12ヶ月以上
B26002696,5,2026/7/31,8988,0,2000,200,0,2200,熊本支店,レンタル法人,36,新規,12ヶ月以上
B26002696,6,2026/8/31,8988,0,2000,200,0,2200,熊本支店,レンタル法人,36,新規,12ヶ月以上
B26002698,1,2026/3/31,8988,0,7000,700,0,7700,熊本支店,レンタル法人,36,新規,12ヶ月以上
B26002698,2,2026/4/30,8988,0,2000,200,0,2200,熊本支店,レンタル法人,36,新規,12ヶ月以上
B26002698,3,2026/5/31,8988,0,2000,200,0,2200,熊本支店,レンタル法人,36,新規,12ヶ月以上
B26002698,4,2026/6/30,8988,0,2000,200,0,2200,熊本支店,レンタル法人,36,新規,12ヶ月以上
B26002698,5,2026/7/31,8988,0,2000,200,0,2200,熊本支店,レンタル法人,36,新規,12ヶ月以上
B26002698,6,2026/8/31,8988,0,2000,200,0,2200,熊本支店,レンタル法人,36,新規,12ヶ月以上
B26002700,1,2026/3/31,8988,0,7800,780,0,8580,熊本支店,レンタル法人,36,新規,12ヶ月以上
B26002700,2,2026/4/30,8988,0,2000,200,0,2200,熊本支店,レンタル法人,36,新規,12ヶ月以上
B26002700,3,2026/5/31,8988,0,2000,200,0,2200,熊本支店,レンタル法人,36,新規,12ヶ月以上
B26002700,4,2026/6/30,8988,0,2000,200,0,2200,熊本支店,レンタル法人,36,新規,12ヶ月以上
B26002700,5,2026/7/31,8988,0,2000,200,0,2200,熊本支店,レンタル法人,36,新規,12ヶ月以上
B26002700,6,2026/8/31,8988,0,2000,200,0,2200,熊本支店,レンタル法人,36,新規,12ヶ月以上
B26002702,1,2026/2/28,5852,0,4500,450,0,4950,熊本支店,レンタル法人,0,新規,12ヶ月未満
B26002703,1,2026/2/28,17849,0,2500,250,0,2750,熊本支店,レンタル法人,48,新規,12ヶ月以上
B26002703,2,2026/3/31,17849,0,2500,250,0,2750,熊本支店,レンタル法人,48,新規,12ヶ月以上
B26002703,3,2026/4/30,17849,0,2500,250,0,2750,熊本支店,レンタル法人,48,新規,12ヶ月以上
B26002703,4,2026/5/31,17849,0,2500,250,0,2750,熊本支店,レンタル法人,48,新規,12ヶ月以上
B26002703,5,2026/6/30,17849,0,2500,250,0,2750,熊本支店,レンタル法人,48,新規,12ヶ月以上
B26002703,6,2026/7/31,17849,0,2500,250,0,2750,熊本支店,レンタル法人,48,新規,12ヶ月以上
B26002703,7,2026/8/31,17849,0,2500,250,0,2750,熊本支店,レンタル法人,48,新規,12ヶ月以上
B26002737,1,2026/2/28,12239,0,8000,800,0,8800,熊本支店,販売,0,新規,12ヶ月未満
B26002750,1,2026/2/28,12239,0,40000,4000,0,44000,熊本支店,販売,0,新規,12ヶ月未満
B26002753,1,2026/2/28,10767,0,1500,150,0,1650,熊本支店,レンタル法人,48,新規,12ヶ月以上
B26002753,2,2026/3/31,10767,0,1500,150,0,1650,熊本支店,レンタル法人,48,新規,12ヶ月以上
B26002753,3,2026/4/30,10767,0,1500,150,0,1650,熊本支店,レンタル法人,48,新規,12ヶ月以上
B26002753,4,2026/5/31,10767,0,1500,150,0,1650,熊本支店,レンタル法人,48,新規,12ヶ月以上
B26002753,5,2026/6/30,10767,0,1500,150,0,1650,熊本支店,レンタル法人,48,新規,12ヶ月以上
B26002753,6,2026/7/31,10767,0,1500,150,0,1650,熊本支店,レンタル法人,48,新規,12ヶ月以上
B26002753,7,2026/8/31,10767,0,1500,150,0,1650,熊本支店,レンタル法人,48,新規,12ヶ月以上
B26002802,1,2026/1/31,10788,0,25000,2500,0,27500,熊本支店,販売,0,新規,12ヶ月未満
B26002820,1,2026/2/28,5338,0,17000,1700,0,18700,熊本支店,レンタル法人,8,延長,12ヶ月未満
B26002820,2,2026/3/31,5338,0,17000,1700,0,18700,熊本支店,レンタル法人,8,延長,12ヶ月未満
B26002820,3,2026/4/30,5338,0,17000,1700,0,18700,熊本支店,レンタル法人,8,延長,12ヶ月未満
B26002820,4,2026/5/31,5338,0,17000,1700,0,18700,熊本支店,レンタル法人,8,延長,12ヶ月未満
B26002820,5,2026/6/30,5338,0,17000,1700,0,18700,熊本支店,レンタル法人,8,延長,12ヶ月未満
B26002820,6,2026/7/31,5338,0,17000,1700,0,18700,熊本支店,レンタル法人,8,延長,12ヶ月未満
B26002820,7,2026/8/31,5338,0,17000,1700,0,18700,熊本支店,レンタル法人,8,延長,12ヶ月未満
B26002822,1,2026/2/28,10788,0,37800,3780,0,41580,熊本支店,販売,1,新規,12ヶ月未満
B26002835,1,2026/2/28,4234,0,38100,3810,0,41910,熊本支店,レンタル法人,1,新規,12ヶ月未満
B26002865,1,2026/2/28,1401,0,14200,1420,0,15620,熊本支店,レンタル法人,1,新規,12ヶ月未満
B26002867,1,2026/2/28,14499,0,32000,3200,0,35200,熊本支店,レンタル法人,1,新規,12ヶ月未満
