契約番号,請求回,請求日,顧客コード,前受金金額,請求金額,消費税,前受金からの取崩金額,差引請求額,担当部署名,売上集計区分,契約月数,延長区分,契約期間
B21007500,51,2025/9/30,7635,0,12200,1220,0,13420,福岡支店,レンタル法人,60,新規,12ヶ月以上
B21007500,52,2025/10/31,7635,0,12200,1220,0,13420,福岡支店,レンタル法人,60,新規,12ヶ月以上
B21007500,53,2025/11/30,7635,0,12200,1220,0,13420,福岡支店,レンタル法人,60,新規,12ヶ月以上
B21007500,54,2025/12/31,7635,0,12200,1220,0,13420,福岡支店,レンタル法人,60,新規,12ヶ月以上
B21007500,55,2026/1/31,7635,0,12200,1220,0,13420,福岡支店,レンタル法人,60,新規,12ヶ月以上
B21007500,56,2026/2/28,7635,0,12200,1220,0,13420,福岡支店,レンタル法人,60,新規,12ヶ月以上
B21007500,57,2026/3/31,7635,0,12200,1220,0,13420,福岡支店,レンタル法人,60,新規,12ヶ月以上
B21007500,58,2026/4/30,7635,0,12200,1220,0,13420,福岡支店,レンタル法人,60,新規,12ヶ月以上
B21007500,59,2026/5/31,7635,0,12200,1220,0,13420,福岡支店,レンタル法人,60,新規,12ヶ月以上
B21007500,60,2026/6/30,7635,0,12200,1220,0,13420,福岡支店,レンタル法人,60,新規,12ヶ月以上
B22009831,40,2025/9/30,10357,0,35900,3590,0,39490,福岡支店,レンタル法人,60,新規,12ヶ月以上
B22009831,41,2025/10/31,10357,0,35900,3590,0,39490,福岡支店,レンタル法人,60,新規,12ヶ月以上
B22009831,42,2025/11/30,10357,0,35900,3590,0,39490,福岡支店,レンタル法人,60,新規,12ヶ月以上
B22009831,43,2025/12/31,10357,0,35900,3590,0,39490,福岡支店,レンタル法人,60,新規,12ヶ月以上
B22009831,44,2026/1/31,10357,0,35900,3590,0,39490,福岡支店,レンタル法人,60,新規,12ヶ月以上
B22009831,45,2026/2/28,10357,0,35900,3590,0,39490,福岡支店,レンタル法人,60,新規,12ヶ月以上
B22009831,46,2026/3/31,10357,0,35900,3590,0,39490,福岡支店,レンタル法人,60,新規,12ヶ月以上
B22009831,47,2026/4/30,10357,0,35900,3590,0,39490,福岡支店,レンタル法人,60,新規,12ヶ月以上
B22009831,48,2026/5/31,10357,0,35900,3590,0,39490,福岡支店,レンタル法人,60,新規,12ヶ月以上
B22009831,49,2026/6/30,10357,0,35900,3590,0,39490,福岡支店,レンタル法人,60,新規,12ヶ月以上
B22009831,50,2026/7/31,10357,0,35900,3590,0,39490,福岡支店,レンタル法人,60,新規,12ヶ月以上
B22009831,51,2026/8/31,10357,0,35900,3590,0,39490,福岡支店,レンタル法人,60,新規,12ヶ月以上
B22009991,40,2025/9/30,10336,0,3500,350,0,3850,福岡支店,レンタル法人,60,新規,12ヶ月以上
B22009991,41,2025/10/31,10336,0,3500,350,0,3850,福岡支店,レンタル法人,60,新規,12ヶ月以上
B22009991,42,2025/11/30,10336,0,3500,350,0,3850,福岡支店,レンタル法人,60,新規,12ヶ月以上
B22009991,43,2025/12/31,10336,0,3500,350,0,3850,福岡支店,レンタル法人,60,新規,12ヶ月以上
B22009991,44,2026/1/31,10336,0,3500,350,0,3850,福岡支店,レンタル法人,60,新規,12ヶ月以上
B22009991,45,2026/2/28,10336,0,3500,350,0,3850,福岡支店,レンタル法人,60,新規,12ヶ月以上
B22009991,46,2026/3/31,10336,0,3500,350,0,3850,福岡支店,レンタル法人,60,新規,12ヶ月以上
B22009991,47,2026/4/30,10336,0,3500,350,0,3850,福岡支店,レンタル法人,60,新規,12ヶ月以上
B22009991,48,2026/5/31,10336,0,3500,350,0,3850,福岡支店,レンタル法人,60,新規,12ヶ月以上
B22009991,49,2026/6/30,10336,0,3500,350,0,3850,福岡支店,レンタル法人,60,新規,12ヶ月以上
B22009991,50,2026/7/31,10336,0,3500,350,0,3850,福岡支店,レンタル法人,60,新規,12ヶ月以上
B22009991,51,2026/8/31,10336,0,3500,350,0,3850,福岡支店,レンタル法人,60,新規,12ヶ月以上
B22010233,40,2025/9/30,10470,0,3180,318,0,3498,福岡支店,レンタル法人,60,新規,12ヶ月以上
B22010233,41,2025/10/31,10470,0,3180,318,0,3498,福岡支店,レンタル法人,60,新規,12ヶ月以上
B22010233,42,2025/11/30,10470,0,3180,318,0,3498,福岡支店,レンタル法人,60,新規,12ヶ月以上
B22010233,43,2025/12/31,10470,0,3180,318,0,3498,福岡支店,レンタル法人,60,新規,12ヶ月以上
B22010233,44,2026/1/31,10470,0,3180,318,0,3498,福岡支店,レンタル法人,60,新規,12ヶ月以上
B22010233,45,2026/2/28,10470,0,3180,318,0,3498,福岡支店,レンタル法人,60,新規,12ヶ月以上
B22010233,46,2026/3/31,10470,0,3180,318,0,3498,福岡支店,レンタル法人,60,新規,12ヶ月以上
B22010233,47,2026/4/30,10470,0,3180,318,0,3498,福岡支店,レンタル法人,60,新規,12ヶ月以上
B22010233,48,2026/5/31,10470,0,3180,318,0,3498,福岡支店,レンタル法人,60,新規,12ヶ月以上
B22010233,49,2026/6/30,10470,0,3180,318,0,3498,福岡支店,レンタル法人,60,新規,12ヶ月以上
B22010233,50,2026/7/31,10470,0,3180,318,0,3498,福岡支店,レンタル法人,60,新規,12ヶ月以上
B22010233,51,2026/8/31,10470,0,3180,318,0,3498,福岡支店,レンタル法人,60,新規,12ヶ月以上
B22010245,39,2025/9/30,10482,0,62700,6270,0,68970,福岡支店,レンタル法人,60,新規,12ヶ月以上
B22010245,40,2025/10/31,10482,0,62700,6270,0,68970,福岡支店,レンタル法人,60,新規,12ヶ月以上
B22010245,41,2025/11/30,10482,0,62700,6270,0,68970,福岡支店,レンタル法人,60,新規,12ヶ月以上
B22010245,42,2025/12/31,10482,0,62700,6270,0,68970,福岡支店,レンタル法人,60,新規,12ヶ月以上
B22010245,43,2026/1/31,10482,0,62700,6270,0,68970,福岡支店,レンタル法人,60,新規,12ヶ月以上
B22010245,44,2026/2/28,10482,0,62700,6270,0,68970,福岡支店,レンタル法人,60,新規,12ヶ月以上
B22010245,45,2026/3/31,10482,0,62700,6270,0,68970,福岡支店,レンタル法人,60,新規,12ヶ月以上
B22010245,46,2026/4/30,10482,0,62700,6270,0,68970,福岡支店,レンタル法人,60,新規,12ヶ月以上
B22010245,47,2026/5/31,10482,0,62700,6270,0,68970,福岡支店,レンタル法人,60,新規,12ヶ月以上
B22010245,48,2026/6/30,10482,0,62700,6270,0,68970,福岡支店,レンタル法人,60,新規,12ヶ月以上
B22010245,49,2026/7/31,10482,0,62700,6270,0,68970,福岡支店,レンタル法人,60,新規,12ヶ月以上
B22010245,50,2026/8/31,10482,0,62700,6270,0,68970,福岡支店,レンタル法人,60,新規,12ヶ月以上
B22011546,39,2025/9/30,10595,0,7600,760,0,8360,福岡支店,レンタル法人,60,新規,12ヶ月以上
B22011546,40,2025/10/31,10595,0,7600,760,0,8360,福岡支店,レンタル法人,60,新規,12ヶ月以上
B22011546,41,2025/11/30,10595,0,7600,760,0,8360,福岡支店,レンタル法人,60,新規,12ヶ月以上
B22011546,42,2025/12/31,10595,0,7600,760,0,8360,福岡支店,レンタル法人,60,新規,12ヶ月以上
B22011546,43,2026/1/31,10595,0,7600,760,0,8360,福岡支店,レンタル法人,60,新規,12ヶ月以上
B22011546,44,2026/2/28,10595,0,7600,760,0,8360,福岡支店,レンタル法人,60,新規,12ヶ月以上
B22011546,45,2026/3/31,10595,0,7600,760,0,8360,福岡支店,レンタル法人,60,新規,12ヶ月以上
B22011546,46,2026/4/30,10595,0,7600,760,0,8360,福岡支店,レンタル法人,60,新規,12ヶ月以上
B22011546,47,2026/5/31,10595,0,7600,760,0,8360,福岡支店,レンタル法人,60,新規,12ヶ月以上
B22011546,48,2026/6/30,10595,0,7600,760,0,8360,福岡支店,レンタル法人,60,新規,12ヶ月以上
B22011546,49,2026/7/31,10595,0,7600,760,0,8360,福岡支店,レンタル法人,60,新規,12ヶ月以上
B22011546,50,2026/8/31,10595,0,7600,760,0,8360,福岡支店,レンタル法人,60,新規,12ヶ月以上
B22012349,38,2025/9/30,10713,0,7600,760,0,8360,福岡支店,レンタル法人,60,新規,12ヶ月以上
B22012349,39,2025/10/31,10713,0,7600,760,0,8360,福岡支店,レンタル法人,60,新規,12ヶ月以上
B22012349,40,2025/11/30,10713,0,7600,760,0,8360,福岡支店,レンタル法人,60,新規,12ヶ月以上
B22012349,41,2025/12/31,10713,0,7600,760,0,8360,福岡支店,レンタル法人,60,新規,12ヶ月以上
B22012349,42,2026/1/31,10713,0,7600,760,0,8360,福岡支店,レンタル法人,60,新規,12ヶ月以上
B22012349,43,2026/2/28,10713,0,7600,760,0,8360,福岡支店,レンタル法人,60,新規,12ヶ月以上
B22012349,44,2026/3/31,10713,0,7600,760,0,8360,福岡支店,レンタル法人,60,新規,12ヶ月以上
B22012349,45,2026/4/30,10713,0,7600,760,0,8360,福岡支店,レンタル法人,60,新規,12ヶ月以上
B22012349,46,2026/5/31,10713,0,7600,760,0,8360,福岡支店,レンタル法人,60,新規,12ヶ月以上
B22012349,47,2026/6/30,10713,0,7600,760,0,8360,福岡支店,レンタル法人,60,新規,12ヶ月以上
B22012349,48,2026/7/31,10713,0,7600,760,0,8360,福岡支店,レンタル法人,60,新規,12ヶ月以上
B22012349,49,2026/8/31,10713,0,7600,760,0,8360,福岡支店,レンタル法人,60,新規,12ヶ月以上
B22012946,38,2025/9/30,10816,0,7660,766,0,8426,福岡支店,レンタル法人,60,新規,12ヶ月以上
B22012946,39,2025/10/31,10816,0,7660,766,0,8426,福岡支店,レンタル法人,60,新規,12ヶ月以上
B22012946,40,2025/11/30,10816,0,7660,766,0,8426,福岡支店,レンタル法人,60,新規,12ヶ月以上
B22012946,41,2025/12/31,10816,0,7660,766,0,8426,福岡支店,レンタル法人,60,新規,12ヶ月以上
B22012946,42,2026/1/31,10816,0,7660,766,0,8426,福岡支店,レンタル法人,60,新規,12ヶ月以上
B22012946,43,2026/2/28,10816,0,7660,766,0,8426,福岡支店,レンタル法人,60,新規,12ヶ月以上
B22012946,44,2026/3/31,10816,0,7660,766,0,8426,福岡支店,レンタル法人,60,新規,12ヶ月以上
B22012946,45,2026/4/30,10816,0,7660,766,0,8426,福岡支店,レンタル法人,60,新規,12ヶ月以上
B22012946,46,2026/5/31,10816,0,7660,766,0,8426,福岡支店,レンタル法人,60,新規,12ヶ月以上
B22012946,47,2026/6/30,10816,0,7660,766,0,8426,福岡支店,レンタル法人,60,新規,12ヶ月以上
B22012946,48,2026/7/31,10816,0,7660,766,0,8426,福岡支店,レンタル法人,60,新規,12ヶ月以上
B22012946,49,2026/8/31,10816,0,7660,766,0,8426,福岡支店,レンタル法人,60,新規,12ヶ月以上
B22013446,37,2025/9/30,10843,0,7660,766,0,8426,福岡支店,レンタル法人,60,新規,12ヶ月以上
B22013446,38,2025/10/31,10843,0,7660,766,0,8426,福岡支店,レンタル法人,60,新規,12ヶ月以上
B22013446,39,2025/11/30,10843,0,7660,766,0,8426,福岡支店,レンタル法人,60,新規,12ヶ月以上
B22013446,40,2025/12/31,10843,0,7660,766,0,8426,福岡支店,レンタル法人,60,新規,12ヶ月以上
B22013446,41,2026/1/31,10843,0,7660,766,0,8426,福岡支店,レンタル法人,60,新規,12ヶ月以上
B22013446,42,2026/2/28,10843,0,7660,766,0,8426,福岡支店,レンタル法人,60,新規,12ヶ月以上
B22013446,43,2026/3/31,10843,0,7660,766,0,8426,福岡支店,レンタル法人,60,新規,12ヶ月以上
B22013446,44,2026/4/30,10843,0,7660,766,0,8426,福岡支店,レンタル法人,60,新規,12ヶ月以上
B22013446,45,2026/5/31,10843,0,7660,766,0,8426,福岡支店,レンタル法人,60,新規,12ヶ月以上
B22013446,46,2026/6/30,10843,0,7660,766,0,8426,福岡支店,レンタル法人,60,新規,12ヶ月以上
B22013446,47,2026/7/31,10843,0,7660,766,0,8426,福岡支店,レンタル法人,60,新規,12ヶ月以上
B22013446,48,2026/8/31,10843,0,7660,766,0,8426,福岡支店,レンタル法人,60,新規,12ヶ月以上
B22013851,38,2025/9/30,10911,0,31635,3163,0,34798,福岡支店,レンタル法人,60,新規,12ヶ月以上
B22013851,39,2025/10/31,10911,0,31635,3163,0,34798,福岡支店,レンタル法人,60,新規,12ヶ月以上
B22013851,40,2025/11/30,10911,0,31635,3163,0,34798,福岡支店,レンタル法人,60,新規,12ヶ月以上
B22013851,41,2025/12/31,10911,0,31635,3163,0,34798,福岡支店,レンタル法人,60,新規,12ヶ月以上
B22013851,42,2026/1/31,10911,0,31635,3163,0,34798,福岡支店,レンタル法人,60,新規,12ヶ月以上
B22013851,43,2026/2/28,10911,0,31635,3163,0,34798,福岡支店,レンタル法人,60,新規,12ヶ月以上
B22013851,44,2026/3/31,10911,0,31635,3163,0,34798,福岡支店,レンタル法人,60,新規,12ヶ月以上
B22013851,45,2026/4/30,10911,0,31635,3163,0,34798,福岡支店,レンタル法人,60,新規,12ヶ月以上
B22013851,46,2026/5/31,10911,0,31635,3163,0,34798,福岡支店,レンタル法人,60,新規,12ヶ月以上
B22013851,47,2026/6/30,10911,0,31635,3163,0,34798,福岡支店,レンタル法人,60,新規,12ヶ月以上
B22013851,48,2026/7/31,10911,0,31635,3163,0,34798,福岡支店,レンタル法人,60,新規,12ヶ月以上
B22013851,49,2026/8/31,10911,0,31635,3163,0,34798,福岡支店,レンタル法人,60,新規,12ヶ月以上
B22013852,37,2025/9/30,10909,0,7660,766,0,8426,福岡支店,レンタル法人,60,新規,12ヶ月以上
B22013852,38,2025/10/31,10909,0,7660,766,0,8426,福岡支店,レンタル法人,60,新規,12ヶ月以上
B22013852,39,2025/11/30,10909,0,7660,766,0,8426,福岡支店,レンタル法人,60,新規,12ヶ月以上
B22013852,40,2025/12/31,10909,0,7660,766,0,8426,福岡支店,レンタル法人,60,新規,12ヶ月以上
B22013852,41,2026/1/31,10909,0,7660,766,0,8426,福岡支店,レンタル法人,60,新規,12ヶ月以上
B22013852,42,2026/2/28,10909,0,7660,766,0,8426,福岡支店,レンタル法人,60,新規,12ヶ月以上
B22013852,43,2026/3/31,10909,0,7660,766,0,8426,福岡支店,レンタル法人,60,新規,12ヶ月以上
B22013852,44,2026/4/30,10909,0,7660,766,0,8426,福岡支店,レンタル法人,60,新規,12ヶ月以上
B22013852,45,2026/5/31,10909,0,7660,766,0,8426,福岡支店,レンタル法人,60,新規,12ヶ月以上
B22013852,46,2026/6/30,10909,0,7660,766,0,8426,福岡支店,レンタル法人,60,新規,12ヶ月以上
B22013852,47,2026/7/31,10909,0,7660,766,0,8426,福岡支店,レンタル法人,60,新規,12ヶ月以上
B22013852,48,2026/8/31,10909,0,7660,766,0,8426,福岡支店,レンタル法人,60,新規,12ヶ月以上
B22014350,38,2025/9/30,10982,0,13500,1350,0,14850,福岡支店,レンタル法人,60,新規,12ヶ月以上
B22014350,39,2025/10/31,10982,0,13500,1350,0,14850,福岡支店,レンタル法人,60,新規,12ヶ月以上
B22014350,40,2025/11/30,10982,0,13500,1350,0,14850,福岡支店,レンタル法人,60,新規,12ヶ月以上
B22014350,41,2025/12/31,10982,0,13500,1350,0,14850,福岡支店,レンタル法人,60,新規,12ヶ月以上
B22014350,42,2026/1/31,10982,0,13500,1350,0,14850,福岡支店,レンタル法人,60,新規,12ヶ月以上
B22014350,43,2026/2/28,10982,0,13500,1350,0,14850,福岡支店,レンタル法人,60,新規,12ヶ月以上
B22014350,44,2026/3/31,10982,0,13500,1350,0,14850,福岡支店,レンタル法人,60,新規,12ヶ月以上
B22014350,45,2026/4/30,10982,0,13500,1350,0,14850,福岡支店,レンタル法人,60,新規,12ヶ月以上
B22014350,46,2026/5/31,10982,0,13500,1350,0,14850,福岡支店,レンタル法人,60,新規,12ヶ月以上
B22014350,47,2026/6/30,10982,0,13500,1350,0,14850,福岡支店,レンタル法人,60,新規,12ヶ月以上
B22014350,48,2026/7/31,10982,0,13500,1350,0,14850,福岡支店,レンタル法人,60,新規,12ヶ月以上
B22014350,49,2026/8/31,10982,0,13500,1350,0,14850,福岡支店,レンタル法人,60,新規,12ヶ月以上
B22014356,37,2025/9/30,11004,0,35909,3590,0,39499,福岡支店,レンタル法人,60,新規,12ヶ月以上
B22014356,38,2025/10/31,11004,0,35909,3590,0,39499,福岡支店,レンタル法人,60,新規,12ヶ月以上
B22014356,39,2025/11/30,11004,0,35909,3590,0,39499,福岡支店,レンタル法人,60,新規,12ヶ月以上
B22014356,40,2025/12/31,11004,0,35909,3590,0,39499,福岡支店,レンタル法人,60,新規,12ヶ月以上
B22014356,41,2026/1/31,11004,0,35909,3590,0,39499,福岡支店,レンタル法人,60,新規,12ヶ月以上
B22014356,42,2026/2/28,11004,0,35909,3590,0,39499,福岡支店,レンタル法人,60,新規,12ヶ月以上
B22014356,43,2026/3/31,11004,0,35909,3590,0,39499,福岡支店,レンタル法人,60,新規,12ヶ月以上
B22014356,44,2026/4/30,11004,0,35909,3590,0,39499,福岡支店,レンタル法人,60,新規,12ヶ月以上
B22014356,45,2026/5/31,11004,0,35909,3590,0,39499,福岡支店,レンタル法人,60,新規,12ヶ月以上
B22014356,46,2026/6/30,11004,0,35909,3590,0,39499,福岡支店,レンタル法人,60,新規,12ヶ月以上
B22014356,47,2026/7/31,11004,0,35909,3590,0,39499,福岡支店,レンタル法人,60,新規,12ヶ月以上
B22014356,48,2026/8/31,11004,0,35909,3590,0,39499,福岡支店,レンタル法人,60,新規,12ヶ月以上
B22014396,38,2025/9/30,11006,0,7663,766,0,8429,福岡支店,レンタル法人,60,新規,12ヶ月以上
B22014396,39,2025/10/31,11006,0,7663,766,0,8429,福岡支店,レンタル法人,60,新規,12ヶ月以上
B22014396,40,2025/11/30,11006,0,7663,766,0,8429,福岡支店,レンタル法人,60,新規,12ヶ月以上
B22014396,41,2025/12/31,11006,0,7663,766,0,8429,福岡支店,レンタル法人,60,新規,12ヶ月以上
B22014396,42,2026/1/31,11006,0,7663,766,0,8429,福岡支店,レンタル法人,60,新規,12ヶ月以上
B22014396,43,2026/2/28,11006,0,7663,766,0,8429,福岡支店,レンタル法人,60,新規,12ヶ月以上
B22014396,44,2026/3/31,11006,0,7663,766,0,8429,福岡支店,レンタル法人,60,新規,12ヶ月以上
B22014396,45,2026/4/30,11006,0,7663,766,0,8429,福岡支店,レンタル法人,60,新規,12ヶ月以上
B22014396,46,2026/5/31,11006,0,7663,766,0,8429,福岡支店,レンタル法人,60,新規,12ヶ月以上
B22014396,47,2026/6/30,11006,0,7663,766,0,8429,福岡支店,レンタル法人,60,新規,12ヶ月以上
B22014396,48,2026/7/31,11006,0,7663,766,0,8429,福岡支店,レンタル法人,60,新規,12ヶ月以上
B22014396,49,2026/8/31,11006,0,7663,766,0,8429,福岡支店,レンタル法人,60,新規,12ヶ月以上
B22014711,38,2025/9/30,11035,0,5700,570,0,6270,福岡支店,レンタル法人,60,新規,12ヶ月以上
B22014711,39,2025/10/31,11035,0,5700,570,0,6270,福岡支店,レンタル法人,60,新規,12ヶ月以上
B22014711,40,2025/11/30,11035,0,5700,570,0,6270,福岡支店,レンタル法人,60,新規,12ヶ月以上
B22014711,41,2025/12/31,11035,0,5700,570,0,6270,福岡支店,レンタル法人,60,新規,12ヶ月以上
B22014711,42,2026/1/31,11035,0,5700,570,0,6270,福岡支店,レンタル法人,60,新規,12ヶ月以上
B22014711,43,2026/2/28,11035,0,5700,570,0,6270,福岡支店,レンタル法人,60,新規,12ヶ月以上
B22014711,44,2026/3/31,11035,0,5700,570,0,6270,福岡支店,レンタル法人,60,新規,12ヶ月以上
B22014711,45,2026/4/30,11035,0,5700,570,0,6270,福岡支店,レンタル法人,60,新規,12ヶ月以上
B22014711,46,2026/5/31,11035,0,5700,570,0,6270,福岡支店,レンタル法人,60,新規,12ヶ月以上
B22014711,47,2026/6/30,11035,0,5700,570,0,6270,福岡支店,レンタル法人,60,新規,12ヶ月以上
B22014711,48,2026/7/31,11035,0,5700,570,0,6270,福岡支店,レンタル法人,60,新規,12ヶ月以上
B22014711,49,2026/8/31,11035,0,5700,570,0,6270,福岡支店,レンタル法人,60,新規,12ヶ月以上
B22017507,36,2025/9/30,11295,0,7660,766,0,8426,福岡支店,レンタル法人,60,新規,12ヶ月以上
B22017507,37,2025/10/31,11295,0,7660,766,0,8426,福岡支店,レンタル法人,60,新規,12ヶ月以上
B22017507,38,2025/11/30,11295,0,7660,766,0,8426,福岡支店,レンタル法人,60,新規,12ヶ月以上
B22017507,39,2025/12/31,11295,0,7660,766,0,8426,福岡支店,レンタル法人,60,新規,12ヶ月以上
B22017507,40,2026/1/31,11295,0,7660,766,0,8426,福岡支店,レンタル法人,60,新規,12ヶ月以上
B22017507,41,2026/2/28,11295,0,7660,766,0,8426,福岡支店,レンタル法人,60,新規,12ヶ月以上
B22017507,42,2026/3/31,11295,0,7660,766,0,8426,福岡支店,レンタル法人,60,新規,12ヶ月以上
B22017507,43,2026/4/30,11295,0,7660,766,0,8426,福岡支店,レンタル法人,60,新規,12ヶ月以上
B22017507,44,2026/5/31,11295,0,7660,766,0,8426,福岡支店,レンタル法人,60,新規,12ヶ月以上
B22017507,45,2026/6/30,11295,0,7660,766,0,8426,福岡支店,レンタル法人,60,新規,12ヶ月以上
B22017507,46,2026/7/31,11295,0,7660,766,0,8426,福岡支店,レンタル法人,60,新規,12ヶ月以上
B22017507,47,2026/8/31,11295,0,7660,766,0,8426,福岡支店,レンタル法人,60,新規,12ヶ月以上
B22017883,35,2025/9/30,11227,0,3000,300,0,3300,福岡支店,レンタル法人,60,新規,12ヶ月以上
B22017883,36,2025/10/31,11227,0,3000,300,0,3300,福岡支店,レンタル法人,60,新規,12ヶ月以上
B22017883,37,2025/11/30,11227,0,3000,300,0,3300,福岡支店,レンタル法人,60,新規,12ヶ月以上
B22017883,38,2025/12/31,11227,0,3000,300,0,3300,福岡支店,レンタル法人,60,新規,12ヶ月以上
B22017883,39,2026/1/31,11227,0,3000,300,0,3300,福岡支店,レンタル法人,60,新規,12ヶ月以上
B22017883,40,2026/2/28,11227,0,3000,300,0,3300,福岡支店,レンタル法人,60,新規,12ヶ月以上
B22017883,41,2026/3/31,11227,0,3000,300,0,3300,福岡支店,レンタル法人,60,新規,12ヶ月以上
B22017883,42,2026/4/30,11227,0,3000,300,0,3300,福岡支店,レンタル法人,60,新規,12ヶ月以上
B22017883,43,2026/5/31,11227,0,3000,300,0,3300,福岡支店,レンタル法人,60,新規,12ヶ月以上
B22017883,44,2026/6/30,11227,0,3000,300,0,3300,福岡支店,レンタル法人,60,新規,12ヶ月以上
B22017883,45,2026/7/31,11227,0,3000,300,0,3300,福岡支店,レンタル法人,60,新規,12ヶ月以上
B22017883,46,2026/8/31,11227,0,3000,300,0,3300,福岡支店,レンタル法人,60,新規,12ヶ月以上
B22017968,36,2025/9/30,11416,0,7660,766,0,8426,福岡支店,レンタル法人,60,新規,12ヶ月以上
B22017968,37,2025/10/31,11416,0,7660,766,0,8426,福岡支店,レンタル法人,60,新規,12ヶ月以上
B22017968,38,2025/11/30,11416,0,7660,766,0,8426,福岡支店,レンタル法人,60,新規,12ヶ月以上
B22017968,39,2025/12/31,11416,0,7660,766,0,8426,福岡支店,レンタル法人,60,新規,12ヶ月以上
B22017968,40,2026/1/31,11416,0,7660,766,0,8426,福岡支店,レンタル法人,60,新規,12ヶ月以上
B22017968,41,2026/2/28,11416,0,7660,766,0,8426,福岡支店,レンタル法人,60,新規,12ヶ月以上
B22017968,42,2026/3/31,11416,0,7660,766,0,8426,福岡支店,レンタル法人,60,新規,12ヶ月以上
B22017968,43,2026/4/30,11416,0,7660,766,0,8426,福岡支店,レンタル法人,60,新規,12ヶ月以上
B22017968,44,2026/5/31,11416,0,7660,766,0,8426,福岡支店,レンタル法人,60,新規,12ヶ月以上
B22017968,45,2026/6/30,11416,0,7660,766,0,8426,福岡支店,レンタル法人,60,新規,12ヶ月以上
B22017968,46,2026/7/31,11416,0,7660,766,0,8426,福岡支店,レンタル法人,60,新規,12ヶ月以上
B22017968,47,2026/8/31,11416,0,7660,766,0,8426,福岡支店,レンタル法人,60,新規,12ヶ月以上
B22018015,36,2025/9/30,11426,0,9070,907,0,9977,福岡支店,レンタル法人,60,新規,12ヶ月以上
B22018015,37,2025/10/31,11426,0,9070,907,0,9977,福岡支店,レンタル法人,60,新規,12ヶ月以上
B22018015,38,2025/11/30,11426,0,9070,907,0,9977,福岡支店,レンタル法人,60,新規,12ヶ月以上
B22018015,39,2025/12/31,11426,0,9070,907,0,9977,福岡支店,レンタル法人,60,新規,12ヶ月以上
B22018015,40,2026/1/31,11426,0,9070,907,0,9977,福岡支店,レンタル法人,60,新規,12ヶ月以上
B22018015,41,2026/2/28,11426,0,9070,907,0,9977,福岡支店,レンタル法人,60,新規,12ヶ月以上
B22018015,42,2026/3/31,11426,0,9070,907,0,9977,福岡支店,レンタル法人,60,新規,12ヶ月以上
B22018015,43,2026/4/30,11426,0,9070,907,0,9977,福岡支店,レンタル法人,60,新規,12ヶ月以上
B22018015,44,2026/5/31,11426,0,9070,907,0,9977,福岡支店,レンタル法人,60,新規,12ヶ月以上
B22018015,45,2026/6/30,11426,0,9070,907,0,9977,福岡支店,レンタル法人,60,新規,12ヶ月以上
B22018015,46,2026/7/31,11426,0,9070,907,0,9977,福岡支店,レンタル法人,60,新規,12ヶ月以上
B22018015,47,2026/8/31,11426,0,9070,907,0,9977,福岡支店,レンタル法人,60,新規,12ヶ月以上
B22018194,35,2025/9/30,11579,0,20600,2060,0,22660,福岡支店,レンタル法人,36,新規,12ヶ月以上
B22018194,36,2025/10/31,11579,0,20600,2060,0,22660,福岡支店,レンタル法人,36,新規,12ヶ月以上
B22018508,36,2025/9/30,11660,0,9300,930,0,10230,福岡支店,レンタル法人,36,新規,12ヶ月以上
B22018510,35,2025/9/30,11661,0,25000,2500,0,27500,福岡支店,レンタル法人,60,新規,12ヶ月以上
B22018510,36,2025/10/31,11661,0,25000,2500,0,27500,福岡支店,レンタル法人,60,新規,12ヶ月以上
B22018510,37,2025/11/30,11661,0,25000,2500,0,27500,福岡支店,レンタル法人,60,新規,12ヶ月以上
B22018510,38,2025/12/31,11661,0,25000,2500,0,27500,福岡支店,レンタル法人,60,新規,12ヶ月以上
B22018510,39,2026/1/31,11661,0,25000,2500,0,27500,福岡支店,レンタル法人,60,新規,12ヶ月以上
B22018510,40,2026/2/28,11661,0,25000,2500,0,27500,福岡支店,レンタル法人,60,新規,12ヶ月以上
B22018510,41,2026/3/31,11661,0,25000,2500,0,27500,福岡支店,レンタル法人,60,新規,12ヶ月以上
B22018510,42,2026/4/30,11661,0,25000,2500,0,27500,福岡支店,レンタル法人,60,新規,12ヶ月以上
B22018510,43,2026/5/31,11661,0,25000,2500,0,27500,福岡支店,レンタル法人,60,新規,12ヶ月以上
B22018510,44,2026/6/30,11661,0,25000,2500,0,27500,福岡支店,レンタル法人,60,新規,12ヶ月以上
B22018510,45,2026/7/31,11661,0,25000,2500,0,27500,福岡支店,レンタル法人,60,新規,12ヶ月以上
B22018510,46,2026/8/31,11661,0,25000,2500,0,27500,福岡支店,レンタル法人,60,新規,12ヶ月以上
B22018511,36,2025/9/30,11662,0,7660,766,0,8426,福岡支店,レンタル法人,60,新規,12ヶ月以上
B22018511,37,2025/10/31,11662,0,7660,766,0,8426,福岡支店,レンタル法人,60,新規,12ヶ月以上
B22018511,38,2025/11/30,11662,0,7660,766,0,8426,福岡支店,レンタル法人,60,新規,12ヶ月以上
B22018511,39,2025/12/31,11662,0,7660,766,0,8426,福岡支店,レンタル法人,60,新規,12ヶ月以上
B22018511,40,2026/1/31,11662,0,7660,766,0,8426,福岡支店,レンタル法人,60,新規,12ヶ月以上
B22018511,41,2026/2/28,11662,0,7660,766,0,8426,福岡支店,レンタル法人,60,新規,12ヶ月以上
B22018511,42,2026/3/31,11662,0,7660,766,0,8426,福岡支店,レンタル法人,60,新規,12ヶ月以上
B22018511,43,2026/4/30,11662,0,7660,766,0,8426,福岡支店,レンタル法人,60,新規,12ヶ月以上
B22018511,44,2026/5/31,11662,0,7660,766,0,8426,福岡支店,レンタル法人,60,新規,12ヶ月以上
B22018511,45,2026/6/30,11662,0,7660,766,0,8426,福岡支店,レンタル法人,60,新規,12ヶ月以上
B22018511,46,2026/7/31,11662,0,7660,766,0,8426,福岡支店,レンタル法人,60,新規,12ヶ月以上
B22018511,47,2026/8/31,11662,0,7660,766,0,8426,福岡支店,レンタル法人,60,新規,12ヶ月以上
B22018768,35,2025/9/30,11709,0,1800,180,0,1980,福岡支店,レンタル法人,60,新規,12ヶ月以上
B22018768,36,2025/10/31,11709,0,1800,180,0,1980,福岡支店,レンタル法人,60,新規,12ヶ月以上
B22018768,37,2025/11/30,11709,0,1800,180,0,1980,福岡支店,レンタル法人,60,新規,12ヶ月以上
B22018768,38,2025/12/31,11709,0,1800,180,0,1980,福岡支店,レンタル法人,60,新規,12ヶ月以上
B22018768,39,2026/1/31,11709,0,1800,180,0,1980,福岡支店,レンタル法人,60,新規,12ヶ月以上
B22018768,40,2026/2/28,11709,0,1800,180,0,1980,福岡支店,レンタル法人,60,新規,12ヶ月以上
B22018768,41,2026/3/31,11709,0,1800,180,0,1980,福岡支店,レンタル法人,60,新規,12ヶ月以上
B22018768,42,2026/4/30,11709,0,1800,180,0,1980,福岡支店,レンタル法人,60,新規,12ヶ月以上
B22018768,43,2026/5/31,11709,0,1800,180,0,1980,福岡支店,レンタル法人,60,新規,12ヶ月以上
B22018768,44,2026/6/30,11709,0,1800,180,0,1980,福岡支店,レンタル法人,60,新規,12ヶ月以上
B22018768,45,2026/7/31,11709,0,1800,180,0,1980,福岡支店,レンタル法人,60,新規,12ヶ月以上
B22018768,46,2026/8/31,11709,0,1800,180,0,1980,福岡支店,レンタル法人,60,新規,12ヶ月以上
B22019246,34,2025/9/30,11661,0,35900,3590,0,39490,福岡支店,レンタル法人,60,新規,12ヶ月以上
B22019246,35,2025/10/31,11661,0,35900,3590,0,39490,福岡支店,レンタル法人,60,新規,12ヶ月以上
B22019246,36,2025/11/30,11661,0,35900,3590,0,39490,福岡支店,レンタル法人,60,新規,12ヶ月以上
B22019246,37,2025/12/31,11661,0,35900,3590,0,39490,福岡支店,レンタル法人,60,新規,12ヶ月以上
B22019246,38,2026/1/31,11661,0,35900,3590,0,39490,福岡支店,レンタル法人,60,新規,12ヶ月以上
B22019246,39,2026/2/28,11661,0,35900,3590,0,39490,福岡支店,レンタル法人,60,新規,12ヶ月以上
B22019246,40,2026/3/31,11661,0,35900,3590,0,39490,福岡支店,レンタル法人,60,新規,12ヶ月以上
B22019246,41,2026/4/30,11661,0,35900,3590,0,39490,福岡支店,レンタル法人,60,新規,12ヶ月以上
B22019246,42,2026/5/31,11661,0,35900,3590,0,39490,福岡支店,レンタル法人,60,新規,12ヶ月以上
B22019246,43,2026/6/30,11661,0,35900,3590,0,39490,福岡支店,レンタル法人,60,新規,12ヶ月以上
B22019246,44,2026/7/31,11661,0,35900,3590,0,39490,福岡支店,レンタル法人,60,新規,12ヶ月以上
B22019246,45,2026/8/31,11661,0,35900,3590,0,39490,福岡支店,レンタル法人,60,新規,12ヶ月以上
B22020271,34,2025/9/30,11913,0,9070,907,0,9977,福岡支店,レンタル法人,60,新規,12ヶ月以上
B22020271,35,2025/10/31,11913,0,9070,907,0,9977,福岡支店,レンタル法人,60,新規,12ヶ月以上
B22020271,36,2025/11/30,11913,0,9070,907,0,9977,福岡支店,レンタル法人,60,新規,12ヶ月以上
B22020271,37,2025/12/31,11913,0,9070,907,0,9977,福岡支店,レンタル法人,60,新規,12ヶ月以上
B22020271,38,2026/1/31,11913,0,9070,907,0,9977,福岡支店,レンタル法人,60,新規,12ヶ月以上
B22020271,39,2026/2/28,11913,0,9070,907,0,9977,福岡支店,レンタル法人,60,新規,12ヶ月以上
B22020271,40,2026/3/31,11913,0,9070,907,0,9977,福岡支店,レンタル法人,60,新規,12ヶ月以上
B22020271,41,2026/4/30,11913,0,9070,907,0,9977,福岡支店,レンタル法人,60,新規,12ヶ月以上
B22020271,42,2026/5/31,11913,0,9070,907,0,9977,福岡支店,レンタル法人,60,新規,12ヶ月以上
B22020271,43,2026/6/30,11913,0,9070,907,0,9977,福岡支店,レンタル法人,60,新規,12ヶ月以上
B22020271,44,2026/7/31,11913,0,9070,907,0,9977,福岡支店,レンタル法人,60,新規,12ヶ月以上
B22020271,45,2026/8/31,11913,0,9070,907,0,9977,福岡支店,レンタル法人,60,新規,12ヶ月以上
B22020275,34,2025/9/30,11914,0,95200,9520,0,104720,福岡支店,レンタル法人,60,新規,12ヶ月以上
B22020275,35,2025/10/31,11914,0,95200,9520,0,104720,福岡支店,レンタル法人,60,新規,12ヶ月以上
B22020275,36,2025/11/30,11914,0,95200,9520,0,104720,福岡支店,レンタル法人,60,新規,12ヶ月以上
B22020275,37,2025/12/31,11914,0,95200,9520,0,104720,福岡支店,レンタル法人,60,新規,12ヶ月以上
B22020275,38,2026/1/31,11914,0,95200,9520,0,104720,福岡支店,レンタル法人,60,新規,12ヶ月以上
B22020275,39,2026/2/28,11914,0,95200,9520,0,104720,福岡支店,レンタル法人,60,新規,12ヶ月以上
B22020275,40,2026/3/31,11914,0,95200,9520,0,104720,福岡支店,レンタル法人,60,新規,12ヶ月以上
B22020275,41,2026/4/30,11914,0,95200,9520,0,104720,福岡支店,レンタル法人,60,新規,12ヶ月以上
B22020275,42,2026/5/31,11914,0,95200,9520,0,104720,福岡支店,レンタル法人,60,新規,12ヶ月以上
B22020275,43,2026/6/30,11914,0,95200,9520,0,104720,福岡支店,レンタル法人,60,新規,12ヶ月以上
B22020275,44,2026/7/31,11914,0,95200,9520,0,104720,福岡支店,レンタル法人,60,新規,12ヶ月以上
B22020275,45,2026/8/31,11914,0,95200,9520,0,104720,福岡支店,レンタル法人,60,新規,12ヶ月以上
B22020378,35,2025/9/30,11933,0,9070,907,0,9977,福岡支店,レンタル法人,60,新規,12ヶ月以上
B22020378,36,2025/10/31,11933,0,9070,907,0,9977,福岡支店,レンタル法人,60,新規,12ヶ月以上
B22020378,37,2025/11/30,11933,0,9070,907,0,9977,福岡支店,レンタル法人,60,新規,12ヶ月以上
B22020378,38,2025/12/31,11933,0,9070,907,0,9977,福岡支店,レンタル法人,60,新規,12ヶ月以上
B22020378,39,2026/1/31,11933,0,9070,907,0,9977,福岡支店,レンタル法人,60,新規,12ヶ月以上
B22020378,40,2026/2/28,11933,0,9070,907,0,9977,福岡支店,レンタル法人,60,新規,12ヶ月以上
B22020378,41,2026/3/31,11933,0,9070,907,0,9977,福岡支店,レンタル法人,60,新規,12ヶ月以上
B22020378,42,2026/4/30,11933,0,9070,907,0,9977,福岡支店,レンタル法人,60,新規,12ヶ月以上
B22020378,43,2026/5/31,11933,0,9070,907,0,9977,福岡支店,レンタル法人,60,新規,12ヶ月以上
B22020378,44,2026/6/30,11933,0,9070,907,0,9977,福岡支店,レンタル法人,60,新規,12ヶ月以上
B22020378,45,2026/7/31,11933,0,9070,907,0,9977,福岡支店,レンタル法人,60,新規,12ヶ月以上
B22020378,46,2026/8/31,11933,0,9070,907,0,9977,福岡支店,レンタル法人,60,新規,12ヶ月以上
B22020393,34,2025/9/30,11622,0,7700,770,0,8470,福岡支店,レンタル法人,60,新規,12ヶ月以上
B22020393,35,2025/10/31,11622,0,7700,770,0,8470,福岡支店,レンタル法人,60,新規,12ヶ月以上
B22020393,36,2025/11/30,11622,0,7700,770,0,8470,福岡支店,レンタル法人,60,新規,12ヶ月以上
B22020393,37,2025/12/31,11622,0,7700,770,0,8470,福岡支店,レンタル法人,60,新規,12ヶ月以上
B22020393,38,2026/1/31,11622,0,7700,770,0,8470,福岡支店,レンタル法人,60,新規,12ヶ月以上
B22020393,39,2026/2/28,11622,0,7700,770,0,8470,福岡支店,レンタル法人,60,新規,12ヶ月以上
B22020393,40,2026/3/31,11622,0,7700,770,0,8470,福岡支店,レンタル法人,60,新規,12ヶ月以上
B22020393,41,2026/4/30,11622,0,7700,770,0,8470,福岡支店,レンタル法人,60,新規,12ヶ月以上
B22020393,42,2026/5/31,11622,0,7700,770,0,8470,福岡支店,レンタル法人,60,新規,12ヶ月以上
B22020393,43,2026/6/30,11622,0,7700,770,0,8470,福岡支店,レンタル法人,60,新規,12ヶ月以上
B22020393,44,2026/7/31,11622,0,7700,770,0,8470,福岡支店,レンタル法人,60,新規,12ヶ月以上
B22020393,45,2026/8/31,11622,0,7700,770,0,8470,福岡支店,レンタル法人,60,新規,12ヶ月以上
B22020499,35,2025/9/30,11951,0,9070,907,0,9977,福岡支店,レンタル法人,60,新規,12ヶ月以上
B22020499,36,2025/10/31,11951,0,9070,907,0,9977,福岡支店,レンタル法人,60,新規,12ヶ月以上
B22020499,37,2025/11/30,11951,0,9070,907,0,9977,福岡支店,レンタル法人,60,新規,12ヶ月以上
B22020499,38,2025/12/31,11951,0,9070,907,0,9977,福岡支店,レンタル法人,60,新規,12ヶ月以上
B22020499,39,2026/1/31,11951,0,9070,907,0,9977,福岡支店,レンタル法人,60,新規,12ヶ月以上
B22020499,40,2026/2/28,11951,0,9070,907,0,9977,福岡支店,レンタル法人,60,新規,12ヶ月以上
B22020499,41,2026/3/31,11951,0,9070,907,0,9977,福岡支店,レンタル法人,60,新規,12ヶ月以上
B22020499,42,2026/4/30,11951,0,9070,907,0,9977,福岡支店,レンタル法人,60,新規,12ヶ月以上
B22020499,43,2026/5/31,11951,0,9070,907,0,9977,福岡支店,レンタル法人,60,新規,12ヶ月以上
B22020499,44,2026/6/30,11951,0,9070,907,0,9977,福岡支店,レンタル法人,60,新規,12ヶ月以上
B22020499,45,2026/7/31,11951,0,9070,907,0,9977,福岡支店,レンタル法人,60,新規,12ヶ月以上
B22020499,46,2026/8/31,11951,0,9070,907,0,9977,福岡支店,レンタル法人,60,新規,12ヶ月以上
B22020824,34,2025/9/30,11971,0,17000,1700,0,18700,福岡支店,レンタル法人,60,新規,12ヶ月以上
B22020824,35,2025/10/31,11971,0,17000,1700,0,18700,福岡支店,レンタル法人,60,新規,12ヶ月以上
B22020824,36,2025/11/30,11971,0,17000,1700,0,18700,福岡支店,レンタル法人,60,新規,12ヶ月以上
B22020824,37,2025/12/31,11971,0,17000,1700,0,18700,福岡支店,レンタル法人,60,新規,12ヶ月以上
B22020824,38,2026/1/31,11971,0,17000,1700,0,18700,福岡支店,レンタル法人,60,新規,12ヶ月以上
B22020824,39,2026/2/28,11971,0,17000,1700,0,18700,福岡支店,レンタル法人,60,新規,12ヶ月以上
B22020824,40,2026/3/31,11971,0,17000,1700,0,18700,福岡支店,レンタル法人,60,新規,12ヶ月以上
B22020824,41,2026/4/30,11971,0,17000,1700,0,18700,福岡支店,レンタル法人,60,新規,12ヶ月以上
B22020824,42,2026/5/31,11971,0,17000,1700,0,18700,福岡支店,レンタル法人,60,新規,12ヶ月以上
B22020824,43,2026/6/30,11971,0,17000,1700,0,18700,福岡支店,レンタル法人,60,新規,12ヶ月以上
B22020824,44,2026/7/31,11971,0,17000,1700,0,18700,福岡支店,レンタル法人,60,新規,12ヶ月以上
B22020824,45,2026/8/31,11971,0,17000,1700,0,18700,福岡支店,レンタル法人,60,新規,12ヶ月以上
B22020978,34,2025/9/30,12005,0,22000,2200,0,24200,福岡支店,レンタル法人,60,新規,12ヶ月以上
B22020978,35,2025/10/31,12005,0,22000,2200,0,24200,福岡支店,レンタル法人,60,新規,12ヶ月以上
B22020978,36,2025/11/30,12005,0,22000,2200,0,24200,福岡支店,レンタル法人,60,新規,12ヶ月以上
B22020978,37,2025/12/31,12005,0,22000,2200,0,24200,福岡支店,レンタル法人,60,新規,12ヶ月以上
B22020978,38,2026/1/31,12005,0,22000,2200,0,24200,福岡支店,レンタル法人,60,新規,12ヶ月以上
B22020978,39,2026/2/28,12005,0,22000,2200,0,24200,福岡支店,レンタル法人,60,新規,12ヶ月以上
B22020978,40,2026/3/31,12005,0,22000,2200,0,24200,福岡支店,レンタル法人,60,新規,12ヶ月以上
B22020978,41,2026/4/30,12005,0,22000,2200,0,24200,福岡支店,レンタル法人,60,新規,12ヶ月以上
B22020978,42,2026/5/31,12005,0,22000,2200,0,24200,福岡支店,レンタル法人,60,新規,12ヶ月以上
B22020978,43,2026/6/30,12005,0,22000,2200,0,24200,福岡支店,レンタル法人,60,新規,12ヶ月以上
B22020978,44,2026/7/31,12005,0,22000,2200,0,24200,福岡支店,レンタル法人,60,新規,12ヶ月以上
B22020978,45,2026/8/31,12005,0,22000,2200,0,24200,福岡支店,レンタル法人,60,新規,12ヶ月以上
B22022080,33,2025/9/30,11578,0,62600,6260,0,68860,福岡支店,レンタル法人,48,新規,12ヶ月以上
B22022080,34,2025/10/31,11578,0,62600,6260,0,68860,福岡支店,レンタル法人,48,新規,12ヶ月以上
B22022080,35,2025/11/30,11578,0,62600,6260,0,68860,福岡支店,レンタル法人,48,新規,12ヶ月以上
B22022080,36,2025/12/31,11578,0,62600,6260,0,68860,福岡支店,レンタル法人,48,新規,12ヶ月以上
B22022080,37,2026/1/31,11578,0,62600,6260,0,68860,福岡支店,レンタル法人,48,新規,12ヶ月以上
B22022080,38,2026/2/28,11578,0,62600,6260,0,68860,福岡支店,レンタル法人,48,新規,12ヶ月以上
B22022080,39,2026/3/31,11578,0,62600,6260,0,68860,福岡支店,レンタル法人,48,新規,12ヶ月以上
B22022080,40,2026/4/30,11578,0,62600,6260,0,68860,福岡支店,レンタル法人,48,新規,12ヶ月以上
B22022080,41,2026/5/31,11578,0,62600,6260,0,68860,福岡支店,レンタル法人,48,新規,12ヶ月以上
B22022080,42,2026/6/30,11578,0,62600,6260,0,68860,福岡支店,レンタル法人,48,新規,12ヶ月以上
B22022080,43,2026/7/31,11578,0,62600,6260,0,68860,福岡支店,レンタル法人,48,新規,12ヶ月以上
B22022080,44,2026/8/31,11578,0,62600,6260,0,68860,福岡支店,レンタル法人,48,新規,12ヶ月以上
B22022081,33,2025/9/30,11578,0,72140,7214,0,79354,福岡支店,レンタル法人,48,新規,12ヶ月以上
B22022081,34,2025/10/31,11578,0,72140,7214,0,79354,福岡支店,レンタル法人,48,新規,12ヶ月以上
B22022081,35,2025/11/30,11578,0,72140,7214,0,79354,福岡支店,レンタル法人,48,新規,12ヶ月以上
B22022081,36,2025/12/31,11578,0,72140,7214,0,79354,福岡支店,レンタル法人,48,新規,12ヶ月以上
B22022081,37,2026/1/31,11578,0,72140,7214,0,79354,福岡支店,レンタル法人,48,新規,12ヶ月以上
B22022081,38,2026/2/28,11578,0,72140,7214,0,79354,福岡支店,レンタル法人,48,新規,12ヶ月以上
B22022081,39,2026/3/31,11578,0,72140,7214,0,79354,福岡支店,レンタル法人,48,新規,12ヶ月以上
B22022081,40,2026/4/30,11578,0,72140,7214,0,79354,福岡支店,レンタル法人,48,新規,12ヶ月以上
B22022081,41,2026/5/31,11578,0,72140,7214,0,79354,福岡支店,レンタル法人,48,新規,12ヶ月以上
B22022081,42,2026/6/30,11578,0,72140,7214,0,79354,福岡支店,レンタル法人,48,新規,12ヶ月以上
B22022081,43,2026/7/31,11578,0,72140,7214,0,79354,福岡支店,レンタル法人,48,新規,12ヶ月以上
B22022081,44,2026/8/31,11578,0,72140,7214,0,79354,福岡支店,レンタル法人,48,新規,12ヶ月以上
B22022184,34,2025/9/30,12083,0,15000,1500,0,16500,福岡支店,レンタル法人,60,新規,12ヶ月以上
B22022184,35,2025/10/31,12083,0,15000,1500,0,16500,福岡支店,レンタル法人,60,新規,12ヶ月以上
B22022184,36,2025/11/30,12083,0,15000,1500,0,16500,福岡支店,レンタル法人,60,新規,12ヶ月以上
B22022184,37,2025/12/31,12083,0,15000,1500,0,16500,福岡支店,レンタル法人,60,新規,12ヶ月以上
B22022184,38,2026/1/31,12083,0,15000,1500,0,16500,福岡支店,レンタル法人,60,新規,12ヶ月以上
B22022184,39,2026/2/28,12083,0,15000,1500,0,16500,福岡支店,レンタル法人,60,新規,12ヶ月以上
B22022184,40,2026/3/31,12083,0,15000,1500,0,16500,福岡支店,レンタル法人,60,新規,12ヶ月以上
B22022184,41,2026/4/30,12083,0,15000,1500,0,16500,福岡支店,レンタル法人,60,新規,12ヶ月以上
B22022184,42,2026/5/31,12083,0,15000,1500,0,16500,福岡支店,レンタル法人,60,新規,12ヶ月以上
B22022184,43,2026/6/30,12083,0,15000,1500,0,16500,福岡支店,レンタル法人,60,新規,12ヶ月以上
B22022184,44,2026/7/31,12083,0,15000,1500,0,16500,福岡支店,レンタル法人,60,新規,12ヶ月以上
B22022184,45,2026/8/31,12083,0,15000,1500,0,16500,福岡支店,レンタル法人,60,新規,12ヶ月以上
B22023017,33,2025/9/30,12213,0,9800,980,0,10780,福岡支店,レンタル法人,60,新規,12ヶ月以上
B22023017,34,2025/10/31,12213,0,9800,980,0,10780,福岡支店,レンタル法人,60,新規,12ヶ月以上
B22023017,35,2025/11/30,12213,0,9800,980,0,10780,福岡支店,レンタル法人,60,新規,12ヶ月以上
B22023017,36,2025/12/31,12213,0,9800,980,0,10780,福岡支店,レンタル法人,60,新規,12ヶ月以上
B22023017,37,2026/1/31,12213,0,9800,980,0,10780,福岡支店,レンタル法人,60,新規,12ヶ月以上
B22023017,38,2026/2/28,12213,0,9800,980,0,10780,福岡支店,レンタル法人,60,新規,12ヶ月以上
B22023017,39,2026/3/31,12213,0,9800,980,0,10780,福岡支店,レンタル法人,60,新規,12ヶ月以上
B22023017,40,2026/4/30,12213,0,9800,980,0,10780,福岡支店,レンタル法人,60,新規,12ヶ月以上
B22023017,41,2026/5/31,12213,0,9800,980,0,10780,福岡支店,レンタル法人,60,新規,12ヶ月以上
B22023017,42,2026/6/30,12213,0,9800,980,0,10780,福岡支店,レンタル法人,60,新規,12ヶ月以上
B22023017,43,2026/7/31,12213,0,9800,980,0,10780,福岡支店,レンタル法人,60,新規,12ヶ月以上
B22023017,44,2026/8/31,12213,0,9800,980,0,10780,福岡支店,レンタル法人,60,新規,12ヶ月以上
B22023408,33,2025/9/30,12729,0,5400,540,0,5940,福岡支店,レンタル法人,60,新規,12ヶ月以上
B22023408,34,2025/10/31,12729,0,5400,540,0,5940,福岡支店,レンタル法人,60,新規,12ヶ月以上
B22023408,35,2025/11/30,12729,0,5400,540,0,5940,福岡支店,レンタル法人,60,新規,12ヶ月以上
B22023408,36,2025/12/31,12729,0,5400,540,0,5940,福岡支店,レンタル法人,60,新規,12ヶ月以上
B22023408,37,2026/1/31,12729,0,5400,540,0,5940,福岡支店,レンタル法人,60,新規,12ヶ月以上
B22023408,38,2026/2/28,12729,0,5400,540,0,5940,福岡支店,レンタル法人,60,新規,12ヶ月以上
B22023408,39,2026/3/31,12729,0,5400,540,0,5940,福岡支店,レンタル法人,60,新規,12ヶ月以上
B22023408,40,2026/4/30,12729,0,5400,540,0,5940,福岡支店,レンタル法人,60,新規,12ヶ月以上
B22023408,41,2026/5/31,12729,0,5400,540,0,5940,福岡支店,レンタル法人,60,新規,12ヶ月以上
B22023408,42,2026/6/30,12729,0,5400,540,0,5940,福岡支店,レンタル法人,60,新規,12ヶ月以上
B22023408,43,2026/7/31,12729,0,5400,540,0,5940,福岡支店,レンタル法人,60,新規,12ヶ月以上
B22023408,44,2026/8/31,12729,0,5400,540,0,5940,福岡支店,レンタル法人,60,新規,12ヶ月以上
B22023876,33,2025/9/30,11578,0,21560,2156,0,23716,福岡支店,レンタル法人,48,新規,12ヶ月以上
B22023876,34,2025/10/31,11578,0,21560,2156,0,23716,福岡支店,レンタル法人,48,新規,12ヶ月以上
B22023876,35,2025/11/30,11578,0,21560,2156,0,23716,福岡支店,レンタル法人,48,新規,12ヶ月以上
B22023876,36,2025/12/31,11578,0,21560,2156,0,23716,福岡支店,レンタル法人,48,新規,12ヶ月以上
B22023876,37,2026/1/31,11578,0,21560,2156,0,23716,福岡支店,レンタル法人,48,新規,12ヶ月以上
B22023876,38,2026/2/28,11578,0,21560,2156,0,23716,福岡支店,レンタル法人,48,新規,12ヶ月以上
B22023876,39,2026/3/31,11578,0,21560,2156,0,23716,福岡支店,レンタル法人,48,新規,12ヶ月以上
B22023876,40,2026/4/30,11578,0,21560,2156,0,23716,福岡支店,レンタル法人,48,新規,12ヶ月以上
B22023876,41,2026/5/31,11578,0,21560,2156,0,23716,福岡支店,レンタル法人,48,新規,12ヶ月以上
B22023876,42,2026/6/30,11578,0,21560,2156,0,23716,福岡支店,レンタル法人,48,新規,12ヶ月以上
B22023876,43,2026/7/31,11578,0,21560,2156,0,23716,福岡支店,レンタル法人,48,新規,12ヶ月以上
B22023876,44,2026/8/31,11578,0,21560,2156,0,23716,福岡支店,レンタル法人,48,新規,12ヶ月以上
B22023877,31,2025/9/30,11578,0,18480,1848,0,20328,福岡支店,レンタル法人,48,新規,12ヶ月以上
B22023877,32,2025/10/31,11578,0,18480,1848,0,20328,福岡支店,レンタル法人,48,新規,12ヶ月以上
B22023877,33,2025/11/30,11578,0,18480,1848,0,20328,福岡支店,レンタル法人,48,新規,12ヶ月以上
B22023877,34,2025/12/31,11578,0,18480,1848,0,20328,福岡支店,レンタル法人,48,新規,12ヶ月以上
B22023877,35,2026/1/31,11578,0,18480,1848,0,20328,福岡支店,レンタル法人,48,新規,12ヶ月以上
B22023877,36,2026/2/28,11578,0,18480,1848,0,20328,福岡支店,レンタル法人,48,新規,12ヶ月以上
B22023877,37,2026/3/31,11578,0,18480,1848,0,20328,福岡支店,レンタル法人,48,新規,12ヶ月以上
B22023877,38,2026/4/30,11578,0,18480,1848,0,20328,福岡支店,レンタル法人,48,新規,12ヶ月以上
B22023877,39,2026/5/31,11578,0,18480,1848,0,20328,福岡支店,レンタル法人,48,新規,12ヶ月以上
B22023877,40,2026/6/30,11578,0,18480,1848,0,20328,福岡支店,レンタル法人,48,新規,12ヶ月以上
B22023877,41,2026/7/31,11578,0,18480,1848,0,20328,福岡支店,レンタル法人,48,新規,12ヶ月以上
B22023877,42,2026/8/31,11578,0,18480,1848,0,20328,福岡支店,レンタル法人,48,新規,12ヶ月以上
B22023940,33,2025/9/30,12251,0,15000,1500,0,16500,福岡支店,レンタル法人,60,新規,12ヶ月以上
B22023940,34,2025/10/31,12251,0,15000,1500,0,16500,福岡支店,レンタル法人,60,新規,12ヶ月以上
B22023940,35,2025/11/30,12251,0,15000,1500,0,16500,福岡支店,レンタル法人,60,新規,12ヶ月以上
B22023940,36,2025/12/31,12251,0,15000,1500,0,16500,福岡支店,レンタル法人,60,新規,12ヶ月以上
B22023940,37,2026/1/31,12251,0,15000,1500,0,16500,福岡支店,レンタル法人,60,新規,12ヶ月以上
B22023940,38,2026/2/28,12251,0,15000,1500,0,16500,福岡支店,レンタル法人,60,新規,12ヶ月以上
B22023940,39,2026/3/31,12251,0,15000,1500,0,16500,福岡支店,レンタル法人,60,新規,12ヶ月以上
B22023940,40,2026/4/30,12251,0,15000,1500,0,16500,福岡支店,レンタル法人,60,新規,12ヶ月以上
B22023940,41,2026/5/31,12251,0,15000,1500,0,16500,福岡支店,レンタル法人,60,新規,12ヶ月以上
B22023940,42,2026/6/30,12251,0,15000,1500,0,16500,福岡支店,レンタル法人,60,新規,12ヶ月以上
B22023940,43,2026/7/31,12251,0,15000,1500,0,16500,福岡支店,レンタル法人,60,新規,12ヶ月以上
B22023940,44,2026/8/31,12251,0,15000,1500,0,16500,福岡支店,レンタル法人,60,新規,12ヶ月以上
B23000426,32,2025/9/30,12268,0,10680,1068,0,11748,福岡支店,レンタル法人,60,新規,12ヶ月以上
B23000426,33,2025/10/31,12268,0,10680,1068,0,11748,福岡支店,レンタル法人,60,新規,12ヶ月以上
B23000426,34,2025/11/30,12268,0,10680,1068,0,11748,福岡支店,レンタル法人,60,新規,12ヶ月以上
B23000426,35,2025/12/31,12268,0,10680,1068,0,11748,福岡支店,レンタル法人,60,新規,12ヶ月以上
B23000426,36,2026/1/31,12268,0,10680,1068,0,11748,福岡支店,レンタル法人,60,新規,12ヶ月以上
B23000426,37,2026/2/28,12268,0,10680,1068,0,11748,福岡支店,レンタル法人,60,新規,12ヶ月以上
B23000426,38,2026/3/31,12268,0,10680,1068,0,11748,福岡支店,レンタル法人,60,新規,12ヶ月以上
B23000426,39,2026/4/30,12268,0,10680,1068,0,11748,福岡支店,レンタル法人,60,新規,12ヶ月以上
B23000426,40,2026/5/31,12268,0,10680,1068,0,11748,福岡支店,レンタル法人,60,新規,12ヶ月以上
B23000426,41,2026/6/30,12268,0,10680,1068,0,11748,福岡支店,レンタル法人,60,新規,12ヶ月以上
B23000426,42,2026/7/31,12268,0,10680,1068,0,11748,福岡支店,レンタル法人,60,新規,12ヶ月以上
B23000426,43,2026/8/31,12268,0,10680,1068,0,11748,福岡支店,レンタル法人,60,新規,12ヶ月以上
B23000522,33,2025/9/30,11035,0,6280,628,0,6908,福岡支店,レンタル法人,60,新規,12ヶ月以上
B23000522,34,2025/10/31,11035,0,6280,628,0,6908,福岡支店,レンタル法人,60,新規,12ヶ月以上
B23000522,35,2025/11/30,11035,0,6280,628,0,6908,福岡支店,レンタル法人,60,新規,12ヶ月以上
B23000522,36,2025/12/31,11035,0,6280,628,0,6908,福岡支店,レンタル法人,60,新規,12ヶ月以上
B23000522,37,2026/1/31,11035,0,6280,628,0,6908,福岡支店,レンタル法人,60,新規,12ヶ月以上
B23000522,38,2026/2/28,11035,0,6280,628,0,6908,福岡支店,レンタル法人,60,新規,12ヶ月以上
B23000522,39,2026/3/31,11035,0,6280,628,0,6908,福岡支店,レンタル法人,60,新規,12ヶ月以上
B23000522,40,2026/4/30,11035,0,6280,628,0,6908,福岡支店,レンタル法人,60,新規,12ヶ月以上
B23000522,41,2026/5/31,11035,0,6280,628,0,6908,福岡支店,レンタル法人,60,新規,12ヶ月以上
B23000522,42,2026/6/30,11035,0,6280,628,0,6908,福岡支店,レンタル法人,60,新規,12ヶ月以上
B23000522,43,2026/7/31,11035,0,6280,628,0,6908,福岡支店,レンタル法人,60,新規,12ヶ月以上
B23000522,44,2026/8/31,11035,0,6280,628,0,6908,福岡支店,レンタル法人,60,新規,12ヶ月以上
B23000552,32,2025/9/30,11660,0,3600,360,0,3960,福岡支店,レンタル法人,36,新規,12ヶ月以上
B23000552,33,2025/10/31,11660,0,3600,360,0,3960,福岡支店,レンタル法人,36,新規,12ヶ月以上
B23000552,34,2025/11/30,11660,0,3600,360,0,3960,福岡支店,レンタル法人,36,新規,12ヶ月以上
B23000552,35,2025/12/31,11660,0,3600,360,0,3960,福岡支店,レンタル法人,36,新規,12ヶ月以上
B23000552,36,2026/1/31,11660,0,3600,360,0,3960,福岡支店,レンタル法人,36,新規,12ヶ月以上
B23000986,33,2025/9/30,12346,0,15000,1500,0,16500,福岡支店,レンタル法人,60,新規,12ヶ月以上
B23000986,34,2025/10/31,12346,0,15000,1500,0,16500,福岡支店,レンタル法人,60,新規,12ヶ月以上
B23000986,35,2025/11/30,12346,0,15000,1500,0,16500,福岡支店,レンタル法人,60,新規,12ヶ月以上
B23000986,36,2025/12/31,12346,0,15000,1500,0,16500,福岡支店,レンタル法人,60,新規,12ヶ月以上
B23000986,37,2026/1/31,12346,0,15000,1500,0,16500,福岡支店,レンタル法人,60,新規,12ヶ月以上
B23000986,38,2026/2/28,12346,0,15000,1500,0,16500,福岡支店,レンタル法人,60,新規,12ヶ月以上
B23000986,39,2026/3/31,12346,0,15000,1500,0,16500,福岡支店,レンタル法人,60,新規,12ヶ月以上
B23000986,40,2026/4/30,12346,0,15000,1500,0,16500,福岡支店,レンタル法人,60,新規,12ヶ月以上
B23000986,41,2026/5/31,12346,0,15000,1500,0,16500,福岡支店,レンタル法人,60,新規,12ヶ月以上
B23000986,42,2026/6/30,12346,0,15000,1500,0,16500,福岡支店,レンタル法人,60,新規,12ヶ月以上
B23000986,43,2026/7/31,12346,0,15000,1500,0,16500,福岡支店,レンタル法人,60,新規,12ヶ月以上
B23000986,44,2026/8/31,12346,0,15000,1500,0,16500,福岡支店,レンタル法人,60,新規,12ヶ月以上
B23001798,32,2025/9/30,12402,0,7830,783,0,8613,福岡支店,レンタル法人,60,新規,12ヶ月以上
B23001798,33,2025/10/31,12402,0,7830,783,0,8613,福岡支店,レンタル法人,60,新規,12ヶ月以上
B23001798,34,2025/11/30,12402,0,7830,783,0,8613,福岡支店,レンタル法人,60,新規,12ヶ月以上
B23001798,35,2025/12/31,12402,0,7830,783,0,8613,福岡支店,レンタル法人,60,新規,12ヶ月以上
B23001798,36,2026/1/31,12402,0,7830,783,0,8613,福岡支店,レンタル法人,60,新規,12ヶ月以上
B23001798,37,2026/2/28,12402,0,7830,783,0,8613,福岡支店,レンタル法人,60,新規,12ヶ月以上
B23001798,38,2026/3/31,12402,0,7830,783,0,8613,福岡支店,レンタル法人,60,新規,12ヶ月以上
B23001798,39,2026/4/30,12402,0,7830,783,0,8613,福岡支店,レンタル法人,60,新規,12ヶ月以上
B23001798,40,2026/5/31,12402,0,7830,783,0,8613,福岡支店,レンタル法人,60,新規,12ヶ月以上
B23001798,41,2026/6/30,12402,0,7830,783,0,8613,福岡支店,レンタル法人,60,新規,12ヶ月以上
B23001798,42,2026/7/31,12402,0,7830,783,0,8613,福岡支店,レンタル法人,60,新規,12ヶ月以上
B23001798,43,2026/8/31,12402,0,7830,783,0,8613,福岡支店,レンタル法人,60,新規,12ヶ月以上
B23001823,31,2025/9/30,10190,0,2700,270,0,2970,福岡支店,レンタル法人,60,新規,12ヶ月以上
B23001823,32,2025/10/31,10190,0,2700,270,0,2970,福岡支店,レンタル法人,60,新規,12ヶ月以上
B23001823,33,2025/11/30,10190,0,2700,270,0,2970,福岡支店,レンタル法人,60,新規,12ヶ月以上
B23001823,34,2025/12/31,10190,0,2700,270,0,2970,福岡支店,レンタル法人,60,新規,12ヶ月以上
B23001823,35,2026/1/31,10190,0,2700,270,0,2970,福岡支店,レンタル法人,60,新規,12ヶ月以上
B23001823,36,2026/2/28,10190,0,2700,270,0,2970,福岡支店,レンタル法人,60,新規,12ヶ月以上
B23001823,37,2026/3/31,10190,0,2700,270,0,2970,福岡支店,レンタル法人,60,新規,12ヶ月以上
B23001823,38,2026/4/30,10190,0,2700,270,0,2970,福岡支店,レンタル法人,60,新規,12ヶ月以上
B23001823,39,2026/5/31,10190,0,2700,270,0,2970,福岡支店,レンタル法人,60,新規,12ヶ月以上
B23001823,40,2026/6/30,10190,0,2700,270,0,2970,福岡支店,レンタル法人,60,新規,12ヶ月以上
B23001823,41,2026/7/31,10190,0,2700,270,0,2970,福岡支店,レンタル法人,60,新規,12ヶ月以上
B23001823,42,2026/8/31,10190,0,2700,270,0,2970,福岡支店,レンタル法人,60,新規,12ヶ月以上
B23002246,32,2025/9/30,12416,0,15000,1500,0,16500,福岡支店,レンタル法人,60,新規,12ヶ月以上
B23002246,33,2025/10/31,12416,0,15000,1500,0,16500,福岡支店,レンタル法人,60,新規,12ヶ月以上
B23002246,34,2025/11/30,12416,0,15000,1500,0,16500,福岡支店,レンタル法人,60,新規,12ヶ月以上
B23002246,35,2025/12/31,12416,0,15000,1500,0,16500,福岡支店,レンタル法人,60,新規,12ヶ月以上
B23002246,36,2026/1/31,12416,0,15000,1500,0,16500,福岡支店,レンタル法人,60,新規,12ヶ月以上
B23002246,37,2026/2/28,12416,0,15000,1500,0,16500,福岡支店,レンタル法人,60,新規,12ヶ月以上
B23002246,38,2026/3/31,12416,0,15000,1500,0,16500,福岡支店,レンタル法人,60,新規,12ヶ月以上
B23002246,39,2026/4/30,12416,0,15000,1500,0,16500,福岡支店,レンタル法人,60,新規,12ヶ月以上
B23002246,40,2026/5/31,12416,0,15000,1500,0,16500,福岡支店,レンタル法人,60,新規,12ヶ月以上
B23002246,41,2026/6/30,12416,0,15000,1500,0,16500,福岡支店,レンタル法人,60,新規,12ヶ月以上
B23002246,42,2026/7/31,12416,0,15000,1500,0,16500,福岡支店,レンタル法人,60,新規,12ヶ月以上
B23002246,43,2026/8/31,12416,0,15000,1500,0,16500,福岡支店,レンタル法人,60,新規,12ヶ月以上
B23002282,32,2025/9/30,11894,0,1420,142,0,1562,福岡支店,レンタル法人,60,新規,12ヶ月以上
B23002282,33,2025/10/31,11894,0,1420,142,0,1562,福岡支店,レンタル法人,60,新規,12ヶ月以上
B23002282,34,2025/11/30,11894,0,1420,142,0,1562,福岡支店,レンタル法人,60,新規,12ヶ月以上
B23002282,35,2025/12/31,11894,0,1420,142,0,1562,福岡支店,レンタル法人,60,新規,12ヶ月以上
B23002282,36,2026/1/31,11894,0,1420,142,0,1562,福岡支店,レンタル法人,60,新規,12ヶ月以上
B23002282,37,2026/2/28,11894,0,1420,142,0,1562,福岡支店,レンタル法人,60,新規,12ヶ月以上
B23002282,38,2026/3/31,11894,0,1420,142,0,1562,福岡支店,レンタル法人,60,新規,12ヶ月以上
B23002282,39,2026/4/30,11894,0,1420,142,0,1562,福岡支店,レンタル法人,60,新規,12ヶ月以上
B23002282,40,2026/5/31,11894,0,1420,142,0,1562,福岡支店,レンタル法人,60,新規,12ヶ月以上
B23002282,41,2026/6/30,11894,0,1420,142,0,1562,福岡支店,レンタル法人,60,新規,12ヶ月以上
B23002282,42,2026/7/31,11894,0,1420,142,0,1562,福岡支店,レンタル法人,60,新規,12ヶ月以上
B23002282,43,2026/8/31,11894,0,1420,142,0,1562,福岡支店,レンタル法人,60,新規,12ヶ月以上
B23002306,31,2025/9/30,11894,0,49900,4990,0,54890,福岡支店,レンタル法人,60,新規,12ヶ月以上
B23002306,32,2025/10/31,11894,0,49900,4990,0,54890,福岡支店,レンタル法人,60,新規,12ヶ月以上
B23002306,33,2025/11/30,11894,0,49900,4990,0,54890,福岡支店,レンタル法人,60,新規,12ヶ月以上
B23002306,34,2025/12/31,11894,0,49900,4990,0,54890,福岡支店,レンタル法人,60,新規,12ヶ月以上
B23002306,35,2026/1/31,11894,0,49900,4990,0,54890,福岡支店,レンタル法人,60,新規,12ヶ月以上
B23002306,36,2026/2/28,11894,0,49900,4990,0,54890,福岡支店,レンタル法人,60,新規,12ヶ月以上
B23002306,37,2026/3/31,11894,0,49900,4990,0,54890,福岡支店,レンタル法人,60,新規,12ヶ月以上
B23002306,38,2026/4/30,11894,0,49900,4990,0,54890,福岡支店,レンタル法人,60,新規,12ヶ月以上
B23002306,39,2026/5/31,11894,0,49900,4990,0,54890,福岡支店,レンタル法人,60,新規,12ヶ月以上
B23002306,40,2026/6/30,11894,0,49900,4990,0,54890,福岡支店,レンタル法人,60,新規,12ヶ月以上
B23002306,41,2026/7/31,11894,0,49900,4990,0,54890,福岡支店,レンタル法人,60,新規,12ヶ月以上
B23002306,42,2026/8/31,11894,0,49900,4990,0,54890,福岡支店,レンタル法人,60,新規,12ヶ月以上
B23002411,31,2025/9/30,11894,0,25000,2500,0,27500,福岡支店,レンタル法人,60,新規,12ヶ月以上
B23002411,32,2025/10/31,11894,0,25000,2500,0,27500,福岡支店,レンタル法人,60,新規,12ヶ月以上
B23002411,33,2025/11/30,11894,0,25000,2500,0,27500,福岡支店,レンタル法人,60,新規,12ヶ月以上
B23002411,34,2025/12/31,11894,0,25000,2500,0,27500,福岡支店,レンタル法人,60,新規,12ヶ月以上
B23002411,35,2026/1/31,11894,0,25000,2500,0,27500,福岡支店,レンタル法人,60,新規,12ヶ月以上
B23002411,36,2026/2/28,11894,0,25000,2500,0,27500,福岡支店,レンタル法人,60,新規,12ヶ月以上
B23002411,37,2026/3/31,11894,0,25000,2500,0,27500,福岡支店,レンタル法人,60,新規,12ヶ月以上
B23002411,38,2026/4/30,11894,0,25000,2500,0,27500,福岡支店,レンタル法人,60,新規,12ヶ月以上
B23002411,39,2026/5/31,11894,0,25000,2500,0,27500,福岡支店,レンタル法人,60,新規,12ヶ月以上
B23002411,40,2026/6/30,11894,0,25000,2500,0,27500,福岡支店,レンタル法人,60,新規,12ヶ月以上
B23002411,41,2026/7/31,11894,0,25000,2500,0,27500,福岡支店,レンタル法人,60,新規,12ヶ月以上
B23002411,42,2026/8/31,11894,0,25000,2500,0,27500,福岡支店,レンタル法人,60,新規,12ヶ月以上
B23002949,30,2025/9/30,12198,0,66300,6630,0,72930,福岡支店,レンタル法人,35,新規,12ヶ月以上
B23002949,31,2025/10/31,12198,0,66300,6630,0,72930,福岡支店,レンタル法人,35,新規,12ヶ月以上
B23002949,32,2025/11/30,12198,0,66300,6630,0,72930,福岡支店,レンタル法人,35,新規,12ヶ月以上
B23002949,33,2025/12/31,12198,0,66300,6630,0,72930,福岡支店,レンタル法人,35,新規,12ヶ月以上
B23002949,34,2026/1/31,12198,0,66300,6630,0,72930,福岡支店,レンタル法人,35,新規,12ヶ月以上
B23002949,35,2026/2/28,12198,0,66300,6630,0,72930,福岡支店,レンタル法人,35,新規,12ヶ月以上
B23002949,36,2026/3/31,12198,0,66300,6630,0,72930,福岡支店,レンタル法人,35,新規,12ヶ月以上
B23003008,30,2025/9/30,10191,0,202800,20280,0,223080,福岡支店,レンタル法人,48,新規,12ヶ月以上
B23003008,31,2025/10/31,10191,0,202800,20280,0,223080,福岡支店,レンタル法人,48,新規,12ヶ月以上
B23003008,32,2025/11/30,10191,0,202800,20280,0,223080,福岡支店,レンタル法人,48,新規,12ヶ月以上
B23003008,33,2025/12/31,10191,0,202800,20280,0,223080,福岡支店,レンタル法人,48,新規,12ヶ月以上
B23003008,34,2026/1/31,10191,0,202800,20280,0,223080,福岡支店,レンタル法人,48,新規,12ヶ月以上
B23003008,35,2026/2/28,10191,0,202800,20280,0,223080,福岡支店,レンタル法人,48,新規,12ヶ月以上
B23003008,36,2026/3/31,10191,0,202800,20280,0,223080,福岡支店,レンタル法人,48,新規,12ヶ月以上
B23003008,37,2026/4/30,10191,0,202800,20280,0,223080,福岡支店,レンタル法人,48,新規,12ヶ月以上
B23003008,38,2026/5/31,10191,0,202800,20280,0,223080,福岡支店,レンタル法人,48,新規,12ヶ月以上
B23003008,39,2026/6/30,10191,0,202800,20280,0,223080,福岡支店,レンタル法人,48,新規,12ヶ月以上
B23003008,40,2026/7/31,10191,0,202800,20280,0,223080,福岡支店,レンタル法人,48,新規,12ヶ月以上
B23003008,41,2026/8/31,10191,0,202800,20280,0,223080,福岡支店,レンタル法人,48,新規,12ヶ月以上
B23003096,32,2025/9/30,12519,0,7430,743,0,8173,福岡支店,レンタル法人,60,新規,12ヶ月以上
B23003096,33,2025/10/31,12519,0,7430,743,0,8173,福岡支店,レンタル法人,60,新規,12ヶ月以上
B23003096,34,2025/11/30,12519,0,7430,743,0,8173,福岡支店,レンタル法人,60,新規,12ヶ月以上
B23003096,35,2025/12/31,12519,0,7430,743,0,8173,福岡支店,レンタル法人,60,新規,12ヶ月以上
B23003096,36,2026/1/31,12519,0,7430,743,0,8173,福岡支店,レンタル法人,60,新規,12ヶ月以上
B23003096,37,2026/2/28,12519,0,7430,743,0,8173,福岡支店,レンタル法人,60,新規,12ヶ月以上
B23003096,38,2026/3/31,12519,0,7430,743,0,8173,福岡支店,レンタル法人,60,新規,12ヶ月以上
B23003096,39,2026/4/30,12519,0,7430,743,0,8173,福岡支店,レンタル法人,60,新規,12ヶ月以上
B23003096,40,2026/5/31,12519,0,7430,743,0,8173,福岡支店,レンタル法人,60,新規,12ヶ月以上
B23003096,41,2026/6/30,12519,0,7430,743,0,8173,福岡支店,レンタル法人,60,新規,12ヶ月以上
B23003096,42,2026/7/31,12519,0,7430,743,0,8173,福岡支店,レンタル法人,60,新規,12ヶ月以上
B23003096,43,2026/8/31,12519,0,7430,743,0,8173,福岡支店,レンタル法人,60,新規,12ヶ月以上
B23003559,31,2025/9/30,12569,0,35000,3500,0,38500,福岡支店,レンタル法人,60,新規,12ヶ月以上
B23003559,32,2025/10/31,12569,0,35000,3500,0,38500,福岡支店,レンタル法人,60,新規,12ヶ月以上
B23003559,33,2025/11/30,12569,0,35000,3500,0,38500,福岡支店,レンタル法人,60,新規,12ヶ月以上
B23003559,34,2025/12/31,12569,0,35000,3500,0,38500,福岡支店,レンタル法人,60,新規,12ヶ月以上
B23003559,35,2026/1/31,12569,0,35000,3500,0,38500,福岡支店,レンタル法人,60,新規,12ヶ月以上
B23003559,36,2026/2/28,12569,0,35000,3500,0,38500,福岡支店,レンタル法人,60,新規,12ヶ月以上
B23003559,37,2026/3/31,12569,0,35000,3500,0,38500,福岡支店,レンタル法人,60,新規,12ヶ月以上
B23003559,38,2026/4/30,12569,0,35000,3500,0,38500,福岡支店,レンタル法人,60,新規,12ヶ月以上
B23003559,39,2026/5/31,12569,0,35000,3500,0,38500,福岡支店,レンタル法人,60,新規,12ヶ月以上
B23003559,40,2026/6/30,12569,0,35000,3500,0,38500,福岡支店,レンタル法人,60,新規,12ヶ月以上
B23003559,41,2026/7/31,12569,0,35000,3500,0,38500,福岡支店,レンタル法人,60,新規,12ヶ月以上
B23003559,42,2026/8/31,12569,0,35000,3500,0,38500,福岡支店,レンタル法人,60,新規,12ヶ月以上
B23004521,30,2025/9/30,12610,0,9000,900,0,9900,福岡支店,レンタル法人,36,新規,12ヶ月以上
B23004521,31,2025/10/31,12610,0,9000,900,0,9900,福岡支店,レンタル法人,36,新規,12ヶ月以上
B23004521,32,2025/11/30,12610,0,9000,900,0,9900,福岡支店,レンタル法人,36,新規,12ヶ月以上
B23004521,33,2025/12/31,12610,0,9000,900,0,9900,福岡支店,レンタル法人,36,新規,12ヶ月以上
B23004521,34,2026/1/31,12610,0,9000,900,0,9900,福岡支店,レンタル法人,36,新規,12ヶ月以上
B23004521,35,2026/2/28,12610,0,9000,900,0,9900,福岡支店,レンタル法人,36,新規,12ヶ月以上
B23004521,36,2026/3/31,12610,0,9000,900,0,9900,福岡支店,レンタル法人,36,新規,12ヶ月以上
B23004555,30,2025/9/30,12615,0,19800,1980,0,21780,福岡支店,レンタル法人,60,新規,12ヶ月以上
B23004555,31,2025/10/31,12615,0,19800,1980,0,21780,福岡支店,レンタル法人,60,新規,12ヶ月以上
B23004555,32,2025/11/30,12615,0,19800,1980,0,21780,福岡支店,レンタル法人,60,新規,12ヶ月以上
B23004555,33,2025/12/31,12615,0,19800,1980,0,21780,福岡支店,レンタル法人,60,新規,12ヶ月以上
B23004555,34,2026/1/31,12615,0,19800,1980,0,21780,福岡支店,レンタル法人,60,新規,12ヶ月以上
B23004555,35,2026/2/28,12615,0,19800,1980,0,21780,福岡支店,レンタル法人,60,新規,12ヶ月以上
B23004555,36,2026/3/31,12615,0,19800,1980,0,21780,福岡支店,レンタル法人,60,新規,12ヶ月以上
B23004555,37,2026/4/30,12615,0,19800,1980,0,21780,福岡支店,レンタル法人,60,新規,12ヶ月以上
B23004555,38,2026/5/31,12615,0,19800,1980,0,21780,福岡支店,レンタル法人,60,新規,12ヶ月以上
B23004555,39,2026/6/30,12615,0,19800,1980,0,21780,福岡支店,レンタル法人,60,新規,12ヶ月以上
B23004555,40,2026/7/31,12615,0,19800,1980,0,21780,福岡支店,レンタル法人,60,新規,12ヶ月以上
B23004555,41,2026/8/31,12615,0,19800,1980,0,21780,福岡支店,レンタル法人,60,新規,12ヶ月以上
B23004916,31,2025/9/30,12556,0,3090,309,0,3399,福岡支店,レンタル法人,60,新規,12ヶ月以上
B23004916,32,2025/10/31,12556,0,3090,309,0,3399,福岡支店,レンタル法人,60,新規,12ヶ月以上
B23004916,33,2025/11/30,12556,0,3090,309,0,3399,福岡支店,レンタル法人,60,新規,12ヶ月以上
B23004916,34,2025/12/31,12556,0,3090,309,0,3399,福岡支店,レンタル法人,60,新規,12ヶ月以上
B23004916,35,2026/1/31,12556,0,3090,309,0,3399,福岡支店,レンタル法人,60,新規,12ヶ月以上
B23004916,36,2026/2/28,12556,0,3090,309,0,3399,福岡支店,レンタル法人,60,新規,12ヶ月以上
B23004916,37,2026/3/31,12556,0,3090,309,0,3399,福岡支店,レンタル法人,60,新規,12ヶ月以上
B23004916,38,2026/4/30,12556,0,3090,309,0,3399,福岡支店,レンタル法人,60,新規,12ヶ月以上
B23004916,39,2026/5/31,12556,0,3090,309,0,3399,福岡支店,レンタル法人,60,新規,12ヶ月以上
B23004916,40,2026/6/30,12556,0,3090,309,0,3399,福岡支店,レンタル法人,60,新規,12ヶ月以上
B23004916,41,2026/7/31,12556,0,3090,309,0,3399,福岡支店,レンタル法人,60,新規,12ヶ月以上
B23004916,42,2026/8/31,12556,0,3090,309,0,3399,福岡支店,レンタル法人,60,新規,12ヶ月以上
B23004941,30,2025/9/30,11894,0,11650,1165,0,12815,福岡支店,レンタル法人,60,新規,12ヶ月以上
B23004941,31,2025/10/31,11894,0,11650,1165,0,12815,福岡支店,レンタル法人,60,新規,12ヶ月以上
B23004941,32,2025/11/30,11894,0,11650,1165,0,12815,福岡支店,レンタル法人,60,新規,12ヶ月以上
B23004941,33,2025/12/31,11894,0,11650,1165,0,12815,福岡支店,レンタル法人,60,新規,12ヶ月以上
B23004941,34,2026/1/31,11894,0,11650,1165,0,12815,福岡支店,レンタル法人,60,新規,12ヶ月以上
B23004941,35,2026/2/28,11894,0,11650,1165,0,12815,福岡支店,レンタル法人,60,新規,12ヶ月以上
B23004941,36,2026/3/31,11894,0,11650,1165,0,12815,福岡支店,レンタル法人,60,新規,12ヶ月以上
B23004941,37,2026/4/30,11894,0,11650,1165,0,12815,福岡支店,レンタル法人,60,新規,12ヶ月以上
B23004941,38,2026/5/31,11894,0,11650,1165,0,12815,福岡支店,レンタル法人,60,新規,12ヶ月以上
B23004941,39,2026/6/30,11894,0,11650,1165,0,12815,福岡支店,レンタル法人,60,新規,12ヶ月以上
B23004941,40,2026/7/31,11894,0,11650,1165,0,12815,福岡支店,レンタル法人,60,新規,12ヶ月以上
B23004941,41,2026/8/31,11894,0,11650,1165,0,12815,福岡支店,レンタル法人,60,新規,12ヶ月以上
B23005084,30,2025/9/30,11709,0,1800,180,0,1980,福岡支店,レンタル法人,60,新規,12ヶ月以上
B23005084,31,2025/10/31,11709,0,1800,180,0,1980,福岡支店,レンタル法人,60,新規,12ヶ月以上
B23005084,32,2025/11/30,11709,0,1800,180,0,1980,福岡支店,レンタル法人,60,新規,12ヶ月以上
B23005084,33,2025/12/31,11709,0,1800,180,0,1980,福岡支店,レンタル法人,60,新規,12ヶ月以上
B23005084,34,2026/1/31,11709,0,1800,180,0,1980,福岡支店,レンタル法人,60,新規,12ヶ月以上
B23005084,35,2026/2/28,11709,0,1800,180,0,1980,福岡支店,レンタル法人,60,新規,12ヶ月以上
B23005084,36,2026/3/31,11709,0,1800,180,0,1980,福岡支店,レンタル法人,60,新規,12ヶ月以上
B23005084,37,2026/4/30,11709,0,1800,180,0,1980,福岡支店,レンタル法人,60,新規,12ヶ月以上
B23005084,38,2026/5/31,11709,0,1800,180,0,1980,福岡支店,レンタル法人,60,新規,12ヶ月以上
B23005084,39,2026/6/30,11709,0,1800,180,0,1980,福岡支店,レンタル法人,60,新規,12ヶ月以上
B23005084,40,2026/7/31,11709,0,1800,180,0,1980,福岡支店,レンタル法人,60,新規,12ヶ月以上
B23005084,41,2026/8/31,11709,0,1800,180,0,1980,福岡支店,レンタル法人,60,新規,12ヶ月以上
B23005464,31,2025/9/30,12705,0,9900,990,0,10890,福岡支店,レンタル法人,60,新規,12ヶ月以上
B23005464,32,2025/10/31,12705,0,9900,990,0,10890,福岡支店,レンタル法人,60,新規,12ヶ月以上
B23005464,33,2025/11/30,12705,0,9900,990,0,10890,福岡支店,レンタル法人,60,新規,12ヶ月以上
B23005464,34,2025/12/31,12705,0,9900,990,0,10890,福岡支店,レンタル法人,60,新規,12ヶ月以上
B23005464,35,2026/1/31,12705,0,9900,990,0,10890,福岡支店,レンタル法人,60,新規,12ヶ月以上
B23005464,36,2026/2/28,12705,0,9900,990,0,10890,福岡支店,レンタル法人,60,新規,12ヶ月以上
B23005464,37,2026/3/31,12705,0,9900,990,0,10890,福岡支店,レンタル法人,60,新規,12ヶ月以上
B23005464,38,2026/4/30,12705,0,9900,990,0,10890,福岡支店,レンタル法人,60,新規,12ヶ月以上
B23005464,39,2026/5/31,12705,0,9900,990,0,10890,福岡支店,レンタル法人,60,新規,12ヶ月以上
B23005464,40,2026/6/30,12705,0,9900,990,0,10890,福岡支店,レンタル法人,60,新規,12ヶ月以上
B23005464,41,2026/7/31,12705,0,9900,990,0,10890,福岡支店,レンタル法人,60,新規,12ヶ月以上
B23005464,42,2026/8/31,12705,0,9900,990,0,10890,福岡支店,レンタル法人,60,新規,12ヶ月以上
B23005572,30,2025/9/30,11894,0,6990,699,0,7689,福岡支店,レンタル法人,60,新規,12ヶ月以上
B23005572,31,2025/10/31,11894,0,6990,699,0,7689,福岡支店,レンタル法人,60,新規,12ヶ月以上
B23005572,32,2025/11/30,11894,0,6990,699,0,7689,福岡支店,レンタル法人,60,新規,12ヶ月以上
B23005572,33,2025/12/31,11894,0,6990,699,0,7689,福岡支店,レンタル法人,60,新規,12ヶ月以上
B23005572,34,2026/1/31,11894,0,6990,699,0,7689,福岡支店,レンタル法人,60,新規,12ヶ月以上
B23005572,35,2026/2/28,11894,0,6990,699,0,7689,福岡支店,レンタル法人,60,新規,12ヶ月以上
B23005572,36,2026/3/31,11894,0,6990,699,0,7689,福岡支店,レンタル法人,60,新規,12ヶ月以上
B23005572,37,2026/4/30,11894,0,6990,699,0,7689,福岡支店,レンタル法人,60,新規,12ヶ月以上
B23005572,38,2026/5/31,11894,0,6990,699,0,7689,福岡支店,レンタル法人,60,新規,12ヶ月以上
B23005572,39,2026/6/30,11894,0,6990,699,0,7689,福岡支店,レンタル法人,60,新規,12ヶ月以上
B23005572,40,2026/7/31,11894,0,6990,699,0,7689,福岡支店,レンタル法人,60,新規,12ヶ月以上
B23005572,41,2026/8/31,11894,0,6990,699,0,7689,福岡支店,レンタル法人,60,新規,12ヶ月以上
B23005573,31,2025/9/30,12710,0,22000,2200,0,24200,福岡支店,レンタル法人,60,新規,12ヶ月以上
B23005573,32,2025/10/31,12710,0,22000,2200,0,24200,福岡支店,レンタル法人,60,新規,12ヶ月以上
B23005573,33,2025/11/30,12710,0,22000,2200,0,24200,福岡支店,レンタル法人,60,新規,12ヶ月以上
B23005573,34,2025/12/31,12710,0,22000,2200,0,24200,福岡支店,レンタル法人,60,新規,12ヶ月以上
B23005573,35,2026/1/31,12710,0,22000,2200,0,24200,福岡支店,レンタル法人,60,新規,12ヶ月以上
B23005573,36,2026/2/28,12710,0,22000,2200,0,24200,福岡支店,レンタル法人,60,新規,12ヶ月以上
B23005573,37,2026/3/31,12710,0,22000,2200,0,24200,福岡支店,レンタル法人,60,新規,12ヶ月以上
B23005573,38,2026/4/30,12710,0,22000,2200,0,24200,福岡支店,レンタル法人,60,新規,12ヶ月以上
B23005573,39,2026/5/31,12710,0,22000,2200,0,24200,福岡支店,レンタル法人,60,新規,12ヶ月以上
B23005573,40,2026/6/30,12710,0,22000,2200,0,24200,福岡支店,レンタル法人,60,新規,12ヶ月以上
B23005573,41,2026/7/31,12710,0,22000,2200,0,24200,福岡支店,レンタル法人,60,新規,12ヶ月以上
B23005573,42,2026/8/31,12710,0,22000,2200,0,24200,福岡支店,レンタル法人,60,新規,12ヶ月以上
B23006342,30,2025/9/30,11894,0,2330,233,0,2563,福岡支店,レンタル法人,60,新規,12ヶ月以上
B23006342,31,2025/10/31,11894,0,2330,233,0,2563,福岡支店,レンタル法人,60,新規,12ヶ月以上
B23006342,32,2025/11/30,11894,0,2330,233,0,2563,福岡支店,レンタル法人,60,新規,12ヶ月以上
B23006342,33,2025/12/31,11894,0,2330,233,0,2563,福岡支店,レンタル法人,60,新規,12ヶ月以上
B23006342,34,2026/1/31,11894,0,2330,233,0,2563,福岡支店,レンタル法人,60,新規,12ヶ月以上
B23006342,35,2026/2/28,11894,0,2330,233,0,2563,福岡支店,レンタル法人,60,新規,12ヶ月以上
B23006342,36,2026/3/31,11894,0,2330,233,0,2563,福岡支店,レンタル法人,60,新規,12ヶ月以上
B23006342,37,2026/4/30,11894,0,2330,233,0,2563,福岡支店,レンタル法人,60,新規,12ヶ月以上
B23006342,38,2026/5/31,11894,0,2330,233,0,2563,福岡支店,レンタル法人,60,新規,12ヶ月以上
B23006342,39,2026/6/30,11894,0,2330,233,0,2563,福岡支店,レンタル法人,60,新規,12ヶ月以上
B23006342,40,2026/7/31,11894,0,2330,233,0,2563,福岡支店,レンタル法人,60,新規,12ヶ月以上
B23006342,41,2026/8/31,11894,0,2330,233,0,2563,福岡支店,レンタル法人,60,新規,12ヶ月以上
B23006348,30,2025/9/30,11894,0,2330,233,0,2563,福岡支店,レンタル法人,60,新規,12ヶ月以上
B23006348,31,2025/10/31,11894,0,2330,233,0,2563,福岡支店,レンタル法人,60,新規,12ヶ月以上
B23006348,32,2025/11/30,11894,0,2330,233,0,2563,福岡支店,レンタル法人,60,新規,12ヶ月以上
B23006348,33,2025/12/31,11894,0,2330,233,0,2563,福岡支店,レンタル法人,60,新規,12ヶ月以上
B23006348,34,2026/1/31,11894,0,2330,233,0,2563,福岡支店,レンタル法人,60,新規,12ヶ月以上
B23006348,35,2026/2/28,11894,0,2330,233,0,2563,福岡支店,レンタル法人,60,新規,12ヶ月以上
B23006348,36,2026/3/31,11894,0,2330,233,0,2563,福岡支店,レンタル法人,60,新規,12ヶ月以上
B23006348,37,2026/4/30,11894,0,2330,233,0,2563,福岡支店,レンタル法人,60,新規,12ヶ月以上
B23006348,38,2026/5/31,11894,0,2330,233,0,2563,福岡支店,レンタル法人,60,新規,12ヶ月以上
B23006348,39,2026/6/30,11894,0,2330,233,0,2563,福岡支店,レンタル法人,60,新規,12ヶ月以上
B23006348,40,2026/7/31,11894,0,2330,233,0,2563,福岡支店,レンタル法人,60,新規,12ヶ月以上
B23006348,41,2026/8/31,11894,0,2330,233,0,2563,福岡支店,レンタル法人,60,新規,12ヶ月以上
B23007636,30,2025/9/30,12815,0,4580,458,0,5038,福岡支店,レンタル法人,48,新規,12ヶ月以上
B23007636,31,2025/10/31,12815,0,4580,458,0,5038,福岡支店,レンタル法人,48,新規,12ヶ月以上
B23007636,32,2025/11/30,12815,0,4580,458,0,5038,福岡支店,レンタル法人,48,新規,12ヶ月以上
B23007636,33,2025/12/31,12815,0,4580,458,0,5038,福岡支店,レンタル法人,48,新規,12ヶ月以上
B23007636,34,2026/1/31,12815,0,4580,458,0,5038,福岡支店,レンタル法人,48,新規,12ヶ月以上
B23007636,35,2026/2/28,12815,0,4580,458,0,5038,福岡支店,レンタル法人,48,新規,12ヶ月以上
B23007636,36,2026/3/31,12815,0,4580,458,0,5038,福岡支店,レンタル法人,48,新規,12ヶ月以上
B23007636,37,2026/4/30,12815,0,4580,458,0,5038,福岡支店,レンタル法人,48,新規,12ヶ月以上
B23007636,38,2026/5/31,12815,0,4580,458,0,5038,福岡支店,レンタル法人,48,新規,12ヶ月以上
B23007636,39,2026/6/30,12815,0,4580,458,0,5038,福岡支店,レンタル法人,48,新規,12ヶ月以上
B23007636,40,2026/7/31,12815,0,4580,458,0,5038,福岡支店,レンタル法人,48,新規,12ヶ月以上
B23007636,41,2026/8/31,12815,0,4580,458,0,5038,福岡支店,レンタル法人,48,新規,12ヶ月以上
B23007637,30,2025/9/30,12815,0,3750,375,0,4125,福岡支店,レンタル法人,48,新規,12ヶ月以上
B23007637,31,2025/10/31,12815,0,3750,375,0,4125,福岡支店,レンタル法人,48,新規,12ヶ月以上
B23007637,32,2025/11/30,12815,0,3750,375,0,4125,福岡支店,レンタル法人,48,新規,12ヶ月以上
B23007637,33,2025/12/31,12815,0,3750,375,0,4125,福岡支店,レンタル法人,48,新規,12ヶ月以上
B23007637,34,2026/1/31,12815,0,3750,375,0,4125,福岡支店,レンタル法人,48,新規,12ヶ月以上
B23007637,35,2026/2/28,12815,0,3750,375,0,4125,福岡支店,レンタル法人,48,新規,12ヶ月以上
B23007637,36,2026/3/31,12815,0,3750,375,0,4125,福岡支店,レンタル法人,48,新規,12ヶ月以上
B23007637,37,2026/4/30,12815,0,3750,375,0,4125,福岡支店,レンタル法人,48,新規,12ヶ月以上
B23007637,38,2026/5/31,12815,0,3750,375,0,4125,福岡支店,レンタル法人,48,新規,12ヶ月以上
B23007637,39,2026/6/30,12815,0,3750,375,0,4125,福岡支店,レンタル法人,48,新規,12ヶ月以上
B23007637,40,2026/7/31,12815,0,3750,375,0,4125,福岡支店,レンタル法人,48,新規,12ヶ月以上
B23007637,41,2026/8/31,12815,0,3750,375,0,4125,福岡支店,レンタル法人,48,新規,12ヶ月以上
B23008067,30,2025/9/30,12855,0,15000,1500,0,16500,福岡支店,レンタル法人,60,新規,12ヶ月以上
B23008067,31,2025/10/31,12855,0,15000,1500,0,16500,福岡支店,レンタル法人,60,新規,12ヶ月以上
B23008067,32,2025/11/30,12855,0,15000,1500,0,16500,福岡支店,レンタル法人,60,新規,12ヶ月以上
B23008067,33,2025/12/31,12855,0,15000,1500,0,16500,福岡支店,レンタル法人,60,新規,12ヶ月以上
B23008067,34,2026/1/31,12855,0,15000,1500,0,16500,福岡支店,レンタル法人,60,新規,12ヶ月以上
B23008067,35,2026/2/28,12855,0,15000,1500,0,16500,福岡支店,レンタル法人,60,新規,12ヶ月以上
B23008067,36,2026/3/31,12855,0,15000,1500,0,16500,福岡支店,レンタル法人,60,新規,12ヶ月以上
B23008067,37,2026/4/30,12855,0,15000,1500,0,16500,福岡支店,レンタル法人,60,新規,12ヶ月以上
B23008067,38,2026/5/31,12855,0,15000,1500,0,16500,福岡支店,レンタル法人,60,新規,12ヶ月以上
B23008067,39,2026/6/30,12855,0,15000,1500,0,16500,福岡支店,レンタル法人,60,新規,12ヶ月以上
B23008067,40,2026/7/31,12855,0,15000,1500,0,16500,福岡支店,レンタル法人,60,新規,12ヶ月以上
B23008067,41,2026/8/31,12855,0,15000,1500,0,16500,福岡支店,レンタル法人,60,新規,12ヶ月以上
B23008100,29,2025/9/30,12808,0,5760,576,0,6336,福岡支店,レンタル法人,60,新規,12ヶ月以上
B23008100,30,2025/10/31,12808,0,5760,576,0,6336,福岡支店,レンタル法人,60,新規,12ヶ月以上
B23008100,31,2025/11/30,12808,0,5760,576,0,6336,福岡支店,レンタル法人,60,新規,12ヶ月以上
B23008100,32,2025/12/31,12808,0,5760,576,0,6336,福岡支店,レンタル法人,60,新規,12ヶ月以上
B23008100,33,2026/1/31,12808,0,5760,576,0,6336,福岡支店,レンタル法人,60,新規,12ヶ月以上
B23008100,34,2026/2/28,12808,0,5760,576,0,6336,福岡支店,レンタル法人,60,新規,12ヶ月以上
B23008100,35,2026/3/31,12808,0,5760,576,0,6336,福岡支店,レンタル法人,60,新規,12ヶ月以上
B23008100,36,2026/4/30,12808,0,5760,576,0,6336,福岡支店,レンタル法人,60,新規,12ヶ月以上
B23008100,37,2026/5/31,12808,0,5760,576,0,6336,福岡支店,レンタル法人,60,新規,12ヶ月以上
B23008100,38,2026/6/30,12808,0,5760,576,0,6336,福岡支店,レンタル法人,60,新規,12ヶ月以上
B23008100,39,2026/7/31,12808,0,5760,576,0,6336,福岡支店,レンタル法人,60,新規,12ヶ月以上
B23008100,40,2026/8/31,12808,0,5760,576,0,6336,福岡支店,レンタル法人,60,新規,12ヶ月以上
B23008111,30,2025/9/30,12854,0,22000,2200,0,24200,福岡支店,レンタル法人,60,新規,12ヶ月以上
B23008111,31,2025/10/31,12854,0,22000,2200,0,24200,福岡支店,レンタル法人,60,新規,12ヶ月以上
B23008111,32,2025/11/30,12854,0,22000,2200,0,24200,福岡支店,レンタル法人,60,新規,12ヶ月以上
B23008111,33,2025/12/31,12854,0,22000,2200,0,24200,福岡支店,レンタル法人,60,新規,12ヶ月以上
B23008111,34,2026/1/31,12854,0,22000,2200,0,24200,福岡支店,レンタル法人,60,新規,12ヶ月以上
B23008111,35,2026/2/28,12854,0,22000,2200,0,24200,福岡支店,レンタル法人,60,新規,12ヶ月以上
B23008111,36,2026/3/31,12854,0,22000,2200,0,24200,福岡支店,レンタル法人,60,新規,12ヶ月以上
B23008111,37,2026/4/30,12854,0,22000,2200,0,24200,福岡支店,レンタル法人,60,新規,12ヶ月以上
B23008111,38,2026/5/31,12854,0,22000,2200,0,24200,福岡支店,レンタル法人,60,新規,12ヶ月以上
B23008111,39,2026/6/30,12854,0,22000,2200,0,24200,福岡支店,レンタル法人,60,新規,12ヶ月以上
B23008111,40,2026/7/31,12854,0,22000,2200,0,24200,福岡支店,レンタル法人,60,新規,12ヶ月以上
B23008111,41,2026/8/31,12854,0,22000,2200,0,24200,福岡支店,レンタル法人,60,新規,12ヶ月以上
B23009196,28,2025/9/30,12935,0,22250,2225,0,24475,福岡支店,レンタル法人,60,新規,12ヶ月以上
B23009196,29,2025/10/31,12935,0,22250,2225,0,24475,福岡支店,レンタル法人,60,新規,12ヶ月以上
B23009196,30,2025/11/30,12935,0,22250,2225,0,24475,福岡支店,レンタル法人,60,新規,12ヶ月以上
B23009196,31,2025/12/31,12935,0,22250,2225,0,24475,福岡支店,レンタル法人,60,新規,12ヶ月以上
B23009196,32,2026/1/31,12935,0,22250,2225,0,24475,福岡支店,レンタル法人,60,新規,12ヶ月以上
B23009196,33,2026/2/28,12935,0,22250,2225,0,24475,福岡支店,レンタル法人,60,新規,12ヶ月以上
B23009196,34,2026/3/31,12935,0,22250,2225,0,24475,福岡支店,レンタル法人,60,新規,12ヶ月以上
B23009196,35,2026/4/30,12935,0,22250,2225,0,24475,福岡支店,レンタル法人,60,新規,12ヶ月以上
B23009196,36,2026/5/31,12935,0,22250,2225,0,24475,福岡支店,レンタル法人,60,新規,12ヶ月以上
B23009196,37,2026/6/30,12935,0,22250,2225,0,24475,福岡支店,レンタル法人,60,新規,12ヶ月以上
B23009196,38,2026/7/31,12935,0,22250,2225,0,24475,福岡支店,レンタル法人,60,新規,12ヶ月以上
B23009196,39,2026/8/31,12935,0,22250,2225,0,24475,福岡支店,レンタル法人,60,新規,12ヶ月以上
B23009492,28,2025/9/30,11894,0,103000,10300,0,113300,福岡支店,レンタル法人,36,新規,12ヶ月以上
B23009492,29,2025/10/31,11894,0,103000,10300,0,113300,福岡支店,レンタル法人,36,新規,12ヶ月以上
B23009492,30,2025/11/30,11894,0,103000,10300,0,113300,福岡支店,レンタル法人,36,新規,12ヶ月以上
B23009492,31,2025/12/31,11894,0,103000,10300,0,113300,福岡支店,レンタル法人,36,新規,12ヶ月以上
B23009492,32,2026/1/31,11894,0,103000,10300,0,113300,福岡支店,レンタル法人,36,新規,12ヶ月以上
B23009492,33,2026/2/28,11894,0,103000,10300,0,113300,福岡支店,レンタル法人,36,新規,12ヶ月以上
B23009492,34,2026/3/31,11894,0,103000,10300,0,113300,福岡支店,レンタル法人,36,新規,12ヶ月以上
B23009492,35,2026/4/30,11894,0,103000,10300,0,113300,福岡支店,レンタル法人,36,新規,12ヶ月以上
B23009492,36,2026/5/31,11894,0,103000,10300,0,113300,福岡支店,レンタル法人,36,新規,12ヶ月以上
B23009599,29,2025/9/30,12954,0,55630,5563,0,61193,福岡支店,レンタル法人,60,新規,12ヶ月以上
B23009599,30,2025/10/31,12954,0,55630,5563,0,61193,福岡支店,レンタル法人,60,新規,12ヶ月以上
B23009599,31,2025/11/30,12954,0,55630,5563,0,61193,福岡支店,レンタル法人,60,新規,12ヶ月以上
B23009599,32,2025/12/31,12954,0,55630,5563,0,61193,福岡支店,レンタル法人,60,新規,12ヶ月以上
B23009599,33,2026/1/31,12954,0,55630,5563,0,61193,福岡支店,レンタル法人,60,新規,12ヶ月以上
B23009599,34,2026/2/28,12954,0,55630,5563,0,61193,福岡支店,レンタル法人,60,新規,12ヶ月以上
B23009599,35,2026/3/31,12954,0,55630,5563,0,61193,福岡支店,レンタル法人,60,新規,12ヶ月以上
B23009599,36,2026/4/30,12954,0,55630,5563,0,61193,福岡支店,レンタル法人,60,新規,12ヶ月以上
B23009599,37,2026/5/31,12954,0,55630,5563,0,61193,福岡支店,レンタル法人,60,新規,12ヶ月以上
B23009599,38,2026/6/30,12954,0,55630,5563,0,61193,福岡支店,レンタル法人,60,新規,12ヶ月以上
B23009599,39,2026/7/31,12954,0,55630,5563,0,61193,福岡支店,レンタル法人,60,新規,12ヶ月以上
B23009599,40,2026/8/31,12954,0,55630,5563,0,61193,福岡支店,レンタル法人,60,新規,12ヶ月以上
B23009624,29,2025/9/30,11709,0,1800,180,0,1980,福岡支店,レンタル法人,60,新規,12ヶ月以上
B23009624,30,2025/10/31,11709,0,1800,180,0,1980,福岡支店,レンタル法人,60,新規,12ヶ月以上
B23009624,31,2025/11/30,11709,0,1800,180,0,1980,福岡支店,レンタル法人,60,新規,12ヶ月以上
B23009624,32,2025/12/31,11709,0,1800,180,0,1980,福岡支店,レンタル法人,60,新規,12ヶ月以上
B23009624,33,2026/1/31,11709,0,1800,180,0,1980,福岡支店,レンタル法人,60,新規,12ヶ月以上
B23009624,34,2026/2/28,11709,0,1800,180,0,1980,福岡支店,レンタル法人,60,新規,12ヶ月以上
B23009624,35,2026/3/31,11709,0,1800,180,0,1980,福岡支店,レンタル法人,60,新規,12ヶ月以上
B23009624,36,2026/4/30,11709,0,1800,180,0,1980,福岡支店,レンタル法人,60,新規,12ヶ月以上
B23009624,37,2026/5/31,11709,0,1800,180,0,1980,福岡支店,レンタル法人,60,新規,12ヶ月以上
B23009624,38,2026/6/30,11709,0,1800,180,0,1980,福岡支店,レンタル法人,60,新規,12ヶ月以上
B23009624,39,2026/7/31,11709,0,1800,180,0,1980,福岡支店,レンタル法人,60,新規,12ヶ月以上
B23009624,40,2026/8/31,11709,0,1800,180,0,1980,福岡支店,レンタル法人,60,新規,12ヶ月以上
B23010253,29,2025/9/30,12987,0,1800,180,0,1980,福岡支店,レンタル法人,60,新規,12ヶ月以上
B23010253,30,2025/10/31,12987,0,1800,180,0,1980,福岡支店,レンタル法人,60,新規,12ヶ月以上
B23010253,31,2025/11/30,12987,0,1800,180,0,1980,福岡支店,レンタル法人,60,新規,12ヶ月以上
B23010253,32,2025/12/31,12987,0,1800,180,0,1980,福岡支店,レンタル法人,60,新規,12ヶ月以上
B23010253,33,2026/1/31,12987,0,1800,180,0,1980,福岡支店,レンタル法人,60,新規,12ヶ月以上
B23010253,34,2026/2/28,12987,0,1800,180,0,1980,福岡支店,レンタル法人,60,新規,12ヶ月以上
B23010253,35,2026/3/31,12987,0,1800,180,0,1980,福岡支店,レンタル法人,60,新規,12ヶ月以上
B23010253,36,2026/4/30,12987,0,1800,180,0,1980,福岡支店,レンタル法人,60,新規,12ヶ月以上
B23010253,37,2026/5/31,12987,0,1800,180,0,1980,福岡支店,レンタル法人,60,新規,12ヶ月以上
B23010253,38,2026/6/30,12987,0,1800,180,0,1980,福岡支店,レンタル法人,60,新規,12ヶ月以上
B23010253,39,2026/7/31,12987,0,1800,180,0,1980,福岡支店,レンタル法人,60,新規,12ヶ月以上
B23010253,40,2026/8/31,12987,0,1800,180,0,1980,福岡支店,レンタル法人,60,新規,12ヶ月以上
B23010863,27,2025/9/30,11894,0,14900,1490,0,16390,福岡支店,レンタル法人,60,新規,12ヶ月以上
B23010863,28,2025/10/31,11894,0,14900,1490,0,16390,福岡支店,レンタル法人,60,新規,12ヶ月以上
B23010863,29,2025/11/30,11894,0,14900,1490,0,16390,福岡支店,レンタル法人,60,新規,12ヶ月以上
B23010863,30,2025/12/31,11894,0,14900,1490,0,16390,福岡支店,レンタル法人,60,新規,12ヶ月以上
B23010863,31,2026/1/31,11894,0,14900,1490,0,16390,福岡支店,レンタル法人,60,新規,12ヶ月以上
B23010863,32,2026/2/28,11894,0,14900,1490,0,16390,福岡支店,レンタル法人,60,新規,12ヶ月以上
B23010863,33,2026/3/31,11894,0,14900,1490,0,16390,福岡支店,レンタル法人,60,新規,12ヶ月以上
B23010863,34,2026/4/30,11894,0,14900,1490,0,16390,福岡支店,レンタル法人,60,新規,12ヶ月以上
B23010863,35,2026/5/31,11894,0,14900,1490,0,16390,福岡支店,レンタル法人,60,新規,12ヶ月以上
B23010863,36,2026/6/30,11894,0,14900,1490,0,16390,福岡支店,レンタル法人,60,新規,12ヶ月以上
B23010863,37,2026/7/31,11894,0,14900,1490,0,16390,福岡支店,レンタル法人,60,新規,12ヶ月以上
B23010863,38,2026/8/31,11894,0,14900,1490,0,16390,福岡支店,レンタル法人,60,新規,12ヶ月以上
B23010864,27,2025/9/30,11894,0,4860,486,0,5346,福岡支店,レンタル法人,60,新規,12ヶ月以上
B23010864,28,2025/10/31,11894,0,4860,486,0,5346,福岡支店,レンタル法人,60,新規,12ヶ月以上
B23010864,29,2025/11/30,11894,0,4860,486,0,5346,福岡支店,レンタル法人,60,新規,12ヶ月以上
B23010864,30,2025/12/31,11894,0,4860,486,0,5346,福岡支店,レンタル法人,60,新規,12ヶ月以上
B23010864,31,2026/1/31,11894,0,4860,486,0,5346,福岡支店,レンタル法人,60,新規,12ヶ月以上
B23010864,32,2026/2/28,11894,0,4860,486,0,5346,福岡支店,レンタル法人,60,新規,12ヶ月以上
B23010864,33,2026/3/31,11894,0,4860,486,0,5346,福岡支店,レンタル法人,60,新規,12ヶ月以上
B23010864,34,2026/4/30,11894,0,4860,486,0,5346,福岡支店,レンタル法人,60,新規,12ヶ月以上
B23010864,35,2026/5/31,11894,0,4860,486,0,5346,福岡支店,レンタル法人,60,新規,12ヶ月以上
B23010864,36,2026/6/30,11894,0,4860,486,0,5346,福岡支店,レンタル法人,60,新規,12ヶ月以上
B23010864,37,2026/7/31,11894,0,4860,486,0,5346,福岡支店,レンタル法人,60,新規,12ヶ月以上
B23010864,38,2026/8/31,11894,0,4860,486,0,5346,福岡支店,レンタル法人,60,新規,12ヶ月以上
B23010865,27,2025/9/30,11894,0,1800,180,0,1980,福岡支店,レンタル法人,60,新規,12ヶ月以上
B23010865,28,2025/10/31,11894,0,1800,180,0,1980,福岡支店,レンタル法人,60,新規,12ヶ月以上
B23010865,29,2025/11/30,11894,0,1800,180,0,1980,福岡支店,レンタル法人,60,新規,12ヶ月以上
B23010865,30,2025/12/31,11894,0,1800,180,0,1980,福岡支店,レンタル法人,60,新規,12ヶ月以上
B23010865,31,2026/1/31,11894,0,1800,180,0,1980,福岡支店,レンタル法人,60,新規,12ヶ月以上
B23010865,32,2026/2/28,11894,0,1800,180,0,1980,福岡支店,レンタル法人,60,新規,12ヶ月以上
B23010865,33,2026/3/31,11894,0,1800,180,0,1980,福岡支店,レンタル法人,60,新規,12ヶ月以上
B23010865,34,2026/4/30,11894,0,1800,180,0,1980,福岡支店,レンタル法人,60,新規,12ヶ月以上
B23010865,35,2026/5/31,11894,0,1800,180,0,1980,福岡支店,レンタル法人,60,新規,12ヶ月以上
B23010865,36,2026/6/30,11894,0,1800,180,0,1980,福岡支店,レンタル法人,60,新規,12ヶ月以上
B23010865,37,2026/7/31,11894,0,1800,180,0,1980,福岡支店,レンタル法人,60,新規,12ヶ月以上
B23010865,38,2026/8/31,11894,0,1800,180,0,1980,福岡支店,レンタル法人,60,新規,12ヶ月以上
B23012003,28,2025/9/30,13145,0,13535,1353,0,14888,福岡支店,レンタル法人,60,新規,12ヶ月以上
B23012003,29,2025/10/31,13145,0,13535,1353,0,14888,福岡支店,レンタル法人,60,新規,12ヶ月以上
B23012003,30,2025/11/30,13145,0,13535,1353,0,14888,福岡支店,レンタル法人,60,新規,12ヶ月以上
B23012003,31,2025/12/31,13145,0,13535,1353,0,14888,福岡支店,レンタル法人,60,新規,12ヶ月以上
B23012003,32,2026/1/31,13145,0,13535,1353,0,14888,福岡支店,レンタル法人,60,新規,12ヶ月以上
B23012003,33,2026/2/28,13145,0,13535,1353,0,14888,福岡支店,レンタル法人,60,新規,12ヶ月以上
B23012003,34,2026/3/31,13145,0,13535,1353,0,14888,福岡支店,レンタル法人,60,新規,12ヶ月以上
B23012003,35,2026/4/30,13145,0,13535,1353,0,14888,福岡支店,レンタル法人,60,新規,12ヶ月以上
B23012003,36,2026/5/31,13145,0,13535,1353,0,14888,福岡支店,レンタル法人,60,新規,12ヶ月以上
B23012003,37,2026/6/30,13145,0,13535,1353,0,14888,福岡支店,レンタル法人,60,新規,12ヶ月以上
B23012003,38,2026/7/31,13145,0,13535,1353,0,14888,福岡支店,レンタル法人,60,新規,12ヶ月以上
B23012003,39,2026/8/31,13145,0,13535,1353,0,14888,福岡支店,レンタル法人,60,新規,12ヶ月以上
B23012766,27,2025/9/30,11578,0,36960,3696,0,40656,福岡支店,レンタル法人,48,新規,12ヶ月以上
B23012766,28,2025/10/31,11578,0,36960,3696,0,40656,福岡支店,レンタル法人,48,新規,12ヶ月以上
B23012766,29,2025/11/30,11578,0,36960,3696,0,40656,福岡支店,レンタル法人,48,新規,12ヶ月以上
B23012766,30,2025/12/31,11578,0,36960,3696,0,40656,福岡支店,レンタル法人,48,新規,12ヶ月以上
B23012766,31,2026/1/31,11578,0,36960,3696,0,40656,福岡支店,レンタル法人,48,新規,12ヶ月以上
B23012766,32,2026/2/28,11578,0,36960,3696,0,40656,福岡支店,レンタル法人,48,新規,12ヶ月以上
B23012766,33,2026/3/31,11578,0,36960,3696,0,40656,福岡支店,レンタル法人,48,新規,12ヶ月以上
B23012766,34,2026/4/30,11578,0,36960,3696,0,40656,福岡支店,レンタル法人,48,新規,12ヶ月以上
B23012766,35,2026/5/31,11578,0,36960,3696,0,40656,福岡支店,レンタル法人,48,新規,12ヶ月以上
B23012766,36,2026/6/30,11578,0,36960,3696,0,40656,福岡支店,レンタル法人,48,新規,12ヶ月以上
B23012766,37,2026/7/31,11578,0,36960,3696,0,40656,福岡支店,レンタル法人,48,新規,12ヶ月以上
B23012766,38,2026/8/31,11578,0,36960,3696,0,40656,福岡支店,レンタル法人,48,新規,12ヶ月以上
B23012767,26,2025/9/30,11578,0,36960,3696,0,40656,福岡支店,レンタル法人,48,新規,12ヶ月以上
B23012767,27,2025/10/31,11578,0,36960,3696,0,40656,福岡支店,レンタル法人,48,新規,12ヶ月以上
B23012767,28,2025/11/30,11578,0,36960,3696,0,40656,福岡支店,レンタル法人,48,新規,12ヶ月以上
B23012767,29,2025/12/31,11578,0,36960,3696,0,40656,福岡支店,レンタル法人,48,新規,12ヶ月以上
B23012767,30,2026/1/31,11578,0,36960,3696,0,40656,福岡支店,レンタル法人,48,新規,12ヶ月以上
B23012767,31,2026/2/28,11578,0,36960,3696,0,40656,福岡支店,レンタル法人,48,新規,12ヶ月以上
B23012767,32,2026/3/31,11578,0,36960,3696,0,40656,福岡支店,レンタル法人,48,新規,12ヶ月以上
B23012767,33,2026/4/30,11578,0,36960,3696,0,40656,福岡支店,レンタル法人,48,新規,12ヶ月以上
B23012767,34,2026/5/31,11578,0,36960,3696,0,40656,福岡支店,レンタル法人,48,新規,12ヶ月以上
B23012767,35,2026/6/30,11578,0,36960,3696,0,40656,福岡支店,レンタル法人,48,新規,12ヶ月以上
B23012767,36,2026/7/31,11578,0,36960,3696,0,40656,福岡支店,レンタル法人,48,新規,12ヶ月以上
B23012767,37,2026/8/31,11578,0,36960,3696,0,40656,福岡支店,レンタル法人,48,新規,12ヶ月以上
B23012768,25,2025/9/30,11578,0,36960,3696,0,40656,福岡支店,レンタル法人,48,新規,12ヶ月以上
B23012768,26,2025/10/31,11578,0,36960,3696,0,40656,福岡支店,レンタル法人,48,新規,12ヶ月以上
B23012768,27,2025/11/30,11578,0,36960,3696,0,40656,福岡支店,レンタル法人,48,新規,12ヶ月以上
B23012768,28,2025/12/31,11578,0,36960,3696,0,40656,福岡支店,レンタル法人,48,新規,12ヶ月以上
B23012768,29,2026/1/31,11578,0,36960,3696,0,40656,福岡支店,レンタル法人,48,新規,12ヶ月以上
B23012768,30,2026/2/28,11578,0,36960,3696,0,40656,福岡支店,レンタル法人,48,新規,12ヶ月以上
B23012768,31,2026/3/31,11578,0,36960,3696,0,40656,福岡支店,レンタル法人,48,新規,12ヶ月以上
B23012768,32,2026/4/30,11578,0,36960,3696,0,40656,福岡支店,レンタル法人,48,新規,12ヶ月以上
B23012768,33,2026/5/31,11578,0,36960,3696,0,40656,福岡支店,レンタル法人,48,新規,12ヶ月以上
B23012768,34,2026/6/30,11578,0,36960,3696,0,40656,福岡支店,レンタル法人,48,新規,12ヶ月以上
B23012768,35,2026/7/31,11578,0,36960,3696,0,40656,福岡支店,レンタル法人,48,新規,12ヶ月以上
B23012768,36,2026/8/31,11578,0,36960,3696,0,40656,福岡支店,レンタル法人,48,新規,12ヶ月以上
B23012808,27,2025/9/30,11894,0,4760,476,0,5236,福岡支店,レンタル法人,60,新規,12ヶ月以上
B23012808,28,2025/10/31,11894,0,4760,476,0,5236,福岡支店,レンタル法人,60,新規,12ヶ月以上
B23012808,29,2025/11/30,11894,0,4760,476,0,5236,福岡支店,レンタル法人,60,新規,12ヶ月以上
B23012808,30,2025/12/31,11894,0,4760,476,0,5236,福岡支店,レンタル法人,60,新規,12ヶ月以上
B23012808,31,2026/1/31,11894,0,4760,476,0,5236,福岡支店,レンタル法人,60,新規,12ヶ月以上
B23012808,32,2026/2/28,11894,0,4760,476,0,5236,福岡支店,レンタル法人,60,新規,12ヶ月以上
B23012808,33,2026/3/31,11894,0,4760,476,0,5236,福岡支店,レンタル法人,60,新規,12ヶ月以上
B23012808,34,2026/4/30,11894,0,4760,476,0,5236,福岡支店,レンタル法人,60,新規,12ヶ月以上
B23012808,35,2026/5/31,11894,0,4760,476,0,5236,福岡支店,レンタル法人,60,新規,12ヶ月以上
B23012808,36,2026/6/30,11894,0,4760,476,0,5236,福岡支店,レンタル法人,60,新規,12ヶ月以上
B23012808,37,2026/7/31,11894,0,4760,476,0,5236,福岡支店,レンタル法人,60,新規,12ヶ月以上
B23012808,38,2026/8/31,11894,0,4760,476,0,5236,福岡支店,レンタル法人,60,新規,12ヶ月以上
B23013267,27,2025/9/30,13237,0,22000,2200,0,24200,福岡支店,レンタル法人,60,新規,12ヶ月以上
B23013267,28,2025/10/31,13237,0,22000,2200,0,24200,福岡支店,レンタル法人,60,新規,12ヶ月以上
B23013267,29,2025/11/30,13237,0,22000,2200,0,24200,福岡支店,レンタル法人,60,新規,12ヶ月以上
B23013267,30,2025/12/31,13237,0,22000,2200,0,24200,福岡支店,レンタル法人,60,新規,12ヶ月以上
B23013267,31,2026/1/31,13237,0,22000,2200,0,24200,福岡支店,レンタル法人,60,新規,12ヶ月以上
B23013267,32,2026/2/28,13237,0,22000,2200,0,24200,福岡支店,レンタル法人,60,新規,12ヶ月以上
B23013267,33,2026/3/31,13237,0,22000,2200,0,24200,福岡支店,レンタル法人,60,新規,12ヶ月以上
B23013267,34,2026/4/30,13237,0,22000,2200,0,24200,福岡支店,レンタル法人,60,新規,12ヶ月以上
B23013267,35,2026/5/31,13237,0,22000,2200,0,24200,福岡支店,レンタル法人,60,新規,12ヶ月以上
B23013267,36,2026/6/30,13237,0,22000,2200,0,24200,福岡支店,レンタル法人,60,新規,12ヶ月以上
B23013267,37,2026/7/31,13237,0,22000,2200,0,24200,福岡支店,レンタル法人,60,新規,12ヶ月以上
B23013267,38,2026/8/31,13237,0,22000,2200,0,24200,福岡支店,レンタル法人,60,新規,12ヶ月以上
B23013640,28,2025/9/30,13276,0,3360,336,0,3696,福岡支店,レンタル法人,60,新規,12ヶ月以上
B23013640,29,2025/10/31,13276,0,3360,336,0,3696,福岡支店,レンタル法人,60,新規,12ヶ月以上
B23013640,30,2025/11/30,13276,0,3360,336,0,3696,福岡支店,レンタル法人,60,新規,12ヶ月以上
B23013640,31,2025/12/31,13276,0,3360,336,0,3696,福岡支店,レンタル法人,60,新規,12ヶ月以上
B23013640,32,2026/1/31,13276,0,3360,336,0,3696,福岡支店,レンタル法人,60,新規,12ヶ月以上
B23013640,33,2026/2/28,13276,0,3360,336,0,3696,福岡支店,レンタル法人,60,新規,12ヶ月以上
B23013640,34,2026/3/31,13276,0,3360,336,0,3696,福岡支店,レンタル法人,60,新規,12ヶ月以上
B23013640,35,2026/4/30,13276,0,3360,336,0,3696,福岡支店,レンタル法人,60,新規,12ヶ月以上
B23013640,36,2026/5/31,13276,0,3360,336,0,3696,福岡支店,レンタル法人,60,新規,12ヶ月以上
B23013640,37,2026/6/30,13276,0,3360,336,0,3696,福岡支店,レンタル法人,60,新規,12ヶ月以上
B23013640,38,2026/7/31,13276,0,3360,336,0,3696,福岡支店,レンタル法人,60,新規,12ヶ月以上
B23013640,39,2026/8/31,13276,0,3360,336,0,3696,福岡支店,レンタル法人,60,新規,12ヶ月以上
B23013762,27,2025/9/30,13283,0,10080,1008,0,11088,福岡支店,レンタル法人,60,新規,12ヶ月以上
B23013762,28,2025/10/31,13283,0,10080,1008,0,11088,福岡支店,レンタル法人,60,新規,12ヶ月以上
B23013762,29,2025/11/30,13283,0,10080,1008,0,11088,福岡支店,レンタル法人,60,新規,12ヶ月以上
B23013762,30,2025/12/31,13283,0,10080,1008,0,11088,福岡支店,レンタル法人,60,新規,12ヶ月以上
B23013762,31,2026/1/31,13283,0,10080,1008,0,11088,福岡支店,レンタル法人,60,新規,12ヶ月以上
B23013762,32,2026/2/28,13283,0,10080,1008,0,11088,福岡支店,レンタル法人,60,新規,12ヶ月以上
B23013762,33,2026/3/31,13283,0,10080,1008,0,11088,福岡支店,レンタル法人,60,新規,12ヶ月以上
B23013762,34,2026/4/30,13283,0,10080,1008,0,11088,福岡支店,レンタル法人,60,新規,12ヶ月以上
B23013762,35,2026/5/31,13283,0,10080,1008,0,11088,福岡支店,レンタル法人,60,新規,12ヶ月以上
B23013762,36,2026/6/30,13283,0,10080,1008,0,11088,福岡支店,レンタル法人,60,新規,12ヶ月以上
B23013762,37,2026/7/31,13283,0,10080,1008,0,11088,福岡支店,レンタル法人,60,新規,12ヶ月以上
B23013762,38,2026/8/31,13283,0,10080,1008,0,11088,福岡支店,レンタル法人,60,新規,12ヶ月以上
B23014479,27,2025/9/30,12569,0,35000,3500,0,38500,福岡支店,レンタル法人,60,新規,12ヶ月以上
B23014479,28,2025/10/31,12569,0,35000,3500,0,38500,福岡支店,レンタル法人,60,新規,12ヶ月以上
B23014479,29,2025/11/30,12569,0,35000,3500,0,38500,福岡支店,レンタル法人,60,新規,12ヶ月以上
B23014479,30,2025/12/31,12569,0,35000,3500,0,38500,福岡支店,レンタル法人,60,新規,12ヶ月以上
B23014479,31,2026/1/31,12569,0,35000,3500,0,38500,福岡支店,レンタル法人,60,新規,12ヶ月以上
B23014479,32,2026/2/28,12569,0,35000,3500,0,38500,福岡支店,レンタル法人,60,新規,12ヶ月以上
B23014479,33,2026/3/31,12569,0,35000,3500,0,38500,福岡支店,レンタル法人,60,新規,12ヶ月以上
B23014479,34,2026/4/30,12569,0,35000,3500,0,38500,福岡支店,レンタル法人,60,新規,12ヶ月以上
B23014479,35,2026/5/31,12569,0,35000,3500,0,38500,福岡支店,レンタル法人,60,新規,12ヶ月以上
B23014479,36,2026/6/30,12569,0,35000,3500,0,38500,福岡支店,レンタル法人,60,新規,12ヶ月以上
B23014479,37,2026/7/31,12569,0,35000,3500,0,38500,福岡支店,レンタル法人,60,新規,12ヶ月以上
B23014479,38,2026/8/31,12569,0,35000,3500,0,38500,福岡支店,レンタル法人,60,新規,12ヶ月以上
B23014611,27,2025/9/30,11894,0,18960,1896,0,20856,福岡支店,レンタル法人,60,新規,12ヶ月以上
B23014611,28,2025/10/31,11894,0,18960,1896,0,20856,福岡支店,レンタル法人,60,新規,12ヶ月以上
B23014611,29,2025/11/30,11894,0,18960,1896,0,20856,福岡支店,レンタル法人,60,新規,12ヶ月以上
B23014611,30,2025/12/31,11894,0,18960,1896,0,20856,福岡支店,レンタル法人,60,新規,12ヶ月以上
B23014611,31,2026/1/31,11894,0,18960,1896,0,20856,福岡支店,レンタル法人,60,新規,12ヶ月以上
B23014611,32,2026/2/28,11894,0,18960,1896,0,20856,福岡支店,レンタル法人,60,新規,12ヶ月以上
B23014611,33,2026/3/31,11894,0,18960,1896,0,20856,福岡支店,レンタル法人,60,新規,12ヶ月以上
B23014611,34,2026/4/30,11894,0,18960,1896,0,20856,福岡支店,レンタル法人,60,新規,12ヶ月以上
B23014611,35,2026/5/31,11894,0,18960,1896,0,20856,福岡支店,レンタル法人,60,新規,12ヶ月以上
B23014611,36,2026/6/30,11894,0,18960,1896,0,20856,福岡支店,レンタル法人,60,新規,12ヶ月以上
B23014611,37,2026/7/31,11894,0,18960,1896,0,20856,福岡支店,レンタル法人,60,新規,12ヶ月以上
B23014611,38,2026/8/31,11894,0,18960,1896,0,20856,福岡支店,レンタル法人,60,新規,12ヶ月以上
B23015050,27,2025/9/30,13345,0,1950,195,0,2145,福岡支店,レンタル法人,60,新規,12ヶ月以上
B23015050,28,2025/10/31,13345,0,1950,195,0,2145,福岡支店,レンタル法人,60,新規,12ヶ月以上
B23015050,29,2025/11/30,13345,0,1950,195,0,2145,福岡支店,レンタル法人,60,新規,12ヶ月以上
B23015050,30,2025/12/31,13345,0,1950,195,0,2145,福岡支店,レンタル法人,60,新規,12ヶ月以上
B23015050,31,2026/1/31,13345,0,1950,195,0,2145,福岡支店,レンタル法人,60,新規,12ヶ月以上
B23015050,32,2026/2/28,13345,0,1950,195,0,2145,福岡支店,レンタル法人,60,新規,12ヶ月以上
B23015050,33,2026/3/31,13345,0,1950,195,0,2145,福岡支店,レンタル法人,60,新規,12ヶ月以上
B23015050,34,2026/4/30,13345,0,1950,195,0,2145,福岡支店,レンタル法人,60,新規,12ヶ月以上
B23015050,35,2026/5/31,13345,0,1950,195,0,2145,福岡支店,レンタル法人,60,新規,12ヶ月以上
B23015050,36,2026/6/30,13345,0,1950,195,0,2145,福岡支店,レンタル法人,60,新規,12ヶ月以上
B23015050,37,2026/7/31,13345,0,1950,195,0,2145,福岡支店,レンタル法人,60,新規,12ヶ月以上
B23015050,38,2026/8/31,13345,0,1950,195,0,2145,福岡支店,レンタル法人,60,新規,12ヶ月以上
B23015278,27,2025/9/30,13370,0,15000,1500,0,16500,福岡支店,レンタル法人,60,新規,12ヶ月以上
B23015278,28,2025/10/31,13370,0,15000,1500,0,16500,福岡支店,レンタル法人,60,新規,12ヶ月以上
B23015278,29,2025/11/30,13370,0,15000,1500,0,16500,福岡支店,レンタル法人,60,新規,12ヶ月以上
B23015278,30,2025/12/31,13370,0,15000,1500,0,16500,福岡支店,レンタル法人,60,新規,12ヶ月以上
B23015278,31,2026/1/31,13370,0,15000,1500,0,16500,福岡支店,レンタル法人,60,新規,12ヶ月以上
B23015278,32,2026/2/28,13370,0,15000,1500,0,16500,福岡支店,レンタル法人,60,新規,12ヶ月以上
B23015278,33,2026/3/31,13370,0,15000,1500,0,16500,福岡支店,レンタル法人,60,新規,12ヶ月以上
B23015278,34,2026/4/30,13370,0,15000,1500,0,16500,福岡支店,レンタル法人,60,新規,12ヶ月以上
B23015278,35,2026/5/31,13370,0,15000,1500,0,16500,福岡支店,レンタル法人,60,新規,12ヶ月以上
B23015278,36,2026/6/30,13370,0,15000,1500,0,16500,福岡支店,レンタル法人,60,新規,12ヶ月以上
B23015278,37,2026/7/31,13370,0,15000,1500,0,16500,福岡支店,レンタル法人,60,新規,12ヶ月以上
B23015278,38,2026/8/31,13370,0,15000,1500,0,16500,福岡支店,レンタル法人,60,新規,12ヶ月以上
B23015395,27,2025/9/30,12556,0,17450,1745,0,19195,福岡支店,レンタル法人,60,新規,12ヶ月以上
B23015395,28,2025/10/31,12556,0,17450,1745,0,19195,福岡支店,レンタル法人,60,新規,12ヶ月以上
B23015395,29,2025/11/30,12556,0,17450,1745,0,19195,福岡支店,レンタル法人,60,新規,12ヶ月以上
B23015395,30,2025/12/31,12556,0,17450,1745,0,19195,福岡支店,レンタル法人,60,新規,12ヶ月以上
B23015395,31,2026/1/31,12556,0,17450,1745,0,19195,福岡支店,レンタル法人,60,新規,12ヶ月以上
B23015395,32,2026/2/28,12556,0,17450,1745,0,19195,福岡支店,レンタル法人,60,新規,12ヶ月以上
B23015395,33,2026/3/31,12556,0,17450,1745,0,19195,福岡支店,レンタル法人,60,新規,12ヶ月以上
B23015395,34,2026/4/30,12556,0,17450,1745,0,19195,福岡支店,レンタル法人,60,新規,12ヶ月以上
B23015395,35,2026/5/31,12556,0,17450,1745,0,19195,福岡支店,レンタル法人,60,新規,12ヶ月以上
B23015395,36,2026/6/30,12556,0,17450,1745,0,19195,福岡支店,レンタル法人,60,新規,12ヶ月以上
B23015395,37,2026/7/31,12556,0,17450,1745,0,19195,福岡支店,レンタル法人,60,新規,12ヶ月以上
B23015395,38,2026/8/31,12556,0,17450,1745,0,19195,福岡支店,レンタル法人,60,新規,12ヶ月以上
B23015494,27,2025/9/30,13397,0,15000,1500,0,16500,福岡支店,レンタル法人,60,新規,12ヶ月以上
B23015494,28,2025/10/31,13397,0,15000,1500,0,16500,福岡支店,レンタル法人,60,新規,12ヶ月以上
B23015494,29,2025/11/30,13397,0,15000,1500,0,16500,福岡支店,レンタル法人,60,新規,12ヶ月以上
B23015494,30,2025/12/31,13397,0,15000,1500,0,16500,福岡支店,レンタル法人,60,新規,12ヶ月以上
B23015494,31,2026/1/31,13397,0,15000,1500,0,16500,福岡支店,レンタル法人,60,新規,12ヶ月以上
B23015494,32,2026/2/28,13397,0,15000,1500,0,16500,福岡支店,レンタル法人,60,新規,12ヶ月以上
B23015494,33,2026/3/31,13397,0,15000,1500,0,16500,福岡支店,レンタル法人,60,新規,12ヶ月以上
B23015494,34,2026/4/30,13397,0,15000,1500,0,16500,福岡支店,レンタル法人,60,新規,12ヶ月以上
B23015494,35,2026/5/31,13397,0,15000,1500,0,16500,福岡支店,レンタル法人,60,新規,12ヶ月以上
B23015494,36,2026/6/30,13397,0,15000,1500,0,16500,福岡支店,レンタル法人,60,新規,12ヶ月以上
B23015494,37,2026/7/31,13397,0,15000,1500,0,16500,福岡支店,レンタル法人,60,新規,12ヶ月以上
B23015494,38,2026/8/31,13397,0,15000,1500,0,16500,福岡支店,レンタル法人,60,新規,12ヶ月以上
B23015748,27,2025/9/30,12987,0,20500,2050,0,22550,福岡支店,レンタル法人,60,新規,12ヶ月以上
B23015748,28,2025/10/31,12987,0,20500,2050,0,22550,福岡支店,レンタル法人,60,新規,12ヶ月以上
B23015748,29,2025/11/30,12987,0,20500,2050,0,22550,福岡支店,レンタル法人,60,新規,12ヶ月以上
B23015748,30,2025/12/31,12987,0,20500,2050,0,22550,福岡支店,レンタル法人,60,新規,12ヶ月以上
B23015748,31,2026/1/31,12987,0,20500,2050,0,22550,福岡支店,レンタル法人,60,新規,12ヶ月以上
B23015748,32,2026/2/28,12987,0,20500,2050,0,22550,福岡支店,レンタル法人,60,新規,12ヶ月以上
B23015748,33,2026/3/31,12987,0,20500,2050,0,22550,福岡支店,レンタル法人,60,新規,12ヶ月以上
B23015748,34,2026/4/30,12987,0,20500,2050,0,22550,福岡支店,レンタル法人,60,新規,12ヶ月以上
B23015748,35,2026/5/31,12987,0,20500,2050,0,22550,福岡支店,レンタル法人,60,新規,12ヶ月以上
B23015748,36,2026/6/30,12987,0,20500,2050,0,22550,福岡支店,レンタル法人,60,新規,12ヶ月以上
B23015748,37,2026/7/31,12987,0,20500,2050,0,22550,福岡支店,レンタル法人,60,新規,12ヶ月以上
B23015748,38,2026/8/31,12987,0,20500,2050,0,22550,福岡支店,レンタル法人,60,新規,12ヶ月以上
B23015902,26,2025/9/30,13439,0,22240,2224,0,24464,福岡支店,レンタル法人,48,新規,12ヶ月以上
B23015902,27,2025/10/31,13439,0,22240,2224,0,24464,福岡支店,レンタル法人,48,新規,12ヶ月以上
B23015902,28,2025/11/30,13439,0,22240,2224,0,24464,福岡支店,レンタル法人,48,新規,12ヶ月以上
B23015902,29,2025/12/31,13439,0,22240,2224,0,24464,福岡支店,レンタル法人,48,新規,12ヶ月以上
B23015902,30,2026/1/31,13439,0,22240,2224,0,24464,福岡支店,レンタル法人,48,新規,12ヶ月以上
B23015902,31,2026/2/28,13439,0,22240,2224,0,24464,福岡支店,レンタル法人,48,新規,12ヶ月以上
B23015902,32,2026/3/31,13439,0,22240,2224,0,24464,福岡支店,レンタル法人,48,新規,12ヶ月以上
B23015902,33,2026/4/30,13439,0,22240,2224,0,24464,福岡支店,レンタル法人,48,新規,12ヶ月以上
B23015902,34,2026/5/31,13439,0,22240,2224,0,24464,福岡支店,レンタル法人,48,新規,12ヶ月以上
B23015902,35,2026/6/30,13439,0,22240,2224,0,24464,福岡支店,レンタル法人,48,新規,12ヶ月以上
B23015902,36,2026/7/31,13439,0,22240,2224,0,24464,福岡支店,レンタル法人,48,新規,12ヶ月以上
B23015902,37,2026/8/31,13439,0,22240,2224,0,24464,福岡支店,レンタル法人,48,新規,12ヶ月以上
B23016057,27,2025/9/30,11894,0,11760,1176,0,12936,福岡支店,レンタル法人,60,新規,12ヶ月以上
B23016057,28,2025/10/31,11894,0,11760,1176,0,12936,福岡支店,レンタル法人,60,新規,12ヶ月以上
B23016057,29,2025/11/30,11894,0,11760,1176,0,12936,福岡支店,レンタル法人,60,新規,12ヶ月以上
B23016057,30,2025/12/31,11894,0,11760,1176,0,12936,福岡支店,レンタル法人,60,新規,12ヶ月以上
B23016057,31,2026/1/31,11894,0,11760,1176,0,12936,福岡支店,レンタル法人,60,新規,12ヶ月以上
B23016057,32,2026/2/28,11894,0,11760,1176,0,12936,福岡支店,レンタル法人,60,新規,12ヶ月以上
B23016057,33,2026/3/31,11894,0,11760,1176,0,12936,福岡支店,レンタル法人,60,新規,12ヶ月以上
B23016057,34,2026/4/30,11894,0,11760,1176,0,12936,福岡支店,レンタル法人,60,新規,12ヶ月以上
B23016057,35,2026/5/31,11894,0,11760,1176,0,12936,福岡支店,レンタル法人,60,新規,12ヶ月以上
B23016057,36,2026/6/30,11894,0,11760,1176,0,12936,福岡支店,レンタル法人,60,新規,12ヶ月以上
B23016057,37,2026/7/31,11894,0,11760,1176,0,12936,福岡支店,レンタル法人,60,新規,12ヶ月以上
B23016057,38,2026/8/31,11894,0,11760,1176,0,12936,福岡支店,レンタル法人,60,新規,12ヶ月以上
B23016104,27,2025/9/30,11894,0,7900,790,0,8690,福岡支店,レンタル法人,60,新規,12ヶ月以上
B23016104,28,2025/10/31,11894,0,7900,790,0,8690,福岡支店,レンタル法人,60,新規,12ヶ月以上
B23016104,29,2025/11/30,11894,0,7900,790,0,8690,福岡支店,レンタル法人,60,新規,12ヶ月以上
B23016104,30,2025/12/31,11894,0,7900,790,0,8690,福岡支店,レンタル法人,60,新規,12ヶ月以上
B23016104,31,2026/1/31,11894,0,7900,790,0,8690,福岡支店,レンタル法人,60,新規,12ヶ月以上
B23016104,32,2026/2/28,11894,0,7900,790,0,8690,福岡支店,レンタル法人,60,新規,12ヶ月以上
B23016104,33,2026/3/31,11894,0,7900,790,0,8690,福岡支店,レンタル法人,60,新規,12ヶ月以上
B23016104,34,2026/4/30,11894,0,7900,790,0,8690,福岡支店,レンタル法人,60,新規,12ヶ月以上
B23016104,35,2026/5/31,11894,0,7900,790,0,8690,福岡支店,レンタル法人,60,新規,12ヶ月以上
B23016104,36,2026/6/30,11894,0,7900,790,0,8690,福岡支店,レンタル法人,60,新規,12ヶ月以上
B23016104,37,2026/7/31,11894,0,7900,790,0,8690,福岡支店,レンタル法人,60,新規,12ヶ月以上
B23016104,38,2026/8/31,11894,0,7900,790,0,8690,福岡支店,レンタル法人,60,新規,12ヶ月以上
B23016167,26,2025/9/30,11894,0,72800,7280,0,80080,福岡支店,レンタル法人,60,新規,12ヶ月以上
B23016167,27,2025/10/31,11894,0,72800,7280,0,80080,福岡支店,レンタル法人,60,新規,12ヶ月以上
B23016167,28,2025/11/30,11894,0,72800,7280,0,80080,福岡支店,レンタル法人,60,新規,12ヶ月以上
B23016167,29,2025/12/31,11894,0,72800,7280,0,80080,福岡支店,レンタル法人,60,新規,12ヶ月以上
B23016167,30,2026/1/31,11894,0,72800,7280,0,80080,福岡支店,レンタル法人,60,新規,12ヶ月以上
B23016167,31,2026/2/28,11894,0,72800,7280,0,80080,福岡支店,レンタル法人,60,新規,12ヶ月以上
B23016167,32,2026/3/31,11894,0,72800,7280,0,80080,福岡支店,レンタル法人,60,新規,12ヶ月以上
B23016167,33,2026/4/30,11894,0,72800,7280,0,80080,福岡支店,レンタル法人,60,新規,12ヶ月以上
B23016167,34,2026/5/31,11894,0,72800,7280,0,80080,福岡支店,レンタル法人,60,新規,12ヶ月以上
B23016167,35,2026/6/30,11894,0,72800,7280,0,80080,福岡支店,レンタル法人,60,新規,12ヶ月以上
B23016167,36,2026/7/31,11894,0,72800,7280,0,80080,福岡支店,レンタル法人,60,新規,12ヶ月以上
B23016167,37,2026/8/31,11894,0,72800,7280,0,80080,福岡支店,レンタル法人,60,新規,12ヶ月以上
B23017243,26,2025/9/30,11894,0,24800,2480,0,27280,福岡支店,レンタル法人,60,新規,12ヶ月以上
B23017243,27,2025/10/31,11894,0,24800,2480,0,27280,福岡支店,レンタル法人,60,新規,12ヶ月以上
B23017243,28,2025/11/30,11894,0,24800,2480,0,27280,福岡支店,レンタル法人,60,新規,12ヶ月以上
B23017243,29,2025/12/31,11894,0,24800,2480,0,27280,福岡支店,レンタル法人,60,新規,12ヶ月以上
B23017243,30,2026/1/31,11894,0,24800,2480,0,27280,福岡支店,レンタル法人,60,新規,12ヶ月以上
B23017243,31,2026/2/28,11894,0,24800,2480,0,27280,福岡支店,レンタル法人,60,新規,12ヶ月以上
B23017243,32,2026/3/31,11894,0,24800,2480,0,27280,福岡支店,レンタル法人,60,新規,12ヶ月以上
B23017243,33,2026/4/30,11894,0,24800,2480,0,27280,福岡支店,レンタル法人,60,新規,12ヶ月以上
B23017243,34,2026/5/31,11894,0,24800,2480,0,27280,福岡支店,レンタル法人,60,新規,12ヶ月以上
B23017243,35,2026/6/30,11894,0,24800,2480,0,27280,福岡支店,レンタル法人,60,新規,12ヶ月以上
B23017243,36,2026/7/31,11894,0,24800,2480,0,27280,福岡支店,レンタル法人,60,新規,12ヶ月以上
B23017243,37,2026/8/31,11894,0,24800,2480,0,27280,福岡支店,レンタル法人,60,新規,12ヶ月以上
B23017247,26,2025/9/30,10982,0,4000,400,0,4400,福岡支店,レンタル法人,60,新規,12ヶ月以上
B23017247,27,2025/10/31,10982,0,4000,400,0,4400,福岡支店,レンタル法人,60,新規,12ヶ月以上
B23017247,28,2025/11/30,10982,0,4000,400,0,4400,福岡支店,レンタル法人,60,新規,12ヶ月以上
B23017247,29,2025/12/31,10982,0,4000,400,0,4400,福岡支店,レンタル法人,60,新規,12ヶ月以上
B23017247,30,2026/1/31,10982,0,4000,400,0,4400,福岡支店,レンタル法人,60,新規,12ヶ月以上
B23017247,31,2026/2/28,10982,0,4000,400,0,4400,福岡支店,レンタル法人,60,新規,12ヶ月以上
B23017247,32,2026/3/31,10982,0,4000,400,0,4400,福岡支店,レンタル法人,60,新規,12ヶ月以上
B23017247,33,2026/4/30,10982,0,4000,400,0,4400,福岡支店,レンタル法人,60,新規,12ヶ月以上
B23017247,34,2026/5/31,10982,0,4000,400,0,4400,福岡支店,レンタル法人,60,新規,12ヶ月以上
B23017247,35,2026/6/30,10982,0,4000,400,0,4400,福岡支店,レンタル法人,60,新規,12ヶ月以上
B23017247,36,2026/7/31,10982,0,4000,400,0,4400,福岡支店,レンタル法人,60,新規,12ヶ月以上
B23017247,37,2026/8/31,10982,0,4000,400,0,4400,福岡支店,レンタル法人,60,新規,12ヶ月以上
B23017304,26,2025/9/30,10470,0,3180,318,0,3498,福岡支店,レンタル法人,60,新規,12ヶ月以上
B23017304,27,2025/10/31,10470,0,3180,318,0,3498,福岡支店,レンタル法人,60,新規,12ヶ月以上
B23017304,28,2025/11/30,10470,0,3180,318,0,3498,福岡支店,レンタル法人,60,新規,12ヶ月以上
B23017304,29,2025/12/31,10470,0,3180,318,0,3498,福岡支店,レンタル法人,60,新規,12ヶ月以上
B23017304,30,2026/1/31,10470,0,3180,318,0,3498,福岡支店,レンタル法人,60,新規,12ヶ月以上
B23017304,31,2026/2/28,10470,0,3180,318,0,3498,福岡支店,レンタル法人,60,新規,12ヶ月以上
B23017304,32,2026/3/31,10470,0,3180,318,0,3498,福岡支店,レンタル法人,60,新規,12ヶ月以上
B23017304,33,2026/4/30,10470,0,3180,318,0,3498,福岡支店,レンタル法人,60,新規,12ヶ月以上
B23017304,34,2026/5/31,10470,0,3180,318,0,3498,福岡支店,レンタル法人,60,新規,12ヶ月以上
B23017304,35,2026/6/30,10470,0,3180,318,0,3498,福岡支店,レンタル法人,60,新規,12ヶ月以上
B23017304,36,2026/7/31,10470,0,3180,318,0,3498,福岡支店,レンタル法人,60,新規,12ヶ月以上
B23017304,37,2026/8/31,10470,0,3180,318,0,3498,福岡支店,レンタル法人,60,新規,12ヶ月以上
B23017690,26,2025/9/30,12556,0,17450,1745,0,19195,福岡支店,レンタル法人,60,新規,12ヶ月以上
B23017690,27,2025/10/31,12556,0,17450,1745,0,19195,福岡支店,レンタル法人,60,新規,12ヶ月以上
B23017690,28,2025/11/30,12556,0,17450,1745,0,19195,福岡支店,レンタル法人,60,新規,12ヶ月以上
B23017690,29,2025/12/31,12556,0,17450,1745,0,19195,福岡支店,レンタル法人,60,新規,12ヶ月以上
B23017690,30,2026/1/31,12556,0,17450,1745,0,19195,福岡支店,レンタル法人,60,新規,12ヶ月以上
B23017690,31,2026/2/28,12556,0,17450,1745,0,19195,福岡支店,レンタル法人,60,新規,12ヶ月以上
B23017690,32,2026/3/31,12556,0,17450,1745,0,19195,福岡支店,レンタル法人,60,新規,12ヶ月以上
B23017690,33,2026/4/30,12556,0,17450,1745,0,19195,福岡支店,レンタル法人,60,新規,12ヶ月以上
B23017690,34,2026/5/31,12556,0,17450,1745,0,19195,福岡支店,レンタル法人,60,新規,12ヶ月以上
B23017690,35,2026/6/30,12556,0,17450,1745,0,19195,福岡支店,レンタル法人,60,新規,12ヶ月以上
B23017690,36,2026/7/31,12556,0,17450,1745,0,19195,福岡支店,レンタル法人,60,新規,12ヶ月以上
B23017690,37,2026/8/31,12556,0,17450,1745,0,19195,福岡支店,レンタル法人,60,新規,12ヶ月以上
B23017708,25,2025/9/30,13612,0,9070,907,0,9977,福岡支店,レンタル法人,60,新規,12ヶ月以上
B23017708,26,2025/10/31,13612,0,9070,907,0,9977,福岡支店,レンタル法人,60,新規,12ヶ月以上
B23017708,27,2025/11/30,13612,0,9070,907,0,9977,福岡支店,レンタル法人,60,新規,12ヶ月以上
B23017708,28,2025/12/31,13612,0,9070,907,0,9977,福岡支店,レンタル法人,60,新規,12ヶ月以上
B23017708,29,2026/1/31,13612,0,9070,907,0,9977,福岡支店,レンタル法人,60,新規,12ヶ月以上
B23017708,30,2026/2/28,13612,0,9070,907,0,9977,福岡支店,レンタル法人,60,新規,12ヶ月以上
B23017708,31,2026/3/31,13612,0,9070,907,0,9977,福岡支店,レンタル法人,60,新規,12ヶ月以上
B23017708,32,2026/4/30,13612,0,9070,907,0,9977,福岡支店,レンタル法人,60,新規,12ヶ月以上
B23017708,33,2026/5/31,13612,0,9070,907,0,9977,福岡支店,レンタル法人,60,新規,12ヶ月以上
B23017708,34,2026/6/30,13612,0,9070,907,0,9977,福岡支店,レンタル法人,60,新規,12ヶ月以上
B23017708,35,2026/7/31,13612,0,9070,907,0,9977,福岡支店,レンタル法人,60,新規,12ヶ月以上
B23017708,36,2026/8/31,13612,0,9070,907,0,9977,福岡支店,レンタル法人,60,新規,12ヶ月以上
B23017755,24,2025/9/30,12556,0,77250,7725,0,84975,福岡支店,レンタル法人,60,新規,12ヶ月以上
B23017755,25,2025/10/31,12556,0,77250,7725,0,84975,福岡支店,レンタル法人,60,新規,12ヶ月以上
B23017755,26,2025/11/30,12556,0,77250,7725,0,84975,福岡支店,レンタル法人,60,新規,12ヶ月以上
B23017755,27,2025/12/31,12556,0,77250,7725,0,84975,福岡支店,レンタル法人,60,新規,12ヶ月以上
B23017755,28,2026/1/31,12556,0,77250,7725,0,84975,福岡支店,レンタル法人,60,新規,12ヶ月以上
B23017755,29,2026/2/28,12556,0,77250,7725,0,84975,福岡支店,レンタル法人,60,新規,12ヶ月以上
B23017755,30,2026/3/31,12556,0,77250,7725,0,84975,福岡支店,レンタル法人,60,新規,12ヶ月以上
B23017755,31,2026/4/30,12556,0,77250,7725,0,84975,福岡支店,レンタル法人,60,新規,12ヶ月以上
B23017755,32,2026/5/31,12556,0,77250,7725,0,84975,福岡支店,レンタル法人,60,新規,12ヶ月以上
B23017755,33,2026/6/30,12556,0,77250,7725,0,84975,福岡支店,レンタル法人,60,新規,12ヶ月以上
B23017755,34,2026/7/31,12556,0,77250,7725,0,84975,福岡支店,レンタル法人,60,新規,12ヶ月以上
B23017755,35,2026/8/31,12556,0,77250,7725,0,84975,福岡支店,レンタル法人,60,新規,12ヶ月以上
B23017912,26,2025/9/30,13643,0,15000,1500,0,16500,福岡支店,レンタル法人,60,新規,12ヶ月以上
B23017912,27,2025/10/31,13643,0,15000,1500,0,16500,福岡支店,レンタル法人,60,新規,12ヶ月以上
B23017912,28,2025/11/30,13643,0,15000,1500,0,16500,福岡支店,レンタル法人,60,新規,12ヶ月以上
B23017912,29,2025/12/31,13643,0,15000,1500,0,16500,福岡支店,レンタル法人,60,新規,12ヶ月以上
B23017912,30,2026/1/31,13643,0,15000,1500,0,16500,福岡支店,レンタル法人,60,新規,12ヶ月以上
B23017912,31,2026/2/28,13643,0,15000,1500,0,16500,福岡支店,レンタル法人,60,新規,12ヶ月以上
B23017912,32,2026/3/31,13643,0,15000,1500,0,16500,福岡支店,レンタル法人,60,新規,12ヶ月以上
B23017912,33,2026/4/30,13643,0,15000,1500,0,16500,福岡支店,レンタル法人,60,新規,12ヶ月以上
B23017912,34,2026/5/31,13643,0,15000,1500,0,16500,福岡支店,レンタル法人,60,新規,12ヶ月以上
B23017912,35,2026/6/30,13643,0,15000,1500,0,16500,福岡支店,レンタル法人,60,新規,12ヶ月以上
B23017912,36,2026/7/31,13643,0,15000,1500,0,16500,福岡支店,レンタル法人,60,新規,12ヶ月以上
B23017912,37,2026/8/31,13643,0,15000,1500,0,16500,福岡支店,レンタル法人,60,新規,12ヶ月以上
B23018073,26,2025/9/30,12987,0,3300,330,0,3630,福岡支店,レンタル法人,60,新規,12ヶ月以上
B23018073,27,2025/10/31,12987,0,3300,330,0,3630,福岡支店,レンタル法人,60,新規,12ヶ月以上
B23018073,28,2025/11/30,12987,0,3300,330,0,3630,福岡支店,レンタル法人,60,新規,12ヶ月以上
B23018073,29,2025/12/31,12987,0,3300,330,0,3630,福岡支店,レンタル法人,60,新規,12ヶ月以上
B23018073,30,2026/1/31,12987,0,3300,330,0,3630,福岡支店,レンタル法人,60,新規,12ヶ月以上
B23018073,31,2026/2/28,12987,0,3300,330,0,3630,福岡支店,レンタル法人,60,新規,12ヶ月以上
B23018073,32,2026/3/31,12987,0,3300,330,0,3630,福岡支店,レンタル法人,60,新規,12ヶ月以上
B23018073,33,2026/4/30,12987,0,3300,330,0,3630,福岡支店,レンタル法人,60,新規,12ヶ月以上
B23018073,34,2026/5/31,12987,0,3300,330,0,3630,福岡支店,レンタル法人,60,新規,12ヶ月以上
B23018073,35,2026/6/30,12987,0,3300,330,0,3630,福岡支店,レンタル法人,60,新規,12ヶ月以上
B23018073,36,2026/7/31,12987,0,3300,330,0,3630,福岡支店,レンタル法人,60,新規,12ヶ月以上
B23018073,37,2026/8/31,12987,0,3300,330,0,3630,福岡支店,レンタル法人,60,新規,12ヶ月以上
B23018100,25,2025/9/30,9800,0,392700,39270,0,431970,福岡支店,レンタル法人,36,新規,12ヶ月以上
B23018100,26,2025/10/31,9800,0,392700,39270,0,431970,福岡支店,レンタル法人,36,新規,12ヶ月以上
B23018100,27,2025/11/30,9800,0,392700,39270,0,431970,福岡支店,レンタル法人,36,新規,12ヶ月以上
B23018100,28,2025/12/31,9800,0,392700,39270,0,431970,福岡支店,レンタル法人,36,新規,12ヶ月以上
B23018100,29,2026/1/31,9800,0,392700,39270,0,431970,福岡支店,レンタル法人,36,新規,12ヶ月以上
B23018100,30,2026/2/28,9800,0,392700,39270,0,431970,福岡支店,レンタル法人,36,新規,12ヶ月以上
B23018100,31,2026/3/31,9800,0,392700,39270,0,431970,福岡支店,レンタル法人,36,新規,12ヶ月以上
B23018100,32,2026/4/30,9800,0,392700,39270,0,431970,福岡支店,レンタル法人,36,新規,12ヶ月以上
B23018100,33,2026/5/31,9800,0,392700,39270,0,431970,福岡支店,レンタル法人,36,新規,12ヶ月以上
B23018100,34,2026/6/30,9800,0,392700,39270,0,431970,福岡支店,レンタル法人,36,新規,12ヶ月以上
B23018100,35,2026/7/31,9800,0,392700,39270,0,431970,福岡支店,レンタル法人,36,新規,12ヶ月以上
B23018100,36,2026/8/31,9800,0,392700,39270,0,431970,福岡支店,レンタル法人,36,新規,12ヶ月以上
B23018421,26,2025/9/30,11771,0,53000,5300,0,58300,福岡支店,レンタル法人,36,新規,12ヶ月以上
B23018421,27,2025/10/31,11771,0,53000,5300,0,58300,福岡支店,レンタル法人,36,新規,12ヶ月以上
B23018421,28,2025/11/30,11771,0,53000,5300,0,58300,福岡支店,レンタル法人,36,新規,12ヶ月以上
B23018421,29,2025/12/31,11771,0,53000,5300,0,58300,福岡支店,レンタル法人,36,新規,12ヶ月以上
B23018421,30,2026/1/31,11771,0,53000,5300,0,58300,福岡支店,レンタル法人,36,新規,12ヶ月以上
B23018421,31,2026/2/28,11771,0,53000,5300,0,58300,福岡支店,レンタル法人,36,新規,12ヶ月以上
B23018421,32,2026/3/31,11771,0,53000,5300,0,58300,福岡支店,レンタル法人,36,新規,12ヶ月以上
B23018421,33,2026/4/30,11771,0,53000,5300,0,58300,福岡支店,レンタル法人,36,新規,12ヶ月以上
B23018421,34,2026/5/31,11771,0,53000,5300,0,58300,福岡支店,レンタル法人,36,新規,12ヶ月以上
B23018421,35,2026/6/30,11771,0,53000,5300,0,58300,福岡支店,レンタル法人,36,新規,12ヶ月以上
B23018421,36,2026/7/31,11771,0,53000,5300,0,58300,福岡支店,レンタル法人,36,新規,12ヶ月以上
B23018491,25,2025/9/30,13713,0,4000,400,0,4400,福岡支店,レンタル法人,36,新規,12ヶ月以上
B23018491,26,2025/10/31,13713,0,4000,400,0,4400,福岡支店,レンタル法人,36,新規,12ヶ月以上
B23018491,27,2025/11/30,13713,0,4000,400,0,4400,福岡支店,レンタル法人,36,新規,12ヶ月以上
B23018491,28,2025/12/31,13713,0,4000,400,0,4400,福岡支店,レンタル法人,36,新規,12ヶ月以上
B23018491,29,2026/1/31,13713,0,4000,400,0,4400,福岡支店,レンタル法人,36,新規,12ヶ月以上
B23018491,30,2026/2/28,13713,0,4000,400,0,4400,福岡支店,レンタル法人,36,新規,12ヶ月以上
B23018491,31,2026/3/31,13713,0,4000,400,0,4400,福岡支店,レンタル法人,36,新規,12ヶ月以上
B23018491,32,2026/4/30,13713,0,4000,400,0,4400,福岡支店,レンタル法人,36,新規,12ヶ月以上
B23018491,33,2026/5/31,13713,0,4000,400,0,4400,福岡支店,レンタル法人,36,新規,12ヶ月以上
B23018491,34,2026/6/30,13713,0,4000,400,0,4400,福岡支店,レンタル法人,36,新規,12ヶ月以上
B23018491,35,2026/7/31,13713,0,4000,400,0,4400,福岡支店,レンタル法人,36,新規,12ヶ月以上
B23018491,36,2026/8/31,13713,0,4000,400,0,4400,福岡支店,レンタル法人,36,新規,12ヶ月以上
B23018669,25,2025/9/30,13641,0,5780,578,0,6358,福岡支店,レンタル法人,36,新規,12ヶ月以上
B23018669,26,2025/10/31,13641,0,5780,578,0,6358,福岡支店,レンタル法人,36,新規,12ヶ月以上
B23018669,27,2025/11/30,13641,0,5780,578,0,6358,福岡支店,レンタル法人,36,新規,12ヶ月以上
B23018669,28,2025/12/31,13641,0,5780,578,0,6358,福岡支店,レンタル法人,36,新規,12ヶ月以上
B23018669,29,2026/1/31,13641,0,5780,578,0,6358,福岡支店,レンタル法人,36,新規,12ヶ月以上
B23018669,30,2026/2/28,13641,0,5780,578,0,6358,福岡支店,レンタル法人,36,新規,12ヶ月以上
B23018669,31,2026/3/31,13641,0,5780,578,0,6358,福岡支店,レンタル法人,36,新規,12ヶ月以上
B23018669,32,2026/4/30,13641,0,5780,578,0,6358,福岡支店,レンタル法人,36,新規,12ヶ月以上
B23018669,33,2026/5/31,13641,0,5780,578,0,6358,福岡支店,レンタル法人,36,新規,12ヶ月以上
B23018669,34,2026/6/30,13641,0,5780,578,0,6358,福岡支店,レンタル法人,36,新規,12ヶ月以上
B23018669,35,2026/7/31,13641,0,5780,578,0,6358,福岡支店,レンタル法人,36,新規,12ヶ月以上
B23018669,36,2026/8/31,13641,0,5780,578,0,6358,福岡支店,レンタル法人,36,新規,12ヶ月以上
B23019040,25,2025/9/30,11894,0,7300,730,0,8030,福岡支店,レンタル法人,60,新規,12ヶ月以上
B23019040,26,2025/10/31,11894,0,7300,730,0,8030,福岡支店,レンタル法人,60,新規,12ヶ月以上
B23019040,27,2025/11/30,11894,0,7300,730,0,8030,福岡支店,レンタル法人,60,新規,12ヶ月以上
B23019040,28,2025/12/31,11894,0,7300,730,0,8030,福岡支店,レンタル法人,60,新規,12ヶ月以上
B23019040,29,2026/1/31,11894,0,7300,730,0,8030,福岡支店,レンタル法人,60,新規,12ヶ月以上
B23019040,30,2026/2/28,11894,0,7300,730,0,8030,福岡支店,レンタル法人,60,新規,12ヶ月以上
B23019040,31,2026/3/31,11894,0,7300,730,0,8030,福岡支店,レンタル法人,60,新規,12ヶ月以上
B23019040,32,2026/4/30,11894,0,7300,730,0,8030,福岡支店,レンタル法人,60,新規,12ヶ月以上
B23019040,33,2026/5/31,11894,0,7300,730,0,8030,福岡支店,レンタル法人,60,新規,12ヶ月以上
B23019040,34,2026/6/30,11894,0,7300,730,0,8030,福岡支店,レンタル法人,60,新規,12ヶ月以上
B23019040,35,2026/7/31,11894,0,7300,730,0,8030,福岡支店,レンタル法人,60,新規,12ヶ月以上
B23019040,36,2026/8/31,11894,0,7300,730,0,8030,福岡支店,レンタル法人,60,新規,12ヶ月以上
B23019444,25,2025/9/30,12987,0,9100,910,0,10010,福岡支店,レンタル法人,60,新規,12ヶ月以上
B23019444,26,2025/10/31,12987,0,9100,910,0,10010,福岡支店,レンタル法人,60,新規,12ヶ月以上
B23019444,27,2025/11/30,12987,0,9100,910,0,10010,福岡支店,レンタル法人,60,新規,12ヶ月以上
B23019444,28,2025/12/31,12987,0,9100,910,0,10010,福岡支店,レンタル法人,60,新規,12ヶ月以上
B23019444,29,2026/1/31,12987,0,9100,910,0,10010,福岡支店,レンタル法人,60,新規,12ヶ月以上
B23019444,30,2026/2/28,12987,0,9100,910,0,10010,福岡支店,レンタル法人,60,新規,12ヶ月以上
B23019444,31,2026/3/31,12987,0,9100,910,0,10010,福岡支店,レンタル法人,60,新規,12ヶ月以上
B23019444,32,2026/4/30,12987,0,9100,910,0,10010,福岡支店,レンタル法人,60,新規,12ヶ月以上
B23019444,33,2026/5/31,12987,0,9100,910,0,10010,福岡支店,レンタル法人,60,新規,12ヶ月以上
B23019444,34,2026/6/30,12987,0,9100,910,0,10010,福岡支店,レンタル法人,60,新規,12ヶ月以上
B23019444,35,2026/7/31,12987,0,9100,910,0,10010,福岡支店,レンタル法人,60,新規,12ヶ月以上
B23019444,36,2026/8/31,12987,0,9100,910,0,10010,福岡支店,レンタル法人,60,新規,12ヶ月以上
B23019472,25,2025/9/30,9800,0,7272,727,0,7999,福岡支店,レンタル法人,36,新規,12ヶ月以上
B23019472,26,2025/10/31,9800,0,7272,727,0,7999,福岡支店,レンタル法人,36,新規,12ヶ月以上
B23019472,27,2025/11/30,9800,0,7272,727,0,7999,福岡支店,レンタル法人,36,新規,12ヶ月以上
B23019472,28,2025/12/31,9800,0,7272,727,0,7999,福岡支店,レンタル法人,36,新規,12ヶ月以上
B23019472,29,2026/1/31,9800,0,7272,727,0,7999,福岡支店,レンタル法人,36,新規,12ヶ月以上
B23019472,30,2026/2/28,9800,0,7272,727,0,7999,福岡支店,レンタル法人,36,新規,12ヶ月以上
B23019472,31,2026/3/31,9800,0,7272,727,0,7999,福岡支店,レンタル法人,36,新規,12ヶ月以上
B23019472,32,2026/4/30,9800,0,7272,727,0,7999,福岡支店,レンタル法人,36,新規,12ヶ月以上
B23019472,33,2026/5/31,9800,0,7272,727,0,7999,福岡支店,レンタル法人,36,新規,12ヶ月以上
B23019472,34,2026/6/30,9800,0,7272,727,0,7999,福岡支店,レンタル法人,36,新規,12ヶ月以上
B23019472,35,2026/7/31,9800,0,7272,727,0,7999,福岡支店,レンタル法人,36,新規,12ヶ月以上
B23019472,36,2026/8/31,9800,0,7272,727,0,7999,福岡支店,レンタル法人,36,新規,12ヶ月以上
B23019820,25,2025/9/30,13824,0,12940,1294,0,14234,福岡支店,レンタル法人,60,新規,12ヶ月以上
B23019820,26,2025/10/31,13824,0,12940,1294,0,14234,福岡支店,レンタル法人,60,新規,12ヶ月以上
B23019820,27,2025/11/30,13824,0,12940,1294,0,14234,福岡支店,レンタル法人,60,新規,12ヶ月以上
B23019820,28,2025/12/31,13824,0,12940,1294,0,14234,福岡支店,レンタル法人,60,新規,12ヶ月以上
B23019820,29,2026/1/31,13824,0,12940,1294,0,14234,福岡支店,レンタル法人,60,新規,12ヶ月以上
B23019820,30,2026/2/28,13824,0,12940,1294,0,14234,福岡支店,レンタル法人,60,新規,12ヶ月以上
B23019820,31,2026/3/31,13824,0,12940,1294,0,14234,福岡支店,レンタル法人,60,新規,12ヶ月以上
B23019820,32,2026/4/30,13824,0,12940,1294,0,14234,福岡支店,レンタル法人,60,新規,12ヶ月以上
B23019820,33,2026/5/31,13824,0,12940,1294,0,14234,福岡支店,レンタル法人,60,新規,12ヶ月以上
B23019820,34,2026/6/30,13824,0,12940,1294,0,14234,福岡支店,レンタル法人,60,新規,12ヶ月以上
B23019820,35,2026/7/31,13824,0,12940,1294,0,14234,福岡支店,レンタル法人,60,新規,12ヶ月以上
B23019820,36,2026/8/31,13824,0,12940,1294,0,14234,福岡支店,レンタル法人,60,新規,12ヶ月以上
B23019832,25,2025/9/30,12556,0,17450,1745,0,19195,福岡支店,レンタル法人,60,新規,12ヶ月以上
B23019832,26,2025/10/31,12556,0,17450,1745,0,19195,福岡支店,レンタル法人,60,新規,12ヶ月以上
B23019832,27,2025/11/30,12556,0,17450,1745,0,19195,福岡支店,レンタル法人,60,新規,12ヶ月以上
B23019832,28,2025/12/31,12556,0,17450,1745,0,19195,福岡支店,レンタル法人,60,新規,12ヶ月以上
B23019832,29,2026/1/31,12556,0,17450,1745,0,19195,福岡支店,レンタル法人,60,新規,12ヶ月以上
B23019832,30,2026/2/28,12556,0,17450,1745,0,19195,福岡支店,レンタル法人,60,新規,12ヶ月以上
B23019832,31,2026/3/31,12556,0,17450,1745,0,19195,福岡支店,レンタル法人,60,新規,12ヶ月以上
B23019832,32,2026/4/30,12556,0,17450,1745,0,19195,福岡支店,レンタル法人,60,新規,12ヶ月以上
B23019832,33,2026/5/31,12556,0,17450,1745,0,19195,福岡支店,レンタル法人,60,新規,12ヶ月以上
B23019832,34,2026/6/30,12556,0,17450,1745,0,19195,福岡支店,レンタル法人,60,新規,12ヶ月以上
B23019832,35,2026/7/31,12556,0,17450,1745,0,19195,福岡支店,レンタル法人,60,新規,12ヶ月以上
B23019832,36,2026/8/31,12556,0,17450,1745,0,19195,福岡支店,レンタル法人,60,新規,12ヶ月以上
B23019838,24,2025/9/30,12556,0,17450,1745,0,19195,福岡支店,レンタル法人,60,新規,12ヶ月以上
B23019838,25,2025/10/31,12556,0,17450,1745,0,19195,福岡支店,レンタル法人,60,新規,12ヶ月以上
B23019838,26,2025/11/30,12556,0,17450,1745,0,19195,福岡支店,レンタル法人,60,新規,12ヶ月以上
B23019838,27,2025/12/31,12556,0,17450,1745,0,19195,福岡支店,レンタル法人,60,新規,12ヶ月以上
B23019838,28,2026/1/31,12556,0,17450,1745,0,19195,福岡支店,レンタル法人,60,新規,12ヶ月以上
B23019838,29,2026/2/28,12556,0,17450,1745,0,19195,福岡支店,レンタル法人,60,新規,12ヶ月以上
B23019838,30,2026/3/31,12556,0,17450,1745,0,19195,福岡支店,レンタル法人,60,新規,12ヶ月以上
B23019838,31,2026/4/30,12556,0,17450,1745,0,19195,福岡支店,レンタル法人,60,新規,12ヶ月以上
B23019838,32,2026/5/31,12556,0,17450,1745,0,19195,福岡支店,レンタル法人,60,新規,12ヶ月以上
B23019838,33,2026/6/30,12556,0,17450,1745,0,19195,福岡支店,レンタル法人,60,新規,12ヶ月以上
B23019838,34,2026/7/31,12556,0,17450,1745,0,19195,福岡支店,レンタル法人,60,新規,12ヶ月以上
B23019838,35,2026/8/31,12556,0,17450,1745,0,19195,福岡支店,レンタル法人,60,新規,12ヶ月以上
B23020196,24,2025/9/30,11578,0,36960,3696,0,40656,福岡支店,レンタル法人,48,新規,12ヶ月以上
B23020196,25,2025/10/31,11578,0,36960,3696,0,40656,福岡支店,レンタル法人,48,新規,12ヶ月以上
B23020196,26,2025/11/30,11578,0,36960,3696,0,40656,福岡支店,レンタル法人,48,新規,12ヶ月以上
B23020196,27,2025/12/31,11578,0,36960,3696,0,40656,福岡支店,レンタル法人,48,新規,12ヶ月以上
B23020196,28,2026/1/31,11578,0,36960,3696,0,40656,福岡支店,レンタル法人,48,新規,12ヶ月以上
B23020196,29,2026/2/28,11578,0,36960,3696,0,40656,福岡支店,レンタル法人,48,新規,12ヶ月以上
B23020196,30,2026/3/31,11578,0,36960,3696,0,40656,福岡支店,レンタル法人,48,新規,12ヶ月以上
B23020196,31,2026/4/30,11578,0,36960,3696,0,40656,福岡支店,レンタル法人,48,新規,12ヶ月以上
B23020196,32,2026/5/31,11578,0,36960,3696,0,40656,福岡支店,レンタル法人,48,新規,12ヶ月以上
B23020196,33,2026/6/30,11578,0,36960,3696,0,40656,福岡支店,レンタル法人,48,新規,12ヶ月以上
B23020196,34,2026/7/31,11578,0,36960,3696,0,40656,福岡支店,レンタル法人,48,新規,12ヶ月以上
B23020196,35,2026/8/31,11578,0,36960,3696,0,40656,福岡支店,レンタル法人,48,新規,12ヶ月以上
B23020197,23,2025/9/30,11578,0,21560,2156,0,23716,福岡支店,レンタル法人,48,新規,12ヶ月以上
B23020197,24,2025/10/31,11578,0,21560,2156,0,23716,福岡支店,レンタル法人,48,新規,12ヶ月以上
B23020197,25,2025/11/30,11578,0,21560,2156,0,23716,福岡支店,レンタル法人,48,新規,12ヶ月以上
B23020197,26,2025/12/31,11578,0,21560,2156,0,23716,福岡支店,レンタル法人,48,新規,12ヶ月以上
B23020197,27,2026/1/31,11578,0,21560,2156,0,23716,福岡支店,レンタル法人,48,新規,12ヶ月以上
B23020197,28,2026/2/28,11578,0,21560,2156,0,23716,福岡支店,レンタル法人,48,新規,12ヶ月以上
B23020197,29,2026/3/31,11578,0,21560,2156,0,23716,福岡支店,レンタル法人,48,新規,12ヶ月以上
B23020197,30,2026/4/30,11578,0,21560,2156,0,23716,福岡支店,レンタル法人,48,新規,12ヶ月以上
B23020197,31,2026/5/31,11578,0,21560,2156,0,23716,福岡支店,レンタル法人,48,新規,12ヶ月以上
B23020197,32,2026/6/30,11578,0,21560,2156,0,23716,福岡支店,レンタル法人,48,新規,12ヶ月以上
B23020197,33,2026/7/31,11578,0,21560,2156,0,23716,福岡支店,レンタル法人,48,新規,12ヶ月以上
B23020197,34,2026/8/31,11578,0,21560,2156,0,23716,福岡支店,レンタル法人,48,新規,12ヶ月以上
B23020264,25,2025/9/30,13915,0,28146,2814,0,30960,福岡支店,レンタル法人,60,新規,12ヶ月以上
B23020264,26,2025/10/31,13915,0,28146,2814,0,30960,福岡支店,レンタル法人,60,新規,12ヶ月以上
B23020264,27,2025/11/30,13915,0,28146,2814,0,30960,福岡支店,レンタル法人,60,新規,12ヶ月以上
B23020264,28,2025/12/31,13915,0,28146,2814,0,30960,福岡支店,レンタル法人,60,新規,12ヶ月以上
B23020264,29,2026/1/31,13915,0,28146,2814,0,30960,福岡支店,レンタル法人,60,新規,12ヶ月以上
B23020264,30,2026/2/28,13915,0,28146,2814,0,30960,福岡支店,レンタル法人,60,新規,12ヶ月以上
B23020264,31,2026/3/31,13915,0,28146,2814,0,30960,福岡支店,レンタル法人,60,新規,12ヶ月以上
B23020264,32,2026/4/30,13915,0,28146,2814,0,30960,福岡支店,レンタル法人,60,新規,12ヶ月以上
B23020264,33,2026/5/31,13915,0,28146,2814,0,30960,福岡支店,レンタル法人,60,新規,12ヶ月以上
B23020264,34,2026/6/30,13915,0,28146,2814,0,30960,福岡支店,レンタル法人,60,新規,12ヶ月以上
B23020264,35,2026/7/31,13915,0,28146,2814,0,30960,福岡支店,レンタル法人,60,新規,12ヶ月以上
B23020264,36,2026/8/31,13915,0,28146,2814,0,30960,福岡支店,レンタル法人,60,新規,12ヶ月以上
B23020315,25,2025/9/30,12705,0,3960,396,0,4356,福岡支店,レンタル法人,60,新規,12ヶ月以上
B23020315,26,2025/10/31,12705,0,3960,396,0,4356,福岡支店,レンタル法人,60,新規,12ヶ月以上
B23020315,27,2025/11/30,12705,0,3960,396,0,4356,福岡支店,レンタル法人,60,新規,12ヶ月以上
B23020315,28,2025/12/31,12705,0,3960,396,0,4356,福岡支店,レンタル法人,60,新規,12ヶ月以上
B23020315,29,2026/1/31,12705,0,3960,396,0,4356,福岡支店,レンタル法人,60,新規,12ヶ月以上
B23020315,30,2026/2/28,12705,0,3960,396,0,4356,福岡支店,レンタル法人,60,新規,12ヶ月以上
B23020315,31,2026/3/31,12705,0,3960,396,0,4356,福岡支店,レンタル法人,60,新規,12ヶ月以上
B23020315,32,2026/4/30,12705,0,3960,396,0,4356,福岡支店,レンタル法人,60,新規,12ヶ月以上
B23020315,33,2026/5/31,12705,0,3960,396,0,4356,福岡支店,レンタル法人,60,新規,12ヶ月以上
B23020315,34,2026/6/30,12705,0,3960,396,0,4356,福岡支店,レンタル法人,60,新規,12ヶ月以上
B23020315,35,2026/7/31,12705,0,3960,396,0,4356,福岡支店,レンタル法人,60,新規,12ヶ月以上
B23020315,36,2026/8/31,12705,0,3960,396,0,4356,福岡支店,レンタル法人,60,新規,12ヶ月以上
B23020526,24,2025/9/30,13950,0,17808,1780,0,19588,福岡支店,レンタル法人,60,新規,12ヶ月以上
B23020526,25,2025/10/31,13950,0,17808,1780,0,19588,福岡支店,レンタル法人,60,新規,12ヶ月以上
B23020526,26,2025/11/30,13950,0,17808,1780,0,19588,福岡支店,レンタル法人,60,新規,12ヶ月以上
B23020526,27,2025/12/31,13950,0,17808,1780,0,19588,福岡支店,レンタル法人,60,新規,12ヶ月以上
B23020526,28,2026/1/31,13950,0,17808,1780,0,19588,福岡支店,レンタル法人,60,新規,12ヶ月以上
B23020526,29,2026/2/28,13950,0,17808,1780,0,19588,福岡支店,レンタル法人,60,新規,12ヶ月以上
B23020526,30,2026/3/31,13950,0,17808,1780,0,19588,福岡支店,レンタル法人,60,新規,12ヶ月以上
B23020526,31,2026/4/30,13950,0,17808,1780,0,19588,福岡支店,レンタル法人,60,新規,12ヶ月以上
B23020526,32,2026/5/31,13950,0,17808,1780,0,19588,福岡支店,レンタル法人,60,新規,12ヶ月以上
B23020526,33,2026/6/30,13950,0,17808,1780,0,19588,福岡支店,レンタル法人,60,新規,12ヶ月以上
B23020526,34,2026/7/31,13950,0,17808,1780,0,19588,福岡支店,レンタル法人,60,新規,12ヶ月以上
B23020526,35,2026/8/31,13950,0,17808,1780,0,19588,福岡支店,レンタル法人,60,新規,12ヶ月以上
B23020667,25,2025/9/30,11771,0,11660,1166,0,12826,福岡支店,レンタル法人,36,新規,12ヶ月以上
B23020667,26,2025/10/31,11771,0,11660,1166,0,12826,福岡支店,レンタル法人,36,新規,12ヶ月以上
B23020667,27,2025/11/30,11771,0,11660,1166,0,12826,福岡支店,レンタル法人,36,新規,12ヶ月以上
B23020667,28,2025/12/31,11771,0,11660,1166,0,12826,福岡支店,レンタル法人,36,新規,12ヶ月以上
B23020667,29,2026/1/31,11771,0,11660,1166,0,12826,福岡支店,レンタル法人,36,新規,12ヶ月以上
B23020667,30,2026/2/28,11771,0,11660,1166,0,12826,福岡支店,レンタル法人,36,新規,12ヶ月以上
B23020667,31,2026/3/31,11771,0,11660,1166,0,12826,福岡支店,レンタル法人,36,新規,12ヶ月以上
B23020667,32,2026/4/30,11771,0,11660,1166,0,12826,福岡支店,レンタル法人,36,新規,12ヶ月以上
B23020667,33,2026/5/31,11771,0,11660,1166,0,12826,福岡支店,レンタル法人,36,新規,12ヶ月以上
B23020667,34,2026/6/30,11771,0,11660,1166,0,12826,福岡支店,レンタル法人,36,新規,12ヶ月以上
B23020667,35,2026/7/31,11771,0,11660,1166,0,12826,福岡支店,レンタル法人,36,新規,12ヶ月以上
B23020667,36,2026/8/31,11771,0,11660,1166,0,12826,福岡支店,レンタル法人,36,新規,12ヶ月以上
B23020937,24,2025/9/30,13977,0,20090,2009,0,22099,福岡支店,レンタル法人,60,新規,12ヶ月以上
B23020937,25,2025/10/31,13977,0,20090,2009,0,22099,福岡支店,レンタル法人,60,新規,12ヶ月以上
B23020937,26,2025/11/30,13977,0,20090,2009,0,22099,福岡支店,レンタル法人,60,新規,12ヶ月以上
B23020937,27,2025/12/31,13977,0,20090,2009,0,22099,福岡支店,レンタル法人,60,新規,12ヶ月以上
B23020937,28,2026/1/31,13977,0,20090,2009,0,22099,福岡支店,レンタル法人,60,新規,12ヶ月以上
B23020937,29,2026/2/28,13977,0,20090,2009,0,22099,福岡支店,レンタル法人,60,新規,12ヶ月以上
B23020937,30,2026/3/31,13977,0,20090,2009,0,22099,福岡支店,レンタル法人,60,新規,12ヶ月以上
B23020937,31,2026/4/30,13977,0,20090,2009,0,22099,福岡支店,レンタル法人,60,新規,12ヶ月以上
B23020937,32,2026/5/31,13977,0,20090,2009,0,22099,福岡支店,レンタル法人,60,新規,12ヶ月以上
B23020937,33,2026/6/30,13977,0,20090,2009,0,22099,福岡支店,レンタル法人,60,新規,12ヶ月以上
B23020937,34,2026/7/31,13977,0,20090,2009,0,22099,福岡支店,レンタル法人,60,新規,12ヶ月以上
B23020937,35,2026/8/31,13977,0,20090,2009,0,22099,福岡支店,レンタル法人,60,新規,12ヶ月以上
B23022146,24,2025/9/30,14073,0,85200,8520,0,93720,福岡支店,レンタル法人,36,新規,12ヶ月以上
B23022146,25,2025/10/31,14073,0,85200,8520,0,93720,福岡支店,レンタル法人,36,新規,12ヶ月以上
B23022146,26,2025/11/30,14073,0,85200,8520,0,93720,福岡支店,レンタル法人,36,新規,12ヶ月以上
B23022146,27,2025/12/31,14073,0,85200,8520,0,93720,福岡支店,レンタル法人,36,新規,12ヶ月以上
B23022146,28,2026/1/31,14073,0,85200,8520,0,93720,福岡支店,レンタル法人,36,新規,12ヶ月以上
B23022146,29,2026/2/28,14073,0,85200,8520,0,93720,福岡支店,レンタル法人,36,新規,12ヶ月以上
B23022146,30,2026/3/31,14073,0,85200,8520,0,93720,福岡支店,レンタル法人,36,新規,12ヶ月以上
B23022146,31,2026/4/30,14073,0,85200,8520,0,93720,福岡支店,レンタル法人,36,新規,12ヶ月以上
B23022146,32,2026/5/31,14073,0,85200,8520,0,93720,福岡支店,レンタル法人,36,新規,12ヶ月以上
B23022146,33,2026/6/30,14073,0,85200,8520,0,93720,福岡支店,レンタル法人,36,新規,12ヶ月以上
B23022146,34,2026/7/31,14073,0,85200,8520,0,93720,福岡支店,レンタル法人,36,新規,12ヶ月以上
B23022146,35,2026/8/31,14073,0,85200,8520,0,93720,福岡支店,レンタル法人,36,新規,12ヶ月以上
B23022328,24,2025/9/30,14099,0,4960,496,0,5456,福岡支店,レンタル法人,60,新規,12ヶ月以上
B23022328,25,2025/10/31,14099,0,4960,496,0,5456,福岡支店,レンタル法人,60,新規,12ヶ月以上
B23022328,26,2025/11/30,14099,0,4960,496,0,5456,福岡支店,レンタル法人,60,新規,12ヶ月以上
B23022328,27,2025/12/31,14099,0,4960,496,0,5456,福岡支店,レンタル法人,60,新規,12ヶ月以上
B23022328,28,2026/1/31,14099,0,4960,496,0,5456,福岡支店,レンタル法人,60,新規,12ヶ月以上
B23022328,29,2026/2/28,14099,0,4960,496,0,5456,福岡支店,レンタル法人,60,新規,12ヶ月以上
B23022328,30,2026/3/31,14099,0,4960,496,0,5456,福岡支店,レンタル法人,60,新規,12ヶ月以上
B23022328,31,2026/4/30,14099,0,4960,496,0,5456,福岡支店,レンタル法人,60,新規,12ヶ月以上
B23022328,32,2026/5/31,14099,0,4960,496,0,5456,福岡支店,レンタル法人,60,新規,12ヶ月以上
B23022328,33,2026/6/30,14099,0,4960,496,0,5456,福岡支店,レンタル法人,60,新規,12ヶ月以上
B23022328,34,2026/7/31,14099,0,4960,496,0,5456,福岡支店,レンタル法人,60,新規,12ヶ月以上
B23022328,35,2026/8/31,14099,0,4960,496,0,5456,福岡支店,レンタル法人,60,新規,12ヶ月以上
B23022492,23,2025/9/30,14113,0,9070,907,0,9977,福岡支店,レンタル法人,60,新規,12ヶ月以上
B23022492,24,2025/10/31,14113,0,9070,907,0,9977,福岡支店,レンタル法人,60,新規,12ヶ月以上
B23022492,25,2025/11/30,14113,0,9070,907,0,9977,福岡支店,レンタル法人,60,新規,12ヶ月以上
B23022492,26,2025/12/31,14113,0,9070,907,0,9977,福岡支店,レンタル法人,60,新規,12ヶ月以上
B23022492,27,2026/1/31,14113,0,9070,907,0,9977,福岡支店,レンタル法人,60,新規,12ヶ月以上
B23022492,28,2026/2/28,14113,0,9070,907,0,9977,福岡支店,レンタル法人,60,新規,12ヶ月以上
B23022492,29,2026/3/31,14113,0,9070,907,0,9977,福岡支店,レンタル法人,60,新規,12ヶ月以上
B23022492,30,2026/4/30,14113,0,9070,907,0,9977,福岡支店,レンタル法人,60,新規,12ヶ月以上
B23022492,31,2026/5/31,14113,0,9070,907,0,9977,福岡支店,レンタル法人,60,新規,12ヶ月以上
B23022492,32,2026/6/30,14113,0,9070,907,0,9977,福岡支店,レンタル法人,60,新規,12ヶ月以上
B23022492,33,2026/7/31,14113,0,9070,907,0,9977,福岡支店,レンタル法人,60,新規,12ヶ月以上
B23022492,34,2026/8/31,14113,0,9070,907,0,9977,福岡支店,レンタル法人,60,新規,12ヶ月以上
B23022493,24,2025/9/30,14098,0,8800,880,0,9680,福岡支店,レンタル法人,24,新規,12ヶ月以上
B23022682,24,2025/9/30,2134,0,1800,180,0,1980,福岡支店,レンタル法人,36,新規,12ヶ月以上
B23022682,25,2025/10/31,2134,0,1800,180,0,1980,福岡支店,レンタル法人,36,新規,12ヶ月以上
B23022682,26,2025/11/30,2134,0,1800,180,0,1980,福岡支店,レンタル法人,36,新規,12ヶ月以上
B23022682,27,2025/12/31,2134,0,1800,180,0,1980,福岡支店,レンタル法人,36,新規,12ヶ月以上
B23022682,28,2026/1/31,2134,0,1800,180,0,1980,福岡支店,レンタル法人,36,新規,12ヶ月以上
B23022682,29,2026/2/28,2134,0,1800,180,0,1980,福岡支店,レンタル法人,36,新規,12ヶ月以上
B23022682,30,2026/3/31,2134,0,1800,180,0,1980,福岡支店,レンタル法人,36,新規,12ヶ月以上
B23022682,31,2026/4/30,2134,0,1800,180,0,1980,福岡支店,レンタル法人,36,新規,12ヶ月以上
B23022682,32,2026/5/31,2134,0,1800,180,0,1980,福岡支店,レンタル法人,36,新規,12ヶ月以上
B23022682,33,2026/6/30,2134,0,1800,180,0,1980,福岡支店,レンタル法人,36,新規,12ヶ月以上
B23022682,34,2026/7/31,2134,0,1800,180,0,1980,福岡支店,レンタル法人,36,新規,12ヶ月以上
B23022682,35,2026/8/31,2134,0,1800,180,0,1980,福岡支店,レンタル法人,36,新規,12ヶ月以上
B23022987,24,2025/9/30,14145,0,450,45,0,495,福岡支店,レンタル法人,36,新規,12ヶ月以上
B23022987,25,2025/10/31,14145,0,450,45,0,495,福岡支店,レンタル法人,36,新規,12ヶ月以上
B23022987,26,2025/11/30,14145,0,450,45,0,495,福岡支店,レンタル法人,36,新規,12ヶ月以上
B23022987,27,2025/12/31,14145,0,450,45,0,495,福岡支店,レンタル法人,36,新規,12ヶ月以上
B23022987,28,2026/1/31,14145,0,450,45,0,495,福岡支店,レンタル法人,36,新規,12ヶ月以上
B23022987,29,2026/2/28,14145,0,450,45,0,495,福岡支店,レンタル法人,36,新規,12ヶ月以上
B23022987,30,2026/3/31,14145,0,450,45,0,495,福岡支店,レンタル法人,36,新規,12ヶ月以上
B23022987,31,2026/4/30,14145,0,450,45,0,495,福岡支店,レンタル法人,36,新規,12ヶ月以上
B23022987,32,2026/5/31,14145,0,450,45,0,495,福岡支店,レンタル法人,36,新規,12ヶ月以上
B23022987,33,2026/6/30,14145,0,450,45,0,495,福岡支店,レンタル法人,36,新規,12ヶ月以上
B23022987,34,2026/7/31,14145,0,450,45,0,495,福岡支店,レンタル法人,36,新規,12ヶ月以上
B23022987,35,2026/8/31,14145,0,450,45,0,495,福岡支店,レンタル法人,36,新規,12ヶ月以上
B23023123,23,2025/9/30,10191,0,2600,260,0,2860,福岡支店,レンタル法人,41,新規,12ヶ月以上
B23023123,24,2025/10/31,10191,0,2600,260,0,2860,福岡支店,レンタル法人,41,新規,12ヶ月以上
B23023123,25,2025/11/30,10191,0,2600,260,0,2860,福岡支店,レンタル法人,41,新規,12ヶ月以上
B23023123,26,2025/12/31,10191,0,2600,260,0,2860,福岡支店,レンタル法人,41,新規,12ヶ月以上
B23023123,27,2026/1/31,10191,0,2600,260,0,2860,福岡支店,レンタル法人,41,新規,12ヶ月以上
B23023123,28,2026/2/28,10191,0,2600,260,0,2860,福岡支店,レンタル法人,41,新規,12ヶ月以上
B23023123,29,2026/3/31,10191,0,2600,260,0,2860,福岡支店,レンタル法人,41,新規,12ヶ月以上
B23023123,30,2026/4/30,10191,0,2600,260,0,2860,福岡支店,レンタル法人,41,新規,12ヶ月以上
B23023123,31,2026/5/31,10191,0,2600,260,0,2860,福岡支店,レンタル法人,41,新規,12ヶ月以上
B23023123,32,2026/6/30,10191,0,2600,260,0,2860,福岡支店,レンタル法人,41,新規,12ヶ月以上
B23023123,33,2026/7/31,10191,0,2600,260,0,2860,福岡支店,レンタル法人,41,新規,12ヶ月以上
B23023123,34,2026/8/31,10191,0,2600,260,0,2860,福岡支店,レンタル法人,41,新規,12ヶ月以上
B23023286,24,2025/9/30,11894,0,16250,1625,0,17875,福岡支店,レンタル法人,60,新規,12ヶ月以上
B23023286,25,2025/10/31,11894,0,16250,1625,0,17875,福岡支店,レンタル法人,60,新規,12ヶ月以上
B23023286,26,2025/11/30,11894,0,16250,1625,0,17875,福岡支店,レンタル法人,60,新規,12ヶ月以上
B23023286,27,2025/12/31,11894,0,16250,1625,0,17875,福岡支店,レンタル法人,60,新規,12ヶ月以上
B23023286,28,2026/1/31,11894,0,16250,1625,0,17875,福岡支店,レンタル法人,60,新規,12ヶ月以上
B23023286,29,2026/2/28,11894,0,16250,1625,0,17875,福岡支店,レンタル法人,60,新規,12ヶ月以上
B23023286,30,2026/3/31,11894,0,16250,1625,0,17875,福岡支店,レンタル法人,60,新規,12ヶ月以上
B23023286,31,2026/4/30,11894,0,16250,1625,0,17875,福岡支店,レンタル法人,60,新規,12ヶ月以上
B23023286,32,2026/5/31,11894,0,16250,1625,0,17875,福岡支店,レンタル法人,60,新規,12ヶ月以上
B23023286,33,2026/6/30,11894,0,16250,1625,0,17875,福岡支店,レンタル法人,60,新規,12ヶ月以上
B23023286,34,2026/7/31,11894,0,16250,1625,0,17875,福岡支店,レンタル法人,60,新規,12ヶ月以上
B23023286,35,2026/8/31,11894,0,16250,1625,0,17875,福岡支店,レンタル法人,60,新規,12ヶ月以上
B23023287,24,2025/9/30,11894,0,16250,1625,0,17875,福岡支店,レンタル法人,60,新規,12ヶ月以上
B23023287,25,2025/10/31,11894,0,16250,1625,0,17875,福岡支店,レンタル法人,60,新規,12ヶ月以上
B23023287,26,2025/11/30,11894,0,16250,1625,0,17875,福岡支店,レンタル法人,60,新規,12ヶ月以上
B23023287,27,2025/12/31,11894,0,16250,1625,0,17875,福岡支店,レンタル法人,60,新規,12ヶ月以上
B23023287,28,2026/1/31,11894,0,16250,1625,0,17875,福岡支店,レンタル法人,60,新規,12ヶ月以上
B23023287,29,2026/2/28,11894,0,16250,1625,0,17875,福岡支店,レンタル法人,60,新規,12ヶ月以上
B23023287,30,2026/3/31,11894,0,16250,1625,0,17875,福岡支店,レンタル法人,60,新規,12ヶ月以上
B23023287,31,2026/4/30,11894,0,16250,1625,0,17875,福岡支店,レンタル法人,60,新規,12ヶ月以上
B23023287,32,2026/5/31,11894,0,16250,1625,0,17875,福岡支店,レンタル法人,60,新規,12ヶ月以上
B23023287,33,2026/6/30,11894,0,16250,1625,0,17875,福岡支店,レンタル法人,60,新規,12ヶ月以上
B23023287,34,2026/7/31,11894,0,16250,1625,0,17875,福岡支店,レンタル法人,60,新規,12ヶ月以上
B23023287,35,2026/8/31,11894,0,16250,1625,0,17875,福岡支店,レンタル法人,60,新規,12ヶ月以上
B23023443,23,2025/9/30,12402,0,4260,426,0,4686,福岡支店,レンタル法人,60,新規,12ヶ月以上
B23023443,24,2025/10/31,12402,0,4260,426,0,4686,福岡支店,レンタル法人,60,新規,12ヶ月以上
B23023443,25,2025/11/30,12402,0,4260,426,0,4686,福岡支店,レンタル法人,60,新規,12ヶ月以上
B23023443,26,2025/12/31,12402,0,4260,426,0,4686,福岡支店,レンタル法人,60,新規,12ヶ月以上
B23023443,27,2026/1/31,12402,0,4260,426,0,4686,福岡支店,レンタル法人,60,新規,12ヶ月以上
B23023443,28,2026/2/28,12402,0,4260,426,0,4686,福岡支店,レンタル法人,60,新規,12ヶ月以上
B23023443,29,2026/3/31,12402,0,4260,426,0,4686,福岡支店,レンタル法人,60,新規,12ヶ月以上
B23023443,30,2026/4/30,12402,0,4260,426,0,4686,福岡支店,レンタル法人,60,新規,12ヶ月以上
B23023443,31,2026/5/31,12402,0,4260,426,0,4686,福岡支店,レンタル法人,60,新規,12ヶ月以上
B23023443,32,2026/6/30,12402,0,4260,426,0,4686,福岡支店,レンタル法人,60,新規,12ヶ月以上
B23023443,33,2026/7/31,12402,0,4260,426,0,4686,福岡支店,レンタル法人,60,新規,12ヶ月以上
B23023443,34,2026/8/31,12402,0,4260,426,0,4686,福岡支店,レンタル法人,60,新規,12ヶ月以上
B23023444,23,2025/9/30,14171,0,3800,380,0,4180,福岡支店,レンタル法人,36,新規,12ヶ月以上
B23023444,24,2025/10/31,14171,0,3800,380,0,4180,福岡支店,レンタル法人,36,新規,12ヶ月以上
B23023444,25,2025/11/30,14171,0,3800,380,0,4180,福岡支店,レンタル法人,36,新規,12ヶ月以上
B23023444,26,2025/12/31,14171,0,3800,380,0,4180,福岡支店,レンタル法人,36,新規,12ヶ月以上
B23023444,27,2026/1/31,14171,0,3800,380,0,4180,福岡支店,レンタル法人,36,新規,12ヶ月以上
B23023444,28,2026/2/28,14171,0,3800,380,0,4180,福岡支店,レンタル法人,36,新規,12ヶ月以上
B23023444,29,2026/3/31,14171,0,3800,380,0,4180,福岡支店,レンタル法人,36,新規,12ヶ月以上
B23023444,30,2026/4/30,14171,0,3800,380,0,4180,福岡支店,レンタル法人,36,新規,12ヶ月以上
B23023444,31,2026/5/31,14171,0,3800,380,0,4180,福岡支店,レンタル法人,36,新規,12ヶ月以上
B23023444,32,2026/6/30,14171,0,3800,380,0,4180,福岡支店,レンタル法人,36,新規,12ヶ月以上
B23023444,33,2026/7/31,14171,0,3800,380,0,4180,福岡支店,レンタル法人,36,新規,12ヶ月以上
B23023444,34,2026/8/31,14171,0,3800,380,0,4180,福岡支店,レンタル法人,36,新規,12ヶ月以上
B23023613,23,2025/9/30,14179,0,17000,1700,0,18700,福岡支店,レンタル法人,60,新規,12ヶ月以上
B23023613,24,2025/10/31,14179,0,17000,1700,0,18700,福岡支店,レンタル法人,60,新規,12ヶ月以上
B23023613,25,2025/11/30,14179,0,17000,1700,0,18700,福岡支店,レンタル法人,60,新規,12ヶ月以上
B23023613,26,2025/12/31,14179,0,17000,1700,0,18700,福岡支店,レンタル法人,60,新規,12ヶ月以上
B23023613,27,2026/1/31,14179,0,17000,1700,0,18700,福岡支店,レンタル法人,60,新規,12ヶ月以上
B23023613,28,2026/2/28,14179,0,17000,1700,0,18700,福岡支店,レンタル法人,60,新規,12ヶ月以上
B23023613,29,2026/3/31,14179,0,17000,1700,0,18700,福岡支店,レンタル法人,60,新規,12ヶ月以上
B23023613,30,2026/4/30,14179,0,17000,1700,0,18700,福岡支店,レンタル法人,60,新規,12ヶ月以上
B23023613,31,2026/5/31,14179,0,17000,1700,0,18700,福岡支店,レンタル法人,60,新規,12ヶ月以上
B23023613,32,2026/6/30,14179,0,17000,1700,0,18700,福岡支店,レンタル法人,60,新規,12ヶ月以上
B23023613,33,2026/7/31,14179,0,17000,1700,0,18700,福岡支店,レンタル法人,60,新規,12ヶ月以上
B23023613,34,2026/8/31,14179,0,17000,1700,0,18700,福岡支店,レンタル法人,60,新規,12ヶ月以上
B23024219,23,2025/9/30,11894,0,14250,1425,0,15675,福岡支店,レンタル法人,60,新規,12ヶ月以上
B23024219,24,2025/10/31,11894,0,14250,1425,0,15675,福岡支店,レンタル法人,60,新規,12ヶ月以上
B23024219,25,2025/11/30,11894,0,14250,1425,0,15675,福岡支店,レンタル法人,60,新規,12ヶ月以上
B23024219,26,2025/12/31,11894,0,14250,1425,0,15675,福岡支店,レンタル法人,60,新規,12ヶ月以上
B23024219,27,2026/1/31,11894,0,14250,1425,0,15675,福岡支店,レンタル法人,60,新規,12ヶ月以上
B23024219,28,2026/2/28,11894,0,14250,1425,0,15675,福岡支店,レンタル法人,60,新規,12ヶ月以上
B23024219,29,2026/3/31,11894,0,14250,1425,0,15675,福岡支店,レンタル法人,60,新規,12ヶ月以上
B23024219,30,2026/4/30,11894,0,14250,1425,0,15675,福岡支店,レンタル法人,60,新規,12ヶ月以上
B23024219,31,2026/5/31,11894,0,14250,1425,0,15675,福岡支店,レンタル法人,60,新規,12ヶ月以上
B23024219,32,2026/6/30,11894,0,14250,1425,0,15675,福岡支店,レンタル法人,60,新規,12ヶ月以上
B23024219,33,2026/7/31,11894,0,14250,1425,0,15675,福岡支店,レンタル法人,60,新規,12ヶ月以上
B23024219,34,2026/8/31,11894,0,14250,1425,0,15675,福岡支店,レンタル法人,60,新規,12ヶ月以上
B23025028,23,2025/9/30,12402,0,6240,624,0,6864,福岡支店,レンタル法人,60,新規,12ヶ月以上
B23025028,24,2025/10/31,12402,0,6240,624,0,6864,福岡支店,レンタル法人,60,新規,12ヶ月以上
B23025028,25,2025/11/30,12402,0,6240,624,0,6864,福岡支店,レンタル法人,60,新規,12ヶ月以上
B23025028,26,2025/12/31,12402,0,6240,624,0,6864,福岡支店,レンタル法人,60,新規,12ヶ月以上
B23025028,27,2026/1/31,12402,0,6240,624,0,6864,福岡支店,レンタル法人,60,新規,12ヶ月以上
B23025028,28,2026/2/28,12402,0,6240,624,0,6864,福岡支店,レンタル法人,60,新規,12ヶ月以上
B23025028,29,2026/3/31,12402,0,6240,624,0,6864,福岡支店,レンタル法人,60,新規,12ヶ月以上
B23025028,30,2026/4/30,12402,0,6240,624,0,6864,福岡支店,レンタル法人,60,新規,12ヶ月以上
B23025028,31,2026/5/31,12402,0,6240,624,0,6864,福岡支店,レンタル法人,60,新規,12ヶ月以上
B23025028,32,2026/6/30,12402,0,6240,624,0,6864,福岡支店,レンタル法人,60,新規,12ヶ月以上
B23025028,33,2026/7/31,12402,0,6240,624,0,6864,福岡支店,レンタル法人,60,新規,12ヶ月以上
B23025028,34,2026/8/31,12402,0,6240,624,0,6864,福岡支店,レンタル法人,60,新規,12ヶ月以上
B23025155,22,2025/9/30,12987,0,2050,205,0,2255,福岡支店,レンタル法人,60,新規,12ヶ月以上
B23025155,23,2025/10/31,12987,0,2050,205,0,2255,福岡支店,レンタル法人,60,新規,12ヶ月以上
B23025155,24,2025/11/30,12987,0,2050,205,0,2255,福岡支店,レンタル法人,60,新規,12ヶ月以上
B23025155,25,2025/12/31,12987,0,2050,205,0,2255,福岡支店,レンタル法人,60,新規,12ヶ月以上
B23025155,26,2026/1/31,12987,0,2050,205,0,2255,福岡支店,レンタル法人,60,新規,12ヶ月以上
B23025155,27,2026/2/28,12987,0,2050,205,0,2255,福岡支店,レンタル法人,60,新規,12ヶ月以上
B23025155,28,2026/3/31,12987,0,2050,205,0,2255,福岡支店,レンタル法人,60,新規,12ヶ月以上
B23025155,29,2026/4/30,12987,0,2050,205,0,2255,福岡支店,レンタル法人,60,新規,12ヶ月以上
B23025155,30,2026/5/31,12987,0,2050,205,0,2255,福岡支店,レンタル法人,60,新規,12ヶ月以上
B23025155,31,2026/6/30,12987,0,2050,205,0,2255,福岡支店,レンタル法人,60,新規,12ヶ月以上
B23025155,32,2026/7/31,12987,0,2050,205,0,2255,福岡支店,レンタル法人,60,新規,12ヶ月以上
B23025155,33,2026/8/31,12987,0,2050,205,0,2255,福岡支店,レンタル法人,60,新規,12ヶ月以上
B23025412,22,2025/9/30,14169,0,16150,1615,0,17765,福岡支店,レンタル法人,24,新規,12ヶ月以上
B23025412,23,2025/10/31,14169,0,16150,1615,0,17765,福岡支店,レンタル法人,24,新規,12ヶ月以上
B23025412,24,2025/11/30,14169,0,16150,1615,0,17765,福岡支店,レンタル法人,24,新規,12ヶ月以上
B23025826,22,2025/9/30,14322,0,6182,618,0,6800,福岡支店,レンタル法人,60,新規,12ヶ月以上
B23025826,23,2025/10/31,14322,0,6182,618,0,6800,福岡支店,レンタル法人,60,新規,12ヶ月以上
B23025826,24,2025/11/30,14322,0,6182,618,0,6800,福岡支店,レンタル法人,60,新規,12ヶ月以上
B23025826,25,2025/12/31,14322,0,6182,618,0,6800,福岡支店,レンタル法人,60,新規,12ヶ月以上
B23025826,26,2026/1/31,14322,0,6182,618,0,6800,福岡支店,レンタル法人,60,新規,12ヶ月以上
B23025826,27,2026/2/28,14322,0,6182,618,0,6800,福岡支店,レンタル法人,60,新規,12ヶ月以上
B23025826,28,2026/3/31,14322,0,6182,618,0,6800,福岡支店,レンタル法人,60,新規,12ヶ月以上
B23025826,29,2026/4/30,14322,0,6182,618,0,6800,福岡支店,レンタル法人,60,新規,12ヶ月以上
B23025826,30,2026/5/31,14322,0,6182,618,0,6800,福岡支店,レンタル法人,60,新規,12ヶ月以上
B23025826,31,2026/6/30,14322,0,6182,618,0,6800,福岡支店,レンタル法人,60,新規,12ヶ月以上
B23025826,32,2026/7/31,14322,0,6182,618,0,6800,福岡支店,レンタル法人,60,新規,12ヶ月以上
B23025826,33,2026/8/31,14322,0,6182,618,0,6800,福岡支店,レンタル法人,60,新規,12ヶ月以上
B23025842,22,2025/9/30,14326,0,14000,1400,0,15400,福岡支店,レンタル法人,36,新規,12ヶ月以上
B23025842,23,2025/10/31,14326,0,14000,1400,0,15400,福岡支店,レンタル法人,36,新規,12ヶ月以上
B23025842,24,2025/11/30,14326,0,14000,1400,0,15400,福岡支店,レンタル法人,36,新規,12ヶ月以上
B23025842,25,2025/12/31,14326,0,14000,1400,0,15400,福岡支店,レンタル法人,36,新規,12ヶ月以上
B23025842,26,2026/1/31,14326,0,14000,1400,0,15400,福岡支店,レンタル法人,36,新規,12ヶ月以上
B23025842,27,2026/2/28,14326,0,14000,1400,0,15400,福岡支店,レンタル法人,36,新規,12ヶ月以上
B23025842,28,2026/3/31,14326,0,14000,1400,0,15400,福岡支店,レンタル法人,36,新規,12ヶ月以上
B23025842,29,2026/4/30,14326,0,14000,1400,0,15400,福岡支店,レンタル法人,36,新規,12ヶ月以上
B23025842,30,2026/5/31,14326,0,14000,1400,0,15400,福岡支店,レンタル法人,36,新規,12ヶ月以上
B23025842,31,2026/6/30,14326,0,14000,1400,0,15400,福岡支店,レンタル法人,36,新規,12ヶ月以上
B23025842,32,2026/7/31,14326,0,14000,1400,0,15400,福岡支店,レンタル法人,36,新規,12ヶ月以上
B23025842,33,2026/8/31,14326,0,14000,1400,0,15400,福岡支店,レンタル法人,36,新規,12ヶ月以上
B23026064,22,2025/9/30,14340,0,8819,881,0,9700,福岡支店,レンタル法人,60,新規,12ヶ月以上
B23026064,23,2025/10/31,14340,0,8819,881,0,9700,福岡支店,レンタル法人,60,新規,12ヶ月以上
B23026064,24,2025/11/30,14340,0,8819,881,0,9700,福岡支店,レンタル法人,60,新規,12ヶ月以上
B23026064,25,2025/12/31,14340,0,8819,881,0,9700,福岡支店,レンタル法人,60,新規,12ヶ月以上
B23026064,26,2026/1/31,14340,0,8819,881,0,9700,福岡支店,レンタル法人,60,新規,12ヶ月以上
B23026064,27,2026/2/28,14340,0,8819,881,0,9700,福岡支店,レンタル法人,60,新規,12ヶ月以上
B23026064,28,2026/3/31,14340,0,8819,881,0,9700,福岡支店,レンタル法人,60,新規,12ヶ月以上
B23026064,29,2026/4/30,14340,0,8819,881,0,9700,福岡支店,レンタル法人,60,新規,12ヶ月以上
B23026064,30,2026/5/31,14340,0,8819,881,0,9700,福岡支店,レンタル法人,60,新規,12ヶ月以上
B23026064,31,2026/6/30,14340,0,8819,881,0,9700,福岡支店,レンタル法人,60,新規,12ヶ月以上
B23026064,32,2026/7/31,14340,0,8819,881,0,9700,福岡支店,レンタル法人,60,新規,12ヶ月以上
B23026064,33,2026/8/31,14340,0,8819,881,0,9700,福岡支店,レンタル法人,60,新規,12ヶ月以上
B23026122,22,2025/9/30,14329,0,35400,3540,0,38940,福岡支店,レンタル法人,60,新規,12ヶ月以上
B23026122,23,2025/10/31,14329,0,35400,3540,0,38940,福岡支店,レンタル法人,60,新規,12ヶ月以上
B23026122,24,2025/11/30,14329,0,35400,3540,0,38940,福岡支店,レンタル法人,60,新規,12ヶ月以上
B23026122,25,2025/12/31,14329,0,35400,3540,0,38940,福岡支店,レンタル法人,60,新規,12ヶ月以上
B23026122,26,2026/1/31,14329,0,35400,3540,0,38940,福岡支店,レンタル法人,60,新規,12ヶ月以上
B23026122,27,2026/2/28,14329,0,35400,3540,0,38940,福岡支店,レンタル法人,60,新規,12ヶ月以上
B23026122,28,2026/3/31,14329,0,35400,3540,0,38940,福岡支店,レンタル法人,60,新規,12ヶ月以上
B23026122,29,2026/4/30,14329,0,35400,3540,0,38940,福岡支店,レンタル法人,60,新規,12ヶ月以上
B23026122,30,2026/5/31,14329,0,35400,3540,0,38940,福岡支店,レンタル法人,60,新規,12ヶ月以上
B23026122,31,2026/6/30,14329,0,35400,3540,0,38940,福岡支店,レンタル法人,60,新規,12ヶ月以上
B23026122,32,2026/7/31,14329,0,35400,3540,0,38940,福岡支店,レンタル法人,60,新規,12ヶ月以上
B23026122,33,2026/8/31,14329,0,35400,3540,0,38940,福岡支店,レンタル法人,60,新規,12ヶ月以上
B23026172,22,2025/9/30,12569,0,35000,3500,0,38500,福岡支店,レンタル法人,60,新規,12ヶ月以上
B23026172,23,2025/10/31,12569,0,35000,3500,0,38500,福岡支店,レンタル法人,60,新規,12ヶ月以上
B23026172,24,2025/11/30,12569,0,35000,3500,0,38500,福岡支店,レンタル法人,60,新規,12ヶ月以上
B23026172,25,2025/12/31,12569,0,35000,3500,0,38500,福岡支店,レンタル法人,60,新規,12ヶ月以上
B23026172,26,2026/1/31,12569,0,35000,3500,0,38500,福岡支店,レンタル法人,60,新規,12ヶ月以上
B23026172,27,2026/2/28,12569,0,35000,3500,0,38500,福岡支店,レンタル法人,60,新規,12ヶ月以上
B23026172,28,2026/3/31,12569,0,35000,3500,0,38500,福岡支店,レンタル法人,60,新規,12ヶ月以上
B23026172,29,2026/4/30,12569,0,35000,3500,0,38500,福岡支店,レンタル法人,60,新規,12ヶ月以上
B23026172,30,2026/5/31,12569,0,35000,3500,0,38500,福岡支店,レンタル法人,60,新規,12ヶ月以上
B23026172,31,2026/6/30,12569,0,35000,3500,0,38500,福岡支店,レンタル法人,60,新規,12ヶ月以上
B23026172,32,2026/7/31,12569,0,35000,3500,0,38500,福岡支店,レンタル法人,60,新規,12ヶ月以上
B23026172,33,2026/8/31,12569,0,35000,3500,0,38500,福岡支店,レンタル法人,60,新規,12ヶ月以上
B23026206,22,2025/9/30,14358,0,47660,4766,0,52426,福岡支店,レンタル法人,60,新規,12ヶ月以上
B23026206,23,2025/10/31,14358,0,47660,4766,0,52426,福岡支店,レンタル法人,60,新規,12ヶ月以上
B23026206,24,2025/11/30,14358,0,47660,4766,0,52426,福岡支店,レンタル法人,60,新規,12ヶ月以上
B23026206,25,2025/12/31,14358,0,47660,4766,0,52426,福岡支店,レンタル法人,60,新規,12ヶ月以上
B23026206,26,2026/1/31,14358,0,47660,4766,0,52426,福岡支店,レンタル法人,60,新規,12ヶ月以上
B23026206,27,2026/2/28,14358,0,47660,4766,0,52426,福岡支店,レンタル法人,60,新規,12ヶ月以上
B23026206,28,2026/3/31,14358,0,47660,4766,0,52426,福岡支店,レンタル法人,60,新規,12ヶ月以上
B23026206,29,2026/4/30,14358,0,47660,4766,0,52426,福岡支店,レンタル法人,60,新規,12ヶ月以上
B23026206,30,2026/5/31,14358,0,47660,4766,0,52426,福岡支店,レンタル法人,60,新規,12ヶ月以上
B23026206,31,2026/6/30,14358,0,47660,4766,0,52426,福岡支店,レンタル法人,60,新規,12ヶ月以上
B23026206,32,2026/7/31,14358,0,47660,4766,0,52426,福岡支店,レンタル法人,60,新規,12ヶ月以上
B23026206,33,2026/8/31,14358,0,47660,4766,0,52426,福岡支店,レンタル法人,60,新規,12ヶ月以上
B23026207,22,2025/9/30,11894,0,3650,365,0,4015,福岡支店,レンタル法人,60,新規,12ヶ月以上
B23026207,23,2025/10/31,11894,0,3650,365,0,4015,福岡支店,レンタル法人,60,新規,12ヶ月以上
B23026207,24,2025/11/30,11894,0,3650,365,0,4015,福岡支店,レンタル法人,60,新規,12ヶ月以上
B23026207,25,2025/12/31,11894,0,3650,365,0,4015,福岡支店,レンタル法人,60,新規,12ヶ月以上
B23026207,26,2026/1/31,11894,0,3650,365,0,4015,福岡支店,レンタル法人,60,新規,12ヶ月以上
B23026207,27,2026/2/28,11894,0,3650,365,0,4015,福岡支店,レンタル法人,60,新規,12ヶ月以上
B23026207,28,2026/3/31,11894,0,3650,365,0,4015,福岡支店,レンタル法人,60,新規,12ヶ月以上
B23026207,29,2026/4/30,11894,0,3650,365,0,4015,福岡支店,レンタル法人,60,新規,12ヶ月以上
B23026207,30,2026/5/31,11894,0,3650,365,0,4015,福岡支店,レンタル法人,60,新規,12ヶ月以上
B23026207,31,2026/6/30,11894,0,3650,365,0,4015,福岡支店,レンタル法人,60,新規,12ヶ月以上
B23026207,32,2026/7/31,11894,0,3650,365,0,4015,福岡支店,レンタル法人,60,新規,12ヶ月以上
B23026207,33,2026/8/31,11894,0,3650,365,0,4015,福岡支店,レンタル法人,60,新規,12ヶ月以上
B23026208,22,2025/9/30,11894,0,22800,2280,0,25080,福岡支店,レンタル法人,60,新規,12ヶ月以上
B23026208,23,2025/10/31,11894,0,22800,2280,0,25080,福岡支店,レンタル法人,60,新規,12ヶ月以上
B23026208,24,2025/11/30,11894,0,22800,2280,0,25080,福岡支店,レンタル法人,60,新規,12ヶ月以上
B23026208,25,2025/12/31,11894,0,22800,2280,0,25080,福岡支店,レンタル法人,60,新規,12ヶ月以上
B23026208,26,2026/1/31,11894,0,22800,2280,0,25080,福岡支店,レンタル法人,60,新規,12ヶ月以上
B23026208,27,2026/2/28,11894,0,22800,2280,0,25080,福岡支店,レンタル法人,60,新規,12ヶ月以上
B23026208,28,2026/3/31,11894,0,22800,2280,0,25080,福岡支店,レンタル法人,60,新規,12ヶ月以上
B23026208,29,2026/4/30,11894,0,22800,2280,0,25080,福岡支店,レンタル法人,60,新規,12ヶ月以上
B23026208,30,2026/5/31,11894,0,22800,2280,0,25080,福岡支店,レンタル法人,60,新規,12ヶ月以上
B23026208,31,2026/6/30,11894,0,22800,2280,0,25080,福岡支店,レンタル法人,60,新規,12ヶ月以上
B23026208,32,2026/7/31,11894,0,22800,2280,0,25080,福岡支店,レンタル法人,60,新規,12ヶ月以上
B23026208,33,2026/8/31,11894,0,22800,2280,0,25080,福岡支店,レンタル法人,60,新規,12ヶ月以上
B23026342,22,2025/9/30,12987,0,3700,370,0,4070,福岡支店,レンタル法人,60,新規,12ヶ月以上
B23026342,23,2025/10/31,12987,0,3700,370,0,4070,福岡支店,レンタル法人,60,新規,12ヶ月以上
B23026342,24,2025/11/30,12987,0,3700,370,0,4070,福岡支店,レンタル法人,60,新規,12ヶ月以上
B23026342,25,2025/12/31,12987,0,3700,370,0,4070,福岡支店,レンタル法人,60,新規,12ヶ月以上
B23026342,26,2026/1/31,12987,0,3700,370,0,4070,福岡支店,レンタル法人,60,新規,12ヶ月以上
B23026342,27,2026/2/28,12987,0,3700,370,0,4070,福岡支店,レンタル法人,60,新規,12ヶ月以上
B23026342,28,2026/3/31,12987,0,3700,370,0,4070,福岡支店,レンタル法人,60,新規,12ヶ月以上
B23026342,29,2026/4/30,12987,0,3700,370,0,4070,福岡支店,レンタル法人,60,新規,12ヶ月以上
B23026342,30,2026/5/31,12987,0,3700,370,0,4070,福岡支店,レンタル法人,60,新規,12ヶ月以上
B23026342,31,2026/6/30,12987,0,3700,370,0,4070,福岡支店,レンタル法人,60,新規,12ヶ月以上
B23026342,32,2026/7/31,12987,0,3700,370,0,4070,福岡支店,レンタル法人,60,新規,12ヶ月以上
B23026342,33,2026/8/31,12987,0,3700,370,0,4070,福岡支店,レンタル法人,60,新規,12ヶ月以上
B23026483,22,2025/9/30,14371,0,3250,325,0,3575,福岡支店,レンタル法人,60,新規,12ヶ月以上
B23026483,23,2025/10/31,14371,0,3250,325,0,3575,福岡支店,レンタル法人,60,新規,12ヶ月以上
B23026483,24,2025/11/30,14371,0,3250,325,0,3575,福岡支店,レンタル法人,60,新規,12ヶ月以上
B23026483,25,2025/12/31,14371,0,3250,325,0,3575,福岡支店,レンタル法人,60,新規,12ヶ月以上
B23026483,26,2026/1/31,14371,0,3250,325,0,3575,福岡支店,レンタル法人,60,新規,12ヶ月以上
B23026483,27,2026/2/28,14371,0,3250,325,0,3575,福岡支店,レンタル法人,60,新規,12ヶ月以上
B23026483,28,2026/3/31,14371,0,3250,325,0,3575,福岡支店,レンタル法人,60,新規,12ヶ月以上
B23026483,29,2026/4/30,14371,0,3250,325,0,3575,福岡支店,レンタル法人,60,新規,12ヶ月以上
B23026483,30,2026/5/31,14371,0,3250,325,0,3575,福岡支店,レンタル法人,60,新規,12ヶ月以上
B23026483,31,2026/6/30,14371,0,3250,325,0,3575,福岡支店,レンタル法人,60,新規,12ヶ月以上
B23026483,32,2026/7/31,14371,0,3250,325,0,3575,福岡支店,レンタル法人,60,新規,12ヶ月以上
B23026483,33,2026/8/31,14371,0,3250,325,0,3575,福岡支店,レンタル法人,60,新規,12ヶ月以上
B23026506,22,2025/9/30,14372,0,1550,155,0,1705,福岡支店,レンタル法人,60,新規,12ヶ月以上
B23026506,23,2025/10/31,14372,0,1550,155,0,1705,福岡支店,レンタル法人,60,新規,12ヶ月以上
B23026506,24,2025/11/30,14372,0,1550,155,0,1705,福岡支店,レンタル法人,60,新規,12ヶ月以上
B23026506,25,2025/12/31,14372,0,1550,155,0,1705,福岡支店,レンタル法人,60,新規,12ヶ月以上
B23026506,26,2026/1/31,14372,0,1550,155,0,1705,福岡支店,レンタル法人,60,新規,12ヶ月以上
B23026506,27,2026/2/28,14372,0,1550,155,0,1705,福岡支店,レンタル法人,60,新規,12ヶ月以上
B23026506,28,2026/3/31,14372,0,1550,155,0,1705,福岡支店,レンタル法人,60,新規,12ヶ月以上
B23026506,29,2026/4/30,14372,0,1550,155,0,1705,福岡支店,レンタル法人,60,新規,12ヶ月以上
B23026506,30,2026/5/31,14372,0,1550,155,0,1705,福岡支店,レンタル法人,60,新規,12ヶ月以上
B23026506,31,2026/6/30,14372,0,1550,155,0,1705,福岡支店,レンタル法人,60,新規,12ヶ月以上
B23026506,32,2026/7/31,14372,0,1550,155,0,1705,福岡支店,レンタル法人,60,新規,12ヶ月以上
B23026506,33,2026/8/31,14372,0,1550,155,0,1705,福岡支店,レンタル法人,60,新規,12ヶ月以上
B23026999,21,2025/9/30,11894,0,13300,1330,0,14630,福岡支店,レンタル法人,60,新規,12ヶ月以上
B23026999,22,2025/10/31,11894,0,13300,1330,0,14630,福岡支店,レンタル法人,60,新規,12ヶ月以上
B23026999,23,2025/11/30,11894,0,13300,1330,0,14630,福岡支店,レンタル法人,60,新規,12ヶ月以上
B23026999,24,2025/12/31,11894,0,13300,1330,0,14630,福岡支店,レンタル法人,60,新規,12ヶ月以上
B23026999,25,2026/1/31,11894,0,13300,1330,0,14630,福岡支店,レンタル法人,60,新規,12ヶ月以上
B23026999,26,2026/2/28,11894,0,13300,1330,0,14630,福岡支店,レンタル法人,60,新規,12ヶ月以上
B23026999,27,2026/3/31,11894,0,13300,1330,0,14630,福岡支店,レンタル法人,60,新規,12ヶ月以上
B23026999,28,2026/4/30,11894,0,13300,1330,0,14630,福岡支店,レンタル法人,60,新規,12ヶ月以上
B23026999,29,2026/5/31,11894,0,13300,1330,0,14630,福岡支店,レンタル法人,60,新規,12ヶ月以上
B23026999,30,2026/6/30,11894,0,13300,1330,0,14630,福岡支店,レンタル法人,60,新規,12ヶ月以上
B23026999,31,2026/7/31,11894,0,13300,1330,0,14630,福岡支店,レンタル法人,60,新規,12ヶ月以上
B23026999,32,2026/8/31,11894,0,13300,1330,0,14630,福岡支店,レンタル法人,60,新規,12ヶ月以上
B23027000,21,2025/9/30,11894,0,13500,1350,0,14850,福岡支店,レンタル法人,60,新規,12ヶ月以上
B23027000,22,2025/10/31,11894,0,13500,1350,0,14850,福岡支店,レンタル法人,60,新規,12ヶ月以上
B23027000,23,2025/11/30,11894,0,13500,1350,0,14850,福岡支店,レンタル法人,60,新規,12ヶ月以上
B23027000,24,2025/12/31,11894,0,13500,1350,0,14850,福岡支店,レンタル法人,60,新規,12ヶ月以上
B23027000,25,2026/1/31,11894,0,13500,1350,0,14850,福岡支店,レンタル法人,60,新規,12ヶ月以上
B23027000,26,2026/2/28,11894,0,13500,1350,0,14850,福岡支店,レンタル法人,60,新規,12ヶ月以上
B23027000,27,2026/3/31,11894,0,13500,1350,0,14850,福岡支店,レンタル法人,60,新規,12ヶ月以上
B23027000,28,2026/4/30,11894,0,13500,1350,0,14850,福岡支店,レンタル法人,60,新規,12ヶ月以上
B23027000,29,2026/5/31,11894,0,13500,1350,0,14850,福岡支店,レンタル法人,60,新規,12ヶ月以上
B23027000,30,2026/6/30,11894,0,13500,1350,0,14850,福岡支店,レンタル法人,60,新規,12ヶ月以上
B23027000,31,2026/7/31,11894,0,13500,1350,0,14850,福岡支店,レンタル法人,60,新規,12ヶ月以上
B23027000,32,2026/8/31,11894,0,13500,1350,0,14850,福岡支店,レンタル法人,60,新規,12ヶ月以上
B23027229,22,2025/9/30,14400,0,28980,2898,0,31878,福岡支店,レンタル法人,60,新規,12ヶ月以上
B23027229,23,2025/10/31,14400,0,28980,2898,0,31878,福岡支店,レンタル法人,60,新規,12ヶ月以上
B23027229,24,2025/11/30,14400,0,28980,2898,0,31878,福岡支店,レンタル法人,60,新規,12ヶ月以上
B23027229,25,2025/12/31,14400,0,28980,2898,0,31878,福岡支店,レンタル法人,60,新規,12ヶ月以上
B23027229,26,2026/1/31,14400,0,28980,2898,0,31878,福岡支店,レンタル法人,60,新規,12ヶ月以上
B23027229,27,2026/2/28,14400,0,28980,2898,0,31878,福岡支店,レンタル法人,60,新規,12ヶ月以上
B23027229,28,2026/3/31,14400,0,28980,2898,0,31878,福岡支店,レンタル法人,60,新規,12ヶ月以上
B23027229,29,2026/4/30,14400,0,28980,2898,0,31878,福岡支店,レンタル法人,60,新規,12ヶ月以上
B23027229,30,2026/5/31,14400,0,28980,2898,0,31878,福岡支店,レンタル法人,60,新規,12ヶ月以上
B23027229,31,2026/6/30,14400,0,28980,2898,0,31878,福岡支店,レンタル法人,60,新規,12ヶ月以上
B23027229,32,2026/7/31,14400,0,28980,2898,0,31878,福岡支店,レンタル法人,60,新規,12ヶ月以上
B23027229,33,2026/8/31,14400,0,28980,2898,0,31878,福岡支店,レンタル法人,60,新規,12ヶ月以上
B23027255,22,2025/9/30,14220,0,18300,1830,0,20130,福岡支店,レンタル法人,60,新規,12ヶ月以上
B23027255,23,2025/10/31,14220,0,18300,1830,0,20130,福岡支店,レンタル法人,60,新規,12ヶ月以上
B23027255,24,2025/11/30,14220,0,18300,1830,0,20130,福岡支店,レンタル法人,60,新規,12ヶ月以上
B23027255,25,2025/12/31,14220,0,18300,1830,0,20130,福岡支店,レンタル法人,60,新規,12ヶ月以上
B23027255,26,2026/1/31,14220,0,18300,1830,0,20130,福岡支店,レンタル法人,60,新規,12ヶ月以上
B23027255,27,2026/2/28,14220,0,18300,1830,0,20130,福岡支店,レンタル法人,60,新規,12ヶ月以上
B23027255,28,2026/3/31,14220,0,18300,1830,0,20130,福岡支店,レンタル法人,60,新規,12ヶ月以上
B23027255,29,2026/4/30,14220,0,18300,1830,0,20130,福岡支店,レンタル法人,60,新規,12ヶ月以上
B23027255,30,2026/5/31,14220,0,18300,1830,0,20130,福岡支店,レンタル法人,60,新規,12ヶ月以上
B23027255,31,2026/6/30,14220,0,18300,1830,0,20130,福岡支店,レンタル法人,60,新規,12ヶ月以上
B23027255,32,2026/7/31,14220,0,18300,1830,0,20130,福岡支店,レンタル法人,60,新規,12ヶ月以上
B23027255,33,2026/8/31,14220,0,18300,1830,0,20130,福岡支店,レンタル法人,60,新規,12ヶ月以上
B23027376,22,2025/9/30,14315,0,2700,270,0,2970,福岡支店,レンタル法人,24,新規,12ヶ月以上
B23027376,23,2025/10/31,14315,0,2700,270,0,2970,福岡支店,レンタル法人,24,新規,12ヶ月以上
B23027376,24,2025/11/30,14315,0,2700,270,0,2970,福岡支店,レンタル法人,24,新規,12ヶ月以上
B23027417,18,2025/9/30,11578,0,208800,20880,0,229680,福岡支店,レンタル法人,48,新規,12ヶ月以上
B23027417,19,2025/10/31,11578,0,208800,20880,0,229680,福岡支店,レンタル法人,48,新規,12ヶ月以上
B23027417,20,2025/11/30,11578,0,208800,20880,0,229680,福岡支店,レンタル法人,48,新規,12ヶ月以上
B23027417,21,2025/12/31,11578,0,208800,20880,0,229680,福岡支店,レンタル法人,48,新規,12ヶ月以上
B23027417,22,2026/1/31,11578,0,208800,20880,0,229680,福岡支店,レンタル法人,48,新規,12ヶ月以上
B23027417,23,2026/2/28,11578,0,208800,20880,0,229680,福岡支店,レンタル法人,48,新規,12ヶ月以上
B23027417,24,2026/3/31,11578,0,208800,20880,0,229680,福岡支店,レンタル法人,48,新規,12ヶ月以上
B23027417,25,2026/4/30,11578,0,208800,20880,0,229680,福岡支店,レンタル法人,48,新規,12ヶ月以上
B23027417,26,2026/5/31,11578,0,208800,20880,0,229680,福岡支店,レンタル法人,48,新規,12ヶ月以上
B23027417,27,2026/6/30,11578,0,208800,20880,0,229680,福岡支店,レンタル法人,48,新規,12ヶ月以上
B23027417,28,2026/7/31,11578,0,208800,20880,0,229680,福岡支店,レンタル法人,48,新規,12ヶ月以上
B23027417,29,2026/8/31,11578,0,208800,20880,0,229680,福岡支店,レンタル法人,48,新規,12ヶ月以上
B23027667,20,2025/9/30,11732,0,6600,660,0,7260,福岡支店,レンタル法人,36,新規,12ヶ月以上
B23027667,21,2025/10/31,11732,0,6600,660,0,7260,福岡支店,レンタル法人,36,新規,12ヶ月以上
B23027667,22,2025/11/30,11732,0,6600,660,0,7260,福岡支店,レンタル法人,36,新規,12ヶ月以上
B23027667,23,2025/12/31,11732,0,6600,660,0,7260,福岡支店,レンタル法人,36,新規,12ヶ月以上
B23027667,24,2026/1/31,11732,0,6600,660,0,7260,福岡支店,レンタル法人,36,新規,12ヶ月以上
B23027667,25,2026/2/28,11732,0,6600,660,0,7260,福岡支店,レンタル法人,36,新規,12ヶ月以上
B23027667,26,2026/3/31,11732,0,6600,660,0,7260,福岡支店,レンタル法人,36,新規,12ヶ月以上
B23027667,27,2026/4/30,11732,0,6600,660,0,7260,福岡支店,レンタル法人,36,新規,12ヶ月以上
B23027667,28,2026/5/31,11732,0,6600,660,0,7260,福岡支店,レンタル法人,36,新規,12ヶ月以上
B23027667,29,2026/6/30,11732,0,6600,660,0,7260,福岡支店,レンタル法人,36,新規,12ヶ月以上
B23027667,30,2026/7/31,11732,0,6600,660,0,7260,福岡支店,レンタル法人,36,新規,12ヶ月以上
B23027667,31,2026/8/31,11732,0,6600,660,0,7260,福岡支店,レンタル法人,36,新規,12ヶ月以上
B23027779,22,2025/9/30,2134,0,200,20,0,220,福岡支店,レンタル法人,28,新規,12ヶ月以上
B23027779,23,2025/10/31,2134,0,200,20,0,220,福岡支店,レンタル法人,28,新規,12ヶ月以上
B23027779,24,2025/11/30,2134,0,200,20,0,220,福岡支店,レンタル法人,28,新規,12ヶ月以上
B23027779,25,2025/12/31,2134,0,200,20,0,220,福岡支店,レンタル法人,28,新規,12ヶ月以上
B23027779,26,2026/1/31,2134,0,200,20,0,220,福岡支店,レンタル法人,28,新規,12ヶ月以上
B23027779,27,2026/2/28,2134,0,200,20,0,220,福岡支店,レンタル法人,28,新規,12ヶ月以上
B23027779,28,2026/3/31,2134,0,200,20,0,220,福岡支店,レンタル法人,28,新規,12ヶ月以上
B23027831,22,2025/9/30,10470,0,200,20,0,220,福岡支店,レンタル法人,43,新規,12ヶ月以上
B23027831,23,2025/10/31,10470,0,200,20,0,220,福岡支店,レンタル法人,43,新規,12ヶ月以上
B23027831,24,2025/11/30,10470,0,200,20,0,220,福岡支店,レンタル法人,43,新規,12ヶ月以上
B23027831,25,2025/12/31,10470,0,200,20,0,220,福岡支店,レンタル法人,43,新規,12ヶ月以上
B23027831,26,2026/1/31,10470,0,200,20,0,220,福岡支店,レンタル法人,43,新規,12ヶ月以上
B23027831,27,2026/2/28,10470,0,200,20,0,220,福岡支店,レンタル法人,43,新規,12ヶ月以上
B23027831,28,2026/3/31,10470,0,200,20,0,220,福岡支店,レンタル法人,43,新規,12ヶ月以上
B23027831,29,2026/4/30,10470,0,200,20,0,220,福岡支店,レンタル法人,43,新規,12ヶ月以上
B23027831,30,2026/5/31,10470,0,200,20,0,220,福岡支店,レンタル法人,43,新規,12ヶ月以上
B23027831,31,2026/6/30,10470,0,200,20,0,220,福岡支店,レンタル法人,43,新規,12ヶ月以上
B23027831,32,2026/7/31,10470,0,200,20,0,220,福岡支店,レンタル法人,43,新規,12ヶ月以上
B23027831,33,2026/8/31,10470,0,200,20,0,220,福岡支店,レンタル法人,43,新規,12ヶ月以上
B23027832,22,2025/9/30,10595,0,200,20,0,220,福岡支店,レンタル法人,43,新規,12ヶ月以上
B23027832,23,2025/10/31,10595,0,200,20,0,220,福岡支店,レンタル法人,43,新規,12ヶ月以上
B23027832,24,2025/11/30,10595,0,200,20,0,220,福岡支店,レンタル法人,43,新規,12ヶ月以上
B23027832,25,2025/12/31,10595,0,200,20,0,220,福岡支店,レンタル法人,43,新規,12ヶ月以上
B23027832,26,2026/1/31,10595,0,200,20,0,220,福岡支店,レンタル法人,43,新規,12ヶ月以上
B23027832,27,2026/2/28,10595,0,200,20,0,220,福岡支店,レンタル法人,43,新規,12ヶ月以上
B23027832,28,2026/3/31,10595,0,200,20,0,220,福岡支店,レンタル法人,43,新規,12ヶ月以上
B23027832,29,2026/4/30,10595,0,200,20,0,220,福岡支店,レンタル法人,43,新規,12ヶ月以上
B23027832,30,2026/5/31,10595,0,200,20,0,220,福岡支店,レンタル法人,43,新規,12ヶ月以上
B23027832,31,2026/6/30,10595,0,200,20,0,220,福岡支店,レンタル法人,43,新規,12ヶ月以上
B23027832,32,2026/7/31,10595,0,200,20,0,220,福岡支店,レンタル法人,43,新規,12ヶ月以上
B23027832,33,2026/8/31,10595,0,200,20,0,220,福岡支店,レンタル法人,43,新規,12ヶ月以上
B23027834,22,2025/9/30,10982,0,200,20,0,220,福岡支店,レンタル法人,44,新規,12ヶ月以上
B23027834,23,2025/10/31,10982,0,200,20,0,220,福岡支店,レンタル法人,44,新規,12ヶ月以上
B23027834,24,2025/11/30,10982,0,200,20,0,220,福岡支店,レンタル法人,44,新規,12ヶ月以上
B23027834,25,2025/12/31,10982,0,200,20,0,220,福岡支店,レンタル法人,44,新規,12ヶ月以上
B23027834,26,2026/1/31,10982,0,200,20,0,220,福岡支店,レンタル法人,44,新規,12ヶ月以上
B23027834,27,2026/2/28,10982,0,200,20,0,220,福岡支店,レンタル法人,44,新規,12ヶ月以上
B23027834,28,2026/3/31,10982,0,200,20,0,220,福岡支店,レンタル法人,44,新規,12ヶ月以上
B23027834,29,2026/4/30,10982,0,200,20,0,220,福岡支店,レンタル法人,44,新規,12ヶ月以上
B23027834,30,2026/5/31,10982,0,200,20,0,220,福岡支店,レンタル法人,44,新規,12ヶ月以上
B23027834,31,2026/6/30,10982,0,200,20,0,220,福岡支店,レンタル法人,44,新規,12ヶ月以上
B23027834,32,2026/7/31,10982,0,200,20,0,220,福岡支店,レンタル法人,44,新規,12ヶ月以上
B23027834,33,2026/8/31,10982,0,200,20,0,220,福岡支店,レンタル法人,44,新規,12ヶ月以上
B23027840,22,2025/9/30,11622,0,200,20,0,220,福岡支店,レンタル法人,48,新規,12ヶ月以上
B23027840,23,2025/10/31,11622,0,200,20,0,220,福岡支店,レンタル法人,48,新規,12ヶ月以上
B23027840,24,2025/11/30,11622,0,200,20,0,220,福岡支店,レンタル法人,48,新規,12ヶ月以上
B23027840,25,2025/12/31,11622,0,200,20,0,220,福岡支店,レンタル法人,48,新規,12ヶ月以上
B23027840,26,2026/1/31,11622,0,200,20,0,220,福岡支店,レンタル法人,48,新規,12ヶ月以上
B23027840,27,2026/2/28,11622,0,200,20,0,220,福岡支店,レンタル法人,48,新規,12ヶ月以上
B23027840,28,2026/3/31,11622,0,200,20,0,220,福岡支店,レンタル法人,48,新規,12ヶ月以上
B23027840,29,2026/4/30,11622,0,200,20,0,220,福岡支店,レンタル法人,48,新規,12ヶ月以上
B23027840,30,2026/5/31,11622,0,200,20,0,220,福岡支店,レンタル法人,48,新規,12ヶ月以上
B23027840,31,2026/6/30,11622,0,200,20,0,220,福岡支店,レンタル法人,48,新規,12ヶ月以上
B23027840,32,2026/7/31,11622,0,200,20,0,220,福岡支店,レンタル法人,48,新規,12ヶ月以上
B23027840,33,2026/8/31,11622,0,200,20,0,220,福岡支店,レンタル法人,48,新規,12ヶ月以上
B23027842,22,2025/9/30,11933,0,200,20,0,220,福岡支店,レンタル法人,48,新規,12ヶ月以上
B23027842,23,2025/10/31,11933,0,200,20,0,220,福岡支店,レンタル法人,48,新規,12ヶ月以上
B23027842,24,2025/11/30,11933,0,200,20,0,220,福岡支店,レンタル法人,48,新規,12ヶ月以上
B23027842,25,2025/12/31,11933,0,200,20,0,220,福岡支店,レンタル法人,48,新規,12ヶ月以上
B23027842,26,2026/1/31,11933,0,200,20,0,220,福岡支店,レンタル法人,48,新規,12ヶ月以上
B23027842,27,2026/2/28,11933,0,200,20,0,220,福岡支店,レンタル法人,48,新規,12ヶ月以上
B23027842,28,2026/3/31,11933,0,200,20,0,220,福岡支店,レンタル法人,48,新規,12ヶ月以上
B23027842,29,2026/4/30,11933,0,200,20,0,220,福岡支店,レンタル法人,48,新規,12ヶ月以上
B23027842,30,2026/5/31,11933,0,200,20,0,220,福岡支店,レンタル法人,48,新規,12ヶ月以上
B23027842,31,2026/6/30,11933,0,200,20,0,220,福岡支店,レンタル法人,48,新規,12ヶ月以上
B23027842,32,2026/7/31,11933,0,200,20,0,220,福岡支店,レンタル法人,48,新規,12ヶ月以上
B23027842,33,2026/8/31,11933,0,200,20,0,220,福岡支店,レンタル法人,48,新規,12ヶ月以上
B23027843,22,2025/9/30,11971,0,200,20,0,220,福岡支店,レンタル法人,49,新規,12ヶ月以上
B23027843,23,2025/10/31,11971,0,200,20,0,220,福岡支店,レンタル法人,49,新規,12ヶ月以上
B23027843,24,2025/11/30,11971,0,200,20,0,220,福岡支店,レンタル法人,49,新規,12ヶ月以上
B23027843,25,2025/12/31,11971,0,200,20,0,220,福岡支店,レンタル法人,49,新規,12ヶ月以上
B23027843,26,2026/1/31,11971,0,200,20,0,220,福岡支店,レンタル法人,49,新規,12ヶ月以上
B23027843,27,2026/2/28,11971,0,200,20,0,220,福岡支店,レンタル法人,49,新規,12ヶ月以上
B23027843,28,2026/3/31,11971,0,200,20,0,220,福岡支店,レンタル法人,49,新規,12ヶ月以上
B23027843,29,2026/4/30,11971,0,200,20,0,220,福岡支店,レンタル法人,49,新規,12ヶ月以上
B23027843,30,2026/5/31,11971,0,200,20,0,220,福岡支店,レンタル法人,49,新規,12ヶ月以上
B23027843,31,2026/6/30,11971,0,200,20,0,220,福岡支店,レンタル法人,49,新規,12ヶ月以上
B23027843,32,2026/7/31,11971,0,200,20,0,220,福岡支店,レンタル法人,49,新規,12ヶ月以上
B23027843,33,2026/8/31,11971,0,200,20,0,220,福岡支店,レンタル法人,49,新規,12ヶ月以上
B23027844,22,2025/9/30,12083,0,200,20,0,220,福岡支店,レンタル法人,49,新規,12ヶ月以上
B23027844,23,2025/10/31,12083,0,200,20,0,220,福岡支店,レンタル法人,49,新規,12ヶ月以上
B23027844,24,2025/11/30,12083,0,200,20,0,220,福岡支店,レンタル法人,49,新規,12ヶ月以上
B23027844,25,2025/12/31,12083,0,200,20,0,220,福岡支店,レンタル法人,49,新規,12ヶ月以上
B23027844,26,2026/1/31,12083,0,200,20,0,220,福岡支店,レンタル法人,49,新規,12ヶ月以上
B23027844,27,2026/2/28,12083,0,200,20,0,220,福岡支店,レンタル法人,49,新規,12ヶ月以上
B23027844,28,2026/3/31,12083,0,200,20,0,220,福岡支店,レンタル法人,49,新規,12ヶ月以上
B23027844,29,2026/4/30,12083,0,200,20,0,220,福岡支店,レンタル法人,49,新規,12ヶ月以上
B23027844,30,2026/5/31,12083,0,200,20,0,220,福岡支店,レンタル法人,49,新規,12ヶ月以上
B23027844,31,2026/6/30,12083,0,200,20,0,220,福岡支店,レンタル法人,49,新規,12ヶ月以上
B23027844,32,2026/7/31,12083,0,200,20,0,220,福岡支店,レンタル法人,49,新規,12ヶ月以上
B23027844,33,2026/8/31,12083,0,200,20,0,220,福岡支店,レンタル法人,49,新規,12ヶ月以上
B23027848,22,2025/9/30,12251,0,200,20,0,220,福岡支店,レンタル法人,50,新規,12ヶ月以上
B23027848,23,2025/10/31,12251,0,200,20,0,220,福岡支店,レンタル法人,50,新規,12ヶ月以上
B23027848,24,2025/11/30,12251,0,200,20,0,220,福岡支店,レンタル法人,50,新規,12ヶ月以上
B23027848,25,2025/12/31,12251,0,200,20,0,220,福岡支店,レンタル法人,50,新規,12ヶ月以上
B23027848,26,2026/1/31,12251,0,200,20,0,220,福岡支店,レンタル法人,50,新規,12ヶ月以上
B23027848,27,2026/2/28,12251,0,200,20,0,220,福岡支店,レンタル法人,50,新規,12ヶ月以上
B23027848,28,2026/3/31,12251,0,200,20,0,220,福岡支店,レンタル法人,50,新規,12ヶ月以上
B23027848,29,2026/4/30,12251,0,200,20,0,220,福岡支店,レンタル法人,50,新規,12ヶ月以上
B23027848,30,2026/5/31,12251,0,200,20,0,220,福岡支店,レンタル法人,50,新規,12ヶ月以上
B23027848,31,2026/6/30,12251,0,200,20,0,220,福岡支店,レンタル法人,50,新規,12ヶ月以上
B23027848,32,2026/7/31,12251,0,200,20,0,220,福岡支店,レンタル法人,50,新規,12ヶ月以上
B23027848,33,2026/8/31,12251,0,200,20,0,220,福岡支店,レンタル法人,50,新規,12ヶ月以上
B23027850,22,2025/9/30,12346,0,200,20,0,220,福岡支店,レンタル法人,50,新規,12ヶ月以上
B23027850,23,2025/10/31,12346,0,200,20,0,220,福岡支店,レンタル法人,50,新規,12ヶ月以上
B23027850,24,2025/11/30,12346,0,200,20,0,220,福岡支店,レンタル法人,50,新規,12ヶ月以上
B23027850,25,2025/12/31,12346,0,200,20,0,220,福岡支店,レンタル法人,50,新規,12ヶ月以上
B23027850,26,2026/1/31,12346,0,200,20,0,220,福岡支店,レンタル法人,50,新規,12ヶ月以上
B23027850,27,2026/2/28,12346,0,200,20,0,220,福岡支店,レンタル法人,50,新規,12ヶ月以上
B23027850,28,2026/3/31,12346,0,200,20,0,220,福岡支店,レンタル法人,50,新規,12ヶ月以上
B23027850,29,2026/4/30,12346,0,200,20,0,220,福岡支店,レンタル法人,50,新規,12ヶ月以上
B23027850,30,2026/5/31,12346,0,200,20,0,220,福岡支店,レンタル法人,50,新規,12ヶ月以上
B23027850,31,2026/6/30,12346,0,200,20,0,220,福岡支店,レンタル法人,50,新規,12ヶ月以上
B23027850,32,2026/7/31,12346,0,200,20,0,220,福岡支店,レンタル法人,50,新規,12ヶ月以上
B23027850,33,2026/8/31,12346,0,200,20,0,220,福岡支店,レンタル法人,50,新規,12ヶ月以上
B23027852,22,2025/9/30,12416,0,200,20,0,220,福岡支店,レンタル法人,51,新規,12ヶ月以上
B23027852,23,2025/10/31,12416,0,200,20,0,220,福岡支店,レンタル法人,51,新規,12ヶ月以上
B23027852,24,2025/11/30,12416,0,200,20,0,220,福岡支店,レンタル法人,51,新規,12ヶ月以上
B23027852,25,2025/12/31,12416,0,200,20,0,220,福岡支店,レンタル法人,51,新規,12ヶ月以上
B23027852,26,2026/1/31,12416,0,200,20,0,220,福岡支店,レンタル法人,51,新規,12ヶ月以上
B23027852,27,2026/2/28,12416,0,200,20,0,220,福岡支店,レンタル法人,51,新規,12ヶ月以上
B23027852,28,2026/3/31,12416,0,200,20,0,220,福岡支店,レンタル法人,51,新規,12ヶ月以上
B23027852,29,2026/4/30,12416,0,200,20,0,220,福岡支店,レンタル法人,51,新規,12ヶ月以上
B23027852,30,2026/5/31,12416,0,200,20,0,220,福岡支店,レンタル法人,51,新規,12ヶ月以上
B23027852,31,2026/6/30,12416,0,200,20,0,220,福岡支店,レンタル法人,51,新規,12ヶ月以上
B23027852,32,2026/7/31,12416,0,200,20,0,220,福岡支店,レンタル法人,51,新規,12ヶ月以上
B23027852,33,2026/8/31,12416,0,200,20,0,220,福岡支店,レンタル法人,51,新規,12ヶ月以上
B23027854,22,2025/9/30,12519,0,200,20,0,220,福岡支店,レンタル法人,51,新規,12ヶ月以上
B23027854,23,2025/10/31,12519,0,200,20,0,220,福岡支店,レンタル法人,51,新規,12ヶ月以上
B23027854,24,2025/11/30,12519,0,200,20,0,220,福岡支店,レンタル法人,51,新規,12ヶ月以上
B23027854,25,2025/12/31,12519,0,200,20,0,220,福岡支店,レンタル法人,51,新規,12ヶ月以上
B23027854,26,2026/1/31,12519,0,200,20,0,220,福岡支店,レンタル法人,51,新規,12ヶ月以上
B23027854,27,2026/2/28,12519,0,200,20,0,220,福岡支店,レンタル法人,51,新規,12ヶ月以上
B23027854,28,2026/3/31,12519,0,200,20,0,220,福岡支店,レンタル法人,51,新規,12ヶ月以上
B23027854,29,2026/4/30,12519,0,200,20,0,220,福岡支店,レンタル法人,51,新規,12ヶ月以上
B23027854,30,2026/5/31,12519,0,200,20,0,220,福岡支店,レンタル法人,51,新規,12ヶ月以上
B23027854,31,2026/6/30,12519,0,200,20,0,220,福岡支店,レンタル法人,51,新規,12ヶ月以上
B23027854,32,2026/7/31,12519,0,200,20,0,220,福岡支店,レンタル法人,51,新規,12ヶ月以上
B23027854,33,2026/8/31,12519,0,200,20,0,220,福岡支店,レンタル法人,51,新規,12ヶ月以上
B23027855,22,2025/9/30,12615,0,200,20,0,220,福岡支店,レンタル法人,53,新規,12ヶ月以上
B23027855,23,2025/10/31,12615,0,200,20,0,220,福岡支店,レンタル法人,53,新規,12ヶ月以上
B23027855,24,2025/11/30,12615,0,200,20,0,220,福岡支店,レンタル法人,53,新規,12ヶ月以上
B23027855,25,2025/12/31,12615,0,200,20,0,220,福岡支店,レンタル法人,53,新規,12ヶ月以上
B23027855,26,2026/1/31,12615,0,200,20,0,220,福岡支店,レンタル法人,53,新規,12ヶ月以上
B23027855,27,2026/2/28,12615,0,200,20,0,220,福岡支店,レンタル法人,53,新規,12ヶ月以上
B23027855,28,2026/3/31,12615,0,200,20,0,220,福岡支店,レンタル法人,53,新規,12ヶ月以上
B23027855,29,2026/4/30,12615,0,200,20,0,220,福岡支店,レンタル法人,53,新規,12ヶ月以上
B23027855,30,2026/5/31,12615,0,200,20,0,220,福岡支店,レンタル法人,53,新規,12ヶ月以上
B23027855,31,2026/6/30,12615,0,200,20,0,220,福岡支店,レンタル法人,53,新規,12ヶ月以上
B23027855,32,2026/7/31,12615,0,200,20,0,220,福岡支店,レンタル法人,53,新規,12ヶ月以上
B23027855,33,2026/8/31,12615,0,200,20,0,220,福岡支店,レンタル法人,53,新規,12ヶ月以上
B23027858,22,2025/9/30,12815,0,200,20,0,220,福岡支店,レンタル法人,41,新規,12ヶ月以上
B23027858,23,2025/10/31,12815,0,200,20,0,220,福岡支店,レンタル法人,41,新規,12ヶ月以上
B23027858,24,2025/11/30,12815,0,200,20,0,220,福岡支店,レンタル法人,41,新規,12ヶ月以上
B23027858,25,2025/12/31,12815,0,200,20,0,220,福岡支店,レンタル法人,41,新規,12ヶ月以上
B23027858,26,2026/1/31,12815,0,200,20,0,220,福岡支店,レンタル法人,41,新規,12ヶ月以上
B23027858,27,2026/2/28,12815,0,200,20,0,220,福岡支店,レンタル法人,41,新規,12ヶ月以上
B23027858,28,2026/3/31,12815,0,200,20,0,220,福岡支店,レンタル法人,41,新規,12ヶ月以上
B23027858,29,2026/4/30,12815,0,200,20,0,220,福岡支店,レンタル法人,41,新規,12ヶ月以上
B23027858,30,2026/5/31,12815,0,200,20,0,220,福岡支店,レンタル法人,41,新規,12ヶ月以上
B23027858,31,2026/6/30,12815,0,200,20,0,220,福岡支店,レンタル法人,41,新規,12ヶ月以上
B23027858,32,2026/7/31,12815,0,200,20,0,220,福岡支店,レンタル法人,41,新規,12ヶ月以上
B23027858,33,2026/8/31,12815,0,200,20,0,220,福岡支店,レンタル法人,41,新規,12ヶ月以上
B23027859,22,2025/9/30,12855,0,200,20,0,220,福岡支店,レンタル法人,53,新規,12ヶ月以上
B23027859,23,2025/10/31,12855,0,200,20,0,220,福岡支店,レンタル法人,53,新規,12ヶ月以上
B23027859,24,2025/11/30,12855,0,200,20,0,220,福岡支店,レンタル法人,53,新規,12ヶ月以上
B23027859,25,2025/12/31,12855,0,200,20,0,220,福岡支店,レンタル法人,53,新規,12ヶ月以上
B23027859,26,2026/1/31,12855,0,200,20,0,220,福岡支店,レンタル法人,53,新規,12ヶ月以上
B23027859,27,2026/2/28,12855,0,200,20,0,220,福岡支店,レンタル法人,53,新規,12ヶ月以上
B23027859,28,2026/3/31,12855,0,200,20,0,220,福岡支店,レンタル法人,53,新規,12ヶ月以上
B23027859,29,2026/4/30,12855,0,200,20,0,220,福岡支店,レンタル法人,53,新規,12ヶ月以上
B23027859,30,2026/5/31,12855,0,200,20,0,220,福岡支店,レンタル法人,53,新規,12ヶ月以上
B23027859,31,2026/6/30,12855,0,200,20,0,220,福岡支店,レンタル法人,53,新規,12ヶ月以上
B23027859,32,2026/7/31,12855,0,200,20,0,220,福岡支店,レンタル法人,53,新規,12ヶ月以上
B23027859,33,2026/8/31,12855,0,200,20,0,220,福岡支店,レンタル法人,53,新規,12ヶ月以上
B23027860,22,2025/9/30,12935,0,200,20,0,220,福岡支店,レンタル法人,55,新規,12ヶ月以上
B23027860,23,2025/10/31,12935,0,200,20,0,220,福岡支店,レンタル法人,55,新規,12ヶ月以上
B23027860,24,2025/11/30,12935,0,200,20,0,220,福岡支店,レンタル法人,55,新規,12ヶ月以上
B23027860,25,2025/12/31,12935,0,200,20,0,220,福岡支店,レンタル法人,55,新規,12ヶ月以上
B23027860,26,2026/1/31,12935,0,200,20,0,220,福岡支店,レンタル法人,55,新規,12ヶ月以上
B23027860,27,2026/2/28,12935,0,200,20,0,220,福岡支店,レンタル法人,55,新規,12ヶ月以上
B23027860,28,2026/3/31,12935,0,200,20,0,220,福岡支店,レンタル法人,55,新規,12ヶ月以上
B23027860,29,2026/4/30,12935,0,200,20,0,220,福岡支店,レンタル法人,55,新規,12ヶ月以上
B23027860,30,2026/5/31,12935,0,200,20,0,220,福岡支店,レンタル法人,55,新規,12ヶ月以上
B23027860,31,2026/6/30,12935,0,200,20,0,220,福岡支店,レンタル法人,55,新規,12ヶ月以上
B23027860,32,2026/7/31,12935,0,200,20,0,220,福岡支店,レンタル法人,55,新規,12ヶ月以上
B23027860,33,2026/8/31,12935,0,200,20,0,220,福岡支店,レンタル法人,55,新規,12ヶ月以上
B23027861,22,2025/9/30,12954,0,200,20,0,220,福岡支店,レンタル法人,54,新規,12ヶ月以上
B23027861,23,2025/10/31,12954,0,200,20,0,220,福岡支店,レンタル法人,54,新規,12ヶ月以上
B23027861,24,2025/11/30,12954,0,200,20,0,220,福岡支店,レンタル法人,54,新規,12ヶ月以上
B23027861,25,2025/12/31,12954,0,200,20,0,220,福岡支店,レンタル法人,54,新規,12ヶ月以上
B23027861,26,2026/1/31,12954,0,200,20,0,220,福岡支店,レンタル法人,54,新規,12ヶ月以上
B23027861,27,2026/2/28,12954,0,200,20,0,220,福岡支店,レンタル法人,54,新規,12ヶ月以上
B23027861,28,2026/3/31,12954,0,200,20,0,220,福岡支店,レンタル法人,54,新規,12ヶ月以上
B23027861,29,2026/4/30,12954,0,200,20,0,220,福岡支店,レンタル法人,54,新規,12ヶ月以上
B23027861,30,2026/5/31,12954,0,200,20,0,220,福岡支店,レンタル法人,54,新規,12ヶ月以上
B23027861,31,2026/6/30,12954,0,200,20,0,220,福岡支店,レンタル法人,54,新規,12ヶ月以上
B23027861,32,2026/7/31,12954,0,200,20,0,220,福岡支店,レンタル法人,54,新規,12ヶ月以上
B23027861,33,2026/8/31,12954,0,200,20,0,220,福岡支店,レンタル法人,54,新規,12ヶ月以上
B23027864,22,2025/9/30,13237,0,200,20,0,220,福岡支店,レンタル法人,56,新規,12ヶ月以上
B23027864,23,2025/10/31,13237,0,200,20,0,220,福岡支店,レンタル法人,56,新規,12ヶ月以上
B23027864,24,2025/11/30,13237,0,200,20,0,220,福岡支店,レンタル法人,56,新規,12ヶ月以上
B23027864,25,2025/12/31,13237,0,200,20,0,220,福岡支店,レンタル法人,56,新規,12ヶ月以上
B23027864,26,2026/1/31,13237,0,200,20,0,220,福岡支店,レンタル法人,56,新規,12ヶ月以上
B23027864,27,2026/2/28,13237,0,200,20,0,220,福岡支店,レンタル法人,56,新規,12ヶ月以上
B23027864,28,2026/3/31,13237,0,200,20,0,220,福岡支店,レンタル法人,56,新規,12ヶ月以上
B23027864,29,2026/4/30,13237,0,200,20,0,220,福岡支店,レンタル法人,56,新規,12ヶ月以上
B23027864,30,2026/5/31,13237,0,200,20,0,220,福岡支店,レンタル法人,56,新規,12ヶ月以上
B23027864,31,2026/6/30,13237,0,200,20,0,220,福岡支店,レンタル法人,56,新規,12ヶ月以上
B23027864,32,2026/7/31,13237,0,200,20,0,220,福岡支店,レンタル法人,56,新規,12ヶ月以上
B23027864,33,2026/8/31,13237,0,200,20,0,220,福岡支店,レンタル法人,56,新規,12ヶ月以上
B23027866,22,2025/9/30,13345,0,200,20,0,220,福岡支店,レンタル法人,56,新規,12ヶ月以上
B23027866,23,2025/10/31,13345,0,200,20,0,220,福岡支店,レンタル法人,56,新規,12ヶ月以上
B23027866,24,2025/11/30,13345,0,200,20,0,220,福岡支店,レンタル法人,56,新規,12ヶ月以上
B23027866,25,2025/12/31,13345,0,200,20,0,220,福岡支店,レンタル法人,56,新規,12ヶ月以上
B23027866,26,2026/1/31,13345,0,200,20,0,220,福岡支店,レンタル法人,56,新規,12ヶ月以上
B23027866,27,2026/2/28,13345,0,200,20,0,220,福岡支店,レンタル法人,56,新規,12ヶ月以上
B23027866,28,2026/3/31,13345,0,200,20,0,220,福岡支店,レンタル法人,56,新規,12ヶ月以上
B23027866,29,2026/4/30,13345,0,200,20,0,220,福岡支店,レンタル法人,56,新規,12ヶ月以上
B23027866,30,2026/5/31,13345,0,200,20,0,220,福岡支店,レンタル法人,56,新規,12ヶ月以上
B23027866,31,2026/6/30,13345,0,200,20,0,220,福岡支店,レンタル法人,56,新規,12ヶ月以上
B23027866,32,2026/7/31,13345,0,200,20,0,220,福岡支店,レンタル法人,56,新規,12ヶ月以上
B23027866,33,2026/8/31,13345,0,200,20,0,220,福岡支店,レンタル法人,56,新規,12ヶ月以上
B23027867,22,2025/9/30,13397,0,200,20,0,220,福岡支店,レンタル法人,56,新規,12ヶ月以上
B23027867,23,2025/10/31,13397,0,200,20,0,220,福岡支店,レンタル法人,56,新規,12ヶ月以上
B23027867,24,2025/11/30,13397,0,200,20,0,220,福岡支店,レンタル法人,56,新規,12ヶ月以上
B23027867,25,2025/12/31,13397,0,200,20,0,220,福岡支店,レンタル法人,56,新規,12ヶ月以上
B23027867,26,2026/1/31,13397,0,200,20,0,220,福岡支店,レンタル法人,56,新規,12ヶ月以上
B23027867,27,2026/2/28,13397,0,200,20,0,220,福岡支店,レンタル法人,56,新規,12ヶ月以上
B23027867,28,2026/3/31,13397,0,200,20,0,220,福岡支店,レンタル法人,56,新規,12ヶ月以上
B23027867,29,2026/4/30,13397,0,200,20,0,220,福岡支店,レンタル法人,56,新規,12ヶ月以上
B23027867,30,2026/5/31,13397,0,200,20,0,220,福岡支店,レンタル法人,56,新規,12ヶ月以上
B23027867,31,2026/6/30,13397,0,200,20,0,220,福岡支店,レンタル法人,56,新規,12ヶ月以上
B23027867,32,2026/7/31,13397,0,200,20,0,220,福岡支店,レンタル法人,56,新規,12ヶ月以上
B23027867,33,2026/8/31,13397,0,200,20,0,220,福岡支店,レンタル法人,56,新規,12ヶ月以上
B23027869,22,2025/9/30,13641,0,200,20,0,220,福岡支店,レンタル法人,34,新規,12ヶ月以上
B23027869,23,2025/10/31,13641,0,200,20,0,220,福岡支店,レンタル法人,34,新規,12ヶ月以上
B23027869,24,2025/11/30,13641,0,200,20,0,220,福岡支店,レンタル法人,34,新規,12ヶ月以上
B23027869,25,2025/12/31,13641,0,200,20,0,220,福岡支店,レンタル法人,34,新規,12ヶ月以上
B23027869,26,2026/1/31,13641,0,200,20,0,220,福岡支店,レンタル法人,34,新規,12ヶ月以上
B23027869,27,2026/2/28,13641,0,200,20,0,220,福岡支店,レンタル法人,34,新規,12ヶ月以上
B23027869,28,2026/3/31,13641,0,200,20,0,220,福岡支店,レンタル法人,34,新規,12ヶ月以上
B23027869,29,2026/4/30,13641,0,200,20,0,220,福岡支店,レンタル法人,34,新規,12ヶ月以上
B23027869,30,2026/5/31,13641,0,200,20,0,220,福岡支店,レンタル法人,34,新規,12ヶ月以上
B23027869,31,2026/6/30,13641,0,200,20,0,220,福岡支店,レンタル法人,34,新規,12ヶ月以上
B23027869,32,2026/7/31,13641,0,200,20,0,220,福岡支店,レンタル法人,34,新規,12ヶ月以上
B23027869,33,2026/8/31,13641,0,200,20,0,220,福岡支店,レンタル法人,34,新規,12ヶ月以上
B23027871,22,2025/9/30,13915,0,200,20,0,220,福岡支店,レンタル法人,58,新規,12ヶ月以上
B23027871,23,2025/10/31,13915,0,200,20,0,220,福岡支店,レンタル法人,58,新規,12ヶ月以上
B23027871,24,2025/11/30,13915,0,200,20,0,220,福岡支店,レンタル法人,58,新規,12ヶ月以上
B23027871,25,2025/12/31,13915,0,200,20,0,220,福岡支店,レンタル法人,58,新規,12ヶ月以上
B23027871,26,2026/1/31,13915,0,200,20,0,220,福岡支店,レンタル法人,58,新規,12ヶ月以上
B23027871,27,2026/2/28,13915,0,200,20,0,220,福岡支店,レンタル法人,58,新規,12ヶ月以上
B23027871,28,2026/3/31,13915,0,200,20,0,220,福岡支店,レンタル法人,58,新規,12ヶ月以上
B23027871,29,2026/4/30,13915,0,200,20,0,220,福岡支店,レンタル法人,58,新規,12ヶ月以上
B23027871,30,2026/5/31,13915,0,200,20,0,220,福岡支店,レンタル法人,58,新規,12ヶ月以上
B23027871,31,2026/6/30,13915,0,200,20,0,220,福岡支店,レンタル法人,58,新規,12ヶ月以上
B23027871,32,2026/7/31,13915,0,200,20,0,220,福岡支店,レンタル法人,58,新規,12ヶ月以上
B23027871,33,2026/8/31,13915,0,200,20,0,220,福岡支店,レンタル法人,58,新規,12ヶ月以上
B23027872,22,2025/9/30,13950,0,200,20,0,220,福岡支店,レンタル法人,35,新規,12ヶ月以上
B23027872,23,2025/10/31,13950,0,200,20,0,220,福岡支店,レンタル法人,35,新規,12ヶ月以上
B23027872,24,2025/11/30,13950,0,200,20,0,220,福岡支店,レンタル法人,35,新規,12ヶ月以上
B23027872,25,2025/12/31,13950,0,200,20,0,220,福岡支店,レンタル法人,35,新規,12ヶ月以上
B23027872,26,2026/1/31,13950,0,200,20,0,220,福岡支店,レンタル法人,35,新規,12ヶ月以上
B23027872,27,2026/2/28,13950,0,200,20,0,220,福岡支店,レンタル法人,35,新規,12ヶ月以上
B23027872,28,2026/3/31,13950,0,200,20,0,220,福岡支店,レンタル法人,35,新規,12ヶ月以上
B23027872,29,2026/4/30,13950,0,200,20,0,220,福岡支店,レンタル法人,35,新規,12ヶ月以上
B23027872,30,2026/5/31,13950,0,200,20,0,220,福岡支店,レンタル法人,35,新規,12ヶ月以上
B23027872,31,2026/6/30,13950,0,200,20,0,220,福岡支店,レンタル法人,35,新規,12ヶ月以上
B23027872,32,2026/7/31,13950,0,200,20,0,220,福岡支店,レンタル法人,35,新規,12ヶ月以上
B23027872,33,2026/8/31,13950,0,200,20,0,220,福岡支店,レンタル法人,35,新規,12ヶ月以上
B23027873,22,2025/9/30,14073,0,200,20,0,220,福岡支店,レンタル法人,35,新規,12ヶ月以上
B23027873,23,2025/10/31,14073,0,200,20,0,220,福岡支店,レンタル法人,35,新規,12ヶ月以上
B23027873,24,2025/11/30,14073,0,200,20,0,220,福岡支店,レンタル法人,35,新規,12ヶ月以上
B23027873,25,2025/12/31,14073,0,200,20,0,220,福岡支店,レンタル法人,35,新規,12ヶ月以上
B23027873,26,2026/1/31,14073,0,200,20,0,220,福岡支店,レンタル法人,35,新規,12ヶ月以上
B23027873,27,2026/2/28,14073,0,200,20,0,220,福岡支店,レンタル法人,35,新規,12ヶ月以上
B23027873,28,2026/3/31,14073,0,200,20,0,220,福岡支店,レンタル法人,35,新規,12ヶ月以上
B23027873,29,2026/4/30,14073,0,200,20,0,220,福岡支店,レンタル法人,35,新規,12ヶ月以上
B23027873,30,2026/5/31,14073,0,200,20,0,220,福岡支店,レンタル法人,35,新規,12ヶ月以上
B23027873,31,2026/6/30,14073,0,200,20,0,220,福岡支店,レンタル法人,35,新規,12ヶ月以上
B23027873,32,2026/7/31,14073,0,200,20,0,220,福岡支店,レンタル法人,35,新規,12ヶ月以上
B23027873,33,2026/8/31,14073,0,200,20,0,220,福岡支店,レンタル法人,35,新規,12ヶ月以上
B23027874,22,2025/9/30,14098,0,200,20,0,220,福岡支店,レンタル法人,23,新規,12ヶ月以上
B23027874,23,2025/10/31,14098,0,200,20,0,220,福岡支店,レンタル法人,23,新規,12ヶ月以上
B23027875,22,2025/9/30,14113,0,200,20,0,220,福岡支店,レンタル法人,59,新規,12ヶ月以上
B23027875,23,2025/10/31,14113,0,200,20,0,220,福岡支店,レンタル法人,59,新規,12ヶ月以上
B23027875,24,2025/11/30,14113,0,200,20,0,220,福岡支店,レンタル法人,59,新規,12ヶ月以上
B23027875,25,2025/12/31,14113,0,200,20,0,220,福岡支店,レンタル法人,59,新規,12ヶ月以上
B23027875,26,2026/1/31,14113,0,200,20,0,220,福岡支店,レンタル法人,59,新規,12ヶ月以上
B23027875,27,2026/2/28,14113,0,200,20,0,220,福岡支店,レンタル法人,59,新規,12ヶ月以上
B23027875,28,2026/3/31,14113,0,200,20,0,220,福岡支店,レンタル法人,59,新規,12ヶ月以上
B23027875,29,2026/4/30,14113,0,200,20,0,220,福岡支店,レンタル法人,59,新規,12ヶ月以上
B23027875,30,2026/5/31,14113,0,200,20,0,220,福岡支店,レンタル法人,59,新規,12ヶ月以上
B23027875,31,2026/6/30,14113,0,200,20,0,220,福岡支店,レンタル法人,59,新規,12ヶ月以上
B23027875,32,2026/7/31,14113,0,200,20,0,220,福岡支店,レンタル法人,59,新規,12ヶ月以上
B23027875,33,2026/8/31,14113,0,200,20,0,220,福岡支店,レンタル法人,59,新規,12ヶ月以上
B23027878,22,2025/9/30,13283,0,200,20,0,220,福岡支店,レンタル法人,56,新規,12ヶ月以上
B23027878,23,2025/10/31,13283,0,200,20,0,220,福岡支店,レンタル法人,56,新規,12ヶ月以上
B23027878,24,2025/11/30,13283,0,200,20,0,220,福岡支店,レンタル法人,56,新規,12ヶ月以上
B23027878,25,2025/12/31,13283,0,200,20,0,220,福岡支店,レンタル法人,56,新規,12ヶ月以上
B23027878,26,2026/1/31,13283,0,200,20,0,220,福岡支店,レンタル法人,56,新規,12ヶ月以上
B23027878,27,2026/2/28,13283,0,200,20,0,220,福岡支店,レンタル法人,56,新規,12ヶ月以上
B23027878,28,2026/3/31,13283,0,200,20,0,220,福岡支店,レンタル法人,56,新規,12ヶ月以上
B23027878,29,2026/4/30,13283,0,200,20,0,220,福岡支店,レンタル法人,56,新規,12ヶ月以上
B23027878,30,2026/5/31,13283,0,200,20,0,220,福岡支店,レンタル法人,56,新規,12ヶ月以上
B23027878,31,2026/6/30,13283,0,200,20,0,220,福岡支店,レンタル法人,56,新規,12ヶ月以上
B23027878,32,2026/7/31,13283,0,200,20,0,220,福岡支店,レンタル法人,56,新規,12ヶ月以上
B23027878,33,2026/8/31,13283,0,200,20,0,220,福岡支店,レンタル法人,56,新規,12ヶ月以上
B23028352,21,2025/9/30,13345,0,5550,555,0,6105,福岡支店,レンタル法人,60,新規,12ヶ月以上
B23028352,22,2025/10/31,13345,0,5550,555,0,6105,福岡支店,レンタル法人,60,新規,12ヶ月以上
B23028352,23,2025/11/30,13345,0,5550,555,0,6105,福岡支店,レンタル法人,60,新規,12ヶ月以上
B23028352,24,2025/12/31,13345,0,5550,555,0,6105,福岡支店,レンタル法人,60,新規,12ヶ月以上
B23028352,25,2026/1/31,13345,0,5550,555,0,6105,福岡支店,レンタル法人,60,新規,12ヶ月以上
B23028352,26,2026/2/28,13345,0,5550,555,0,6105,福岡支店,レンタル法人,60,新規,12ヶ月以上
B23028352,27,2026/3/31,13345,0,5550,555,0,6105,福岡支店,レンタル法人,60,新規,12ヶ月以上
B23028352,28,2026/4/30,13345,0,5550,555,0,6105,福岡支店,レンタル法人,60,新規,12ヶ月以上
B23028352,29,2026/5/31,13345,0,5550,555,0,6105,福岡支店,レンタル法人,60,新規,12ヶ月以上
B23028352,30,2026/6/30,13345,0,5550,555,0,6105,福岡支店,レンタル法人,60,新規,12ヶ月以上
B23028352,31,2026/7/31,13345,0,5550,555,0,6105,福岡支店,レンタル法人,60,新規,12ヶ月以上
B23028352,32,2026/8/31,13345,0,5550,555,0,6105,福岡支店,レンタル法人,60,新規,12ヶ月以上
B23028796,20,2025/9/30,14508,0,24600,2460,0,27060,福岡支店,レンタル法人,36,新規,12ヶ月以上
B23028796,21,2025/10/31,14508,0,24600,2460,0,27060,福岡支店,レンタル法人,36,新規,12ヶ月以上
B23028796,22,2025/11/30,14508,0,24600,2460,0,27060,福岡支店,レンタル法人,36,新規,12ヶ月以上
B23028796,23,2025/12/31,14508,0,24600,2460,0,27060,福岡支店,レンタル法人,36,新規,12ヶ月以上
B23028796,24,2026/1/31,14508,0,24600,2460,0,27060,福岡支店,レンタル法人,36,新規,12ヶ月以上
B23028796,25,2026/2/28,14508,0,24600,2460,0,27060,福岡支店,レンタル法人,36,新規,12ヶ月以上
B23028796,26,2026/3/31,14508,0,24600,2460,0,27060,福岡支店,レンタル法人,36,新規,12ヶ月以上
B23028796,27,2026/4/30,14508,0,24600,2460,0,27060,福岡支店,レンタル法人,36,新規,12ヶ月以上
B23028796,28,2026/5/31,14508,0,24600,2460,0,27060,福岡支店,レンタル法人,36,新規,12ヶ月以上
B23028796,29,2026/6/30,14508,0,24600,2460,0,27060,福岡支店,レンタル法人,36,新規,12ヶ月以上
B23028796,30,2026/7/31,14508,0,24600,2460,0,27060,福岡支店,レンタル法人,36,新規,12ヶ月以上
B23028796,31,2026/8/31,14508,0,24600,2460,0,27060,福岡支店,レンタル法人,36,新規,12ヶ月以上
B24000088,21,2025/9/30,14553,0,25960,2596,0,28556,福岡支店,レンタル法人,60,新規,12ヶ月以上
B24000088,22,2025/10/31,14553,0,25960,2596,0,28556,福岡支店,レンタル法人,60,新規,12ヶ月以上
B24000088,23,2025/11/30,14553,0,25960,2596,0,28556,福岡支店,レンタル法人,60,新規,12ヶ月以上
B24000088,24,2025/12/31,14553,0,25960,2596,0,28556,福岡支店,レンタル法人,60,新規,12ヶ月以上
B24000088,25,2026/1/31,14553,0,25960,2596,0,28556,福岡支店,レンタル法人,60,新規,12ヶ月以上
B24000088,26,2026/2/28,14553,0,25960,2596,0,28556,福岡支店,レンタル法人,60,新規,12ヶ月以上
B24000088,27,2026/3/31,14553,0,25960,2596,0,28556,福岡支店,レンタル法人,60,新規,12ヶ月以上
B24000088,28,2026/4/30,14553,0,25960,2596,0,28556,福岡支店,レンタル法人,60,新規,12ヶ月以上
B24000088,29,2026/5/31,14553,0,25960,2596,0,28556,福岡支店,レンタル法人,60,新規,12ヶ月以上
B24000088,30,2026/6/30,14553,0,25960,2596,0,28556,福岡支店,レンタル法人,60,新規,12ヶ月以上
B24000088,31,2026/7/31,14553,0,25960,2596,0,28556,福岡支店,レンタル法人,60,新規,12ヶ月以上
B24000088,32,2026/8/31,14553,0,25960,2596,0,28556,福岡支店,レンタル法人,60,新規,12ヶ月以上
B24000090,21,2025/9/30,14504,0,25960,2596,0,28556,福岡支店,レンタル法人,60,新規,12ヶ月以上
B24000090,22,2025/10/31,14504,0,25960,2596,0,28556,福岡支店,レンタル法人,60,新規,12ヶ月以上
B24000090,23,2025/11/30,14504,0,25960,2596,0,28556,福岡支店,レンタル法人,60,新規,12ヶ月以上
B24000090,24,2025/12/31,14504,0,25960,2596,0,28556,福岡支店,レンタル法人,60,新規,12ヶ月以上
B24000090,25,2026/1/31,14504,0,25960,2596,0,28556,福岡支店,レンタル法人,60,新規,12ヶ月以上
B24000090,26,2026/2/28,14504,0,25960,2596,0,28556,福岡支店,レンタル法人,60,新規,12ヶ月以上
B24000090,27,2026/3/31,14504,0,25960,2596,0,28556,福岡支店,レンタル法人,60,新規,12ヶ月以上
B24000090,28,2026/4/30,14504,0,25960,2596,0,28556,福岡支店,レンタル法人,60,新規,12ヶ月以上
B24000090,29,2026/5/31,14504,0,25960,2596,0,28556,福岡支店,レンタル法人,60,新規,12ヶ月以上
B24000090,30,2026/6/30,14504,0,25960,2596,0,28556,福岡支店,レンタル法人,60,新規,12ヶ月以上
B24000090,31,2026/7/31,14504,0,25960,2596,0,28556,福岡支店,レンタル法人,60,新規,12ヶ月以上
B24000090,32,2026/8/31,14504,0,25960,2596,0,28556,福岡支店,レンタル法人,60,新規,12ヶ月以上
B24000127,21,2025/9/30,14073,0,21363,2136,0,23499,福岡支店,レンタル法人,36,新規,12ヶ月以上
B24000127,22,2025/10/31,14073,0,21363,2136,0,23499,福岡支店,レンタル法人,36,新規,12ヶ月以上
B24000127,23,2025/11/30,14073,0,21363,2136,0,23499,福岡支店,レンタル法人,36,新規,12ヶ月以上
B24000127,24,2025/12/31,14073,0,21363,2136,0,23499,福岡支店,レンタル法人,36,新規,12ヶ月以上
B24000127,25,2026/1/31,14073,0,21363,2136,0,23499,福岡支店,レンタル法人,36,新規,12ヶ月以上
B24000127,26,2026/2/28,14073,0,21363,2136,0,23499,福岡支店,レンタル法人,36,新規,12ヶ月以上
B24000127,27,2026/3/31,14073,0,21363,2136,0,23499,福岡支店,レンタル法人,36,新規,12ヶ月以上
B24000127,28,2026/4/30,14073,0,21363,2136,0,23499,福岡支店,レンタル法人,36,新規,12ヶ月以上
B24000127,29,2026/5/31,14073,0,21363,2136,0,23499,福岡支店,レンタル法人,36,新規,12ヶ月以上
B24000127,30,2026/6/30,14073,0,21363,2136,0,23499,福岡支店,レンタル法人,36,新規,12ヶ月以上
B24000127,31,2026/7/31,14073,0,21363,2136,0,23499,福岡支店,レンタル法人,36,新規,12ヶ月以上
B24000127,32,2026/8/31,14073,0,21363,2136,0,23499,福岡支店,レンタル法人,36,新規,12ヶ月以上
B24000162,20,2025/9/30,11894,0,31100,3110,0,34210,福岡支店,レンタル法人,60,新規,12ヶ月以上
B24000162,21,2025/10/31,11894,0,31100,3110,0,34210,福岡支店,レンタル法人,60,新規,12ヶ月以上
B24000162,22,2025/11/30,11894,0,31100,3110,0,34210,福岡支店,レンタル法人,60,新規,12ヶ月以上
B24000162,23,2025/12/31,11894,0,31100,3110,0,34210,福岡支店,レンタル法人,60,新規,12ヶ月以上
B24000162,24,2026/1/31,11894,0,31100,3110,0,34210,福岡支店,レンタル法人,60,新規,12ヶ月以上
B24000162,25,2026/2/28,11894,0,31100,3110,0,34210,福岡支店,レンタル法人,60,新規,12ヶ月以上
B24000162,26,2026/3/31,11894,0,31100,3110,0,34210,福岡支店,レンタル法人,60,新規,12ヶ月以上
B24000162,27,2026/4/30,11894,0,31100,3110,0,34210,福岡支店,レンタル法人,60,新規,12ヶ月以上
B24000162,28,2026/5/31,11894,0,31100,3110,0,34210,福岡支店,レンタル法人,60,新規,12ヶ月以上
B24000162,29,2026/6/30,11894,0,31100,3110,0,34210,福岡支店,レンタル法人,60,新規,12ヶ月以上
B24000162,30,2026/7/31,11894,0,31100,3110,0,34210,福岡支店,レンタル法人,60,新規,12ヶ月以上
B24000162,31,2026/8/31,11894,0,31100,3110,0,34210,福岡支店,レンタル法人,60,新規,12ヶ月以上
B24000264,21,2025/9/30,11182,0,5700,570,0,6270,福岡支店,レンタル法人,36,新規,12ヶ月以上
B24000264,22,2025/10/31,11182,0,5700,570,0,6270,福岡支店,レンタル法人,36,新規,12ヶ月以上
B24000264,23,2025/11/30,11182,0,5700,570,0,6270,福岡支店,レンタル法人,36,新規,12ヶ月以上
B24000264,24,2025/12/31,11182,0,5700,570,0,6270,福岡支店,レンタル法人,36,新規,12ヶ月以上
B24000264,25,2026/1/31,11182,0,5700,570,0,6270,福岡支店,レンタル法人,36,新規,12ヶ月以上
B24000264,26,2026/2/28,11182,0,5700,570,0,6270,福岡支店,レンタル法人,36,新規,12ヶ月以上
B24000264,27,2026/3/31,11182,0,5700,570,0,6270,福岡支店,レンタル法人,36,新規,12ヶ月以上
B24000264,28,2026/4/30,11182,0,5700,570,0,6270,福岡支店,レンタル法人,36,新規,12ヶ月以上
B24000264,29,2026/5/31,11182,0,5700,570,0,6270,福岡支店,レンタル法人,36,新規,12ヶ月以上
B24000264,30,2026/6/30,11182,0,5700,570,0,6270,福岡支店,レンタル法人,36,新規,12ヶ月以上
B24000264,31,2026/7/31,11182,0,5700,570,0,6270,福岡支店,レンタル法人,36,新規,12ヶ月以上
B24000264,32,2026/8/31,11182,0,5700,570,0,6270,福岡支店,レンタル法人,36,新規,12ヶ月以上
B24000578,20,2025/9/30,5759,0,4200,420,0,4620,福岡支店,レンタル法人,36,新規,12ヶ月以上
B24000578,21,2025/10/31,5759,0,4200,420,0,4620,福岡支店,レンタル法人,36,新規,12ヶ月以上
B24000578,22,2025/11/30,5759,0,4200,420,0,4620,福岡支店,レンタル法人,36,新規,12ヶ月以上
B24000578,23,2025/12/31,5759,0,4200,420,0,4620,福岡支店,レンタル法人,36,新規,12ヶ月以上
B24000578,24,2026/1/31,5759,0,4200,420,0,4620,福岡支店,レンタル法人,36,新規,12ヶ月以上
B24000578,25,2026/2/28,5759,0,4200,420,0,4620,福岡支店,レンタル法人,36,新規,12ヶ月以上
B24000578,26,2026/3/31,5759,0,4200,420,0,4620,福岡支店,レンタル法人,36,新規,12ヶ月以上
B24000578,27,2026/4/30,5759,0,4200,420,0,4620,福岡支店,レンタル法人,36,新規,12ヶ月以上
B24000578,28,2026/5/31,5759,0,4200,420,0,4620,福岡支店,レンタル法人,36,新規,12ヶ月以上
B24000578,29,2026/6/30,5759,0,4200,420,0,4620,福岡支店,レンタル法人,36,新規,12ヶ月以上
B24000578,30,2026/7/31,5759,0,4200,420,0,4620,福岡支店,レンタル法人,36,新規,12ヶ月以上
B24000578,31,2026/8/31,5759,0,4200,420,0,4620,福岡支店,レンタル法人,36,新規,12ヶ月以上
B24000753,20,2025/9/30,14122,0,3700,370,0,4070,福岡支店,レンタル法人,48,新規,12ヶ月以上
B24000753,21,2025/10/31,14122,0,3700,370,0,4070,福岡支店,レンタル法人,48,新規,12ヶ月以上
B24000753,22,2025/11/30,14122,0,3700,370,0,4070,福岡支店,レンタル法人,48,新規,12ヶ月以上
B24000753,23,2025/12/31,14122,0,3700,370,0,4070,福岡支店,レンタル法人,48,新規,12ヶ月以上
B24000753,24,2026/1/31,14122,0,3700,370,0,4070,福岡支店,レンタル法人,48,新規,12ヶ月以上
B24000753,25,2026/2/28,14122,0,3700,370,0,4070,福岡支店,レンタル法人,48,新規,12ヶ月以上
B24000753,26,2026/3/31,14122,0,3700,370,0,4070,福岡支店,レンタル法人,48,新規,12ヶ月以上
B24000753,27,2026/4/30,14122,0,3700,370,0,4070,福岡支店,レンタル法人,48,新規,12ヶ月以上
B24000753,28,2026/5/31,14122,0,3700,370,0,4070,福岡支店,レンタル法人,48,新規,12ヶ月以上
B24000753,29,2026/6/30,14122,0,3700,370,0,4070,福岡支店,レンタル法人,48,新規,12ヶ月以上
B24000753,30,2026/7/31,14122,0,3700,370,0,4070,福岡支店,レンタル法人,48,新規,12ヶ月以上
B24000753,31,2026/8/31,14122,0,3700,370,0,4070,福岡支店,レンタル法人,48,新規,12ヶ月以上
B24000787,21,2025/9/30,14315,0,200,20,0,220,福岡支店,レンタル法人,24,新規,12ヶ月以上
B24000787,22,2025/10/31,14315,0,200,20,0,220,福岡支店,レンタル法人,24,新規,12ヶ月以上
B24000787,23,2025/11/30,14315,0,200,20,0,220,福岡支店,レンタル法人,24,新規,12ヶ月以上
B24000787,24,2025/12/31,14315,0,200,20,0,220,福岡支店,レンタル法人,24,新規,12ヶ月以上
B24000788,21,2025/9/30,14322,0,200,20,0,220,福岡支店,レンタル法人,59,新規,12ヶ月以上
B24000788,22,2025/10/31,14322,0,200,20,0,220,福岡支店,レンタル法人,59,新規,12ヶ月以上
B24000788,23,2025/11/30,14322,0,200,20,0,220,福岡支店,レンタル法人,59,新規,12ヶ月以上
B24000788,24,2025/12/31,14322,0,200,20,0,220,福岡支店,レンタル法人,59,新規,12ヶ月以上
B24000788,25,2026/1/31,14322,0,200,20,0,220,福岡支店,レンタル法人,59,新規,12ヶ月以上
B24000788,26,2026/2/28,14322,0,200,20,0,220,福岡支店,レンタル法人,59,新規,12ヶ月以上
B24000788,27,2026/3/31,14322,0,200,20,0,220,福岡支店,レンタル法人,59,新規,12ヶ月以上
B24000788,28,2026/4/30,14322,0,200,20,0,220,福岡支店,レンタル法人,59,新規,12ヶ月以上
B24000788,29,2026/5/31,14322,0,200,20,0,220,福岡支店,レンタル法人,59,新規,12ヶ月以上
B24000788,30,2026/6/30,14322,0,200,20,0,220,福岡支店,レンタル法人,59,新規,12ヶ月以上
B24000788,31,2026/7/31,14322,0,200,20,0,220,福岡支店,レンタル法人,59,新規,12ヶ月以上
B24000788,32,2026/8/31,14322,0,200,20,0,220,福岡支店,レンタル法人,59,新規,12ヶ月以上
B24000795,21,2025/9/30,14400,0,200,20,0,220,福岡支店,レンタル法人,60,新規,12ヶ月以上
B24000795,22,2025/10/31,14400,0,200,20,0,220,福岡支店,レンタル法人,60,新規,12ヶ月以上
B24000795,23,2025/11/30,14400,0,200,20,0,220,福岡支店,レンタル法人,60,新規,12ヶ月以上
B24000795,24,2025/12/31,14400,0,200,20,0,220,福岡支店,レンタル法人,60,新規,12ヶ月以上
B24000795,25,2026/1/31,14400,0,200,20,0,220,福岡支店,レンタル法人,60,新規,12ヶ月以上
B24000795,26,2026/2/28,14400,0,200,20,0,220,福岡支店,レンタル法人,60,新規,12ヶ月以上
B24000795,27,2026/3/31,14400,0,200,20,0,220,福岡支店,レンタル法人,60,新規,12ヶ月以上
B24000795,28,2026/4/30,14400,0,200,20,0,220,福岡支店,レンタル法人,60,新規,12ヶ月以上
B24000795,29,2026/5/31,14400,0,200,20,0,220,福岡支店,レンタル法人,60,新規,12ヶ月以上
B24000795,30,2026/6/30,14400,0,200,20,0,220,福岡支店,レンタル法人,60,新規,12ヶ月以上
B24000795,31,2026/7/31,14400,0,200,20,0,220,福岡支店,レンタル法人,60,新規,12ヶ月以上
B24000795,32,2026/8/31,14400,0,200,20,0,220,福岡支店,レンタル法人,60,新規,12ヶ月以上
B24001168,20,2025/9/30,14220,0,35500,3550,0,39050,福岡支店,レンタル法人,48,新規,12ヶ月以上
B24001168,21,2025/10/31,14220,0,35500,3550,0,39050,福岡支店,レンタル法人,48,新規,12ヶ月以上
B24001168,22,2025/11/30,14220,0,35500,3550,0,39050,福岡支店,レンタル法人,48,新規,12ヶ月以上
B24001168,23,2025/12/31,14220,0,35500,3550,0,39050,福岡支店,レンタル法人,48,新規,12ヶ月以上
B24001168,24,2026/1/31,14220,0,35500,3550,0,39050,福岡支店,レンタル法人,48,新規,12ヶ月以上
B24001168,25,2026/2/28,14220,0,35500,3550,0,39050,福岡支店,レンタル法人,48,新規,12ヶ月以上
B24001168,26,2026/3/31,14220,0,35500,3550,0,39050,福岡支店,レンタル法人,48,新規,12ヶ月以上
B24001168,27,2026/4/30,14220,0,35500,3550,0,39050,福岡支店,レンタル法人,48,新規,12ヶ月以上
B24001168,28,2026/5/31,14220,0,35500,3550,0,39050,福岡支店,レンタル法人,48,新規,12ヶ月以上
B24001168,29,2026/6/30,14220,0,35500,3550,0,39050,福岡支店,レンタル法人,48,新規,12ヶ月以上
B24001168,30,2026/7/31,14220,0,35500,3550,0,39050,福岡支店,レンタル法人,48,新規,12ヶ月以上
B24001168,31,2026/8/31,14220,0,35500,3550,0,39050,福岡支店,レンタル法人,48,新規,12ヶ月以上
B24001177,20,2025/9/30,14315,0,9900,990,0,10890,福岡支店,レンタル法人,24,新規,12ヶ月以上
B24001177,21,2025/10/31,14315,0,9900,990,0,10890,福岡支店,レンタル法人,24,新規,12ヶ月以上
B24001177,22,2025/11/30,14315,0,9900,990,0,10890,福岡支店,レンタル法人,24,新規,12ヶ月以上
B24001177,23,2025/12/31,14315,0,9900,990,0,10890,福岡支店,レンタル法人,24,新規,12ヶ月以上
B24001177,24,2026/1/31,14315,0,9900,990,0,10890,福岡支店,レンタル法人,24,新規,12ヶ月以上
B24001181,19,2025/9/30,14315,0,14800,1480,0,16280,福岡支店,レンタル法人,24,新規,12ヶ月以上
B24001181,20,2025/10/31,14315,0,14800,1480,0,16280,福岡支店,レンタル法人,24,新規,12ヶ月以上
B24001181,21,2025/11/30,14315,0,14800,1480,0,16280,福岡支店,レンタル法人,24,新規,12ヶ月以上
B24001181,22,2025/12/31,14315,0,14800,1480,0,16280,福岡支店,レンタル法人,24,新規,12ヶ月以上
B24001181,23,2026/1/31,14315,0,14800,1480,0,16280,福岡支店,レンタル法人,24,新規,12ヶ月以上
B24001181,24,2026/2/28,14315,0,14800,1480,0,16280,福岡支店,レンタル法人,24,新規,12ヶ月以上
B24001754,20,2025/9/30,12987,0,1650,165,0,1815,福岡支店,レンタル法人,60,新規,12ヶ月以上
B24001754,21,2025/10/31,12987,0,1650,165,0,1815,福岡支店,レンタル法人,60,新規,12ヶ月以上
B24001754,22,2025/11/30,12987,0,1650,165,0,1815,福岡支店,レンタル法人,60,新規,12ヶ月以上
B24001754,23,2025/12/31,12987,0,1650,165,0,1815,福岡支店,レンタル法人,60,新規,12ヶ月以上
B24001754,24,2026/1/31,12987,0,1650,165,0,1815,福岡支店,レンタル法人,60,新規,12ヶ月以上
B24001754,25,2026/2/28,12987,0,1650,165,0,1815,福岡支店,レンタル法人,60,新規,12ヶ月以上
B24001754,26,2026/3/31,12987,0,1650,165,0,1815,福岡支店,レンタル法人,60,新規,12ヶ月以上
B24001754,27,2026/4/30,12987,0,1650,165,0,1815,福岡支店,レンタル法人,60,新規,12ヶ月以上
B24001754,28,2026/5/31,12987,0,1650,165,0,1815,福岡支店,レンタル法人,60,新規,12ヶ月以上
B24001754,29,2026/6/30,12987,0,1650,165,0,1815,福岡支店,レンタル法人,60,新規,12ヶ月以上
B24001754,30,2026/7/31,12987,0,1650,165,0,1815,福岡支店,レンタル法人,60,新規,12ヶ月以上
B24001754,31,2026/8/31,12987,0,1650,165,0,1815,福岡支店,レンタル法人,60,新規,12ヶ月以上
B24002070,19,2025/9/30,12248,0,39150,3915,0,43065,福岡支店,レンタル法人,48,新規,12ヶ月以上
B24002070,20,2025/10/31,12248,0,39150,3915,0,43065,福岡支店,レンタル法人,48,新規,12ヶ月以上
B24002070,21,2025/11/30,12248,0,39150,3915,0,43065,福岡支店,レンタル法人,48,新規,12ヶ月以上
B24002070,22,2025/12/31,12248,0,39150,3915,0,43065,福岡支店,レンタル法人,48,新規,12ヶ月以上
B24002070,23,2026/1/31,12248,0,39150,3915,0,43065,福岡支店,レンタル法人,48,新規,12ヶ月以上
B24002070,24,2026/2/28,12248,0,39150,3915,0,43065,福岡支店,レンタル法人,48,新規,12ヶ月以上
B24002070,25,2026/3/31,12248,0,39150,3915,0,43065,福岡支店,レンタル法人,48,新規,12ヶ月以上
B24002070,26,2026/4/30,12248,0,39150,3915,0,43065,福岡支店,レンタル法人,48,新規,12ヶ月以上
B24002070,27,2026/5/31,12248,0,39150,3915,0,43065,福岡支店,レンタル法人,48,新規,12ヶ月以上
B24002070,28,2026/6/30,12248,0,39150,3915,0,43065,福岡支店,レンタル法人,48,新規,12ヶ月以上
B24002070,29,2026/7/31,12248,0,39150,3915,0,43065,福岡支店,レンタル法人,48,新規,12ヶ月以上
B24002070,30,2026/8/31,12248,0,39150,3915,0,43065,福岡支店,レンタル法人,48,新規,12ヶ月以上
B24002071,19,2025/9/30,12248,0,34800,3480,0,38280,福岡支店,レンタル法人,48,新規,12ヶ月以上
B24002071,20,2025/10/31,12248,0,34800,3480,0,38280,福岡支店,レンタル法人,48,新規,12ヶ月以上
B24002071,21,2025/11/30,12248,0,34800,3480,0,38280,福岡支店,レンタル法人,48,新規,12ヶ月以上
B24002071,22,2025/12/31,12248,0,34800,3480,0,38280,福岡支店,レンタル法人,48,新規,12ヶ月以上
B24002071,23,2026/1/31,12248,0,34800,3480,0,38280,福岡支店,レンタル法人,48,新規,12ヶ月以上
B24002071,24,2026/2/28,12248,0,34800,3480,0,38280,福岡支店,レンタル法人,48,新規,12ヶ月以上
B24002071,25,2026/3/31,12248,0,34800,3480,0,38280,福岡支店,レンタル法人,48,新規,12ヶ月以上
B24002071,26,2026/4/30,12248,0,34800,3480,0,38280,福岡支店,レンタル法人,48,新規,12ヶ月以上
B24002071,27,2026/5/31,12248,0,34800,3480,0,38280,福岡支店,レンタル法人,48,新規,12ヶ月以上
B24002071,28,2026/6/30,12248,0,34800,3480,0,38280,福岡支店,レンタル法人,48,新規,12ヶ月以上
B24002071,29,2026/7/31,12248,0,34800,3480,0,38280,福岡支店,レンタル法人,48,新規,12ヶ月以上
B24002071,30,2026/8/31,12248,0,34800,3480,0,38280,福岡支店,レンタル法人,48,新規,12ヶ月以上
B24002078,20,2025/9/30,14640,0,25960,2596,0,28556,福岡支店,レンタル法人,60,新規,12ヶ月以上
B24002078,21,2025/10/31,14640,0,25960,2596,0,28556,福岡支店,レンタル法人,60,新規,12ヶ月以上
B24002078,22,2025/11/30,14640,0,25960,2596,0,28556,福岡支店,レンタル法人,60,新規,12ヶ月以上
B24002078,23,2025/12/31,14640,0,25960,2596,0,28556,福岡支店,レンタル法人,60,新規,12ヶ月以上
B24002078,24,2026/1/31,14640,0,25960,2596,0,28556,福岡支店,レンタル法人,60,新規,12ヶ月以上
B24002078,25,2026/2/28,14640,0,25960,2596,0,28556,福岡支店,レンタル法人,60,新規,12ヶ月以上
B24002078,26,2026/3/31,14640,0,25960,2596,0,28556,福岡支店,レンタル法人,60,新規,12ヶ月以上
B24002078,27,2026/4/30,14640,0,25960,2596,0,28556,福岡支店,レンタル法人,60,新規,12ヶ月以上
B24002078,28,2026/5/31,14640,0,25960,2596,0,28556,福岡支店,レンタル法人,60,新規,12ヶ月以上
B24002078,29,2026/6/30,14640,0,25960,2596,0,28556,福岡支店,レンタル法人,60,新規,12ヶ月以上
B24002078,30,2026/7/31,14640,0,25960,2596,0,28556,福岡支店,レンタル法人,60,新規,12ヶ月以上
B24002078,31,2026/8/31,14640,0,25960,2596,0,28556,福岡支店,レンタル法人,60,新規,12ヶ月以上
B24002170,18,2025/9/30,12954,0,126000,12600,0,138600,福岡支店,レンタル法人,60,新規,12ヶ月以上
B24002170,19,2025/10/31,12954,0,126000,12600,0,138600,福岡支店,レンタル法人,60,新規,12ヶ月以上
B24002170,20,2025/11/30,12954,0,126000,12600,0,138600,福岡支店,レンタル法人,60,新規,12ヶ月以上
B24002170,21,2025/12/31,12954,0,126000,12600,0,138600,福岡支店,レンタル法人,60,新規,12ヶ月以上
B24002170,22,2026/1/31,12954,0,126000,12600,0,138600,福岡支店,レンタル法人,60,新規,12ヶ月以上
B24002170,23,2026/2/28,12954,0,126000,12600,0,138600,福岡支店,レンタル法人,60,新規,12ヶ月以上
B24002170,24,2026/3/31,12954,0,126000,12600,0,138600,福岡支店,レンタル法人,60,新規,12ヶ月以上
B24002170,25,2026/4/30,12954,0,126000,12600,0,138600,福岡支店,レンタル法人,60,新規,12ヶ月以上
B24002170,26,2026/5/31,12954,0,126000,12600,0,138600,福岡支店,レンタル法人,60,新規,12ヶ月以上
B24002170,27,2026/6/30,12954,0,126000,12600,0,138600,福岡支店,レンタル法人,60,新規,12ヶ月以上
B24002170,28,2026/7/31,12954,0,126000,12600,0,138600,福岡支店,レンタル法人,60,新規,12ヶ月以上
B24002170,29,2026/8/31,12954,0,126000,12600,0,138600,福岡支店,レンタル法人,60,新規,12ヶ月以上
B24002553,19,2025/9/30,14672,0,23000,2300,0,25300,福岡支店,レンタル法人,60,新規,12ヶ月以上
B24002553,20,2025/10/31,14672,0,23000,2300,0,25300,福岡支店,レンタル法人,60,新規,12ヶ月以上
B24002553,21,2025/11/30,14672,0,23000,2300,0,25300,福岡支店,レンタル法人,60,新規,12ヶ月以上
B24002553,22,2025/12/31,14672,0,23000,2300,0,25300,福岡支店,レンタル法人,60,新規,12ヶ月以上
B24002553,23,2026/1/31,14672,0,23000,2300,0,25300,福岡支店,レンタル法人,60,新規,12ヶ月以上
B24002553,24,2026/2/28,14672,0,23000,2300,0,25300,福岡支店,レンタル法人,60,新規,12ヶ月以上
B24002553,25,2026/3/31,14672,0,23000,2300,0,25300,福岡支店,レンタル法人,60,新規,12ヶ月以上
B24002553,26,2026/4/30,14672,0,23000,2300,0,25300,福岡支店,レンタル法人,60,新規,12ヶ月以上
B24002553,27,2026/5/31,14672,0,23000,2300,0,25300,福岡支店,レンタル法人,60,新規,12ヶ月以上
B24002553,28,2026/6/30,14672,0,23000,2300,0,25300,福岡支店,レンタル法人,60,新規,12ヶ月以上
B24002553,29,2026/7/31,14672,0,23000,2300,0,25300,福岡支店,レンタル法人,60,新規,12ヶ月以上
B24002553,30,2026/8/31,14672,0,23000,2300,0,25300,福岡支店,レンタル法人,60,新規,12ヶ月以上
B24002574,20,2025/9/30,11660,0,19040,1904,0,20944,福岡支店,レンタル法人,36,新規,12ヶ月以上
B24002574,21,2025/10/31,11660,0,19040,1904,0,20944,福岡支店,レンタル法人,36,新規,12ヶ月以上
B24002574,22,2025/11/30,11660,0,19040,1904,0,20944,福岡支店,レンタル法人,36,新規,12ヶ月以上
B24002574,23,2025/12/31,11660,0,19040,1904,0,20944,福岡支店,レンタル法人,36,新規,12ヶ月以上
B24002574,24,2026/1/31,11660,0,19040,1904,0,20944,福岡支店,レンタル法人,36,新規,12ヶ月以上
B24002574,25,2026/2/28,11660,0,19040,1904,0,20944,福岡支店,レンタル法人,36,新規,12ヶ月以上
B24002574,26,2026/3/31,11660,0,19040,1904,0,20944,福岡支店,レンタル法人,36,新規,12ヶ月以上
B24002574,27,2026/4/30,11660,0,19040,1904,0,20944,福岡支店,レンタル法人,36,新規,12ヶ月以上
B24002574,28,2026/5/31,11660,0,19040,1904,0,20944,福岡支店,レンタル法人,36,新規,12ヶ月以上
B24002574,29,2026/6/30,11660,0,19040,1904,0,20944,福岡支店,レンタル法人,36,新規,12ヶ月以上
B24002574,30,2026/7/31,11660,0,19040,1904,0,20944,福岡支店,レンタル法人,36,新規,12ヶ月以上
B24002574,31,2026/8/31,11660,0,19040,1904,0,20944,福岡支店,レンタル法人,36,新規,12ヶ月以上
B24003293,19,2025/9/30,14744,0,15980,1598,0,17578,福岡支店,レンタル法人,60,新規,12ヶ月以上
B24003293,20,2025/10/31,14744,0,15980,1598,0,17578,福岡支店,レンタル法人,60,新規,12ヶ月以上
B24003293,21,2025/11/30,14744,0,15980,1598,0,17578,福岡支店,レンタル法人,60,新規,12ヶ月以上
B24003293,22,2025/12/31,14744,0,15980,1598,0,17578,福岡支店,レンタル法人,60,新規,12ヶ月以上
B24003293,23,2026/1/31,14744,0,15980,1598,0,17578,福岡支店,レンタル法人,60,新規,12ヶ月以上
B24003293,24,2026/2/28,14744,0,15980,1598,0,17578,福岡支店,レンタル法人,60,新規,12ヶ月以上
B24003293,25,2026/3/31,14744,0,15980,1598,0,17578,福岡支店,レンタル法人,60,新規,12ヶ月以上
B24003293,26,2026/4/30,14744,0,15980,1598,0,17578,福岡支店,レンタル法人,60,新規,12ヶ月以上
B24003293,27,2026/5/31,14744,0,15980,1598,0,17578,福岡支店,レンタル法人,60,新規,12ヶ月以上
B24003293,28,2026/6/30,14744,0,15980,1598,0,17578,福岡支店,レンタル法人,60,新規,12ヶ月以上
B24003293,29,2026/7/31,14744,0,15980,1598,0,17578,福岡支店,レンタル法人,60,新規,12ヶ月以上
B24003293,30,2026/8/31,14744,0,15980,1598,0,17578,福岡支店,レンタル法人,60,新規,12ヶ月以上
B24003539,19,2025/9/30,14758,0,4800,480,0,5280,福岡支店,レンタル法人,48,新規,12ヶ月以上
B24003539,20,2025/10/31,14758,0,4800,480,0,5280,福岡支店,レンタル法人,48,新規,12ヶ月以上
B24003539,21,2025/11/30,14758,0,4800,480,0,5280,福岡支店,レンタル法人,48,新規,12ヶ月以上
B24003539,22,2025/12/31,14758,0,4800,480,0,5280,福岡支店,レンタル法人,48,新規,12ヶ月以上
B24003539,23,2026/1/31,14758,0,4800,480,0,5280,福岡支店,レンタル法人,48,新規,12ヶ月以上
B24003539,24,2026/2/28,14758,0,4800,480,0,5280,福岡支店,レンタル法人,48,新規,12ヶ月以上
B24003539,25,2026/3/31,14758,0,4800,480,0,5280,福岡支店,レンタル法人,48,新規,12ヶ月以上
B24003539,26,2026/4/30,14758,0,4800,480,0,5280,福岡支店,レンタル法人,48,新規,12ヶ月以上
B24003539,27,2026/5/31,14758,0,4800,480,0,5280,福岡支店,レンタル法人,48,新規,12ヶ月以上
B24003539,28,2026/6/30,14758,0,4800,480,0,5280,福岡支店,レンタル法人,48,新規,12ヶ月以上
B24003539,29,2026/7/31,14758,0,4800,480,0,5280,福岡支店,レンタル法人,48,新規,12ヶ月以上
B24003539,30,2026/8/31,14758,0,4800,480,0,5280,福岡支店,レンタル法人,48,新規,12ヶ月以上
B24003653,19,2025/9/30,13145,0,4320,432,0,4752,福岡支店,レンタル法人,50,新規,12ヶ月以上
B24003653,20,2025/10/31,13145,0,4320,432,0,4752,福岡支店,レンタル法人,50,新規,12ヶ月以上
B24003653,21,2025/11/30,13145,0,4320,432,0,4752,福岡支店,レンタル法人,50,新規,12ヶ月以上
B24003653,22,2025/12/31,13145,0,4320,432,0,4752,福岡支店,レンタル法人,50,新規,12ヶ月以上
B24003653,23,2026/1/31,13145,0,4320,432,0,4752,福岡支店,レンタル法人,50,新規,12ヶ月以上
B24003653,24,2026/2/28,13145,0,4320,432,0,4752,福岡支店,レンタル法人,50,新規,12ヶ月以上
B24003653,25,2026/3/31,13145,0,4320,432,0,4752,福岡支店,レンタル法人,50,新規,12ヶ月以上
B24003653,26,2026/4/30,13145,0,4320,432,0,4752,福岡支店,レンタル法人,50,新規,12ヶ月以上
B24003653,27,2026/5/31,13145,0,4320,432,0,4752,福岡支店,レンタル法人,50,新規,12ヶ月以上
B24003653,28,2026/6/30,13145,0,4320,432,0,4752,福岡支店,レンタル法人,50,新規,12ヶ月以上
B24003653,29,2026/7/31,13145,0,4320,432,0,4752,福岡支店,レンタル法人,50,新規,12ヶ月以上
B24003653,30,2026/8/31,13145,0,4320,432,0,4752,福岡支店,レンタル法人,50,新規,12ヶ月以上
B24003655,19,2025/9/30,14775,0,1920,192,0,2112,福岡支店,レンタル法人,50,新規,12ヶ月以上
B24003655,20,2025/10/31,14775,0,1920,192,0,2112,福岡支店,レンタル法人,50,新規,12ヶ月以上
B24003655,21,2025/11/30,14775,0,1920,192,0,2112,福岡支店,レンタル法人,50,新規,12ヶ月以上
B24003655,22,2025/12/31,14775,0,1920,192,0,2112,福岡支店,レンタル法人,50,新規,12ヶ月以上
B24003655,23,2026/1/31,14775,0,1920,192,0,2112,福岡支店,レンタル法人,50,新規,12ヶ月以上
B24003655,24,2026/2/28,14775,0,1920,192,0,2112,福岡支店,レンタル法人,50,新規,12ヶ月以上
B24003655,25,2026/3/31,14775,0,1920,192,0,2112,福岡支店,レンタル法人,50,新規,12ヶ月以上
B24003655,26,2026/4/30,14775,0,1920,192,0,2112,福岡支店,レンタル法人,50,新規,12ヶ月以上
B24003655,27,2026/5/31,14775,0,1920,192,0,2112,福岡支店,レンタル法人,50,新規,12ヶ月以上
B24003655,28,2026/6/30,14775,0,1920,192,0,2112,福岡支店,レンタル法人,50,新規,12ヶ月以上
B24003655,29,2026/7/31,14775,0,1920,192,0,2112,福岡支店,レンタル法人,50,新規,12ヶ月以上
B24003655,30,2026/8/31,14775,0,1920,192,0,2112,福岡支店,レンタル法人,50,新規,12ヶ月以上
B24003731,19,2025/9/30,14779,0,15980,1598,0,17578,福岡支店,レンタル法人,60,新規,12ヶ月以上
B24003731,20,2025/10/31,14779,0,15980,1598,0,17578,福岡支店,レンタル法人,60,新規,12ヶ月以上
B24003731,21,2025/11/30,14779,0,15980,1598,0,17578,福岡支店,レンタル法人,60,新規,12ヶ月以上
B24003731,22,2025/12/31,14779,0,15980,1598,0,17578,福岡支店,レンタル法人,60,新規,12ヶ月以上
B24003731,23,2026/1/31,14779,0,15980,1598,0,17578,福岡支店,レンタル法人,60,新規,12ヶ月以上
B24003731,24,2026/2/28,14779,0,15980,1598,0,17578,福岡支店,レンタル法人,60,新規,12ヶ月以上
B24003731,25,2026/3/31,14779,0,15980,1598,0,17578,福岡支店,レンタル法人,60,新規,12ヶ月以上
B24003731,26,2026/4/30,14779,0,15980,1598,0,17578,福岡支店,レンタル法人,60,新規,12ヶ月以上
B24003731,27,2026/5/31,14779,0,15980,1598,0,17578,福岡支店,レンタル法人,60,新規,12ヶ月以上
B24003731,28,2026/6/30,14779,0,15980,1598,0,17578,福岡支店,レンタル法人,60,新規,12ヶ月以上
B24003731,29,2026/7/31,14779,0,15980,1598,0,17578,福岡支店,レンタル法人,60,新規,12ヶ月以上
B24003731,30,2026/8/31,14779,0,15980,1598,0,17578,福岡支店,レンタル法人,60,新規,12ヶ月以上
B24003786,19,2025/9/30,12987,0,1650,165,0,1815,福岡支店,レンタル法人,60,新規,12ヶ月以上
B24003786,20,2025/10/31,12987,0,1650,165,0,1815,福岡支店,レンタル法人,60,新規,12ヶ月以上
B24003786,21,2025/11/30,12987,0,1650,165,0,1815,福岡支店,レンタル法人,60,新規,12ヶ月以上
B24003786,22,2025/12/31,12987,0,1650,165,0,1815,福岡支店,レンタル法人,60,新規,12ヶ月以上
B24003786,23,2026/1/31,12987,0,1650,165,0,1815,福岡支店,レンタル法人,60,新規,12ヶ月以上
B24003786,24,2026/2/28,12987,0,1650,165,0,1815,福岡支店,レンタル法人,60,新規,12ヶ月以上
B24003786,25,2026/3/31,12987,0,1650,165,0,1815,福岡支店,レンタル法人,60,新規,12ヶ月以上
B24003786,26,2026/4/30,12987,0,1650,165,0,1815,福岡支店,レンタル法人,60,新規,12ヶ月以上
B24003786,27,2026/5/31,12987,0,1650,165,0,1815,福岡支店,レンタル法人,60,新規,12ヶ月以上
B24003786,28,2026/6/30,12987,0,1650,165,0,1815,福岡支店,レンタル法人,60,新規,12ヶ月以上
B24003786,29,2026/7/31,12987,0,1650,165,0,1815,福岡支店,レンタル法人,60,新規,12ヶ月以上
B24003786,30,2026/8/31,12987,0,1650,165,0,1815,福岡支店,レンタル法人,60,新規,12ヶ月以上
B24003787,19,2025/9/30,2134,0,3840,384,0,4224,福岡支店,レンタル法人,36,新規,12ヶ月以上
B24003787,20,2025/10/31,2134,0,3840,384,0,4224,福岡支店,レンタル法人,36,新規,12ヶ月以上
B24003787,21,2025/11/30,2134,0,3840,384,0,4224,福岡支店,レンタル法人,36,新規,12ヶ月以上
B24003787,22,2025/12/31,2134,0,3840,384,0,4224,福岡支店,レンタル法人,36,新規,12ヶ月以上
B24003787,23,2026/1/31,2134,0,3840,384,0,4224,福岡支店,レンタル法人,36,新規,12ヶ月以上
B24003787,24,2026/2/28,2134,0,3840,384,0,4224,福岡支店,レンタル法人,36,新規,12ヶ月以上
B24003787,25,2026/3/31,2134,0,3840,384,0,4224,福岡支店,レンタル法人,36,新規,12ヶ月以上
B24003787,26,2026/4/30,2134,0,3840,384,0,4224,福岡支店,レンタル法人,36,新規,12ヶ月以上
B24003787,27,2026/5/31,2134,0,3840,384,0,4224,福岡支店,レンタル法人,36,新規,12ヶ月以上
B24003787,28,2026/6/30,2134,0,3840,384,0,4224,福岡支店,レンタル法人,36,新規,12ヶ月以上
B24003787,29,2026/7/31,2134,0,3840,384,0,4224,福岡支店,レンタル法人,36,新規,12ヶ月以上
B24003787,30,2026/8/31,2134,0,3840,384,0,4224,福岡支店,レンタル法人,36,新規,12ヶ月以上
B24003827,19,2025/9/30,14785,0,26700,2670,0,29370,福岡支店,レンタル法人,60,新規,12ヶ月以上
B24003827,20,2025/10/31,14785,0,26700,2670,0,29370,福岡支店,レンタル法人,60,新規,12ヶ月以上
B24003827,21,2025/11/30,14785,0,26700,2670,0,29370,福岡支店,レンタル法人,60,新規,12ヶ月以上
B24003827,22,2025/12/31,14785,0,26700,2670,0,29370,福岡支店,レンタル法人,60,新規,12ヶ月以上
B24003827,23,2026/1/31,14785,0,26700,2670,0,29370,福岡支店,レンタル法人,60,新規,12ヶ月以上
B24003827,24,2026/2/28,14785,0,26700,2670,0,29370,福岡支店,レンタル法人,60,新規,12ヶ月以上
B24003827,25,2026/3/31,14785,0,26700,2670,0,29370,福岡支店,レンタル法人,60,新規,12ヶ月以上
B24003827,26,2026/4/30,14785,0,26700,2670,0,29370,福岡支店,レンタル法人,60,新規,12ヶ月以上
B24003827,27,2026/5/31,14785,0,26700,2670,0,29370,福岡支店,レンタル法人,60,新規,12ヶ月以上
B24003827,28,2026/6/30,14785,0,26700,2670,0,29370,福岡支店,レンタル法人,60,新規,12ヶ月以上
B24003827,29,2026/7/31,14785,0,26700,2670,0,29370,福岡支店,レンタル法人,60,新規,12ヶ月以上
B24003827,30,2026/8/31,14785,0,26700,2670,0,29370,福岡支店,レンタル法人,60,新規,12ヶ月以上
B24004106,19,2025/9/30,12987,0,1650,165,0,1815,福岡支店,レンタル法人,60,新規,12ヶ月以上
B24004106,20,2025/10/31,12987,0,1650,165,0,1815,福岡支店,レンタル法人,60,新規,12ヶ月以上
B24004106,21,2025/11/30,12987,0,1650,165,0,1815,福岡支店,レンタル法人,60,新規,12ヶ月以上
B24004106,22,2025/12/31,12987,0,1650,165,0,1815,福岡支店,レンタル法人,60,新規,12ヶ月以上
B24004106,23,2026/1/31,12987,0,1650,165,0,1815,福岡支店,レンタル法人,60,新規,12ヶ月以上
B24004106,24,2026/2/28,12987,0,1650,165,0,1815,福岡支店,レンタル法人,60,新規,12ヶ月以上
B24004106,25,2026/3/31,12987,0,1650,165,0,1815,福岡支店,レンタル法人,60,新規,12ヶ月以上
B24004106,26,2026/4/30,12987,0,1650,165,0,1815,福岡支店,レンタル法人,60,新規,12ヶ月以上
B24004106,27,2026/5/31,12987,0,1650,165,0,1815,福岡支店,レンタル法人,60,新規,12ヶ月以上
B24004106,28,2026/6/30,12987,0,1650,165,0,1815,福岡支店,レンタル法人,60,新規,12ヶ月以上
B24004106,29,2026/7/31,12987,0,1650,165,0,1815,福岡支店,レンタル法人,60,新規,12ヶ月以上
B24004106,30,2026/8/31,12987,0,1650,165,0,1815,福岡支店,レンタル法人,60,新規,12ヶ月以上
B24004189,18,2025/9/30,15003,0,27840,2784,0,30624,福岡支店,レンタル法人,48,新規,12ヶ月以上
B24004189,19,2025/10/31,15003,0,27840,2784,0,30624,福岡支店,レンタル法人,48,新規,12ヶ月以上
B24004189,20,2025/11/30,15003,0,27840,2784,0,30624,福岡支店,レンタル法人,48,新規,12ヶ月以上
B24004189,21,2025/12/31,15003,0,27840,2784,0,30624,福岡支店,レンタル法人,48,新規,12ヶ月以上
B24004189,22,2026/1/31,15003,0,27840,2784,0,30624,福岡支店,レンタル法人,48,新規,12ヶ月以上
B24004189,23,2026/2/28,15003,0,27840,2784,0,30624,福岡支店,レンタル法人,48,新規,12ヶ月以上
B24004189,24,2026/3/31,15003,0,27840,2784,0,30624,福岡支店,レンタル法人,48,新規,12ヶ月以上
B24004189,25,2026/4/30,15003,0,27840,2784,0,30624,福岡支店,レンタル法人,48,新規,12ヶ月以上
B24004189,26,2026/5/31,15003,0,27840,2784,0,30624,福岡支店,レンタル法人,48,新規,12ヶ月以上
B24004189,27,2026/6/30,15003,0,27840,2784,0,30624,福岡支店,レンタル法人,48,新規,12ヶ月以上
B24004189,28,2026/7/31,15003,0,27840,2784,0,30624,福岡支店,レンタル法人,48,新規,12ヶ月以上
B24004189,29,2026/8/31,15003,0,27840,2784,0,30624,福岡支店,レンタル法人,48,新規,12ヶ月以上
B24004400,19,2025/9/30,10982,0,3600,360,0,3960,福岡支店,レンタル法人,60,新規,12ヶ月以上
B24004400,20,2025/10/31,10982,0,3600,360,0,3960,福岡支店,レンタル法人,60,新規,12ヶ月以上
B24004400,21,2025/11/30,10982,0,3600,360,0,3960,福岡支店,レンタル法人,60,新規,12ヶ月以上
B24004400,22,2025/12/31,10982,0,3600,360,0,3960,福岡支店,レンタル法人,60,新規,12ヶ月以上
B24004400,23,2026/1/31,10982,0,3600,360,0,3960,福岡支店,レンタル法人,60,新規,12ヶ月以上
B24004400,24,2026/2/28,10982,0,3600,360,0,3960,福岡支店,レンタル法人,60,新規,12ヶ月以上
B24004400,25,2026/3/31,10982,0,3600,360,0,3960,福岡支店,レンタル法人,60,新規,12ヶ月以上
B24004400,26,2026/4/30,10982,0,3600,360,0,3960,福岡支店,レンタル法人,60,新規,12ヶ月以上
B24004400,27,2026/5/31,10982,0,3600,360,0,3960,福岡支店,レンタル法人,60,新規,12ヶ月以上
B24004400,28,2026/6/30,10982,0,3600,360,0,3960,福岡支店,レンタル法人,60,新規,12ヶ月以上
B24004400,29,2026/7/31,10982,0,3600,360,0,3960,福岡支店,レンタル法人,60,新規,12ヶ月以上
B24004400,30,2026/8/31,10982,0,3600,360,0,3960,福岡支店,レンタル法人,60,新規,12ヶ月以上
B24004401,19,2025/9/30,10982,0,1200,120,0,1320,福岡支店,レンタル法人,60,新規,12ヶ月以上
B24004401,20,2025/10/31,10982,0,1200,120,0,1320,福岡支店,レンタル法人,60,新規,12ヶ月以上
B24004401,21,2025/11/30,10982,0,1200,120,0,1320,福岡支店,レンタル法人,60,新規,12ヶ月以上
B24004401,22,2025/12/31,10982,0,1200,120,0,1320,福岡支店,レンタル法人,60,新規,12ヶ月以上
B24004401,23,2026/1/31,10982,0,1200,120,0,1320,福岡支店,レンタル法人,60,新規,12ヶ月以上
B24004401,24,2026/2/28,10982,0,1200,120,0,1320,福岡支店,レンタル法人,60,新規,12ヶ月以上
B24004401,25,2026/3/31,10982,0,1200,120,0,1320,福岡支店,レンタル法人,60,新規,12ヶ月以上
B24004401,26,2026/4/30,10982,0,1200,120,0,1320,福岡支店,レンタル法人,60,新規,12ヶ月以上
B24004401,27,2026/5/31,10982,0,1200,120,0,1320,福岡支店,レンタル法人,60,新規,12ヶ月以上
B24004401,28,2026/6/30,10982,0,1200,120,0,1320,福岡支店,レンタル法人,60,新規,12ヶ月以上
B24004401,29,2026/7/31,10982,0,1200,120,0,1320,福岡支店,レンタル法人,60,新規,12ヶ月以上
B24004401,30,2026/8/31,10982,0,1200,120,0,1320,福岡支店,レンタル法人,60,新規,12ヶ月以上
B24004545,19,2025/9/30,14672,0,12000,1200,0,13200,福岡支店,レンタル法人,60,新規,12ヶ月以上
B24004545,20,2025/10/31,14672,0,12000,1200,0,13200,福岡支店,レンタル法人,60,新規,12ヶ月以上
B24004545,21,2025/11/30,14672,0,12000,1200,0,13200,福岡支店,レンタル法人,60,新規,12ヶ月以上
B24004545,22,2025/12/31,14672,0,12000,1200,0,13200,福岡支店,レンタル法人,60,新規,12ヶ月以上
B24004545,23,2026/1/31,14672,0,12000,1200,0,13200,福岡支店,レンタル法人,60,新規,12ヶ月以上
B24004545,24,2026/2/28,14672,0,12000,1200,0,13200,福岡支店,レンタル法人,60,新規,12ヶ月以上
B24004545,25,2026/3/31,14672,0,12000,1200,0,13200,福岡支店,レンタル法人,60,新規,12ヶ月以上
B24004545,26,2026/4/30,14672,0,12000,1200,0,13200,福岡支店,レンタル法人,60,新規,12ヶ月以上
B24004545,27,2026/5/31,14672,0,12000,1200,0,13200,福岡支店,レンタル法人,60,新規,12ヶ月以上
B24004545,28,2026/6/30,14672,0,12000,1200,0,13200,福岡支店,レンタル法人,60,新規,12ヶ月以上
B24004545,29,2026/7/31,14672,0,12000,1200,0,13200,福岡支店,レンタル法人,60,新規,12ヶ月以上
B24004545,30,2026/8/31,14672,0,12000,1200,0,13200,福岡支店,レンタル法人,60,新規,12ヶ月以上
B24004589,19,2025/9/30,14372,0,1600,160,0,1760,福岡支店,レンタル法人,60,新規,12ヶ月以上
B24004589,20,2025/10/31,14372,0,1600,160,0,1760,福岡支店,レンタル法人,60,新規,12ヶ月以上
B24004589,21,2025/11/30,14372,0,1600,160,0,1760,福岡支店,レンタル法人,60,新規,12ヶ月以上
B24004589,22,2025/12/31,14372,0,1600,160,0,1760,福岡支店,レンタル法人,60,新規,12ヶ月以上
B24004589,23,2026/1/31,14372,0,1600,160,0,1760,福岡支店,レンタル法人,60,新規,12ヶ月以上
B24004589,24,2026/2/28,14372,0,1600,160,0,1760,福岡支店,レンタル法人,60,新規,12ヶ月以上
B24004589,25,2026/3/31,14372,0,1600,160,0,1760,福岡支店,レンタル法人,60,新規,12ヶ月以上
B24004589,26,2026/4/30,14372,0,1600,160,0,1760,福岡支店,レンタル法人,60,新規,12ヶ月以上
B24004589,27,2026/5/31,14372,0,1600,160,0,1760,福岡支店,レンタル法人,60,新規,12ヶ月以上
B24004589,28,2026/6/30,14372,0,1600,160,0,1760,福岡支店,レンタル法人,60,新規,12ヶ月以上
B24004589,29,2026/7/31,14372,0,1600,160,0,1760,福岡支店,レンタル法人,60,新規,12ヶ月以上
B24004589,30,2026/8/31,14372,0,1600,160,0,1760,福岡支店,レンタル法人,60,新規,12ヶ月以上
B24004664,18,2025/9/30,12556,0,9200,920,0,10120,福岡支店,レンタル法人,60,新規,12ヶ月以上
B24004664,19,2025/10/31,12556,0,9200,920,0,10120,福岡支店,レンタル法人,60,新規,12ヶ月以上
B24004664,20,2025/11/30,12556,0,9200,920,0,10120,福岡支店,レンタル法人,60,新規,12ヶ月以上
B24004664,21,2025/12/31,12556,0,9200,920,0,10120,福岡支店,レンタル法人,60,新規,12ヶ月以上
B24004664,22,2026/1/31,12556,0,9200,920,0,10120,福岡支店,レンタル法人,60,新規,12ヶ月以上
B24004664,23,2026/2/28,12556,0,9200,920,0,10120,福岡支店,レンタル法人,60,新規,12ヶ月以上
B24004664,24,2026/3/31,12556,0,9200,920,0,10120,福岡支店,レンタル法人,60,新規,12ヶ月以上
B24004664,25,2026/4/30,12556,0,9200,920,0,10120,福岡支店,レンタル法人,60,新規,12ヶ月以上
B24004664,26,2026/5/31,12556,0,9200,920,0,10120,福岡支店,レンタル法人,60,新規,12ヶ月以上
B24004664,27,2026/6/30,12556,0,9200,920,0,10120,福岡支店,レンタル法人,60,新規,12ヶ月以上
B24004664,28,2026/7/31,12556,0,9200,920,0,10120,福岡支店,レンタル法人,60,新規,12ヶ月以上
B24004664,29,2026/8/31,12556,0,9200,920,0,10120,福岡支店,レンタル法人,60,新規,12ヶ月以上
B24004672,19,2025/9/30,11894,0,26000,2600,0,28600,福岡支店,レンタル法人,60,新規,12ヶ月以上
B24004672,20,2025/10/31,11894,0,26000,2600,0,28600,福岡支店,レンタル法人,60,新規,12ヶ月以上
B24004672,21,2025/11/30,11894,0,26000,2600,0,28600,福岡支店,レンタル法人,60,新規,12ヶ月以上
B24004672,22,2025/12/31,11894,0,26000,2600,0,28600,福岡支店,レンタル法人,60,新規,12ヶ月以上
B24004672,23,2026/1/31,11894,0,26000,2600,0,28600,福岡支店,レンタル法人,60,新規,12ヶ月以上
B24004672,24,2026/2/28,11894,0,26000,2600,0,28600,福岡支店,レンタル法人,60,新規,12ヶ月以上
B24004672,25,2026/3/31,11894,0,26000,2600,0,28600,福岡支店,レンタル法人,60,新規,12ヶ月以上
B24004672,26,2026/4/30,11894,0,26000,2600,0,28600,福岡支店,レンタル法人,60,新規,12ヶ月以上
B24004672,27,2026/5/31,11894,0,26000,2600,0,28600,福岡支店,レンタル法人,60,新規,12ヶ月以上
B24004672,28,2026/6/30,11894,0,26000,2600,0,28600,福岡支店,レンタル法人,60,新規,12ヶ月以上
B24004672,29,2026/7/31,11894,0,26000,2600,0,28600,福岡支店,レンタル法人,60,新規,12ヶ月以上
B24004672,30,2026/8/31,11894,0,26000,2600,0,28600,福岡支店,レンタル法人,60,新規,12ヶ月以上
B24004673,19,2025/9/30,11894,0,10800,1080,0,11880,福岡支店,レンタル法人,60,新規,12ヶ月以上
B24004673,20,2025/10/31,11894,0,10800,1080,0,11880,福岡支店,レンタル法人,60,新規,12ヶ月以上
B24004673,21,2025/11/30,11894,0,10800,1080,0,11880,福岡支店,レンタル法人,60,新規,12ヶ月以上
B24004673,22,2025/12/31,11894,0,10800,1080,0,11880,福岡支店,レンタル法人,60,新規,12ヶ月以上
B24004673,23,2026/1/31,11894,0,10800,1080,0,11880,福岡支店,レンタル法人,60,新規,12ヶ月以上
B24004673,24,2026/2/28,11894,0,10800,1080,0,11880,福岡支店,レンタル法人,60,新規,12ヶ月以上
B24004673,25,2026/3/31,11894,0,10800,1080,0,11880,福岡支店,レンタル法人,60,新規,12ヶ月以上
B24004673,26,2026/4/30,11894,0,10800,1080,0,11880,福岡支店,レンタル法人,60,新規,12ヶ月以上
B24004673,27,2026/5/31,11894,0,10800,1080,0,11880,福岡支店,レンタル法人,60,新規,12ヶ月以上
B24004673,28,2026/6/30,11894,0,10800,1080,0,11880,福岡支店,レンタル法人,60,新規,12ヶ月以上
B24004673,29,2026/7/31,11894,0,10800,1080,0,11880,福岡支店,レンタル法人,60,新規,12ヶ月以上
B24004673,30,2026/8/31,11894,0,10800,1080,0,11880,福岡支店,レンタル法人,60,新規,12ヶ月以上
B24004674,19,2025/9/30,11894,0,49500,4950,0,54450,福岡支店,レンタル法人,60,新規,12ヶ月以上
B24004674,20,2025/10/31,11894,0,49500,4950,0,54450,福岡支店,レンタル法人,60,新規,12ヶ月以上
B24004674,21,2025/11/30,11894,0,49500,4950,0,54450,福岡支店,レンタル法人,60,新規,12ヶ月以上
B24004674,22,2025/12/31,11894,0,49500,4950,0,54450,福岡支店,レンタル法人,60,新規,12ヶ月以上
B24004674,23,2026/1/31,11894,0,49500,4950,0,54450,福岡支店,レンタル法人,60,新規,12ヶ月以上
B24004674,24,2026/2/28,11894,0,49500,4950,0,54450,福岡支店,レンタル法人,60,新規,12ヶ月以上
B24004674,25,2026/3/31,11894,0,49500,4950,0,54450,福岡支店,レンタル法人,60,新規,12ヶ月以上
B24004674,26,2026/4/30,11894,0,49500,4950,0,54450,福岡支店,レンタル法人,60,新規,12ヶ月以上
B24004674,27,2026/5/31,11894,0,49500,4950,0,54450,福岡支店,レンタル法人,60,新規,12ヶ月以上
B24004674,28,2026/6/30,11894,0,49500,4950,0,54450,福岡支店,レンタル法人,60,新規,12ヶ月以上
B24004674,29,2026/7/31,11894,0,49500,4950,0,54450,福岡支店,レンタル法人,60,新規,12ヶ月以上
B24004674,30,2026/8/31,11894,0,49500,4950,0,54450,福岡支店,レンタル法人,60,新規,12ヶ月以上
B24004838,18,2025/9/30,14315,0,21600,2160,0,23760,福岡支店,レンタル法人,24,新規,12ヶ月以上
B24004838,19,2025/10/31,14315,0,21600,2160,0,23760,福岡支店,レンタル法人,24,新規,12ヶ月以上
B24004838,20,2025/11/30,14315,0,21600,2160,0,23760,福岡支店,レンタル法人,24,新規,12ヶ月以上
B24004838,21,2025/12/31,14315,0,21600,2160,0,23760,福岡支店,レンタル法人,24,新規,12ヶ月以上
B24004838,22,2026/1/31,14315,0,21600,2160,0,23760,福岡支店,レンタル法人,24,新規,12ヶ月以上
B24004838,23,2026/2/28,14315,0,21600,2160,0,23760,福岡支店,レンタル法人,24,新規,12ヶ月以上
B24004838,24,2026/3/31,14315,0,21600,2160,0,23760,福岡支店,レンタル法人,24,新規,12ヶ月以上
B24004851,19,2025/9/30,14825,0,27600,2760,0,30360,福岡支店,レンタル法人,60,新規,12ヶ月以上
B24004851,20,2025/10/31,14825,0,27600,2760,0,30360,福岡支店,レンタル法人,60,新規,12ヶ月以上
B24004851,21,2025/11/30,14825,0,27600,2760,0,30360,福岡支店,レンタル法人,60,新規,12ヶ月以上
B24004851,22,2025/12/31,14825,0,27600,2760,0,30360,福岡支店,レンタル法人,60,新規,12ヶ月以上
B24004851,23,2026/1/31,14825,0,27600,2760,0,30360,福岡支店,レンタル法人,60,新規,12ヶ月以上
B24004851,24,2026/2/28,14825,0,27600,2760,0,30360,福岡支店,レンタル法人,60,新規,12ヶ月以上
B24004851,25,2026/3/31,14825,0,27600,2760,0,30360,福岡支店,レンタル法人,60,新規,12ヶ月以上
B24004851,26,2026/4/30,14825,0,27600,2760,0,30360,福岡支店,レンタル法人,60,新規,12ヶ月以上
B24004851,27,2026/5/31,14825,0,27600,2760,0,30360,福岡支店,レンタル法人,60,新規,12ヶ月以上
B24004851,28,2026/6/30,14825,0,27600,2760,0,30360,福岡支店,レンタル法人,60,新規,12ヶ月以上
B24004851,29,2026/7/31,14825,0,27600,2760,0,30360,福岡支店,レンタル法人,60,新規,12ヶ月以上
B24004851,30,2026/8/31,14825,0,27600,2760,0,30360,福岡支店,レンタル法人,60,新規,12ヶ月以上
B24004854,18,2025/9/30,12705,0,3960,396,0,4356,福岡支店,レンタル法人,60,新規,12ヶ月以上
B24004854,19,2025/10/31,12705,0,3960,396,0,4356,福岡支店,レンタル法人,60,新規,12ヶ月以上
B24004854,20,2025/11/30,12705,0,3960,396,0,4356,福岡支店,レンタル法人,60,新規,12ヶ月以上
B24004854,21,2025/12/31,12705,0,3960,396,0,4356,福岡支店,レンタル法人,60,新規,12ヶ月以上
B24004854,22,2026/1/31,12705,0,3960,396,0,4356,福岡支店,レンタル法人,60,新規,12ヶ月以上
B24004854,23,2026/2/28,12705,0,3960,396,0,4356,福岡支店,レンタル法人,60,新規,12ヶ月以上
B24004854,24,2026/3/31,12705,0,3960,396,0,4356,福岡支店,レンタル法人,60,新規,12ヶ月以上
B24004854,25,2026/4/30,12705,0,3960,396,0,4356,福岡支店,レンタル法人,60,新規,12ヶ月以上
B24004854,26,2026/5/31,12705,0,3960,396,0,4356,福岡支店,レンタル法人,60,新規,12ヶ月以上
B24004854,27,2026/6/30,12705,0,3960,396,0,4356,福岡支店,レンタル法人,60,新規,12ヶ月以上
B24004854,28,2026/7/31,12705,0,3960,396,0,4356,福岡支店,レンタル法人,60,新規,12ヶ月以上
B24004854,29,2026/8/31,12705,0,3960,396,0,4356,福岡支店,レンタル法人,60,新規,12ヶ月以上
B24004859,19,2025/9/30,14827,0,12000,1200,0,13200,福岡支店,レンタル法人,48,新規,12ヶ月以上
B24004859,20,2025/10/31,14827,0,12000,1200,0,13200,福岡支店,レンタル法人,48,新規,12ヶ月以上
B24004859,21,2025/11/30,14827,0,12000,1200,0,13200,福岡支店,レンタル法人,48,新規,12ヶ月以上
B24004859,22,2025/12/31,14827,0,12000,1200,0,13200,福岡支店,レンタル法人,48,新規,12ヶ月以上
B24004859,23,2026/1/31,14827,0,12000,1200,0,13200,福岡支店,レンタル法人,48,新規,12ヶ月以上
B24004859,24,2026/2/28,14827,0,12000,1200,0,13200,福岡支店,レンタル法人,48,新規,12ヶ月以上
B24004859,25,2026/3/31,14827,0,12000,1200,0,13200,福岡支店,レンタル法人,48,新規,12ヶ月以上
B24004859,26,2026/4/30,14827,0,12000,1200,0,13200,福岡支店,レンタル法人,48,新規,12ヶ月以上
B24004859,27,2026/5/31,14827,0,12000,1200,0,13200,福岡支店,レンタル法人,48,新規,12ヶ月以上
B24004859,28,2026/6/30,14827,0,12000,1200,0,13200,福岡支店,レンタル法人,48,新規,12ヶ月以上
B24004859,29,2026/7/31,14827,0,12000,1200,0,13200,福岡支店,レンタル法人,48,新規,12ヶ月以上
B24004859,30,2026/8/31,14827,0,12000,1200,0,13200,福岡支店,レンタル法人,48,新規,12ヶ月以上
B24004861,19,2025/9/30,2134,0,1920,192,0,2112,福岡支店,レンタル法人,36,新規,12ヶ月以上
B24004861,20,2025/10/31,2134,0,1920,192,0,2112,福岡支店,レンタル法人,36,新規,12ヶ月以上
B24004861,21,2025/11/30,2134,0,1920,192,0,2112,福岡支店,レンタル法人,36,新規,12ヶ月以上
B24004861,22,2025/12/31,2134,0,1920,192,0,2112,福岡支店,レンタル法人,36,新規,12ヶ月以上
B24004861,23,2026/1/31,2134,0,1920,192,0,2112,福岡支店,レンタル法人,36,新規,12ヶ月以上
B24004861,24,2026/2/28,2134,0,1920,192,0,2112,福岡支店,レンタル法人,36,新規,12ヶ月以上
B24004861,25,2026/3/31,2134,0,1920,192,0,2112,福岡支店,レンタル法人,36,新規,12ヶ月以上
B24004861,26,2026/4/30,2134,0,1920,192,0,2112,福岡支店,レンタル法人,36,新規,12ヶ月以上
B24004861,27,2026/5/31,2134,0,1920,192,0,2112,福岡支店,レンタル法人,36,新規,12ヶ月以上
B24004861,28,2026/6/30,2134,0,1920,192,0,2112,福岡支店,レンタル法人,36,新規,12ヶ月以上
B24004861,29,2026/7/31,2134,0,1920,192,0,2112,福岡支店,レンタル法人,36,新規,12ヶ月以上
B24004861,30,2026/8/31,2134,0,1920,192,0,2112,福岡支店,レンタル法人,36,新規,12ヶ月以上
B24005132,18,2025/9/30,14674,0,54900,5490,0,60390,福岡支店,レンタル法人,60,新規,12ヶ月以上
B24005132,19,2025/10/31,14674,0,54900,5490,0,60390,福岡支店,レンタル法人,60,新規,12ヶ月以上
B24005132,20,2025/11/30,14674,0,54900,5490,0,60390,福岡支店,レンタル法人,60,新規,12ヶ月以上
B24005132,21,2025/12/31,14674,0,54900,5490,0,60390,福岡支店,レンタル法人,60,新規,12ヶ月以上
B24005132,22,2026/1/31,14674,0,54900,5490,0,60390,福岡支店,レンタル法人,60,新規,12ヶ月以上
B24005132,23,2026/2/28,14674,0,54900,5490,0,60390,福岡支店,レンタル法人,60,新規,12ヶ月以上
B24005132,24,2026/3/31,14674,0,54900,5490,0,60390,福岡支店,レンタル法人,60,新規,12ヶ月以上
B24005132,25,2026/4/30,14674,0,54900,5490,0,60390,福岡支店,レンタル法人,60,新規,12ヶ月以上
B24005132,26,2026/5/31,14674,0,54900,5490,0,60390,福岡支店,レンタル法人,60,新規,12ヶ月以上
B24005132,27,2026/6/30,14674,0,54900,5490,0,60390,福岡支店,レンタル法人,60,新規,12ヶ月以上
B24005132,28,2026/7/31,14674,0,54900,5490,0,60390,福岡支店,レンタル法人,60,新規,12ヶ月以上
B24005132,29,2026/8/31,14674,0,54900,5490,0,60390,福岡支店,レンタル法人,60,新規,12ヶ月以上
B24005906,18,2025/9/30,11894,0,44800,4480,0,49280,福岡支店,レンタル法人,60,新規,12ヶ月以上
B24005906,19,2025/10/31,11894,0,44800,4480,0,49280,福岡支店,レンタル法人,60,新規,12ヶ月以上
B24005906,20,2025/11/30,11894,0,44800,4480,0,49280,福岡支店,レンタル法人,60,新規,12ヶ月以上
B24005906,21,2025/12/31,11894,0,44800,4480,0,49280,福岡支店,レンタル法人,60,新規,12ヶ月以上
B24005906,22,2026/1/31,11894,0,44800,4480,0,49280,福岡支店,レンタル法人,60,新規,12ヶ月以上
B24005906,23,2026/2/28,11894,0,44800,4480,0,49280,福岡支店,レンタル法人,60,新規,12ヶ月以上
B24005906,24,2026/3/31,11894,0,44800,4480,0,49280,福岡支店,レンタル法人,60,新規,12ヶ月以上
B24005906,25,2026/4/30,11894,0,44800,4480,0,49280,福岡支店,レンタル法人,60,新規,12ヶ月以上
B24005906,26,2026/5/31,11894,0,44800,4480,0,49280,福岡支店,レンタル法人,60,新規,12ヶ月以上
B24005906,27,2026/6/30,11894,0,44800,4480,0,49280,福岡支店,レンタル法人,60,新規,12ヶ月以上
B24005906,28,2026/7/31,11894,0,44800,4480,0,49280,福岡支店,レンタル法人,60,新規,12ヶ月以上
B24005906,29,2026/8/31,11894,0,44800,4480,0,49280,福岡支店,レンタル法人,60,新規,12ヶ月以上
B24006014,19,2025/9/30,14904,0,2000,200,0,2200,福岡支店,レンタル法人,60,新規,12ヶ月以上
B24006014,20,2025/10/31,14904,0,2000,200,0,2200,福岡支店,レンタル法人,60,新規,12ヶ月以上
B24006014,21,2025/11/30,14904,0,2000,200,0,2200,福岡支店,レンタル法人,60,新規,12ヶ月以上
B24006014,22,2025/12/31,14904,0,2000,200,0,2200,福岡支店,レンタル法人,60,新規,12ヶ月以上
B24006014,23,2026/1/31,14904,0,2000,200,0,2200,福岡支店,レンタル法人,60,新規,12ヶ月以上
B24006014,24,2026/2/28,14904,0,2000,200,0,2200,福岡支店,レンタル法人,60,新規,12ヶ月以上
B24006014,25,2026/3/31,14904,0,2000,200,0,2200,福岡支店,レンタル法人,60,新規,12ヶ月以上
B24006014,26,2026/4/30,14904,0,2000,200,0,2200,福岡支店,レンタル法人,60,新規,12ヶ月以上
B24006014,27,2026/5/31,14904,0,2000,200,0,2200,福岡支店,レンタル法人,60,新規,12ヶ月以上
B24006014,28,2026/6/30,14904,0,2000,200,0,2200,福岡支店,レンタル法人,60,新規,12ヶ月以上
B24006014,29,2026/7/31,14904,0,2000,200,0,2200,福岡支店,レンタル法人,60,新規,12ヶ月以上
B24006014,30,2026/8/31,14904,0,2000,200,0,2200,福岡支店,レンタル法人,60,新規,12ヶ月以上
B24006077,19,2025/9/30,12130,0,200,20,0,220,福岡支店,レンタル法人,25,新規,12ヶ月以上
B24006077,20,2025/10/31,12130,0,200,20,0,220,福岡支店,レンタル法人,25,新規,12ヶ月以上
B24006077,21,2025/11/30,12130,0,200,20,0,220,福岡支店,レンタル法人,25,新規,12ヶ月以上
B24006077,22,2025/12/31,12130,0,200,20,0,220,福岡支店,レンタル法人,25,新規,12ヶ月以上
B24006077,23,2026/1/31,12130,0,200,20,0,220,福岡支店,レンタル法人,25,新規,12ヶ月以上
B24006077,24,2026/2/28,12130,0,200,20,0,220,福岡支店,レンタル法人,25,新規,12ヶ月以上
B24006077,25,2026/3/31,12130,0,200,20,0,220,福岡支店,レンタル法人,25,新規,12ヶ月以上
B24006078,19,2025/9/30,13439,0,200,20,0,220,福岡支店,レンタル法人,41,新規,12ヶ月以上
B24006078,20,2025/10/31,13439,0,200,20,0,220,福岡支店,レンタル法人,41,新規,12ヶ月以上
B24006078,21,2025/11/30,13439,0,200,20,0,220,福岡支店,レンタル法人,41,新規,12ヶ月以上
B24006078,22,2025/12/31,13439,0,200,20,0,220,福岡支店,レンタル法人,41,新規,12ヶ月以上
B24006078,23,2026/1/31,13439,0,200,20,0,220,福岡支店,レンタル法人,41,新規,12ヶ月以上
B24006078,24,2026/2/28,13439,0,200,20,0,220,福岡支店,レンタル法人,41,新規,12ヶ月以上
B24006078,25,2026/3/31,13439,0,200,20,0,220,福岡支店,レンタル法人,41,新規,12ヶ月以上
B24006078,26,2026/4/30,13439,0,200,20,0,220,福岡支店,レンタル法人,41,新規,12ヶ月以上
B24006078,27,2026/5/31,13439,0,200,20,0,220,福岡支店,レンタル法人,41,新規,12ヶ月以上
B24006078,28,2026/6/30,13439,0,200,20,0,220,福岡支店,レンタル法人,41,新規,12ヶ月以上
B24006078,29,2026/7/31,13439,0,200,20,0,220,福岡支店,レンタル法人,41,新規,12ヶ月以上
B24006078,30,2026/8/31,13439,0,200,20,0,220,福岡支店,レンタル法人,41,新規,12ヶ月以上
B24006080,19,2025/9/30,14340,0,200,20,0,220,福岡支店,レンタル法人,57,新規,12ヶ月以上
B24006080,20,2025/10/31,14340,0,200,20,0,220,福岡支店,レンタル法人,57,新規,12ヶ月以上
B24006080,21,2025/11/30,14340,0,200,20,0,220,福岡支店,レンタル法人,57,新規,12ヶ月以上
B24006080,22,2025/12/31,14340,0,200,20,0,220,福岡支店,レンタル法人,57,新規,12ヶ月以上
B24006080,23,2026/1/31,14340,0,200,20,0,220,福岡支店,レンタル法人,57,新規,12ヶ月以上
B24006080,24,2026/2/28,14340,0,200,20,0,220,福岡支店,レンタル法人,57,新規,12ヶ月以上
B24006080,25,2026/3/31,14340,0,200,20,0,220,福岡支店,レンタル法人,57,新規,12ヶ月以上
B24006080,26,2026/4/30,14340,0,200,20,0,220,福岡支店,レンタル法人,57,新規,12ヶ月以上
B24006080,27,2026/5/31,14340,0,200,20,0,220,福岡支店,レンタル法人,57,新規,12ヶ月以上
B24006080,28,2026/6/30,14340,0,200,20,0,220,福岡支店,レンタル法人,57,新規,12ヶ月以上
B24006080,29,2026/7/31,14340,0,200,20,0,220,福岡支店,レンタル法人,57,新規,12ヶ月以上
B24006080,30,2026/8/31,14340,0,200,20,0,220,福岡支店,レンタル法人,57,新規,12ヶ月以上
B24006472,18,2025/9/30,14220,0,3600,360,0,3960,福岡支店,レンタル法人,24,新規,12ヶ月以上
B24006472,19,2025/10/31,14220,0,3600,360,0,3960,福岡支店,レンタル法人,24,新規,12ヶ月以上
B24006472,20,2025/11/30,14220,0,3600,360,0,3960,福岡支店,レンタル法人,24,新規,12ヶ月以上
B24006472,21,2025/12/31,14220,0,3600,360,0,3960,福岡支店,レンタル法人,24,新規,12ヶ月以上
B24006472,22,2026/1/31,14220,0,3600,360,0,3960,福岡支店,レンタル法人,24,新規,12ヶ月以上
B24006472,23,2026/2/28,14220,0,3600,360,0,3960,福岡支店,レンタル法人,24,新規,12ヶ月以上
B24006472,24,2026/3/31,14220,0,3600,360,0,3960,福岡支店,レンタル法人,24,新規,12ヶ月以上
B24006647,18,2025/9/30,14945,0,21273,2127,0,23400,福岡支店,レンタル法人,60,新規,12ヶ月以上
B24006647,19,2025/10/31,14945,0,21273,2127,0,23400,福岡支店,レンタル法人,60,新規,12ヶ月以上
B24006647,20,2025/11/30,14945,0,21273,2127,0,23400,福岡支店,レンタル法人,60,新規,12ヶ月以上
B24006647,21,2025/12/31,14945,0,21273,2127,0,23400,福岡支店,レンタル法人,60,新規,12ヶ月以上
B24006647,22,2026/1/31,14945,0,21273,2127,0,23400,福岡支店,レンタル法人,60,新規,12ヶ月以上
B24006647,23,2026/2/28,14945,0,21273,2127,0,23400,福岡支店,レンタル法人,60,新規,12ヶ月以上
B24006647,24,2026/3/31,14945,0,21273,2127,0,23400,福岡支店,レンタル法人,60,新規,12ヶ月以上
B24006647,25,2026/4/30,14945,0,21273,2127,0,23400,福岡支店,レンタル法人,60,新規,12ヶ月以上
B24006647,26,2026/5/31,14945,0,21273,2127,0,23400,福岡支店,レンタル法人,60,新規,12ヶ月以上
B24006647,27,2026/6/30,14945,0,21273,2127,0,23400,福岡支店,レンタル法人,60,新規,12ヶ月以上
B24006647,28,2026/7/31,14945,0,21273,2127,0,23400,福岡支店,レンタル法人,60,新規,12ヶ月以上
B24006647,29,2026/8/31,14945,0,21273,2127,0,23400,福岡支店,レンタル法人,60,新規,12ヶ月以上
B24006657,18,2025/9/30,14073,0,39090,3909,0,42999,福岡支店,レンタル法人,36,新規,12ヶ月以上
B24006657,19,2025/10/31,14073,0,39090,3909,0,42999,福岡支店,レンタル法人,36,新規,12ヶ月以上
B24006657,20,2025/11/30,14073,0,39090,3909,0,42999,福岡支店,レンタル法人,36,新規,12ヶ月以上
B24006657,21,2025/12/31,14073,0,39090,3909,0,42999,福岡支店,レンタル法人,36,新規,12ヶ月以上
B24006657,22,2026/1/31,14073,0,39090,3909,0,42999,福岡支店,レンタル法人,36,新規,12ヶ月以上
B24006657,23,2026/2/28,14073,0,39090,3909,0,42999,福岡支店,レンタル法人,36,新規,12ヶ月以上
B24006657,24,2026/3/31,14073,0,39090,3909,0,42999,福岡支店,レンタル法人,36,新規,12ヶ月以上
B24006657,25,2026/4/30,14073,0,39090,3909,0,42999,福岡支店,レンタル法人,36,新規,12ヶ月以上
B24006657,26,2026/5/31,14073,0,39090,3909,0,42999,福岡支店,レンタル法人,36,新規,12ヶ月以上
B24006657,27,2026/6/30,14073,0,39090,3909,0,42999,福岡支店,レンタル法人,36,新規,12ヶ月以上
B24006657,28,2026/7/31,14073,0,39090,3909,0,42999,福岡支店,レンタル法人,36,新規,12ヶ月以上
B24006657,29,2026/8/31,14073,0,39090,3909,0,42999,福岡支店,レンタル法人,36,新規,12ヶ月以上
B24006658,18,2025/9/30,14896,0,54550,5455,0,60005,福岡支店,レンタル法人,60,新規,12ヶ月以上
B24006658,19,2025/10/31,14896,0,54550,5455,0,60005,福岡支店,レンタル法人,60,新規,12ヶ月以上
B24006658,20,2025/11/30,14896,0,54550,5455,0,60005,福岡支店,レンタル法人,60,新規,12ヶ月以上
B24006658,21,2025/12/31,14896,0,54550,5455,0,60005,福岡支店,レンタル法人,60,新規,12ヶ月以上
B24006658,22,2026/1/31,14896,0,54550,5455,0,60005,福岡支店,レンタル法人,60,新規,12ヶ月以上
B24006658,23,2026/2/28,14896,0,54550,5455,0,60005,福岡支店,レンタル法人,60,新規,12ヶ月以上
B24006658,24,2026/3/31,14896,0,54550,5455,0,60005,福岡支店,レンタル法人,60,新規,12ヶ月以上
B24006658,25,2026/4/30,14896,0,54550,5455,0,60005,福岡支店,レンタル法人,60,新規,12ヶ月以上
B24006658,26,2026/5/31,14896,0,54550,5455,0,60005,福岡支店,レンタル法人,60,新規,12ヶ月以上
B24006658,27,2026/6/30,14896,0,54550,5455,0,60005,福岡支店,レンタル法人,60,新規,12ヶ月以上
B24006658,28,2026/7/31,14896,0,54550,5455,0,60005,福岡支店,レンタル法人,60,新規,12ヶ月以上
B24006658,29,2026/8/31,14896,0,54550,5455,0,60005,福岡支店,レンタル法人,60,新規,12ヶ月以上
B24007001,17,2025/9/30,14825,0,13096,1309,0,14405,福岡支店,レンタル法人,36,新規,12ヶ月以上
B24007001,18,2025/10/31,14825,0,13096,1309,0,14405,福岡支店,レンタル法人,36,新規,12ヶ月以上
B24007001,19,2025/11/30,14825,0,13096,1309,0,14405,福岡支店,レンタル法人,36,新規,12ヶ月以上
B24007001,20,2025/12/31,14825,0,13096,1309,0,14405,福岡支店,レンタル法人,36,新規,12ヶ月以上
B24007001,21,2026/1/31,14825,0,13096,1309,0,14405,福岡支店,レンタル法人,36,新規,12ヶ月以上
B24007001,22,2026/2/28,14825,0,13096,1309,0,14405,福岡支店,レンタル法人,36,新規,12ヶ月以上
B24007001,23,2026/3/31,14825,0,13096,1309,0,14405,福岡支店,レンタル法人,36,新規,12ヶ月以上
B24007001,24,2026/4/30,14825,0,13096,1309,0,14405,福岡支店,レンタル法人,36,新規,12ヶ月以上
B24007001,25,2026/5/31,14825,0,13096,1309,0,14405,福岡支店,レンタル法人,36,新規,12ヶ月以上
B24007001,26,2026/6/30,14825,0,13096,1309,0,14405,福岡支店,レンタル法人,36,新規,12ヶ月以上
B24007001,27,2026/7/31,14825,0,13096,1309,0,14405,福岡支店,レンタル法人,36,新規,12ヶ月以上
B24007001,28,2026/8/31,14825,0,13096,1309,0,14405,福岡支店,レンタル法人,36,新規,12ヶ月以上
B24007569,18,2025/9/30,12610,0,10800,1080,0,11880,福岡支店,レンタル法人,24,新規,12ヶ月以上
B24007569,19,2025/10/31,12610,0,10800,1080,0,11880,福岡支店,レンタル法人,24,新規,12ヶ月以上
B24007569,20,2025/11/30,12610,0,10800,1080,0,11880,福岡支店,レンタル法人,24,新規,12ヶ月以上
B24007569,21,2025/12/31,12610,0,10800,1080,0,11880,福岡支店,レンタル法人,24,新規,12ヶ月以上
B24007569,22,2026/1/31,12610,0,10800,1080,0,11880,福岡支店,レンタル法人,24,新規,12ヶ月以上
B24007569,23,2026/2/28,12610,0,10800,1080,0,11880,福岡支店,レンタル法人,24,新規,12ヶ月以上
B24007569,24,2026/3/31,12610,0,10800,1080,0,11880,福岡支店,レンタル法人,24,新規,12ヶ月以上
B24007701,18,2025/9/30,14340,0,2728,272,0,3000,福岡支店,レンタル法人,60,新規,12ヶ月以上
B24007701,19,2025/10/31,14340,0,2728,272,0,3000,福岡支店,レンタル法人,60,新規,12ヶ月以上
B24007701,20,2025/11/30,14340,0,2728,272,0,3000,福岡支店,レンタル法人,60,新規,12ヶ月以上
B24007701,21,2025/12/31,14340,0,2728,272,0,3000,福岡支店,レンタル法人,60,新規,12ヶ月以上
B24007701,22,2026/1/31,14340,0,2728,272,0,3000,福岡支店,レンタル法人,60,新規,12ヶ月以上
B24007701,23,2026/2/28,14340,0,2728,272,0,3000,福岡支店,レンタル法人,60,新規,12ヶ月以上
B24007701,24,2026/3/31,14340,0,2728,272,0,3000,福岡支店,レンタル法人,60,新規,12ヶ月以上
B24007701,25,2026/4/30,14340,0,2728,272,0,3000,福岡支店,レンタル法人,60,新規,12ヶ月以上
B24007701,26,2026/5/31,14340,0,2728,272,0,3000,福岡支店,レンタル法人,60,新規,12ヶ月以上
B24007701,27,2026/6/30,14340,0,2728,272,0,3000,福岡支店,レンタル法人,60,新規,12ヶ月以上
B24007701,28,2026/7/31,14340,0,2728,272,0,3000,福岡支店,レンタル法人,60,新規,12ヶ月以上
B24007701,29,2026/8/31,14340,0,2728,272,0,3000,福岡支店,レンタル法人,60,新規,12ヶ月以上
B24007708,18,2025/9/30,5911,0,3300,330,0,3630,福岡支店,レンタル法人,27,新規,12ヶ月以上
B24007708,19,2025/10/31,5911,0,3300,330,0,3630,福岡支店,レンタル法人,27,新規,12ヶ月以上
B24007708,20,2025/11/30,5911,0,3300,330,0,3630,福岡支店,レンタル法人,27,新規,12ヶ月以上
B24007708,21,2025/12/31,5911,0,3300,330,0,3630,福岡支店,レンタル法人,27,新規,12ヶ月以上
B24007708,22,2026/1/31,5911,0,3300,330,0,3630,福岡支店,レンタル法人,27,新規,12ヶ月以上
B24007708,23,2026/2/28,5911,0,3300,330,0,3630,福岡支店,レンタル法人,27,新規,12ヶ月以上
B24007708,24,2026/3/31,5911,0,3300,330,0,3630,福岡支店,レンタル法人,27,新規,12ヶ月以上
B24007708,25,2026/4/30,5911,0,3300,330,0,3630,福岡支店,レンタル法人,27,新規,12ヶ月以上
B24007708,26,2026/5/31,5911,0,3300,330,0,3630,福岡支店,レンタル法人,27,新規,12ヶ月以上
B24007708,27,2026/6/30,5911,0,3300,330,0,3630,福岡支店,レンタル法人,27,新規,12ヶ月以上
B24007712,18,2025/9/30,14985,0,1800,180,0,1980,福岡支店,レンタル法人,60,新規,12ヶ月以上
B24007712,19,2025/10/31,14985,0,1800,180,0,1980,福岡支店,レンタル法人,60,新規,12ヶ月以上
B24007712,20,2025/11/30,14985,0,1800,180,0,1980,福岡支店,レンタル法人,60,新規,12ヶ月以上
B24007712,21,2025/12/31,14985,0,1800,180,0,1980,福岡支店,レンタル法人,60,新規,12ヶ月以上
B24007712,22,2026/1/31,14985,0,1800,180,0,1980,福岡支店,レンタル法人,60,新規,12ヶ月以上
B24007712,23,2026/2/28,14985,0,1800,180,0,1980,福岡支店,レンタル法人,60,新規,12ヶ月以上
B24007712,24,2026/3/31,14985,0,1800,180,0,1980,福岡支店,レンタル法人,60,新規,12ヶ月以上
B24007712,25,2026/4/30,14985,0,1800,180,0,1980,福岡支店,レンタル法人,60,新規,12ヶ月以上
B24007712,26,2026/5/31,14985,0,1800,180,0,1980,福岡支店,レンタル法人,60,新規,12ヶ月以上
B24007712,27,2026/6/30,14985,0,1800,180,0,1980,福岡支店,レンタル法人,60,新規,12ヶ月以上
B24007712,28,2026/7/31,14985,0,1800,180,0,1980,福岡支店,レンタル法人,60,新規,12ヶ月以上
B24007712,29,2026/8/31,14985,0,1800,180,0,1980,福岡支店,レンタル法人,60,新規,12ヶ月以上
B24007741,18,2025/9/30,10982,0,6000,600,0,6600,福岡支店,レンタル法人,60,新規,12ヶ月以上
B24007741,19,2025/10/31,10982,0,6000,600,0,6600,福岡支店,レンタル法人,60,新規,12ヶ月以上
B24007741,20,2025/11/30,10982,0,6000,600,0,6600,福岡支店,レンタル法人,60,新規,12ヶ月以上
B24007741,21,2025/12/31,10982,0,6000,600,0,6600,福岡支店,レンタル法人,60,新規,12ヶ月以上
B24007741,22,2026/1/31,10982,0,6000,600,0,6600,福岡支店,レンタル法人,60,新規,12ヶ月以上
B24007741,23,2026/2/28,10982,0,6000,600,0,6600,福岡支店,レンタル法人,60,新規,12ヶ月以上
B24007741,24,2026/3/31,10982,0,6000,600,0,6600,福岡支店,レンタル法人,60,新規,12ヶ月以上
B24007741,25,2026/4/30,10982,0,6000,600,0,6600,福岡支店,レンタル法人,60,新規,12ヶ月以上
B24007741,26,2026/5/31,10982,0,6000,600,0,6600,福岡支店,レンタル法人,60,新規,12ヶ月以上
B24007741,27,2026/6/30,10982,0,6000,600,0,6600,福岡支店,レンタル法人,60,新規,12ヶ月以上
B24007741,28,2026/7/31,10982,0,6000,600,0,6600,福岡支店,レンタル法人,60,新規,12ヶ月以上
B24007741,29,2026/8/31,10982,0,6000,600,0,6600,福岡支店,レンタル法人,60,新規,12ヶ月以上
B24007812,18,2025/9/30,14989,0,2500,250,0,2750,福岡支店,レンタル法人,60,新規,12ヶ月以上
B24007812,19,2025/10/31,14989,0,2500,250,0,2750,福岡支店,レンタル法人,60,新規,12ヶ月以上
B24007812,20,2025/11/30,14989,0,2500,250,0,2750,福岡支店,レンタル法人,60,新規,12ヶ月以上
B24007812,21,2025/12/31,14989,0,2500,250,0,2750,福岡支店,レンタル法人,60,新規,12ヶ月以上
B24007812,22,2026/1/31,14989,0,2500,250,0,2750,福岡支店,レンタル法人,60,新規,12ヶ月以上
B24007812,23,2026/2/28,14989,0,2500,250,0,2750,福岡支店,レンタル法人,60,新規,12ヶ月以上
B24007812,24,2026/3/31,14989,0,2500,250,0,2750,福岡支店,レンタル法人,60,新規,12ヶ月以上
B24007812,25,2026/4/30,14989,0,2500,250,0,2750,福岡支店,レンタル法人,60,新規,12ヶ月以上
B24007812,26,2026/5/31,14989,0,2500,250,0,2750,福岡支店,レンタル法人,60,新規,12ヶ月以上
B24007812,27,2026/6/30,14989,0,2500,250,0,2750,福岡支店,レンタル法人,60,新規,12ヶ月以上
B24007812,28,2026/7/31,14989,0,2500,250,0,2750,福岡支店,レンタル法人,60,新規,12ヶ月以上
B24007812,29,2026/8/31,14989,0,2500,250,0,2750,福岡支店,レンタル法人,60,新規,12ヶ月以上
B24008120,18,2025/9/30,11894,0,5200,520,0,5720,福岡支店,レンタル法人,60,新規,12ヶ月以上
B24008120,19,2025/10/31,11894,0,5200,520,0,5720,福岡支店,レンタル法人,60,新規,12ヶ月以上
B24008120,20,2025/11/30,11894,0,5200,520,0,5720,福岡支店,レンタル法人,60,新規,12ヶ月以上
B24008120,21,2025/12/31,11894,0,5200,520,0,5720,福岡支店,レンタル法人,60,新規,12ヶ月以上
B24008120,22,2026/1/31,11894,0,5200,520,0,5720,福岡支店,レンタル法人,60,新規,12ヶ月以上
B24008120,23,2026/2/28,11894,0,5200,520,0,5720,福岡支店,レンタル法人,60,新規,12ヶ月以上
B24008120,24,2026/3/31,11894,0,5200,520,0,5720,福岡支店,レンタル法人,60,新規,12ヶ月以上
B24008120,25,2026/4/30,11894,0,5200,520,0,5720,福岡支店,レンタル法人,60,新規,12ヶ月以上
B24008120,26,2026/5/31,11894,0,5200,520,0,5720,福岡支店,レンタル法人,60,新規,12ヶ月以上
B24008120,27,2026/6/30,11894,0,5200,520,0,5720,福岡支店,レンタル法人,60,新規,12ヶ月以上
B24008120,28,2026/7/31,11894,0,5200,520,0,5720,福岡支店,レンタル法人,60,新規,12ヶ月以上
B24008120,29,2026/8/31,11894,0,5200,520,0,5720,福岡支店,レンタル法人,60,新規,12ヶ月以上
B24008121,18,2025/9/30,11894,0,35750,3575,0,39325,福岡支店,レンタル法人,60,新規,12ヶ月以上
B24008121,19,2025/10/31,11894,0,35750,3575,0,39325,福岡支店,レンタル法人,60,新規,12ヶ月以上
B24008121,20,2025/11/30,11894,0,35750,3575,0,39325,福岡支店,レンタル法人,60,新規,12ヶ月以上
B24008121,21,2025/12/31,11894,0,35750,3575,0,39325,福岡支店,レンタル法人,60,新規,12ヶ月以上
B24008121,22,2026/1/31,11894,0,35750,3575,0,39325,福岡支店,レンタル法人,60,新規,12ヶ月以上
B24008121,23,2026/2/28,11894,0,35750,3575,0,39325,福岡支店,レンタル法人,60,新規,12ヶ月以上
B24008121,24,2026/3/31,11894,0,35750,3575,0,39325,福岡支店,レンタル法人,60,新規,12ヶ月以上
B24008121,25,2026/4/30,11894,0,35750,3575,0,39325,福岡支店,レンタル法人,60,新規,12ヶ月以上
B24008121,26,2026/5/31,11894,0,35750,3575,0,39325,福岡支店,レンタル法人,60,新規,12ヶ月以上
B24008121,27,2026/6/30,11894,0,35750,3575,0,39325,福岡支店,レンタル法人,60,新規,12ヶ月以上
B24008121,28,2026/7/31,11894,0,35750,3575,0,39325,福岡支店,レンタル法人,60,新規,12ヶ月以上
B24008121,29,2026/8/31,11894,0,35750,3575,0,39325,福岡支店,レンタル法人,60,新規,12ヶ月以上
B24008570,18,2025/9/30,14220,0,9900,990,0,10890,福岡支店,レンタル法人,48,新規,12ヶ月以上
B24008570,19,2025/10/31,14220,0,9900,990,0,10890,福岡支店,レンタル法人,48,新規,12ヶ月以上
B24008570,20,2025/11/30,14220,0,9900,990,0,10890,福岡支店,レンタル法人,48,新規,12ヶ月以上
B24008570,21,2025/12/31,14220,0,9900,990,0,10890,福岡支店,レンタル法人,48,新規,12ヶ月以上
B24008570,22,2026/1/31,14220,0,9900,990,0,10890,福岡支店,レンタル法人,48,新規,12ヶ月以上
B24008570,23,2026/2/28,14220,0,9900,990,0,10890,福岡支店,レンタル法人,48,新規,12ヶ月以上
B24008570,24,2026/3/31,14220,0,9900,990,0,10890,福岡支店,レンタル法人,48,新規,12ヶ月以上
B24008570,25,2026/4/30,14220,0,9900,990,0,10890,福岡支店,レンタル法人,48,新規,12ヶ月以上
B24008570,26,2026/5/31,14220,0,9900,990,0,10890,福岡支店,レンタル法人,48,新規,12ヶ月以上
B24008570,27,2026/6/30,14220,0,9900,990,0,10890,福岡支店,レンタル法人,48,新規,12ヶ月以上
B24008570,28,2026/7/31,14220,0,9900,990,0,10890,福岡支店,レンタル法人,48,新規,12ヶ月以上
B24008570,29,2026/8/31,14220,0,9900,990,0,10890,福岡支店,レンタル法人,48,新規,12ヶ月以上
B24008572,18,2025/9/30,14220,0,4500,450,0,4950,福岡支店,レンタル法人,48,新規,12ヶ月以上
B24008572,19,2025/10/31,14220,0,4500,450,0,4950,福岡支店,レンタル法人,48,新規,12ヶ月以上
B24008572,20,2025/11/30,14220,0,4500,450,0,4950,福岡支店,レンタル法人,48,新規,12ヶ月以上
B24008572,21,2025/12/31,14220,0,4500,450,0,4950,福岡支店,レンタル法人,48,新規,12ヶ月以上
B24008572,22,2026/1/31,14220,0,4500,450,0,4950,福岡支店,レンタル法人,48,新規,12ヶ月以上
B24008572,23,2026/2/28,14220,0,4500,450,0,4950,福岡支店,レンタル法人,48,新規,12ヶ月以上
B24008572,24,2026/3/31,14220,0,4500,450,0,4950,福岡支店,レンタル法人,48,新規,12ヶ月以上
B24008572,25,2026/4/30,14220,0,4500,450,0,4950,福岡支店,レンタル法人,48,新規,12ヶ月以上
B24008572,26,2026/5/31,14220,0,4500,450,0,4950,福岡支店,レンタル法人,48,新規,12ヶ月以上
B24008572,27,2026/6/30,14220,0,4500,450,0,4950,福岡支店,レンタル法人,48,新規,12ヶ月以上
B24008572,28,2026/7/31,14220,0,4500,450,0,4950,福岡支店,レンタル法人,48,新規,12ヶ月以上
B24008572,29,2026/8/31,14220,0,4500,450,0,4950,福岡支店,レンタル法人,48,新規,12ヶ月以上
B24008933,17,2025/9/30,14853,0,11500,1150,0,12650,福岡支店,レンタル法人,36,新規,12ヶ月以上
B24008933,18,2025/10/31,14853,0,11500,1150,0,12650,福岡支店,レンタル法人,36,新規,12ヶ月以上
B24008933,19,2025/11/30,14853,0,11500,1150,0,12650,福岡支店,レンタル法人,36,新規,12ヶ月以上
B24008933,20,2025/12/31,14853,0,11500,1150,0,12650,福岡支店,レンタル法人,36,新規,12ヶ月以上
B24008933,21,2026/1/31,14853,0,11500,1150,0,12650,福岡支店,レンタル法人,36,新規,12ヶ月以上
B24008933,22,2026/2/28,14853,0,11500,1150,0,12650,福岡支店,レンタル法人,36,新規,12ヶ月以上
B24008933,23,2026/3/31,14853,0,11500,1150,0,12650,福岡支店,レンタル法人,36,新規,12ヶ月以上
B24008933,24,2026/4/30,14853,0,11500,1150,0,12650,福岡支店,レンタル法人,36,新規,12ヶ月以上
B24008933,25,2026/5/31,14853,0,11500,1150,0,12650,福岡支店,レンタル法人,36,新規,12ヶ月以上
B24008933,26,2026/6/30,14853,0,11500,1150,0,12650,福岡支店,レンタル法人,36,新規,12ヶ月以上
B24008933,27,2026/7/31,14853,0,11500,1150,0,12650,福岡支店,レンタル法人,36,新規,12ヶ月以上
B24008933,28,2026/8/31,14853,0,11500,1150,0,12650,福岡支店,レンタル法人,36,新規,12ヶ月以上
B24009254,17,2025/9/30,11894,0,53150,5315,0,58465,福岡支店,レンタル法人,60,新規,12ヶ月以上
B24009254,18,2025/10/31,11894,0,53150,5315,0,58465,福岡支店,レンタル法人,60,新規,12ヶ月以上
B24009254,19,2025/11/30,11894,0,53150,5315,0,58465,福岡支店,レンタル法人,60,新規,12ヶ月以上
B24009254,20,2025/12/31,11894,0,53150,5315,0,58465,福岡支店,レンタル法人,60,新規,12ヶ月以上
B24009254,21,2026/1/31,11894,0,53150,5315,0,58465,福岡支店,レンタル法人,60,新規,12ヶ月以上
B24009254,22,2026/2/28,11894,0,53150,5315,0,58465,福岡支店,レンタル法人,60,新規,12ヶ月以上
B24009254,23,2026/3/31,11894,0,53150,5315,0,58465,福岡支店,レンタル法人,60,新規,12ヶ月以上
B24009254,24,2026/4/30,11894,0,53150,5315,0,58465,福岡支店,レンタル法人,60,新規,12ヶ月以上
B24009254,25,2026/5/31,11894,0,53150,5315,0,58465,福岡支店,レンタル法人,60,新規,12ヶ月以上
B24009254,26,2026/6/30,11894,0,53150,5315,0,58465,福岡支店,レンタル法人,60,新規,12ヶ月以上
B24009254,27,2026/7/31,11894,0,53150,5315,0,58465,福岡支店,レンタル法人,60,新規,12ヶ月以上
B24009254,28,2026/8/31,11894,0,53150,5315,0,58465,福岡支店,レンタル法人,60,新規,12ヶ月以上
B24009256,18,2025/9/30,14179,0,200,20,0,220,福岡支店,レンタル法人,55,新規,12ヶ月以上
B24009256,19,2025/10/31,14179,0,200,20,0,220,福岡支店,レンタル法人,55,新規,12ヶ月以上
B24009256,20,2025/11/30,14179,0,200,20,0,220,福岡支店,レンタル法人,55,新規,12ヶ月以上
B24009256,21,2025/12/31,14179,0,200,20,0,220,福岡支店,レンタル法人,55,新規,12ヶ月以上
B24009256,22,2026/1/31,14179,0,200,20,0,220,福岡支店,レンタル法人,55,新規,12ヶ月以上
B24009256,23,2026/2/28,14179,0,200,20,0,220,福岡支店,レンタル法人,55,新規,12ヶ月以上
B24009256,24,2026/3/31,14179,0,200,20,0,220,福岡支店,レンタル法人,55,新規,12ヶ月以上
B24009256,25,2026/4/30,14179,0,200,20,0,220,福岡支店,レンタル法人,55,新規,12ヶ月以上
B24009256,26,2026/5/31,14179,0,200,20,0,220,福岡支店,レンタル法人,55,新規,12ヶ月以上
B24009256,27,2026/6/30,14179,0,200,20,0,220,福岡支店,レンタル法人,55,新規,12ヶ月以上
B24009256,28,2026/7/31,14179,0,200,20,0,220,福岡支店,レンタル法人,55,新規,12ヶ月以上
B24009256,29,2026/8/31,14179,0,200,20,0,220,福岡支店,レンタル法人,55,新規,12ヶ月以上
B24009257,18,2025/9/30,14504,0,200,20,0,220,福岡支店,レンタル法人,57,新規,12ヶ月以上
B24009257,19,2025/10/31,14504,0,200,20,0,220,福岡支店,レンタル法人,57,新規,12ヶ月以上
B24009257,20,2025/11/30,14504,0,200,20,0,220,福岡支店,レンタル法人,57,新規,12ヶ月以上
B24009257,21,2025/12/31,14504,0,200,20,0,220,福岡支店,レンタル法人,57,新規,12ヶ月以上
B24009257,22,2026/1/31,14504,0,200,20,0,220,福岡支店,レンタル法人,57,新規,12ヶ月以上
B24009257,23,2026/2/28,14504,0,200,20,0,220,福岡支店,レンタル法人,57,新規,12ヶ月以上
B24009257,24,2026/3/31,14504,0,200,20,0,220,福岡支店,レンタル法人,57,新規,12ヶ月以上
B24009257,25,2026/4/30,14504,0,200,20,0,220,福岡支店,レンタル法人,57,新規,12ヶ月以上
B24009257,26,2026/5/31,14504,0,200,20,0,220,福岡支店,レンタル法人,57,新規,12ヶ月以上
B24009257,27,2026/6/30,14504,0,200,20,0,220,福岡支店,レンタル法人,57,新規,12ヶ月以上
B24009257,28,2026/7/31,14504,0,200,20,0,220,福岡支店,レンタル法人,57,新規,12ヶ月以上
B24009257,29,2026/8/31,14504,0,200,20,0,220,福岡支店,レンタル法人,57,新規,12ヶ月以上
B24009442,17,2025/9/30,12987,0,3300,330,0,3630,福岡支店,レンタル法人,60,新規,12ヶ月以上
B24009442,18,2025/10/31,12987,0,3300,330,0,3630,福岡支店,レンタル法人,60,新規,12ヶ月以上
B24009442,19,2025/11/30,12987,0,3300,330,0,3630,福岡支店,レンタル法人,60,新規,12ヶ月以上
B24009442,20,2025/12/31,12987,0,3300,330,0,3630,福岡支店,レンタル法人,60,新規,12ヶ月以上
B24009442,21,2026/1/31,12987,0,3300,330,0,3630,福岡支店,レンタル法人,60,新規,12ヶ月以上
B24009442,22,2026/2/28,12987,0,3300,330,0,3630,福岡支店,レンタル法人,60,新規,12ヶ月以上
B24009442,23,2026/3/31,12987,0,3300,330,0,3630,福岡支店,レンタル法人,60,新規,12ヶ月以上
B24009442,24,2026/4/30,12987,0,3300,330,0,3630,福岡支店,レンタル法人,60,新規,12ヶ月以上
B24009442,25,2026/5/31,12987,0,3300,330,0,3630,福岡支店,レンタル法人,60,新規,12ヶ月以上
B24009442,26,2026/6/30,12987,0,3300,330,0,3630,福岡支店,レンタル法人,60,新規,12ヶ月以上
B24009442,27,2026/7/31,12987,0,3300,330,0,3630,福岡支店,レンタル法人,60,新規,12ヶ月以上
B24009442,28,2026/8/31,12987,0,3300,330,0,3630,福岡支店,レンタル法人,60,新規,12ヶ月以上
B24009454,17,2025/9/30,12402,0,2280,228,0,2508,福岡支店,レンタル法人,60,新規,12ヶ月以上
B24009454,18,2025/10/31,12402,0,2280,228,0,2508,福岡支店,レンタル法人,60,新規,12ヶ月以上
B24009454,19,2025/11/30,12402,0,2280,228,0,2508,福岡支店,レンタル法人,60,新規,12ヶ月以上
B24009454,20,2025/12/31,12402,0,2280,228,0,2508,福岡支店,レンタル法人,60,新規,12ヶ月以上
B24009454,21,2026/1/31,12402,0,2280,228,0,2508,福岡支店,レンタル法人,60,新規,12ヶ月以上
B24009454,22,2026/2/28,12402,0,2280,228,0,2508,福岡支店,レンタル法人,60,新規,12ヶ月以上
B24009454,23,2026/3/31,12402,0,2280,228,0,2508,福岡支店,レンタル法人,60,新規,12ヶ月以上
B24009454,24,2026/4/30,12402,0,2280,228,0,2508,福岡支店,レンタル法人,60,新規,12ヶ月以上
B24009454,25,2026/5/31,12402,0,2280,228,0,2508,福岡支店,レンタル法人,60,新規,12ヶ月以上
B24009454,26,2026/6/30,12402,0,2280,228,0,2508,福岡支店,レンタル法人,60,新規,12ヶ月以上
B24009454,27,2026/7/31,12402,0,2280,228,0,2508,福岡支店,レンタル法人,60,新規,12ヶ月以上
B24009454,28,2026/8/31,12402,0,2280,228,0,2508,福岡支店,レンタル法人,60,新規,12ヶ月以上
B24009602,17,2025/9/30,14215,0,17500,1750,0,19250,福岡支店,レンタル法人,24,新規,12ヶ月以上
B24009602,18,2025/10/31,14215,0,17500,1750,0,19250,福岡支店,レンタル法人,24,新規,12ヶ月以上
B24009602,19,2025/11/30,14215,0,17500,1750,0,19250,福岡支店,レンタル法人,24,新規,12ヶ月以上
B24009602,20,2025/12/31,14215,0,17500,1750,0,19250,福岡支店,レンタル法人,24,新規,12ヶ月以上
B24009602,21,2026/1/31,14215,0,17500,1750,0,19250,福岡支店,レンタル法人,24,新規,12ヶ月以上
B24009602,22,2026/2/28,14215,0,17500,1750,0,19250,福岡支店,レンタル法人,24,新規,12ヶ月以上
B24009602,23,2026/3/31,14215,0,17500,1750,0,19250,福岡支店,レンタル法人,24,新規,12ヶ月以上
B24009602,24,2026/4/30,14215,0,17500,1750,0,19250,福岡支店,レンタル法人,24,新規,12ヶ月以上
B24009769,18,2025/9/30,15003,0,9340,934,0,10274,福岡支店,レンタル法人,48,新規,12ヶ月以上
B24009769,19,2025/10/31,15003,0,9340,934,0,10274,福岡支店,レンタル法人,48,新規,12ヶ月以上
B24009769,20,2025/11/30,15003,0,9340,934,0,10274,福岡支店,レンタル法人,48,新規,12ヶ月以上
B24009769,21,2025/12/31,15003,0,9340,934,0,10274,福岡支店,レンタル法人,48,新規,12ヶ月以上
B24009769,22,2026/1/31,15003,0,9340,934,0,10274,福岡支店,レンタル法人,48,新規,12ヶ月以上
B24009769,23,2026/2/28,15003,0,9340,934,0,10274,福岡支店,レンタル法人,48,新規,12ヶ月以上
B24009769,24,2026/3/31,15003,0,9340,934,0,10274,福岡支店,レンタル法人,48,新規,12ヶ月以上
B24009769,25,2026/4/30,15003,0,9340,934,0,10274,福岡支店,レンタル法人,48,新規,12ヶ月以上
B24009769,26,2026/5/31,15003,0,9340,934,0,10274,福岡支店,レンタル法人,48,新規,12ヶ月以上
B24009769,27,2026/6/30,15003,0,9340,934,0,10274,福岡支店,レンタル法人,48,新規,12ヶ月以上
B24009769,28,2026/7/31,15003,0,9340,934,0,10274,福岡支店,レンタル法人,48,新規,12ヶ月以上
B24009769,29,2026/8/31,15003,0,9340,934,0,10274,福岡支店,レンタル法人,48,新規,12ヶ月以上
B24009774,17,2025/9/30,10190,0,27800,2780,0,30580,福岡支店,レンタル法人,60,新規,12ヶ月以上
B24009774,18,2025/10/31,10190,0,27800,2780,0,30580,福岡支店,レンタル法人,60,新規,12ヶ月以上
B24009774,19,2025/11/30,10190,0,27800,2780,0,30580,福岡支店,レンタル法人,60,新規,12ヶ月以上
B24009774,20,2025/12/31,10190,0,27800,2780,0,30580,福岡支店,レンタル法人,60,新規,12ヶ月以上
B24009774,21,2026/1/31,10190,0,27800,2780,0,30580,福岡支店,レンタル法人,60,新規,12ヶ月以上
B24009774,22,2026/2/28,10190,0,27800,2780,0,30580,福岡支店,レンタル法人,60,新規,12ヶ月以上
B24009774,23,2026/3/31,10190,0,27800,2780,0,30580,福岡支店,レンタル法人,60,新規,12ヶ月以上
B24009774,24,2026/4/30,10190,0,27800,2780,0,30580,福岡支店,レンタル法人,60,新規,12ヶ月以上
B24009774,25,2026/5/31,10190,0,27800,2780,0,30580,福岡支店,レンタル法人,60,新規,12ヶ月以上
B24009774,26,2026/6/30,10190,0,27800,2780,0,30580,福岡支店,レンタル法人,60,新規,12ヶ月以上
B24009774,27,2026/7/31,10190,0,27800,2780,0,30580,福岡支店,レンタル法人,60,新規,12ヶ月以上
B24009774,28,2026/8/31,10190,0,27800,2780,0,30580,福岡支店,レンタル法人,60,新規,12ヶ月以上
B24009923,18,2025/9/30,15084,0,1800,180,0,1980,福岡支店,レンタル法人,60,新規,12ヶ月以上
B24009923,19,2025/10/31,15084,0,1800,180,0,1980,福岡支店,レンタル法人,60,新規,12ヶ月以上
B24009923,20,2025/11/30,15084,0,1800,180,0,1980,福岡支店,レンタル法人,60,新規,12ヶ月以上
B24009923,21,2025/12/31,15084,0,1800,180,0,1980,福岡支店,レンタル法人,60,新規,12ヶ月以上
B24009923,22,2026/1/31,15084,0,1800,180,0,1980,福岡支店,レンタル法人,60,新規,12ヶ月以上
B24009923,23,2026/2/28,15084,0,1800,180,0,1980,福岡支店,レンタル法人,60,新規,12ヶ月以上
B24009923,24,2026/3/31,15084,0,1800,180,0,1980,福岡支店,レンタル法人,60,新規,12ヶ月以上
B24009923,25,2026/4/30,15084,0,1800,180,0,1980,福岡支店,レンタル法人,60,新規,12ヶ月以上
B24009923,26,2026/5/31,15084,0,1800,180,0,1980,福岡支店,レンタル法人,60,新規,12ヶ月以上
B24009923,27,2026/6/30,15084,0,1800,180,0,1980,福岡支店,レンタル法人,60,新規,12ヶ月以上
B24009923,28,2026/7/31,15084,0,1800,180,0,1980,福岡支店,レンタル法人,60,新規,12ヶ月以上
B24009923,29,2026/8/31,15084,0,1800,180,0,1980,福岡支店,レンタル法人,60,新規,12ヶ月以上
B24009937,17,2025/9/30,10336,0,9319,931,0,10250,福岡支店,レンタル法人,60,新規,12ヶ月以上
B24009937,18,2025/10/31,10336,0,9319,931,0,10250,福岡支店,レンタル法人,60,新規,12ヶ月以上
B24009937,19,2025/11/30,10336,0,9319,931,0,10250,福岡支店,レンタル法人,60,新規,12ヶ月以上
B24009937,20,2025/12/31,10336,0,9319,931,0,10250,福岡支店,レンタル法人,60,新規,12ヶ月以上
B24009937,21,2026/1/31,10336,0,9319,931,0,10250,福岡支店,レンタル法人,60,新規,12ヶ月以上
B24009937,22,2026/2/28,10336,0,9319,931,0,10250,福岡支店,レンタル法人,60,新規,12ヶ月以上
B24009937,23,2026/3/31,10336,0,9319,931,0,10250,福岡支店,レンタル法人,60,新規,12ヶ月以上
B24009937,24,2026/4/30,10336,0,9319,931,0,10250,福岡支店,レンタル法人,60,新規,12ヶ月以上
B24009937,25,2026/5/31,10336,0,9319,931,0,10250,福岡支店,レンタル法人,60,新規,12ヶ月以上
B24009937,26,2026/6/30,10336,0,9319,931,0,10250,福岡支店,レンタル法人,60,新規,12ヶ月以上
B24009937,27,2026/7/31,10336,0,9319,931,0,10250,福岡支店,レンタル法人,60,新規,12ヶ月以上
B24009937,28,2026/8/31,10336,0,9319,931,0,10250,福岡支店,レンタル法人,60,新規,12ヶ月以上
B24009966,17,2025/9/30,12987,0,3300,330,0,3630,福岡支店,レンタル法人,60,新規,12ヶ月以上
B24009966,18,2025/10/31,12987,0,3300,330,0,3630,福岡支店,レンタル法人,60,新規,12ヶ月以上
B24009966,19,2025/11/30,12987,0,3300,330,0,3630,福岡支店,レンタル法人,60,新規,12ヶ月以上
B24009966,20,2025/12/31,12987,0,3300,330,0,3630,福岡支店,レンタル法人,60,新規,12ヶ月以上
B24009966,21,2026/1/31,12987,0,3300,330,0,3630,福岡支店,レンタル法人,60,新規,12ヶ月以上
B24009966,22,2026/2/28,12987,0,3300,330,0,3630,福岡支店,レンタル法人,60,新規,12ヶ月以上
B24009966,23,2026/3/31,12987,0,3300,330,0,3630,福岡支店,レンタル法人,60,新規,12ヶ月以上
B24009966,24,2026/4/30,12987,0,3300,330,0,3630,福岡支店,レンタル法人,60,新規,12ヶ月以上
B24009966,25,2026/5/31,12987,0,3300,330,0,3630,福岡支店,レンタル法人,60,新規,12ヶ月以上
B24009966,26,2026/6/30,12987,0,3300,330,0,3630,福岡支店,レンタル法人,60,新規,12ヶ月以上
B24009966,27,2026/7/31,12987,0,3300,330,0,3630,福岡支店,レンタル法人,60,新規,12ヶ月以上
B24009966,28,2026/8/31,12987,0,3300,330,0,3630,福岡支店,レンタル法人,60,新規,12ヶ月以上
B24010075,17,2025/9/30,14220,0,3500,350,0,3850,福岡支店,レンタル法人,48,新規,12ヶ月以上
B24010075,18,2025/10/31,14220,0,3500,350,0,3850,福岡支店,レンタル法人,48,新規,12ヶ月以上
B24010075,19,2025/11/30,14220,0,3500,350,0,3850,福岡支店,レンタル法人,48,新規,12ヶ月以上
B24010075,20,2025/12/31,14220,0,3500,350,0,3850,福岡支店,レンタル法人,48,新規,12ヶ月以上
B24010075,21,2026/1/31,14220,0,3500,350,0,3850,福岡支店,レンタル法人,48,新規,12ヶ月以上
B24010075,22,2026/2/28,14220,0,3500,350,0,3850,福岡支店,レンタル法人,48,新規,12ヶ月以上
B24010075,23,2026/3/31,14220,0,3500,350,0,3850,福岡支店,レンタル法人,48,新規,12ヶ月以上
B24010075,24,2026/4/30,14220,0,3500,350,0,3850,福岡支店,レンタル法人,48,新規,12ヶ月以上
B24010075,25,2026/5/31,14220,0,3500,350,0,3850,福岡支店,レンタル法人,48,新規,12ヶ月以上
B24010075,26,2026/6/30,14220,0,3500,350,0,3850,福岡支店,レンタル法人,48,新規,12ヶ月以上
B24010075,27,2026/7/31,14220,0,3500,350,0,3850,福岡支店,レンタル法人,48,新規,12ヶ月以上
B24010075,28,2026/8/31,14220,0,3500,350,0,3850,福岡支店,レンタル法人,48,新規,12ヶ月以上
B24010076,17,2025/9/30,14220,0,13000,1300,0,14300,福岡支店,レンタル法人,48,新規,12ヶ月以上
B24010076,18,2025/10/31,14220,0,13000,1300,0,14300,福岡支店,レンタル法人,48,新規,12ヶ月以上
B24010076,19,2025/11/30,14220,0,13000,1300,0,14300,福岡支店,レンタル法人,48,新規,12ヶ月以上
B24010076,20,2025/12/31,14220,0,13000,1300,0,14300,福岡支店,レンタル法人,48,新規,12ヶ月以上
B24010076,21,2026/1/31,14220,0,13000,1300,0,14300,福岡支店,レンタル法人,48,新規,12ヶ月以上
B24010076,22,2026/2/28,14220,0,13000,1300,0,14300,福岡支店,レンタル法人,48,新規,12ヶ月以上
B24010076,23,2026/3/31,14220,0,13000,1300,0,14300,福岡支店,レンタル法人,48,新規,12ヶ月以上
B24010076,24,2026/4/30,14220,0,13000,1300,0,14300,福岡支店,レンタル法人,48,新規,12ヶ月以上
B24010076,25,2026/5/31,14220,0,13000,1300,0,14300,福岡支店,レンタル法人,48,新規,12ヶ月以上
B24010076,26,2026/6/30,14220,0,13000,1300,0,14300,福岡支店,レンタル法人,48,新規,12ヶ月以上
B24010076,27,2026/7/31,14220,0,13000,1300,0,14300,福岡支店,レンタル法人,48,新規,12ヶ月以上
B24010076,28,2026/8/31,14220,0,13000,1300,0,14300,福岡支店,レンタル法人,48,新規,12ヶ月以上
B24010087,17,2025/9/30,12569,0,23637,2363,0,26000,福岡支店,レンタル法人,60,新規,12ヶ月以上
B24010087,18,2025/10/31,12569,0,23637,2363,0,26000,福岡支店,レンタル法人,60,新規,12ヶ月以上
B24010087,19,2025/11/30,12569,0,23637,2363,0,26000,福岡支店,レンタル法人,60,新規,12ヶ月以上
B24010087,20,2025/12/31,12569,0,23637,2363,0,26000,福岡支店,レンタル法人,60,新規,12ヶ月以上
B24010087,21,2026/1/31,12569,0,23637,2363,0,26000,福岡支店,レンタル法人,60,新規,12ヶ月以上
B24010087,22,2026/2/28,12569,0,23637,2363,0,26000,福岡支店,レンタル法人,60,新規,12ヶ月以上
B24010087,23,2026/3/31,12569,0,23637,2363,0,26000,福岡支店,レンタル法人,60,新規,12ヶ月以上
B24010087,24,2026/4/30,12569,0,23637,2363,0,26000,福岡支店,レンタル法人,60,新規,12ヶ月以上
B24010087,25,2026/5/31,12569,0,23637,2363,0,26000,福岡支店,レンタル法人,60,新規,12ヶ月以上
B24010087,26,2026/6/30,12569,0,23637,2363,0,26000,福岡支店,レンタル法人,60,新規,12ヶ月以上
B24010087,27,2026/7/31,12569,0,23637,2363,0,26000,福岡支店,レンタル法人,60,新規,12ヶ月以上
B24010087,28,2026/8/31,12569,0,23637,2363,0,26000,福岡支店,レンタル法人,60,新規,12ヶ月以上
B24010088,18,2025/9/30,15088,0,15980,1598,0,17578,福岡支店,レンタル法人,60,新規,12ヶ月以上
B24010088,19,2025/10/31,15088,0,15980,1598,0,17578,福岡支店,レンタル法人,60,新規,12ヶ月以上
B24010088,20,2025/11/30,15088,0,15980,1598,0,17578,福岡支店,レンタル法人,60,新規,12ヶ月以上
B24010088,21,2025/12/31,15088,0,15980,1598,0,17578,福岡支店,レンタル法人,60,新規,12ヶ月以上
B24010088,22,2026/1/31,15088,0,15980,1598,0,17578,福岡支店,レンタル法人,60,新規,12ヶ月以上
B24010088,23,2026/2/28,15088,0,15980,1598,0,17578,福岡支店,レンタル法人,60,新規,12ヶ月以上
B24010088,24,2026/3/31,15088,0,15980,1598,0,17578,福岡支店,レンタル法人,60,新規,12ヶ月以上
B24010088,25,2026/4/30,15088,0,15980,1598,0,17578,福岡支店,レンタル法人,60,新規,12ヶ月以上
B24010088,26,2026/5/31,15088,0,15980,1598,0,17578,福岡支店,レンタル法人,60,新規,12ヶ月以上
B24010088,27,2026/6/30,15088,0,15980,1598,0,17578,福岡支店,レンタル法人,60,新規,12ヶ月以上
B24010088,28,2026/7/31,15088,0,15980,1598,0,17578,福岡支店,レンタル法人,60,新規,12ヶ月以上
B24010088,29,2026/8/31,15088,0,15980,1598,0,17578,福岡支店,レンタル法人,60,新規,12ヶ月以上
B24010595,17,2025/9/30,15101,0,4000,400,0,4400,福岡支店,レンタル法人,36,新規,12ヶ月以上
B24010595,18,2025/10/31,15101,0,4000,400,0,4400,福岡支店,レンタル法人,36,新規,12ヶ月以上
B24010595,19,2025/11/30,15101,0,4000,400,0,4400,福岡支店,レンタル法人,36,新規,12ヶ月以上
B24010595,20,2025/12/31,15101,0,4000,400,0,4400,福岡支店,レンタル法人,36,新規,12ヶ月以上
B24010595,21,2026/1/31,15101,0,4000,400,0,4400,福岡支店,レンタル法人,36,新規,12ヶ月以上
B24010595,22,2026/2/28,15101,0,4000,400,0,4400,福岡支店,レンタル法人,36,新規,12ヶ月以上
B24010595,23,2026/3/31,15101,0,4000,400,0,4400,福岡支店,レンタル法人,36,新規,12ヶ月以上
B24010595,24,2026/4/30,15101,0,4000,400,0,4400,福岡支店,レンタル法人,36,新規,12ヶ月以上
B24010595,25,2026/5/31,15101,0,4000,400,0,4400,福岡支店,レンタル法人,36,新規,12ヶ月以上
B24010595,26,2026/6/30,15101,0,4000,400,0,4400,福岡支店,レンタル法人,36,新規,12ヶ月以上
B24010595,27,2026/7/31,15101,0,4000,400,0,4400,福岡支店,レンタル法人,36,新規,12ヶ月以上
B24010595,28,2026/8/31,15101,0,4000,400,0,4400,福岡支店,レンタル法人,36,新規,12ヶ月以上
B24010608,17,2025/9/30,12954,0,11091,1109,0,12200,福岡支店,レンタル法人,60,新規,12ヶ月以上
B24010608,18,2025/10/31,12954,0,11091,1109,0,12200,福岡支店,レンタル法人,60,新規,12ヶ月以上
B24010608,19,2025/11/30,12954,0,11091,1109,0,12200,福岡支店,レンタル法人,60,新規,12ヶ月以上
B24010608,20,2025/12/31,12954,0,11091,1109,0,12200,福岡支店,レンタル法人,60,新規,12ヶ月以上
B24010608,21,2026/1/31,12954,0,11091,1109,0,12200,福岡支店,レンタル法人,60,新規,12ヶ月以上
B24010608,22,2026/2/28,12954,0,11091,1109,0,12200,福岡支店,レンタル法人,60,新規,12ヶ月以上
B24010608,23,2026/3/31,12954,0,11091,1109,0,12200,福岡支店,レンタル法人,60,新規,12ヶ月以上
B24010608,24,2026/4/30,12954,0,11091,1109,0,12200,福岡支店,レンタル法人,60,新規,12ヶ月以上
B24010608,25,2026/5/31,12954,0,11091,1109,0,12200,福岡支店,レンタル法人,60,新規,12ヶ月以上
B24010608,26,2026/6/30,12954,0,11091,1109,0,12200,福岡支店,レンタル法人,60,新規,12ヶ月以上
B24010608,27,2026/7/31,12954,0,11091,1109,0,12200,福岡支店,レンタル法人,60,新規,12ヶ月以上
B24010608,28,2026/8/31,12954,0,11091,1109,0,12200,福岡支店,レンタル法人,60,新規,12ヶ月以上
B24010898,17,2025/9/30,14315,0,1800,180,0,1980,福岡支店,レンタル法人,24,新規,12ヶ月以上
B24010898,18,2025/10/31,14315,0,1800,180,0,1980,福岡支店,レンタル法人,24,新規,12ヶ月以上
B24010898,19,2025/11/30,14315,0,1800,180,0,1980,福岡支店,レンタル法人,24,新規,12ヶ月以上
B24010898,20,2025/12/31,14315,0,1800,180,0,1980,福岡支店,レンタル法人,24,新規,12ヶ月以上
B24010898,21,2026/1/31,14315,0,1800,180,0,1980,福岡支店,レンタル法人,24,新規,12ヶ月以上
B24010898,22,2026/2/28,14315,0,1800,180,0,1980,福岡支店,レンタル法人,24,新規,12ヶ月以上
B24010898,23,2026/3/31,14315,0,1800,180,0,1980,福岡支店,レンタル法人,24,新規,12ヶ月以上
B24010898,24,2026/4/30,14315,0,1800,180,0,1980,福岡支店,レンタル法人,24,新規,12ヶ月以上
B24010932,16,2025/9/30,14073,0,21546,2154,0,23700,福岡支店,レンタル法人,36,新規,12ヶ月以上
B24010932,17,2025/10/31,14073,0,21546,2154,0,23700,福岡支店,レンタル法人,36,新規,12ヶ月以上
B24010932,18,2025/11/30,14073,0,21546,2154,0,23700,福岡支店,レンタル法人,36,新規,12ヶ月以上
B24010932,19,2025/12/31,14073,0,21546,2154,0,23700,福岡支店,レンタル法人,36,新規,12ヶ月以上
B24010932,20,2026/1/31,14073,0,21546,2154,0,23700,福岡支店,レンタル法人,36,新規,12ヶ月以上
B24010932,21,2026/2/28,14073,0,21546,2154,0,23700,福岡支店,レンタル法人,36,新規,12ヶ月以上
B24010932,22,2026/3/31,14073,0,21546,2154,0,23700,福岡支店,レンタル法人,36,新規,12ヶ月以上
B24010932,23,2026/4/30,14073,0,21546,2154,0,23700,福岡支店,レンタル法人,36,新規,12ヶ月以上
B24010932,24,2026/5/31,14073,0,21546,2154,0,23700,福岡支店,レンタル法人,36,新規,12ヶ月以上
B24010932,25,2026/6/30,14073,0,21546,2154,0,23700,福岡支店,レンタル法人,36,新規,12ヶ月以上
B24010932,26,2026/7/31,14073,0,21546,2154,0,23700,福岡支店,レンタル法人,36,新規,12ヶ月以上
B24010932,27,2026/8/31,14073,0,21546,2154,0,23700,福岡支店,レンタル法人,36,新規,12ヶ月以上
B24010987,17,2025/9/30,10982,0,2400,240,0,2640,福岡支店,レンタル法人,60,新規,12ヶ月以上
B24010987,18,2025/10/31,10982,0,2400,240,0,2640,福岡支店,レンタル法人,60,新規,12ヶ月以上
B24010987,19,2025/11/30,10982,0,2400,240,0,2640,福岡支店,レンタル法人,60,新規,12ヶ月以上
B24010987,20,2025/12/31,10982,0,2400,240,0,2640,福岡支店,レンタル法人,60,新規,12ヶ月以上
B24010987,21,2026/1/31,10982,0,2400,240,0,2640,福岡支店,レンタル法人,60,新規,12ヶ月以上
B24010987,22,2026/2/28,10982,0,2400,240,0,2640,福岡支店,レンタル法人,60,新規,12ヶ月以上
B24010987,23,2026/3/31,10982,0,2400,240,0,2640,福岡支店,レンタル法人,60,新規,12ヶ月以上
B24010987,24,2026/4/30,10982,0,2400,240,0,2640,福岡支店,レンタル法人,60,新規,12ヶ月以上
B24010987,25,2026/5/31,10982,0,2400,240,0,2640,福岡支店,レンタル法人,60,新規,12ヶ月以上
B24010987,26,2026/6/30,10982,0,2400,240,0,2640,福岡支店,レンタル法人,60,新規,12ヶ月以上
B24010987,27,2026/7/31,10982,0,2400,240,0,2640,福岡支店,レンタル法人,60,新規,12ヶ月以上
B24010987,28,2026/8/31,10982,0,2400,240,0,2640,福岡支店,レンタル法人,60,新規,12ヶ月以上
B24011229,17,2025/9/30,15153,0,25960,2596,0,28556,福岡支店,レンタル法人,60,新規,12ヶ月以上
B24011229,18,2025/10/31,15153,0,25960,2596,0,28556,福岡支店,レンタル法人,60,新規,12ヶ月以上
B24011229,19,2025/11/30,15153,0,25960,2596,0,28556,福岡支店,レンタル法人,60,新規,12ヶ月以上
B24011229,20,2025/12/31,15153,0,25960,2596,0,28556,福岡支店,レンタル法人,60,新規,12ヶ月以上
B24011229,21,2026/1/31,15153,0,25960,2596,0,28556,福岡支店,レンタル法人,60,新規,12ヶ月以上
B24011229,22,2026/2/28,15153,0,25960,2596,0,28556,福岡支店,レンタル法人,60,新規,12ヶ月以上
B24011229,23,2026/3/31,15153,0,25960,2596,0,28556,福岡支店,レンタル法人,60,新規,12ヶ月以上
B24011229,24,2026/4/30,15153,0,25960,2596,0,28556,福岡支店,レンタル法人,60,新規,12ヶ月以上
B24011229,25,2026/5/31,15153,0,25960,2596,0,28556,福岡支店,レンタル法人,60,新規,12ヶ月以上
B24011229,26,2026/6/30,15153,0,25960,2596,0,28556,福岡支店,レンタル法人,60,新規,12ヶ月以上
B24011229,27,2026/7/31,15153,0,25960,2596,0,28556,福岡支店,レンタル法人,60,新規,12ヶ月以上
B24011229,28,2026/8/31,15153,0,25960,2596,0,28556,福岡支店,レンタル法人,60,新規,12ヶ月以上
B24011243,17,2025/9/30,14989,0,2100,210,0,2310,福岡支店,レンタル法人,60,新規,12ヶ月以上
B24011243,18,2025/10/31,14989,0,2100,210,0,2310,福岡支店,レンタル法人,60,新規,12ヶ月以上
B24011243,19,2025/11/30,14989,0,2100,210,0,2310,福岡支店,レンタル法人,60,新規,12ヶ月以上
B24011243,20,2025/12/31,14989,0,2100,210,0,2310,福岡支店,レンタル法人,60,新規,12ヶ月以上
B24011243,21,2026/1/31,14989,0,2100,210,0,2310,福岡支店,レンタル法人,60,新規,12ヶ月以上
B24011243,22,2026/2/28,14989,0,2100,210,0,2310,福岡支店,レンタル法人,60,新規,12ヶ月以上
B24011243,23,2026/3/31,14989,0,2100,210,0,2310,福岡支店,レンタル法人,60,新規,12ヶ月以上
B24011243,24,2026/4/30,14989,0,2100,210,0,2310,福岡支店,レンタル法人,60,新規,12ヶ月以上
B24011243,25,2026/5/31,14989,0,2100,210,0,2310,福岡支店,レンタル法人,60,新規,12ヶ月以上
B24011243,26,2026/6/30,14989,0,2100,210,0,2310,福岡支店,レンタル法人,60,新規,12ヶ月以上
B24011243,27,2026/7/31,14989,0,2100,210,0,2310,福岡支店,レンタル法人,60,新規,12ヶ月以上
B24011243,28,2026/8/31,14989,0,2100,210,0,2310,福岡支店,レンタル法人,60,新規,12ヶ月以上
B24011508,17,2025/9/30,15188,0,23364,2336,0,25700,福岡支店,レンタル法人,60,新規,12ヶ月以上
B24011508,18,2025/10/31,15188,0,23364,2336,0,25700,福岡支店,レンタル法人,60,新規,12ヶ月以上
B24011508,19,2025/11/30,15188,0,23364,2336,0,25700,福岡支店,レンタル法人,60,新規,12ヶ月以上
B24011508,20,2025/12/31,15188,0,23364,2336,0,25700,福岡支店,レンタル法人,60,新規,12ヶ月以上
B24011508,21,2026/1/31,15188,0,23364,2336,0,25700,福岡支店,レンタル法人,60,新規,12ヶ月以上
B24011508,22,2026/2/28,15188,0,23364,2336,0,25700,福岡支店,レンタル法人,60,新規,12ヶ月以上
B24011508,23,2026/3/31,15188,0,23364,2336,0,25700,福岡支店,レンタル法人,60,新規,12ヶ月以上
B24011508,24,2026/4/30,15188,0,23364,2336,0,25700,福岡支店,レンタル法人,60,新規,12ヶ月以上
B24011508,25,2026/5/31,15188,0,23364,2336,0,25700,福岡支店,レンタル法人,60,新規,12ヶ月以上
B24011508,26,2026/6/30,15188,0,23364,2336,0,25700,福岡支店,レンタル法人,60,新規,12ヶ月以上
B24011508,27,2026/7/31,15188,0,23364,2336,0,25700,福岡支店,レンタル法人,60,新規,12ヶ月以上
B24011508,28,2026/8/31,15188,0,23364,2336,0,25700,福岡支店,レンタル法人,60,新規,12ヶ月以上
B24011619,17,2025/9/30,15194,0,1500,150,0,1650,福岡支店,レンタル法人,60,新規,12ヶ月以上
B24011619,18,2025/10/31,15194,0,1500,150,0,1650,福岡支店,レンタル法人,60,新規,12ヶ月以上
B24011619,19,2025/11/30,15194,0,1500,150,0,1650,福岡支店,レンタル法人,60,新規,12ヶ月以上
B24011619,20,2025/12/31,15194,0,1500,150,0,1650,福岡支店,レンタル法人,60,新規,12ヶ月以上
B24011619,21,2026/1/31,15194,0,1500,150,0,1650,福岡支店,レンタル法人,60,新規,12ヶ月以上
B24011619,22,2026/2/28,15194,0,1500,150,0,1650,福岡支店,レンタル法人,60,新規,12ヶ月以上
B24011619,23,2026/3/31,15194,0,1500,150,0,1650,福岡支店,レンタル法人,60,新規,12ヶ月以上
B24011619,24,2026/4/30,15194,0,1500,150,0,1650,福岡支店,レンタル法人,60,新規,12ヶ月以上
B24011619,25,2026/5/31,15194,0,1500,150,0,1650,福岡支店,レンタル法人,60,新規,12ヶ月以上
B24011619,26,2026/6/30,15194,0,1500,150,0,1650,福岡支店,レンタル法人,60,新規,12ヶ月以上
B24011619,27,2026/7/31,15194,0,1500,150,0,1650,福岡支店,レンタル法人,60,新規,12ヶ月以上
B24011619,28,2026/8/31,15194,0,1500,150,0,1650,福岡支店,レンタル法人,60,新規,12ヶ月以上
B24011676,17,2025/9/30,14989,0,60000,6000,0,66000,福岡支店,レンタル法人,60,新規,12ヶ月以上
B24011676,18,2025/10/31,14989,0,60000,6000,0,66000,福岡支店,レンタル法人,60,新規,12ヶ月以上
B24011676,19,2025/11/30,14989,0,60000,6000,0,66000,福岡支店,レンタル法人,60,新規,12ヶ月以上
B24011676,20,2025/12/31,14989,0,60000,6000,0,66000,福岡支店,レンタル法人,60,新規,12ヶ月以上
B24011676,21,2026/1/31,14989,0,60000,6000,0,66000,福岡支店,レンタル法人,60,新規,12ヶ月以上
B24011676,22,2026/2/28,14989,0,60000,6000,0,66000,福岡支店,レンタル法人,60,新規,12ヶ月以上
B24011676,23,2026/3/31,14989,0,60000,6000,0,66000,福岡支店,レンタル法人,60,新規,12ヶ月以上
B24011676,24,2026/4/30,14989,0,60000,6000,0,66000,福岡支店,レンタル法人,60,新規,12ヶ月以上
B24011676,25,2026/5/31,14989,0,60000,6000,0,66000,福岡支店,レンタル法人,60,新規,12ヶ月以上
B24011676,26,2026/6/30,14989,0,60000,6000,0,66000,福岡支店,レンタル法人,60,新規,12ヶ月以上
B24011676,27,2026/7/31,14989,0,60000,6000,0,66000,福岡支店,レンタル法人,60,新規,12ヶ月以上
B24011676,28,2026/8/31,14989,0,60000,6000,0,66000,福岡支店,レンタル法人,60,新規,12ヶ月以上
B24012103,16,2025/9/30,14326,0,25000,2500,0,27500,福岡支店,レンタル法人,36,新規,12ヶ月以上
B24012103,17,2025/10/31,14326,0,25000,2500,0,27500,福岡支店,レンタル法人,36,新規,12ヶ月以上
B24012103,18,2025/11/30,14326,0,25000,2500,0,27500,福岡支店,レンタル法人,36,新規,12ヶ月以上
B24012103,19,2025/12/31,14326,0,25000,2500,0,27500,福岡支店,レンタル法人,36,新規,12ヶ月以上
B24012103,20,2026/1/31,14326,0,25000,2500,0,27500,福岡支店,レンタル法人,36,新規,12ヶ月以上
B24012103,21,2026/2/28,14326,0,25000,2500,0,27500,福岡支店,レンタル法人,36,新規,12ヶ月以上
B24012103,22,2026/3/31,14326,0,25000,2500,0,27500,福岡支店,レンタル法人,36,新規,12ヶ月以上
B24012103,23,2026/4/30,14326,0,25000,2500,0,27500,福岡支店,レンタル法人,36,新規,12ヶ月以上
B24012103,24,2026/5/31,14326,0,25000,2500,0,27500,福岡支店,レンタル法人,36,新規,12ヶ月以上
B24012103,25,2026/6/30,14326,0,25000,2500,0,27500,福岡支店,レンタル法人,36,新規,12ヶ月以上
B24012103,26,2026/7/31,14326,0,25000,2500,0,27500,福岡支店,レンタル法人,36,新規,12ヶ月以上
B24012103,27,2026/8/31,14326,0,25000,2500,0,27500,福岡支店,レンタル法人,36,新規,12ヶ月以上
B24012113,16,2025/9/30,14736,0,155860,15586,0,171446,福岡支店,レンタル法人,60,新規,12ヶ月以上
B24012113,17,2025/10/31,14736,0,155860,15586,0,171446,福岡支店,レンタル法人,60,新規,12ヶ月以上
B24012113,18,2025/11/30,14736,0,155860,15586,0,171446,福岡支店,レンタル法人,60,新規,12ヶ月以上
B24012113,19,2025/12/31,14736,0,155860,15586,0,171446,福岡支店,レンタル法人,60,新規,12ヶ月以上
B24012113,20,2026/1/31,14736,0,155860,15586,0,171446,福岡支店,レンタル法人,60,新規,12ヶ月以上
B24012113,21,2026/2/28,14736,0,155860,15586,0,171446,福岡支店,レンタル法人,60,新規,12ヶ月以上
B24012113,22,2026/3/31,14736,0,155860,15586,0,171446,福岡支店,レンタル法人,60,新規,12ヶ月以上
B24012113,23,2026/4/30,14736,0,155860,15586,0,171446,福岡支店,レンタル法人,60,新規,12ヶ月以上
B24012113,24,2026/5/31,14736,0,155860,15586,0,171446,福岡支店,レンタル法人,60,新規,12ヶ月以上
B24012113,25,2026/6/30,14736,0,155860,15586,0,171446,福岡支店,レンタル法人,60,新規,12ヶ月以上
B24012113,26,2026/7/31,14736,0,155860,15586,0,171446,福岡支店,レンタル法人,60,新規,12ヶ月以上
B24012113,27,2026/8/31,14736,0,155860,15586,0,171446,福岡支店,レンタル法人,60,新規,12ヶ月以上
B24012115,16,2025/9/30,14736,0,30380,3038,0,33418,福岡支店,レンタル法人,60,新規,12ヶ月以上
B24012115,17,2025/10/31,14736,0,30380,3038,0,33418,福岡支店,レンタル法人,60,新規,12ヶ月以上
B24012115,18,2025/11/30,14736,0,30380,3038,0,33418,福岡支店,レンタル法人,60,新規,12ヶ月以上
B24012115,19,2025/12/31,14736,0,30380,3038,0,33418,福岡支店,レンタル法人,60,新規,12ヶ月以上
B24012115,20,2026/1/31,14736,0,30380,3038,0,33418,福岡支店,レンタル法人,60,新規,12ヶ月以上
B24012115,21,2026/2/28,14736,0,30380,3038,0,33418,福岡支店,レンタル法人,60,新規,12ヶ月以上
B24012115,22,2026/3/31,14736,0,30380,3038,0,33418,福岡支店,レンタル法人,60,新規,12ヶ月以上
B24012115,23,2026/4/30,14736,0,30380,3038,0,33418,福岡支店,レンタル法人,60,新規,12ヶ月以上
B24012115,24,2026/5/31,14736,0,30380,3038,0,33418,福岡支店,レンタル法人,60,新規,12ヶ月以上
B24012115,25,2026/6/30,14736,0,30380,3038,0,33418,福岡支店,レンタル法人,60,新規,12ヶ月以上
B24012115,26,2026/7/31,14736,0,30380,3038,0,33418,福岡支店,レンタル法人,60,新規,12ヶ月以上
B24012115,27,2026/8/31,14736,0,30380,3038,0,33418,福岡支店,レンタル法人,60,新規,12ヶ月以上
B24012394,17,2025/9/30,14989,0,3150,315,0,3465,福岡支店,レンタル法人,60,新規,12ヶ月以上
B24012394,18,2025/10/31,14989,0,3150,315,0,3465,福岡支店,レンタル法人,60,新規,12ヶ月以上
B24012394,19,2025/11/30,14989,0,3150,315,0,3465,福岡支店,レンタル法人,60,新規,12ヶ月以上
B24012394,20,2025/12/31,14989,0,3150,315,0,3465,福岡支店,レンタル法人,60,新規,12ヶ月以上
B24012394,21,2026/1/31,14989,0,3150,315,0,3465,福岡支店,レンタル法人,60,新規,12ヶ月以上
B24012394,22,2026/2/28,14989,0,3150,315,0,3465,福岡支店,レンタル法人,60,新規,12ヶ月以上
B24012394,23,2026/3/31,14989,0,3150,315,0,3465,福岡支店,レンタル法人,60,新規,12ヶ月以上
B24012394,24,2026/4/30,14989,0,3150,315,0,3465,福岡支店,レンタル法人,60,新規,12ヶ月以上
B24012394,25,2026/5/31,14989,0,3150,315,0,3465,福岡支店,レンタル法人,60,新規,12ヶ月以上
B24012394,26,2026/6/30,14989,0,3150,315,0,3465,福岡支店,レンタル法人,60,新規,12ヶ月以上
B24012394,27,2026/7/31,14989,0,3150,315,0,3465,福岡支店,レンタル法人,60,新規,12ヶ月以上
B24012394,28,2026/8/31,14989,0,3150,315,0,3465,福岡支店,レンタル法人,60,新規,12ヶ月以上
B24012429,16,2025/9/30,2134,0,2400,240,0,2640,福岡支店,レンタル法人,36,新規,12ヶ月以上
B24012429,17,2025/10/31,2134,0,2400,240,0,2640,福岡支店,レンタル法人,36,新規,12ヶ月以上
B24012429,18,2025/11/30,2134,0,2400,240,0,2640,福岡支店,レンタル法人,36,新規,12ヶ月以上
B24012429,19,2025/12/31,2134,0,2400,240,0,2640,福岡支店,レンタル法人,36,新規,12ヶ月以上
B24012429,20,2026/1/31,2134,0,2400,240,0,2640,福岡支店,レンタル法人,36,新規,12ヶ月以上
B24012429,21,2026/2/28,2134,0,2400,240,0,2640,福岡支店,レンタル法人,36,新規,12ヶ月以上
B24012429,22,2026/3/31,2134,0,2400,240,0,2640,福岡支店,レンタル法人,36,新規,12ヶ月以上
B24012429,23,2026/4/30,2134,0,2400,240,0,2640,福岡支店,レンタル法人,36,新規,12ヶ月以上
B24012429,24,2026/5/31,2134,0,2400,240,0,2640,福岡支店,レンタル法人,36,新規,12ヶ月以上
B24012429,25,2026/6/30,2134,0,2400,240,0,2640,福岡支店,レンタル法人,36,新規,12ヶ月以上
B24012429,26,2026/7/31,2134,0,2400,240,0,2640,福岡支店,レンタル法人,36,新規,12ヶ月以上
B24012429,27,2026/8/31,2134,0,2400,240,0,2640,福岡支店,レンタル法人,36,新規,12ヶ月以上
B24012689,16,2025/9/30,15101,0,4000,400,0,4400,福岡支店,レンタル法人,36,新規,12ヶ月以上
B24012689,17,2025/10/31,15101,0,4000,400,0,4400,福岡支店,レンタル法人,36,新規,12ヶ月以上
B24012689,18,2025/11/30,15101,0,4000,400,0,4400,福岡支店,レンタル法人,36,新規,12ヶ月以上
B24012689,19,2025/12/31,15101,0,4000,400,0,4400,福岡支店,レンタル法人,36,新規,12ヶ月以上
B24012689,20,2026/1/31,15101,0,4000,400,0,4400,福岡支店,レンタル法人,36,新規,12ヶ月以上
B24012689,21,2026/2/28,15101,0,4000,400,0,4400,福岡支店,レンタル法人,36,新規,12ヶ月以上
B24012689,22,2026/3/31,15101,0,4000,400,0,4400,福岡支店,レンタル法人,36,新規,12ヶ月以上
B24012689,23,2026/4/30,15101,0,4000,400,0,4400,福岡支店,レンタル法人,36,新規,12ヶ月以上
B24012689,24,2026/5/31,15101,0,4000,400,0,4400,福岡支店,レンタル法人,36,新規,12ヶ月以上
B24012689,25,2026/6/30,15101,0,4000,400,0,4400,福岡支店,レンタル法人,36,新規,12ヶ月以上
B24012689,26,2026/7/31,15101,0,4000,400,0,4400,福岡支店,レンタル法人,36,新規,12ヶ月以上
B24012689,27,2026/8/31,15101,0,4000,400,0,4400,福岡支店,レンタル法人,36,新規,12ヶ月以上
B24012851,16,2025/9/30,15236,0,5360,536,0,5896,福岡支店,レンタル法人,60,新規,12ヶ月以上
B24012851,17,2025/10/31,15236,0,5360,536,0,5896,福岡支店,レンタル法人,60,新規,12ヶ月以上
B24012851,18,2025/11/30,15236,0,5360,536,0,5896,福岡支店,レンタル法人,60,新規,12ヶ月以上
B24012851,19,2025/12/31,15236,0,5360,536,0,5896,福岡支店,レンタル法人,60,新規,12ヶ月以上
B24012851,20,2026/1/31,15236,0,5360,536,0,5896,福岡支店,レンタル法人,60,新規,12ヶ月以上
B24012851,21,2026/2/28,15236,0,5360,536,0,5896,福岡支店,レンタル法人,60,新規,12ヶ月以上
B24012851,22,2026/3/31,15236,0,5360,536,0,5896,福岡支店,レンタル法人,60,新規,12ヶ月以上
B24012851,23,2026/4/30,15236,0,5360,536,0,5896,福岡支店,レンタル法人,60,新規,12ヶ月以上
B24012851,24,2026/5/31,15236,0,5360,536,0,5896,福岡支店,レンタル法人,60,新規,12ヶ月以上
B24012851,25,2026/6/30,15236,0,5360,536,0,5896,福岡支店,レンタル法人,60,新規,12ヶ月以上
B24012851,26,2026/7/31,15236,0,5360,536,0,5896,福岡支店,レンタル法人,60,新規,12ヶ月以上
B24012851,27,2026/8/31,15236,0,5360,536,0,5896,福岡支店,レンタル法人,60,新規,12ヶ月以上
B24012946,16,2025/9/30,10982,0,2300,230,0,2530,福岡支店,レンタル法人,60,新規,12ヶ月以上
B24012946,17,2025/10/31,10982,0,2300,230,0,2530,福岡支店,レンタル法人,60,新規,12ヶ月以上
B24012946,18,2025/11/30,10982,0,2300,230,0,2530,福岡支店,レンタル法人,60,新規,12ヶ月以上
B24012946,19,2025/12/31,10982,0,2300,230,0,2530,福岡支店,レンタル法人,60,新規,12ヶ月以上
B24012946,20,2026/1/31,10982,0,2300,230,0,2530,福岡支店,レンタル法人,60,新規,12ヶ月以上
B24012946,21,2026/2/28,10982,0,2300,230,0,2530,福岡支店,レンタル法人,60,新規,12ヶ月以上
B24012946,22,2026/3/31,10982,0,2300,230,0,2530,福岡支店,レンタル法人,60,新規,12ヶ月以上
B24012946,23,2026/4/30,10982,0,2300,230,0,2530,福岡支店,レンタル法人,60,新規,12ヶ月以上
B24012946,24,2026/5/31,10982,0,2300,230,0,2530,福岡支店,レンタル法人,60,新規,12ヶ月以上
B24012946,25,2026/6/30,10982,0,2300,230,0,2530,福岡支店,レンタル法人,60,新規,12ヶ月以上
B24012946,26,2026/7/31,10982,0,2300,230,0,2530,福岡支店,レンタル法人,60,新規,12ヶ月以上
B24012946,27,2026/8/31,10982,0,2300,230,0,2530,福岡支店,レンタル法人,60,新規,12ヶ月以上
B24013100,15,2025/9/30,15267,0,18000,1800,0,19800,福岡支店,レンタル法人,60,新規,12ヶ月以上
B24013100,16,2025/10/31,15267,0,18000,1800,0,19800,福岡支店,レンタル法人,60,新規,12ヶ月以上
B24013100,17,2025/11/30,15267,0,18000,1800,0,19800,福岡支店,レンタル法人,60,新規,12ヶ月以上
B24013100,18,2025/12/31,15267,0,18000,1800,0,19800,福岡支店,レンタル法人,60,新規,12ヶ月以上
B24013100,19,2026/1/31,15267,0,18000,1800,0,19800,福岡支店,レンタル法人,60,新規,12ヶ月以上
B24013100,20,2026/2/28,15267,0,18000,1800,0,19800,福岡支店,レンタル法人,60,新規,12ヶ月以上
B24013100,21,2026/3/31,15267,0,18000,1800,0,19800,福岡支店,レンタル法人,60,新規,12ヶ月以上
B24013100,22,2026/4/30,15267,0,18000,1800,0,19800,福岡支店,レンタル法人,60,新規,12ヶ月以上
B24013100,23,2026/5/31,15267,0,18000,1800,0,19800,福岡支店,レンタル法人,60,新規,12ヶ月以上
B24013100,24,2026/6/30,15267,0,18000,1800,0,19800,福岡支店,レンタル法人,60,新規,12ヶ月以上
B24013100,25,2026/7/31,15267,0,18000,1800,0,19800,福岡支店,レンタル法人,60,新規,12ヶ月以上
B24013100,26,2026/8/31,15267,0,18000,1800,0,19800,福岡支店,レンタル法人,60,新規,12ヶ月以上
B24013101,15,2025/9/30,15267,0,38400,3840,0,42240,福岡支店,レンタル法人,60,新規,12ヶ月以上
B24013101,16,2025/10/31,15267,0,38400,3840,0,42240,福岡支店,レンタル法人,60,新規,12ヶ月以上
B24013101,17,2025/11/30,15267,0,38400,3840,0,42240,福岡支店,レンタル法人,60,新規,12ヶ月以上
B24013101,18,2025/12/31,15267,0,38400,3840,0,42240,福岡支店,レンタル法人,60,新規,12ヶ月以上
B24013101,19,2026/1/31,15267,0,38400,3840,0,42240,福岡支店,レンタル法人,60,新規,12ヶ月以上
B24013101,20,2026/2/28,15267,0,38400,3840,0,42240,福岡支店,レンタル法人,60,新規,12ヶ月以上
B24013101,21,2026/3/31,15267,0,38400,3840,0,42240,福岡支店,レンタル法人,60,新規,12ヶ月以上
B24013101,22,2026/4/30,15267,0,38400,3840,0,42240,福岡支店,レンタル法人,60,新規,12ヶ月以上
B24013101,23,2026/5/31,15267,0,38400,3840,0,42240,福岡支店,レンタル法人,60,新規,12ヶ月以上
B24013101,24,2026/6/30,15267,0,38400,3840,0,42240,福岡支店,レンタル法人,60,新規,12ヶ月以上
B24013101,25,2026/7/31,15267,0,38400,3840,0,42240,福岡支店,レンタル法人,60,新規,12ヶ月以上
B24013101,26,2026/8/31,15267,0,38400,3840,0,42240,福岡支店,レンタル法人,60,新規,12ヶ月以上
B24013282,16,2025/9/30,12987,0,3300,330,0,3630,福岡支店,レンタル法人,60,新規,12ヶ月以上
B24013282,17,2025/10/31,12987,0,3300,330,0,3630,福岡支店,レンタル法人,60,新規,12ヶ月以上
B24013282,18,2025/11/30,12987,0,3300,330,0,3630,福岡支店,レンタル法人,60,新規,12ヶ月以上
B24013282,19,2025/12/31,12987,0,3300,330,0,3630,福岡支店,レンタル法人,60,新規,12ヶ月以上
B24013282,20,2026/1/31,12987,0,3300,330,0,3630,福岡支店,レンタル法人,60,新規,12ヶ月以上
B24013282,21,2026/2/28,12987,0,3300,330,0,3630,福岡支店,レンタル法人,60,新規,12ヶ月以上
B24013282,22,2026/3/31,12987,0,3300,330,0,3630,福岡支店,レンタル法人,60,新規,12ヶ月以上
B24013282,23,2026/4/30,12987,0,3300,330,0,3630,福岡支店,レンタル法人,60,新規,12ヶ月以上
B24013282,24,2026/5/31,12987,0,3300,330,0,3630,福岡支店,レンタル法人,60,新規,12ヶ月以上
B24013282,25,2026/6/30,12987,0,3300,330,0,3630,福岡支店,レンタル法人,60,新規,12ヶ月以上
B24013282,26,2026/7/31,12987,0,3300,330,0,3630,福岡支店,レンタル法人,60,新規,12ヶ月以上
B24013282,27,2026/8/31,12987,0,3300,330,0,3630,福岡支店,レンタル法人,60,新規,12ヶ月以上
B24013284,16,2025/9/30,12987,0,1650,165,0,1815,福岡支店,レンタル法人,60,新規,12ヶ月以上
B24013284,17,2025/10/31,12987,0,1650,165,0,1815,福岡支店,レンタル法人,60,新規,12ヶ月以上
B24013284,18,2025/11/30,12987,0,1650,165,0,1815,福岡支店,レンタル法人,60,新規,12ヶ月以上
B24013284,19,2025/12/31,12987,0,1650,165,0,1815,福岡支店,レンタル法人,60,新規,12ヶ月以上
B24013284,20,2026/1/31,12987,0,1650,165,0,1815,福岡支店,レンタル法人,60,新規,12ヶ月以上
B24013284,21,2026/2/28,12987,0,1650,165,0,1815,福岡支店,レンタル法人,60,新規,12ヶ月以上
B24013284,22,2026/3/31,12987,0,1650,165,0,1815,福岡支店,レンタル法人,60,新規,12ヶ月以上
B24013284,23,2026/4/30,12987,0,1650,165,0,1815,福岡支店,レンタル法人,60,新規,12ヶ月以上
B24013284,24,2026/5/31,12987,0,1650,165,0,1815,福岡支店,レンタル法人,60,新規,12ヶ月以上
B24013284,25,2026/6/30,12987,0,1650,165,0,1815,福岡支店,レンタル法人,60,新規,12ヶ月以上
B24013284,26,2026/7/31,12987,0,1650,165,0,1815,福岡支店,レンタル法人,60,新規,12ヶ月以上
B24013284,27,2026/8/31,12987,0,1650,165,0,1815,福岡支店,レンタル法人,60,新規,12ヶ月以上
B24013286,17,2025/9/30,12987,0,1650,165,0,1815,福岡支店,レンタル法人,60,新規,12ヶ月以上
B24013286,18,2025/10/31,12987,0,1650,165,0,1815,福岡支店,レンタル法人,60,新規,12ヶ月以上
B24013286,19,2025/11/30,12987,0,1650,165,0,1815,福岡支店,レンタル法人,60,新規,12ヶ月以上
B24013286,20,2025/12/31,12987,0,1650,165,0,1815,福岡支店,レンタル法人,60,新規,12ヶ月以上
B24013286,21,2026/1/31,12987,0,1650,165,0,1815,福岡支店,レンタル法人,60,新規,12ヶ月以上
B24013286,22,2026/2/28,12987,0,1650,165,0,1815,福岡支店,レンタル法人,60,新規,12ヶ月以上
B24013286,23,2026/3/31,12987,0,1650,165,0,1815,福岡支店,レンタル法人,60,新規,12ヶ月以上
B24013286,24,2026/4/30,12987,0,1650,165,0,1815,福岡支店,レンタル法人,60,新規,12ヶ月以上
B24013286,25,2026/5/31,12987,0,1650,165,0,1815,福岡支店,レンタル法人,60,新規,12ヶ月以上
B24013286,26,2026/6/30,12987,0,1650,165,0,1815,福岡支店,レンタル法人,60,新規,12ヶ月以上
B24013286,27,2026/7/31,12987,0,1650,165,0,1815,福岡支店,レンタル法人,60,新規,12ヶ月以上
B24013286,28,2026/8/31,12987,0,1650,165,0,1815,福岡支店,レンタル法人,60,新規,12ヶ月以上
B24013442,16,2025/9/30,14736,0,2740,274,0,3014,福岡支店,レンタル法人,60,新規,12ヶ月以上
B24013442,17,2025/10/31,14736,0,2740,274,0,3014,福岡支店,レンタル法人,60,新規,12ヶ月以上
B24013442,18,2025/11/30,14736,0,2740,274,0,3014,福岡支店,レンタル法人,60,新規,12ヶ月以上
B24013442,19,2025/12/31,14736,0,2740,274,0,3014,福岡支店,レンタル法人,60,新規,12ヶ月以上
B24013442,20,2026/1/31,14736,0,2740,274,0,3014,福岡支店,レンタル法人,60,新規,12ヶ月以上
B24013442,21,2026/2/28,14736,0,2740,274,0,3014,福岡支店,レンタル法人,60,新規,12ヶ月以上
B24013442,22,2026/3/31,14736,0,2740,274,0,3014,福岡支店,レンタル法人,60,新規,12ヶ月以上
B24013442,23,2026/4/30,14736,0,2740,274,0,3014,福岡支店,レンタル法人,60,新規,12ヶ月以上
B24013442,24,2026/5/31,14736,0,2740,274,0,3014,福岡支店,レンタル法人,60,新規,12ヶ月以上
B24013442,25,2026/6/30,14736,0,2740,274,0,3014,福岡支店,レンタル法人,60,新規,12ヶ月以上
B24013442,26,2026/7/31,14736,0,2740,274,0,3014,福岡支店,レンタル法人,60,新規,12ヶ月以上
B24013442,27,2026/8/31,14736,0,2740,274,0,3014,福岡支店,レンタル法人,60,新規,12ヶ月以上
B24013550,16,2025/9/30,12556,0,3900,390,0,4290,福岡支店,レンタル法人,60,新規,12ヶ月以上
B24013550,17,2025/10/31,12556,0,3900,390,0,4290,福岡支店,レンタル法人,60,新規,12ヶ月以上
B24013550,18,2025/11/30,12556,0,3900,390,0,4290,福岡支店,レンタル法人,60,新規,12ヶ月以上
B24013550,19,2025/12/31,12556,0,3900,390,0,4290,福岡支店,レンタル法人,60,新規,12ヶ月以上
B24013550,20,2026/1/31,12556,0,3900,390,0,4290,福岡支店,レンタル法人,60,新規,12ヶ月以上
B24013550,21,2026/2/28,12556,0,3900,390,0,4290,福岡支店,レンタル法人,60,新規,12ヶ月以上
B24013550,22,2026/3/31,12556,0,3900,390,0,4290,福岡支店,レンタル法人,60,新規,12ヶ月以上
B24013550,23,2026/4/30,12556,0,3900,390,0,4290,福岡支店,レンタル法人,60,新規,12ヶ月以上
B24013550,24,2026/5/31,12556,0,3900,390,0,4290,福岡支店,レンタル法人,60,新規,12ヶ月以上
B24013550,25,2026/6/30,12556,0,3900,390,0,4290,福岡支店,レンタル法人,60,新規,12ヶ月以上
B24013550,26,2026/7/31,12556,0,3900,390,0,4290,福岡支店,レンタル法人,60,新規,12ヶ月以上
B24013550,27,2026/8/31,12556,0,3900,390,0,4290,福岡支店,レンタル法人,60,新規,12ヶ月以上
B24014085,16,2025/9/30,14853,0,2300,230,0,2530,福岡支店,レンタル法人,36,新規,12ヶ月以上
B24014085,17,2025/10/31,14853,0,2300,230,0,2530,福岡支店,レンタル法人,36,新規,12ヶ月以上
B24014085,18,2025/11/30,14853,0,2300,230,0,2530,福岡支店,レンタル法人,36,新規,12ヶ月以上
B24014085,19,2025/12/31,14853,0,2300,230,0,2530,福岡支店,レンタル法人,36,新規,12ヶ月以上
B24014085,20,2026/1/31,14853,0,2300,230,0,2530,福岡支店,レンタル法人,36,新規,12ヶ月以上
B24014085,21,2026/2/28,14853,0,2300,230,0,2530,福岡支店,レンタル法人,36,新規,12ヶ月以上
B24014085,22,2026/3/31,14853,0,2300,230,0,2530,福岡支店,レンタル法人,36,新規,12ヶ月以上
B24014085,23,2026/4/30,14853,0,2300,230,0,2530,福岡支店,レンタル法人,36,新規,12ヶ月以上
B24014085,24,2026/5/31,14853,0,2300,230,0,2530,福岡支店,レンタル法人,36,新規,12ヶ月以上
B24014085,25,2026/6/30,14853,0,2300,230,0,2530,福岡支店,レンタル法人,36,新規,12ヶ月以上
B24014085,26,2026/7/31,14853,0,2300,230,0,2530,福岡支店,レンタル法人,36,新規,12ヶ月以上
B24014085,27,2026/8/31,14853,0,2300,230,0,2530,福岡支店,レンタル法人,36,新規,12ヶ月以上
B24014113,15,2025/9/30,14989,0,35700,3570,0,39270,福岡支店,レンタル法人,60,新規,12ヶ月以上
B24014113,16,2025/10/31,14989,0,35700,3570,0,39270,福岡支店,レンタル法人,60,新規,12ヶ月以上
B24014113,17,2025/11/30,14989,0,35700,3570,0,39270,福岡支店,レンタル法人,60,新規,12ヶ月以上
B24014113,18,2025/12/31,14989,0,35700,3570,0,39270,福岡支店,レンタル法人,60,新規,12ヶ月以上
B24014113,19,2026/1/31,14989,0,35700,3570,0,39270,福岡支店,レンタル法人,60,新規,12ヶ月以上
B24014113,20,2026/2/28,14989,0,35700,3570,0,39270,福岡支店,レンタル法人,60,新規,12ヶ月以上
B24014113,21,2026/3/31,14989,0,35700,3570,0,39270,福岡支店,レンタル法人,60,新規,12ヶ月以上
B24014113,22,2026/4/30,14989,0,35700,3570,0,39270,福岡支店,レンタル法人,60,新規,12ヶ月以上
B24014113,23,2026/5/31,14989,0,35700,3570,0,39270,福岡支店,レンタル法人,60,新規,12ヶ月以上
B24014113,24,2026/6/30,14989,0,35700,3570,0,39270,福岡支店,レンタル法人,60,新規,12ヶ月以上
B24014113,25,2026/7/31,14989,0,35700,3570,0,39270,福岡支店,レンタル法人,60,新規,12ヶ月以上
B24014113,26,2026/8/31,14989,0,35700,3570,0,39270,福岡支店,レンタル法人,60,新規,12ヶ月以上
B24014114,15,2025/9/30,14989,0,58750,5875,0,64625,福岡支店,レンタル法人,60,新規,12ヶ月以上
B24014114,16,2025/10/31,14989,0,58750,5875,0,64625,福岡支店,レンタル法人,60,新規,12ヶ月以上
B24014114,17,2025/11/30,14989,0,58750,5875,0,64625,福岡支店,レンタル法人,60,新規,12ヶ月以上
B24014114,18,2025/12/31,14989,0,58750,5875,0,64625,福岡支店,レンタル法人,60,新規,12ヶ月以上
B24014114,19,2026/1/31,14989,0,58750,5875,0,64625,福岡支店,レンタル法人,60,新規,12ヶ月以上
B24014114,20,2026/2/28,14989,0,58750,5875,0,64625,福岡支店,レンタル法人,60,新規,12ヶ月以上
B24014114,21,2026/3/31,14989,0,58750,5875,0,64625,福岡支店,レンタル法人,60,新規,12ヶ月以上
B24014114,22,2026/4/30,14989,0,58750,5875,0,64625,福岡支店,レンタル法人,60,新規,12ヶ月以上
B24014114,23,2026/5/31,14989,0,58750,5875,0,64625,福岡支店,レンタル法人,60,新規,12ヶ月以上
B24014114,24,2026/6/30,14989,0,58750,5875,0,64625,福岡支店,レンタル法人,60,新規,12ヶ月以上
B24014114,25,2026/7/31,14989,0,58750,5875,0,64625,福岡支店,レンタル法人,60,新規,12ヶ月以上
B24014114,26,2026/8/31,14989,0,58750,5875,0,64625,福岡支店,レンタル法人,60,新規,12ヶ月以上
B24014132,16,2025/9/30,15280,0,15980,1598,0,17578,福岡支店,レンタル法人,60,新規,12ヶ月以上
B24014132,17,2025/10/31,15280,0,15980,1598,0,17578,福岡支店,レンタル法人,60,新規,12ヶ月以上
B24014132,18,2025/11/30,15280,0,15980,1598,0,17578,福岡支店,レンタル法人,60,新規,12ヶ月以上
B24014132,19,2025/12/31,15280,0,15980,1598,0,17578,福岡支店,レンタル法人,60,新規,12ヶ月以上
B24014132,20,2026/1/31,15280,0,15980,1598,0,17578,福岡支店,レンタル法人,60,新規,12ヶ月以上
B24014132,21,2026/2/28,15280,0,15980,1598,0,17578,福岡支店,レンタル法人,60,新規,12ヶ月以上
B24014132,22,2026/3/31,15280,0,15980,1598,0,17578,福岡支店,レンタル法人,60,新規,12ヶ月以上
B24014132,23,2026/4/30,15280,0,15980,1598,0,17578,福岡支店,レンタル法人,60,新規,12ヶ月以上
B24014132,24,2026/5/31,15280,0,15980,1598,0,17578,福岡支店,レンタル法人,60,新規,12ヶ月以上
B24014132,25,2026/6/30,15280,0,15980,1598,0,17578,福岡支店,レンタル法人,60,新規,12ヶ月以上
B24014132,26,2026/7/31,15280,0,15980,1598,0,17578,福岡支店,レンタル法人,60,新規,12ヶ月以上
B24014132,27,2026/8/31,15280,0,15980,1598,0,17578,福岡支店,レンタル法人,60,新規,12ヶ月以上
B24014133,16,2025/9/30,15328,0,15980,1598,0,17578,福岡支店,レンタル法人,60,新規,12ヶ月以上
B24014133,17,2025/10/31,15328,0,15980,1598,0,17578,福岡支店,レンタル法人,60,新規,12ヶ月以上
B24014133,18,2025/11/30,15328,0,15980,1598,0,17578,福岡支店,レンタル法人,60,新規,12ヶ月以上
B24014133,19,2025/12/31,15328,0,15980,1598,0,17578,福岡支店,レンタル法人,60,新規,12ヶ月以上
B24014133,20,2026/1/31,15328,0,15980,1598,0,17578,福岡支店,レンタル法人,60,新規,12ヶ月以上
B24014133,21,2026/2/28,15328,0,15980,1598,0,17578,福岡支店,レンタル法人,60,新規,12ヶ月以上
B24014133,22,2026/3/31,15328,0,15980,1598,0,17578,福岡支店,レンタル法人,60,新規,12ヶ月以上
B24014133,23,2026/4/30,15328,0,15980,1598,0,17578,福岡支店,レンタル法人,60,新規,12ヶ月以上
B24014133,24,2026/5/31,15328,0,15980,1598,0,17578,福岡支店,レンタル法人,60,新規,12ヶ月以上
B24014133,25,2026/6/30,15328,0,15980,1598,0,17578,福岡支店,レンタル法人,60,新規,12ヶ月以上
B24014133,26,2026/7/31,15328,0,15980,1598,0,17578,福岡支店,レンタル法人,60,新規,12ヶ月以上
B24014133,27,2026/8/31,15328,0,15980,1598,0,17578,福岡支店,レンタル法人,60,新規,12ヶ月以上
B24014663,15,2025/9/30,15385,0,7100,710,0,7810,福岡支店,レンタル法人,60,新規,12ヶ月以上
B24014663,16,2025/10/31,15385,0,7100,710,0,7810,福岡支店,レンタル法人,60,新規,12ヶ月以上
B24014663,17,2025/11/30,15385,0,7100,710,0,7810,福岡支店,レンタル法人,60,新規,12ヶ月以上
B24014663,18,2025/12/31,15385,0,7100,710,0,7810,福岡支店,レンタル法人,60,新規,12ヶ月以上
B24014663,19,2026/1/31,15385,0,7100,710,0,7810,福岡支店,レンタル法人,60,新規,12ヶ月以上
B24014663,20,2026/2/28,15385,0,7100,710,0,7810,福岡支店,レンタル法人,60,新規,12ヶ月以上
B24014663,21,2026/3/31,15385,0,7100,710,0,7810,福岡支店,レンタル法人,60,新規,12ヶ月以上
B24014663,22,2026/4/30,15385,0,7100,710,0,7810,福岡支店,レンタル法人,60,新規,12ヶ月以上
B24014663,23,2026/5/31,15385,0,7100,710,0,7810,福岡支店,レンタル法人,60,新規,12ヶ月以上
B24014663,24,2026/6/30,15385,0,7100,710,0,7810,福岡支店,レンタル法人,60,新規,12ヶ月以上
B24014663,25,2026/7/31,15385,0,7100,710,0,7810,福岡支店,レンタル法人,60,新規,12ヶ月以上
B24014663,26,2026/8/31,15385,0,7100,710,0,7810,福岡支店,レンタル法人,60,新規,12ヶ月以上
B24014780,15,2025/9/30,12987,0,1650,165,0,1815,福岡支店,レンタル法人,60,新規,12ヶ月以上
B24014780,16,2025/10/31,12987,0,1650,165,0,1815,福岡支店,レンタル法人,60,新規,12ヶ月以上
B24014780,17,2025/11/30,12987,0,1650,165,0,1815,福岡支店,レンタル法人,60,新規,12ヶ月以上
B24014780,18,2025/12/31,12987,0,1650,165,0,1815,福岡支店,レンタル法人,60,新規,12ヶ月以上
B24014780,19,2026/1/31,12987,0,1650,165,0,1815,福岡支店,レンタル法人,60,新規,12ヶ月以上
B24014780,20,2026/2/28,12987,0,1650,165,0,1815,福岡支店,レンタル法人,60,新規,12ヶ月以上
B24014780,21,2026/3/31,12987,0,1650,165,0,1815,福岡支店,レンタル法人,60,新規,12ヶ月以上
B24014780,22,2026/4/30,12987,0,1650,165,0,1815,福岡支店,レンタル法人,60,新規,12ヶ月以上
B24014780,23,2026/5/31,12987,0,1650,165,0,1815,福岡支店,レンタル法人,60,新規,12ヶ月以上
B24014780,24,2026/6/30,12987,0,1650,165,0,1815,福岡支店,レンタル法人,60,新規,12ヶ月以上
B24014780,25,2026/7/31,12987,0,1650,165,0,1815,福岡支店,レンタル法人,60,新規,12ヶ月以上
B24014780,26,2026/8/31,12987,0,1650,165,0,1815,福岡支店,レンタル法人,60,新規,12ヶ月以上
B24014910,16,2025/9/30,14945,0,200,20,0,220,福岡支店,レンタル法人,58,新規,12ヶ月以上
B24014910,17,2025/10/31,14945,0,200,20,0,220,福岡支店,レンタル法人,58,新規,12ヶ月以上
B24014910,18,2025/11/30,14945,0,200,20,0,220,福岡支店,レンタル法人,58,新規,12ヶ月以上
B24014910,19,2025/12/31,14945,0,200,20,0,220,福岡支店,レンタル法人,58,新規,12ヶ月以上
B24014910,20,2026/1/31,14945,0,200,20,0,220,福岡支店,レンタル法人,58,新規,12ヶ月以上
B24014910,21,2026/2/28,14945,0,200,20,0,220,福岡支店,レンタル法人,58,新規,12ヶ月以上
B24014910,22,2026/3/31,14945,0,200,20,0,220,福岡支店,レンタル法人,58,新規,12ヶ月以上
B24014910,23,2026/4/30,14945,0,200,20,0,220,福岡支店,レンタル法人,58,新規,12ヶ月以上
B24014910,24,2026/5/31,14945,0,200,20,0,220,福岡支店,レンタル法人,58,新規,12ヶ月以上
B24014910,25,2026/6/30,14945,0,200,20,0,220,福岡支店,レンタル法人,58,新規,12ヶ月以上
B24014910,26,2026/7/31,14945,0,200,20,0,220,福岡支店,レンタル法人,58,新規,12ヶ月以上
B24014910,27,2026/8/31,14945,0,200,20,0,220,福岡支店,レンタル法人,58,新規,12ヶ月以上
B24014912,16,2025/9/30,13145,0,200,20,0,220,福岡支店,レンタル法人,48,新規,12ヶ月以上
B24014912,17,2025/10/31,13145,0,200,20,0,220,福岡支店,レンタル法人,48,新規,12ヶ月以上
B24014912,18,2025/11/30,13145,0,200,20,0,220,福岡支店,レンタル法人,48,新規,12ヶ月以上
B24014912,19,2025/12/31,13145,0,200,20,0,220,福岡支店,レンタル法人,48,新規,12ヶ月以上
B24014912,20,2026/1/31,13145,0,200,20,0,220,福岡支店,レンタル法人,48,新規,12ヶ月以上
B24014912,21,2026/2/28,13145,0,200,20,0,220,福岡支店,レンタル法人,48,新規,12ヶ月以上
B24014912,22,2026/3/31,13145,0,200,20,0,220,福岡支店,レンタル法人,48,新規,12ヶ月以上
B24014912,23,2026/4/30,13145,0,200,20,0,220,福岡支店,レンタル法人,48,新規,12ヶ月以上
B24014912,24,2026/5/31,13145,0,200,20,0,220,福岡支店,レンタル法人,48,新規,12ヶ月以上
B24014912,25,2026/6/30,13145,0,200,20,0,220,福岡支店,レンタル法人,48,新規,12ヶ月以上
B24014912,26,2026/7/31,13145,0,200,20,0,220,福岡支店,レンタル法人,48,新規,12ヶ月以上
B24014912,27,2026/8/31,13145,0,200,20,0,220,福岡支店,レンタル法人,48,新規,12ヶ月以上
B24014914,16,2025/9/30,14099,0,200,20,0,220,福岡支店,レンタル法人,52,新規,12ヶ月以上
B24014914,17,2025/10/31,14099,0,200,20,0,220,福岡支店,レンタル法人,52,新規,12ヶ月以上
B24014914,18,2025/11/30,14099,0,200,20,0,220,福岡支店,レンタル法人,52,新規,12ヶ月以上
B24014914,19,2025/12/31,14099,0,200,20,0,220,福岡支店,レンタル法人,52,新規,12ヶ月以上
B24014914,20,2026/1/31,14099,0,200,20,0,220,福岡支店,レンタル法人,52,新規,12ヶ月以上
B24014914,21,2026/2/28,14099,0,200,20,0,220,福岡支店,レンタル法人,52,新規,12ヶ月以上
B24014914,22,2026/3/31,14099,0,200,20,0,220,福岡支店,レンタル法人,52,新規,12ヶ月以上
B24014914,23,2026/4/30,14099,0,200,20,0,220,福岡支店,レンタル法人,52,新規,12ヶ月以上
B24014914,24,2026/5/31,14099,0,200,20,0,220,福岡支店,レンタル法人,52,新規,12ヶ月以上
B24014914,25,2026/6/30,14099,0,200,20,0,220,福岡支店,レンタル法人,52,新規,12ヶ月以上
B24014914,26,2026/7/31,14099,0,200,20,0,220,福岡支店,レンタル法人,52,新規,12ヶ月以上
B24014914,27,2026/8/31,14099,0,200,20,0,220,福岡支店,レンタル法人,52,新規,12ヶ月以上
B24015039,15,2025/9/30,14989,0,2500,250,0,2750,福岡支店,レンタル法人,60,新規,12ヶ月以上
B24015039,16,2025/10/31,14989,0,2500,250,0,2750,福岡支店,レンタル法人,60,新規,12ヶ月以上
B24015039,17,2025/11/30,14989,0,2500,250,0,2750,福岡支店,レンタル法人,60,新規,12ヶ月以上
B24015039,18,2025/12/31,14989,0,2500,250,0,2750,福岡支店,レンタル法人,60,新規,12ヶ月以上
B24015039,19,2026/1/31,14989,0,2500,250,0,2750,福岡支店,レンタル法人,60,新規,12ヶ月以上
B24015039,20,2026/2/28,14989,0,2500,250,0,2750,福岡支店,レンタル法人,60,新規,12ヶ月以上
B24015039,21,2026/3/31,14989,0,2500,250,0,2750,福岡支店,レンタル法人,60,新規,12ヶ月以上
B24015039,22,2026/4/30,14989,0,2500,250,0,2750,福岡支店,レンタル法人,60,新規,12ヶ月以上
B24015039,23,2026/5/31,14989,0,2500,250,0,2750,福岡支店,レンタル法人,60,新規,12ヶ月以上
B24015039,24,2026/6/30,14989,0,2500,250,0,2750,福岡支店,レンタル法人,60,新規,12ヶ月以上
B24015039,25,2026/7/31,14989,0,2500,250,0,2750,福岡支店,レンタル法人,60,新規,12ヶ月以上
B24015039,26,2026/8/31,14989,0,2500,250,0,2750,福岡支店,レンタル法人,60,新規,12ヶ月以上
B24015040,15,2025/9/30,14989,0,7650,765,0,8415,福岡支店,レンタル法人,60,新規,12ヶ月以上
B24015040,16,2025/10/31,14989,0,7650,765,0,8415,福岡支店,レンタル法人,60,新規,12ヶ月以上
B24015040,17,2025/11/30,14989,0,7650,765,0,8415,福岡支店,レンタル法人,60,新規,12ヶ月以上
B24015040,18,2025/12/31,14989,0,7650,765,0,8415,福岡支店,レンタル法人,60,新規,12ヶ月以上
B24015040,19,2026/1/31,14989,0,7650,765,0,8415,福岡支店,レンタル法人,60,新規,12ヶ月以上
B24015040,20,2026/2/28,14989,0,7650,765,0,8415,福岡支店,レンタル法人,60,新規,12ヶ月以上
B24015040,21,2026/3/31,14989,0,7650,765,0,8415,福岡支店,レンタル法人,60,新規,12ヶ月以上
B24015040,22,2026/4/30,14989,0,7650,765,0,8415,福岡支店,レンタル法人,60,新規,12ヶ月以上
B24015040,23,2026/5/31,14989,0,7650,765,0,8415,福岡支店,レンタル法人,60,新規,12ヶ月以上
B24015040,24,2026/6/30,14989,0,7650,765,0,8415,福岡支店,レンタル法人,60,新規,12ヶ月以上
B24015040,25,2026/7/31,14989,0,7650,765,0,8415,福岡支店,レンタル法人,60,新規,12ヶ月以上
B24015040,26,2026/8/31,14989,0,7650,765,0,8415,福岡支店,レンタル法人,60,新規,12ヶ月以上
B24015287,15,2025/9/30,14989,0,3150,315,0,3465,福岡支店,レンタル法人,60,新規,12ヶ月以上
B24015287,16,2025/10/31,14989,0,3150,315,0,3465,福岡支店,レンタル法人,60,新規,12ヶ月以上
B24015287,17,2025/11/30,14989,0,3150,315,0,3465,福岡支店,レンタル法人,60,新規,12ヶ月以上
B24015287,18,2025/12/31,14989,0,3150,315,0,3465,福岡支店,レンタル法人,60,新規,12ヶ月以上
B24015287,19,2026/1/31,14989,0,3150,315,0,3465,福岡支店,レンタル法人,60,新規,12ヶ月以上
B24015287,20,2026/2/28,14989,0,3150,315,0,3465,福岡支店,レンタル法人,60,新規,12ヶ月以上
B24015287,21,2026/3/31,14989,0,3150,315,0,3465,福岡支店,レンタル法人,60,新規,12ヶ月以上
B24015287,22,2026/4/30,14989,0,3150,315,0,3465,福岡支店,レンタル法人,60,新規,12ヶ月以上
B24015287,23,2026/5/31,14989,0,3150,315,0,3465,福岡支店,レンタル法人,60,新規,12ヶ月以上
B24015287,24,2026/6/30,14989,0,3150,315,0,3465,福岡支店,レンタル法人,60,新規,12ヶ月以上
B24015287,25,2026/7/31,14989,0,3150,315,0,3465,福岡支店,レンタル法人,60,新規,12ヶ月以上
B24015287,26,2026/8/31,14989,0,3150,315,0,3465,福岡支店,レンタル法人,60,新規,12ヶ月以上
B24015837,14,2025/9/30,15236,0,61160,6116,0,67276,福岡支店,レンタル法人,60,新規,12ヶ月以上
B24015837,15,2025/10/31,15236,0,61160,6116,0,67276,福岡支店,レンタル法人,60,新規,12ヶ月以上
B24015837,16,2025/11/30,15236,0,61160,6116,0,67276,福岡支店,レンタル法人,60,新規,12ヶ月以上
B24015837,17,2025/12/31,15236,0,61160,6116,0,67276,福岡支店,レンタル法人,60,新規,12ヶ月以上
B24015837,18,2026/1/31,15236,0,61160,6116,0,67276,福岡支店,レンタル法人,60,新規,12ヶ月以上
B24015837,19,2026/2/28,15236,0,61160,6116,0,67276,福岡支店,レンタル法人,60,新規,12ヶ月以上
B24015837,20,2026/3/31,15236,0,61160,6116,0,67276,福岡支店,レンタル法人,60,新規,12ヶ月以上
B24015837,21,2026/4/30,15236,0,61160,6116,0,67276,福岡支店,レンタル法人,60,新規,12ヶ月以上
B24015837,22,2026/5/31,15236,0,61160,6116,0,67276,福岡支店,レンタル法人,60,新規,12ヶ月以上
B24015837,23,2026/6/30,15236,0,61160,6116,0,67276,福岡支店,レンタル法人,60,新規,12ヶ月以上
B24015837,24,2026/7/31,15236,0,61160,6116,0,67276,福岡支店,レンタル法人,60,新規,12ヶ月以上
B24015837,25,2026/8/31,15236,0,61160,6116,0,67276,福岡支店,レンタル法人,60,新規,12ヶ月以上
B24016176,15,2025/9/30,15477,0,2000,200,0,2200,福岡支店,レンタル法人,36,新規,12ヶ月以上
B24016176,16,2025/10/31,15477,0,2000,200,0,2200,福岡支店,レンタル法人,36,新規,12ヶ月以上
B24016176,17,2025/11/30,15477,0,2000,200,0,2200,福岡支店,レンタル法人,36,新規,12ヶ月以上
B24016176,18,2025/12/31,15477,0,2000,200,0,2200,福岡支店,レンタル法人,36,新規,12ヶ月以上
B24016176,19,2026/1/31,15477,0,2000,200,0,2200,福岡支店,レンタル法人,36,新規,12ヶ月以上
B24016176,20,2026/2/28,15477,0,2000,200,0,2200,福岡支店,レンタル法人,36,新規,12ヶ月以上
B24016176,21,2026/3/31,15477,0,2000,200,0,2200,福岡支店,レンタル法人,36,新規,12ヶ月以上
B24016176,22,2026/4/30,15477,0,2000,200,0,2200,福岡支店,レンタル法人,36,新規,12ヶ月以上
B24016176,23,2026/5/31,15477,0,2000,200,0,2200,福岡支店,レンタル法人,36,新規,12ヶ月以上
B24016176,24,2026/6/30,15477,0,2000,200,0,2200,福岡支店,レンタル法人,36,新規,12ヶ月以上
B24016176,25,2026/7/31,15477,0,2000,200,0,2200,福岡支店,レンタル法人,36,新規,12ヶ月以上
B24016176,26,2026/8/31,15477,0,2000,200,0,2200,福岡支店,レンタル法人,36,新規,12ヶ月以上
B24016269,15,2025/9/30,12987,0,1650,165,0,1815,福岡支店,レンタル法人,60,新規,12ヶ月以上
B24016269,16,2025/10/31,12987,0,1650,165,0,1815,福岡支店,レンタル法人,60,新規,12ヶ月以上
B24016269,17,2025/11/30,12987,0,1650,165,0,1815,福岡支店,レンタル法人,60,新規,12ヶ月以上
B24016269,18,2025/12/31,12987,0,1650,165,0,1815,福岡支店,レンタル法人,60,新規,12ヶ月以上
B24016269,19,2026/1/31,12987,0,1650,165,0,1815,福岡支店,レンタル法人,60,新規,12ヶ月以上
B24016269,20,2026/2/28,12987,0,1650,165,0,1815,福岡支店,レンタル法人,60,新規,12ヶ月以上
B24016269,21,2026/3/31,12987,0,1650,165,0,1815,福岡支店,レンタル法人,60,新規,12ヶ月以上
B24016269,22,2026/4/30,12987,0,1650,165,0,1815,福岡支店,レンタル法人,60,新規,12ヶ月以上
B24016269,23,2026/5/31,12987,0,1650,165,0,1815,福岡支店,レンタル法人,60,新規,12ヶ月以上
B24016269,24,2026/6/30,12987,0,1650,165,0,1815,福岡支店,レンタル法人,60,新規,12ヶ月以上
B24016269,25,2026/7/31,12987,0,1650,165,0,1815,福岡支店,レンタル法人,60,新規,12ヶ月以上
B24016269,26,2026/8/31,12987,0,1650,165,0,1815,福岡支店,レンタル法人,60,新規,12ヶ月以上
B24016446,15,2025/9/30,15487,0,15980,1598,0,17578,福岡支店,レンタル法人,60,新規,12ヶ月以上
B24016446,16,2025/10/31,15487,0,15980,1598,0,17578,福岡支店,レンタル法人,60,新規,12ヶ月以上
B24016446,17,2025/11/30,15487,0,15980,1598,0,17578,福岡支店,レンタル法人,60,新規,12ヶ月以上
B24016446,18,2025/12/31,15487,0,15980,1598,0,17578,福岡支店,レンタル法人,60,新規,12ヶ月以上
B24016446,19,2026/1/31,15487,0,15980,1598,0,17578,福岡支店,レンタル法人,60,新規,12ヶ月以上
B24016446,20,2026/2/28,15487,0,15980,1598,0,17578,福岡支店,レンタル法人,60,新規,12ヶ月以上
B24016446,21,2026/3/31,15487,0,15980,1598,0,17578,福岡支店,レンタル法人,60,新規,12ヶ月以上
B24016446,22,2026/4/30,15487,0,15980,1598,0,17578,福岡支店,レンタル法人,60,新規,12ヶ月以上
B24016446,23,2026/5/31,15487,0,15980,1598,0,17578,福岡支店,レンタル法人,60,新規,12ヶ月以上
B24016446,24,2026/6/30,15487,0,15980,1598,0,17578,福岡支店,レンタル法人,60,新規,12ヶ月以上
B24016446,25,2026/7/31,15487,0,15980,1598,0,17578,福岡支店,レンタル法人,60,新規,12ヶ月以上
B24016446,26,2026/8/31,15487,0,15980,1598,0,17578,福岡支店,レンタル法人,60,新規,12ヶ月以上
B24016447,15,2025/9/30,15488,0,15980,1598,0,17578,福岡支店,レンタル法人,60,新規,12ヶ月以上
B24016447,16,2025/10/31,15488,0,15980,1598,0,17578,福岡支店,レンタル法人,60,新規,12ヶ月以上
B24016447,17,2025/11/30,15488,0,15980,1598,0,17578,福岡支店,レンタル法人,60,新規,12ヶ月以上
B24016447,18,2025/12/31,15488,0,15980,1598,0,17578,福岡支店,レンタル法人,60,新規,12ヶ月以上
B24016447,19,2026/1/31,15488,0,15980,1598,0,17578,福岡支店,レンタル法人,60,新規,12ヶ月以上
B24016447,20,2026/2/28,15488,0,15980,1598,0,17578,福岡支店,レンタル法人,60,新規,12ヶ月以上
B24016447,21,2026/3/31,15488,0,15980,1598,0,17578,福岡支店,レンタル法人,60,新規,12ヶ月以上
B24016447,22,2026/4/30,15488,0,15980,1598,0,17578,福岡支店,レンタル法人,60,新規,12ヶ月以上
B24016447,23,2026/5/31,15488,0,15980,1598,0,17578,福岡支店,レンタル法人,60,新規,12ヶ月以上
B24016447,24,2026/6/30,15488,0,15980,1598,0,17578,福岡支店,レンタル法人,60,新規,12ヶ月以上
B24016447,25,2026/7/31,15488,0,15980,1598,0,17578,福岡支店,レンタル法人,60,新規,12ヶ月以上
B24016447,26,2026/8/31,15488,0,15980,1598,0,17578,福岡支店,レンタル法人,60,新規,12ヶ月以上
B24016493,15,2025/9/30,11894,0,5200,520,0,5720,福岡支店,レンタル法人,60,新規,12ヶ月以上
B24016493,16,2025/10/31,11894,0,5200,520,0,5720,福岡支店,レンタル法人,60,新規,12ヶ月以上
B24016493,17,2025/11/30,11894,0,5200,520,0,5720,福岡支店,レンタル法人,60,新規,12ヶ月以上
B24016493,18,2025/12/31,11894,0,5200,520,0,5720,福岡支店,レンタル法人,60,新規,12ヶ月以上
B24016493,19,2026/1/31,11894,0,5200,520,0,5720,福岡支店,レンタル法人,60,新規,12ヶ月以上
B24016493,20,2026/2/28,11894,0,5200,520,0,5720,福岡支店,レンタル法人,60,新規,12ヶ月以上
B24016493,21,2026/3/31,11894,0,5200,520,0,5720,福岡支店,レンタル法人,60,新規,12ヶ月以上
B24016493,22,2026/4/30,11894,0,5200,520,0,5720,福岡支店,レンタル法人,60,新規,12ヶ月以上
B24016493,23,2026/5/31,11894,0,5200,520,0,5720,福岡支店,レンタル法人,60,新規,12ヶ月以上
B24016493,24,2026/6/30,11894,0,5200,520,0,5720,福岡支店,レンタル法人,60,新規,12ヶ月以上
B24016493,25,2026/7/31,11894,0,5200,520,0,5720,福岡支店,レンタル法人,60,新規,12ヶ月以上
B24016493,26,2026/8/31,11894,0,5200,520,0,5720,福岡支店,レンタル法人,60,新規,12ヶ月以上
B24016614,15,2025/9/30,14989,0,10000,1000,0,11000,福岡支店,レンタル法人,60,新規,12ヶ月以上
B24016614,16,2025/10/31,14989,0,10000,1000,0,11000,福岡支店,レンタル法人,60,新規,12ヶ月以上
B24016614,17,2025/11/30,14989,0,10000,1000,0,11000,福岡支店,レンタル法人,60,新規,12ヶ月以上
B24016614,18,2025/12/31,14989,0,10000,1000,0,11000,福岡支店,レンタル法人,60,新規,12ヶ月以上
B24016614,19,2026/1/31,14989,0,10000,1000,0,11000,福岡支店,レンタル法人,60,新規,12ヶ月以上
B24016614,20,2026/2/28,14989,0,10000,1000,0,11000,福岡支店,レンタル法人,60,新規,12ヶ月以上
B24016614,21,2026/3/31,14989,0,10000,1000,0,11000,福岡支店,レンタル法人,60,新規,12ヶ月以上
B24016614,22,2026/4/30,14989,0,10000,1000,0,11000,福岡支店,レンタル法人,60,新規,12ヶ月以上
B24016614,23,2026/5/31,14989,0,10000,1000,0,11000,福岡支店,レンタル法人,60,新規,12ヶ月以上
B24016614,24,2026/6/30,14989,0,10000,1000,0,11000,福岡支店,レンタル法人,60,新規,12ヶ月以上
B24016614,25,2026/7/31,14989,0,10000,1000,0,11000,福岡支店,レンタル法人,60,新規,12ヶ月以上
B24016614,26,2026/8/31,14989,0,10000,1000,0,11000,福岡支店,レンタル法人,60,新規,12ヶ月以上
B24016954,14,2025/9/30,11894,0,36000,3600,0,39600,福岡支店,レンタル法人,60,新規,12ヶ月以上
B24016954,15,2025/10/31,11894,0,36000,3600,0,39600,福岡支店,レンタル法人,60,新規,12ヶ月以上
B24016954,16,2025/11/30,11894,0,36000,3600,0,39600,福岡支店,レンタル法人,60,新規,12ヶ月以上
B24016954,17,2025/12/31,11894,0,36000,3600,0,39600,福岡支店,レンタル法人,60,新規,12ヶ月以上
B24016954,18,2026/1/31,11894,0,36000,3600,0,39600,福岡支店,レンタル法人,60,新規,12ヶ月以上
B24016954,19,2026/2/28,11894,0,36000,3600,0,39600,福岡支店,レンタル法人,60,新規,12ヶ月以上
B24016954,20,2026/3/31,11894,0,36000,3600,0,39600,福岡支店,レンタル法人,60,新規,12ヶ月以上
B24016954,21,2026/4/30,11894,0,36000,3600,0,39600,福岡支店,レンタル法人,60,新規,12ヶ月以上
B24016954,22,2026/5/31,11894,0,36000,3600,0,39600,福岡支店,レンタル法人,60,新規,12ヶ月以上
B24016954,23,2026/6/30,11894,0,36000,3600,0,39600,福岡支店,レンタル法人,60,新規,12ヶ月以上
B24016954,24,2026/7/31,11894,0,36000,3600,0,39600,福岡支店,レンタル法人,60,新規,12ヶ月以上
B24016954,25,2026/8/31,11894,0,36000,3600,0,39600,福岡支店,レンタル法人,60,新規,12ヶ月以上
B24016955,14,2025/9/30,11894,0,29150,2915,0,32065,福岡支店,レンタル法人,60,新規,12ヶ月以上
B24016955,15,2025/10/31,11894,0,29150,2915,0,32065,福岡支店,レンタル法人,60,新規,12ヶ月以上
B24016955,16,2025/11/30,11894,0,29150,2915,0,32065,福岡支店,レンタル法人,60,新規,12ヶ月以上
B24016955,17,2025/12/31,11894,0,29150,2915,0,32065,福岡支店,レンタル法人,60,新規,12ヶ月以上
B24016955,18,2026/1/31,11894,0,29150,2915,0,32065,福岡支店,レンタル法人,60,新規,12ヶ月以上
B24016955,19,2026/2/28,11894,0,29150,2915,0,32065,福岡支店,レンタル法人,60,新規,12ヶ月以上
B24016955,20,2026/3/31,11894,0,29150,2915,0,32065,福岡支店,レンタル法人,60,新規,12ヶ月以上
B24016955,21,2026/4/30,11894,0,29150,2915,0,32065,福岡支店,レンタル法人,60,新規,12ヶ月以上
B24016955,22,2026/5/31,11894,0,29150,2915,0,32065,福岡支店,レンタル法人,60,新規,12ヶ月以上
B24016955,23,2026/6/30,11894,0,29150,2915,0,32065,福岡支店,レンタル法人,60,新規,12ヶ月以上
B24016955,24,2026/7/31,11894,0,29150,2915,0,32065,福岡支店,レンタル法人,60,新規,12ヶ月以上
B24016955,25,2026/8/31,11894,0,29150,2915,0,32065,福岡支店,レンタル法人,60,新規,12ヶ月以上
B24017041,15,2025/9/30,10982,0,7200,720,0,7920,福岡支店,レンタル法人,60,新規,12ヶ月以上
B24017041,16,2025/10/31,10982,0,7200,720,0,7920,福岡支店,レンタル法人,60,新規,12ヶ月以上
B24017041,17,2025/11/30,10982,0,7200,720,0,7920,福岡支店,レンタル法人,60,新規,12ヶ月以上
B24017041,18,2025/12/31,10982,0,7200,720,0,7920,福岡支店,レンタル法人,60,新規,12ヶ月以上
B24017041,19,2026/1/31,10982,0,7200,720,0,7920,福岡支店,レンタル法人,60,新規,12ヶ月以上
B24017041,20,2026/2/28,10982,0,7200,720,0,7920,福岡支店,レンタル法人,60,新規,12ヶ月以上
B24017041,21,2026/3/31,10982,0,7200,720,0,7920,福岡支店,レンタル法人,60,新規,12ヶ月以上
B24017041,22,2026/4/30,10982,0,7200,720,0,7920,福岡支店,レンタル法人,60,新規,12ヶ月以上
B24017041,23,2026/5/31,10982,0,7200,720,0,7920,福岡支店,レンタル法人,60,新規,12ヶ月以上
B24017041,24,2026/6/30,10982,0,7200,720,0,7920,福岡支店,レンタル法人,60,新規,12ヶ月以上
B24017041,25,2026/7/31,10982,0,7200,720,0,7920,福岡支店,レンタル法人,60,新規,12ヶ月以上
B24017041,26,2026/8/31,10982,0,7200,720,0,7920,福岡支店,レンタル法人,60,新規,12ヶ月以上
B24017635,14,2025/9/30,12987,0,3300,330,0,3630,福岡支店,レンタル法人,60,新規,12ヶ月以上
B24017635,15,2025/10/31,12987,0,3300,330,0,3630,福岡支店,レンタル法人,60,新規,12ヶ月以上
B24017635,16,2025/11/30,12987,0,3300,330,0,3630,福岡支店,レンタル法人,60,新規,12ヶ月以上
B24017635,17,2025/12/31,12987,0,3300,330,0,3630,福岡支店,レンタル法人,60,新規,12ヶ月以上
B24017635,18,2026/1/31,12987,0,3300,330,0,3630,福岡支店,レンタル法人,60,新規,12ヶ月以上
B24017635,19,2026/2/28,12987,0,3300,330,0,3630,福岡支店,レンタル法人,60,新規,12ヶ月以上
B24017635,20,2026/3/31,12987,0,3300,330,0,3630,福岡支店,レンタル法人,60,新規,12ヶ月以上
B24017635,21,2026/4/30,12987,0,3300,330,0,3630,福岡支店,レンタル法人,60,新規,12ヶ月以上
B24017635,22,2026/5/31,12987,0,3300,330,0,3630,福岡支店,レンタル法人,60,新規,12ヶ月以上
B24017635,23,2026/6/30,12987,0,3300,330,0,3630,福岡支店,レンタル法人,60,新規,12ヶ月以上
B24017635,24,2026/7/31,12987,0,3300,330,0,3630,福岡支店,レンタル法人,60,新規,12ヶ月以上
B24017635,25,2026/8/31,12987,0,3300,330,0,3630,福岡支店,レンタル法人,60,新規,12ヶ月以上
B24017943,14,2025/9/30,14736,0,3650,365,0,4015,福岡支店,レンタル法人,36,新規,12ヶ月以上
B24017943,15,2025/10/31,14736,0,3650,365,0,4015,福岡支店,レンタル法人,36,新規,12ヶ月以上
B24017943,16,2025/11/30,14736,0,3650,365,0,4015,福岡支店,レンタル法人,36,新規,12ヶ月以上
B24017943,17,2025/12/31,14736,0,3650,365,0,4015,福岡支店,レンタル法人,36,新規,12ヶ月以上
B24017943,18,2026/1/31,14736,0,3650,365,0,4015,福岡支店,レンタル法人,36,新規,12ヶ月以上
B24017943,19,2026/2/28,14736,0,3650,365,0,4015,福岡支店,レンタル法人,36,新規,12ヶ月以上
B24017943,20,2026/3/31,14736,0,3650,365,0,4015,福岡支店,レンタル法人,36,新規,12ヶ月以上
B24017943,21,2026/4/30,14736,0,3650,365,0,4015,福岡支店,レンタル法人,36,新規,12ヶ月以上
B24017943,22,2026/5/31,14736,0,3650,365,0,4015,福岡支店,レンタル法人,36,新規,12ヶ月以上
B24017943,23,2026/6/30,14736,0,3650,365,0,4015,福岡支店,レンタル法人,36,新規,12ヶ月以上
B24017943,24,2026/7/31,14736,0,3650,365,0,4015,福岡支店,レンタル法人,36,新規,12ヶ月以上
B24017943,25,2026/8/31,14736,0,3650,365,0,4015,福岡支店,レンタル法人,36,新規,12ヶ月以上
B24018000,13,2025/9/30,10190,0,3200,320,0,3520,福岡支店,レンタル法人,17,新規,12ヶ月以上
B24018000,14,2025/10/31,10190,0,3200,320,0,3520,福岡支店,レンタル法人,17,新規,12ヶ月以上
B24018000,15,2025/11/30,10190,0,3200,320,0,3520,福岡支店,レンタル法人,17,新規,12ヶ月以上
B24018000,16,2025/12/31,10190,0,3200,320,0,3520,福岡支店,レンタル法人,17,新規,12ヶ月以上
B24018000,17,2026/1/31,10190,0,3200,320,0,3520,福岡支店,レンタル法人,17,新規,12ヶ月以上
B24018182,13,2025/9/30,12248,0,9200,920,0,10120,福岡支店,レンタル法人,48,新規,12ヶ月以上
B24018182,14,2025/10/31,12248,0,9200,920,0,10120,福岡支店,レンタル法人,48,新規,12ヶ月以上
B24018182,15,2025/11/30,12248,0,9200,920,0,10120,福岡支店,レンタル法人,48,新規,12ヶ月以上
B24018182,16,2025/12/31,12248,0,9200,920,0,10120,福岡支店,レンタル法人,48,新規,12ヶ月以上
B24018182,17,2026/1/31,12248,0,9200,920,0,10120,福岡支店,レンタル法人,48,新規,12ヶ月以上
B24018182,18,2026/2/28,12248,0,9200,920,0,10120,福岡支店,レンタル法人,48,新規,12ヶ月以上
B24018182,19,2026/3/31,12248,0,9200,920,0,10120,福岡支店,レンタル法人,48,新規,12ヶ月以上
B24018182,20,2026/4/30,12248,0,9200,920,0,10120,福岡支店,レンタル法人,48,新規,12ヶ月以上
B24018182,21,2026/5/31,12248,0,9200,920,0,10120,福岡支店,レンタル法人,48,新規,12ヶ月以上
B24018182,22,2026/6/30,12248,0,9200,920,0,10120,福岡支店,レンタル法人,48,新規,12ヶ月以上
B24018182,23,2026/7/31,12248,0,9200,920,0,10120,福岡支店,レンタル法人,48,新規,12ヶ月以上
B24018182,24,2026/8/31,12248,0,9200,920,0,10120,福岡支店,レンタル法人,48,新規,12ヶ月以上
B24018332,14,2025/9/30,10190,0,2650,265,0,2915,福岡支店,レンタル法人,60,新規,12ヶ月以上
B24018332,15,2025/10/31,10190,0,2650,265,0,2915,福岡支店,レンタル法人,60,新規,12ヶ月以上
B24018332,16,2025/11/30,10190,0,2650,265,0,2915,福岡支店,レンタル法人,60,新規,12ヶ月以上
B24018332,17,2025/12/31,10190,0,2650,265,0,2915,福岡支店,レンタル法人,60,新規,12ヶ月以上
B24018332,18,2026/1/31,10190,0,2650,265,0,2915,福岡支店,レンタル法人,60,新規,12ヶ月以上
B24018332,19,2026/2/28,10190,0,2650,265,0,2915,福岡支店,レンタル法人,60,新規,12ヶ月以上
B24018332,20,2026/3/31,10190,0,2650,265,0,2915,福岡支店,レンタル法人,60,新規,12ヶ月以上
B24018332,21,2026/4/30,10190,0,2650,265,0,2915,福岡支店,レンタル法人,60,新規,12ヶ月以上
B24018332,22,2026/5/31,10190,0,2650,265,0,2915,福岡支店,レンタル法人,60,新規,12ヶ月以上
B24018332,23,2026/6/30,10190,0,2650,265,0,2915,福岡支店,レンタル法人,60,新規,12ヶ月以上
B24018332,24,2026/7/31,10190,0,2650,265,0,2915,福岡支店,レンタル法人,60,新規,12ヶ月以上
B24018332,25,2026/8/31,10190,0,2650,265,0,2915,福岡支店,レンタル法人,60,新規,12ヶ月以上
B24018574,14,2025/9/30,14220,0,7500,750,0,8250,福岡支店,レンタル法人,36,新規,12ヶ月以上
B24018574,15,2025/10/31,14220,0,7500,750,0,8250,福岡支店,レンタル法人,36,新規,12ヶ月以上
B24018574,16,2025/11/30,14220,0,7500,750,0,8250,福岡支店,レンタル法人,36,新規,12ヶ月以上
B24018574,17,2025/12/31,14220,0,7500,750,0,8250,福岡支店,レンタル法人,36,新規,12ヶ月以上
B24018574,18,2026/1/31,14220,0,7500,750,0,8250,福岡支店,レンタル法人,36,新規,12ヶ月以上
B24018574,19,2026/2/28,14220,0,7500,750,0,8250,福岡支店,レンタル法人,36,新規,12ヶ月以上
B24018574,20,2026/3/31,14220,0,7500,750,0,8250,福岡支店,レンタル法人,36,新規,12ヶ月以上
B24018574,21,2026/4/30,14220,0,7500,750,0,8250,福岡支店,レンタル法人,36,新規,12ヶ月以上
B24018574,22,2026/5/31,14220,0,7500,750,0,8250,福岡支店,レンタル法人,36,新規,12ヶ月以上
B24018574,23,2026/6/30,14220,0,7500,750,0,8250,福岡支店,レンタル法人,36,新規,12ヶ月以上
B24018574,24,2026/7/31,14220,0,7500,750,0,8250,福岡支店,レンタル法人,36,新規,12ヶ月以上
B24018574,25,2026/8/31,14220,0,7500,750,0,8250,福岡支店,レンタル法人,36,新規,12ヶ月以上
B24018669,14,2025/9/30,13915,0,5274,527,0,5801,福岡支店,レンタル法人,60,新規,12ヶ月以上
B24018669,15,2025/10/31,13915,0,5274,527,0,5801,福岡支店,レンタル法人,60,新規,12ヶ月以上
B24018669,16,2025/11/30,13915,0,5274,527,0,5801,福岡支店,レンタル法人,60,新規,12ヶ月以上
B24018669,17,2025/12/31,13915,0,5274,527,0,5801,福岡支店,レンタル法人,60,新規,12ヶ月以上
B24018669,18,2026/1/31,13915,0,5274,527,0,5801,福岡支店,レンタル法人,60,新規,12ヶ月以上
B24018669,19,2026/2/28,13915,0,5274,527,0,5801,福岡支店,レンタル法人,60,新規,12ヶ月以上
B24018669,20,2026/3/31,13915,0,5274,527,0,5801,福岡支店,レンタル法人,60,新規,12ヶ月以上
B24018669,21,2026/4/30,13915,0,5274,527,0,5801,福岡支店,レンタル法人,60,新規,12ヶ月以上
B24018669,22,2026/5/31,13915,0,5274,527,0,5801,福岡支店,レンタル法人,60,新規,12ヶ月以上
B24018669,23,2026/6/30,13915,0,5274,527,0,5801,福岡支店,レンタル法人,60,新規,12ヶ月以上
B24018669,24,2026/7/31,13915,0,5274,527,0,5801,福岡支店,レンタル法人,60,新規,12ヶ月以上
B24018669,25,2026/8/31,13915,0,5274,527,0,5801,福岡支店,レンタル法人,60,新規,12ヶ月以上
B24018763,13,2025/9/30,11894,0,32400,3240,0,35640,福岡支店,レンタル法人,60,新規,12ヶ月以上
B24018763,14,2025/10/31,11894,0,32400,3240,0,35640,福岡支店,レンタル法人,60,新規,12ヶ月以上
B24018763,15,2025/11/30,11894,0,32400,3240,0,35640,福岡支店,レンタル法人,60,新規,12ヶ月以上
B24018763,16,2025/12/31,11894,0,32400,3240,0,35640,福岡支店,レンタル法人,60,新規,12ヶ月以上
B24018763,17,2026/1/31,11894,0,32400,3240,0,35640,福岡支店,レンタル法人,60,新規,12ヶ月以上
B24018763,18,2026/2/28,11894,0,32400,3240,0,35640,福岡支店,レンタル法人,60,新規,12ヶ月以上
B24018763,19,2026/3/31,11894,0,32400,3240,0,35640,福岡支店,レンタル法人,60,新規,12ヶ月以上
B24018763,20,2026/4/30,11894,0,32400,3240,0,35640,福岡支店,レンタル法人,60,新規,12ヶ月以上
B24018763,21,2026/5/31,11894,0,32400,3240,0,35640,福岡支店,レンタル法人,60,新規,12ヶ月以上
B24018763,22,2026/6/30,11894,0,32400,3240,0,35640,福岡支店,レンタル法人,60,新規,12ヶ月以上
B24018763,23,2026/7/31,11894,0,32400,3240,0,35640,福岡支店,レンタル法人,60,新規,12ヶ月以上
B24018763,24,2026/8/31,11894,0,32400,3240,0,35640,福岡支店,レンタル法人,60,新規,12ヶ月以上
B24019045,13,2025/9/30,11894,0,13250,1325,0,14575,福岡支店,レンタル法人,60,新規,12ヶ月以上
B24019045,14,2025/10/31,11894,0,13250,1325,0,14575,福岡支店,レンタル法人,60,新規,12ヶ月以上
B24019045,15,2025/11/30,11894,0,13250,1325,0,14575,福岡支店,レンタル法人,60,新規,12ヶ月以上
B24019045,16,2025/12/31,11894,0,13250,1325,0,14575,福岡支店,レンタル法人,60,新規,12ヶ月以上
B24019045,17,2026/1/31,11894,0,13250,1325,0,14575,福岡支店,レンタル法人,60,新規,12ヶ月以上
B24019045,18,2026/2/28,11894,0,13250,1325,0,14575,福岡支店,レンタル法人,60,新規,12ヶ月以上
B24019045,19,2026/3/31,11894,0,13250,1325,0,14575,福岡支店,レンタル法人,60,新規,12ヶ月以上
B24019045,20,2026/4/30,11894,0,13250,1325,0,14575,福岡支店,レンタル法人,60,新規,12ヶ月以上
B24019045,21,2026/5/31,11894,0,13250,1325,0,14575,福岡支店,レンタル法人,60,新規,12ヶ月以上
B24019045,22,2026/6/30,11894,0,13250,1325,0,14575,福岡支店,レンタル法人,60,新規,12ヶ月以上
B24019045,23,2026/7/31,11894,0,13250,1325,0,14575,福岡支店,レンタル法人,60,新規,12ヶ月以上
B24019045,24,2026/8/31,11894,0,13250,1325,0,14575,福岡支店,レンタル法人,60,新規,12ヶ月以上
B24019046,13,2025/9/30,11894,0,9100,910,0,10010,福岡支店,レンタル法人,60,新規,12ヶ月以上
B24019046,14,2025/10/31,11894,0,9100,910,0,10010,福岡支店,レンタル法人,60,新規,12ヶ月以上
B24019046,15,2025/11/30,11894,0,9100,910,0,10010,福岡支店,レンタル法人,60,新規,12ヶ月以上
B24019046,16,2025/12/31,11894,0,9100,910,0,10010,福岡支店,レンタル法人,60,新規,12ヶ月以上
B24019046,17,2026/1/31,11894,0,9100,910,0,10010,福岡支店,レンタル法人,60,新規,12ヶ月以上
B24019046,18,2026/2/28,11894,0,9100,910,0,10010,福岡支店,レンタル法人,60,新規,12ヶ月以上
B24019046,19,2026/3/31,11894,0,9100,910,0,10010,福岡支店,レンタル法人,60,新規,12ヶ月以上
B24019046,20,2026/4/30,11894,0,9100,910,0,10010,福岡支店,レンタル法人,60,新規,12ヶ月以上
B24019046,21,2026/5/31,11894,0,9100,910,0,10010,福岡支店,レンタル法人,60,新規,12ヶ月以上
B24019046,22,2026/6/30,11894,0,9100,910,0,10010,福岡支店,レンタル法人,60,新規,12ヶ月以上
B24019046,23,2026/7/31,11894,0,9100,910,0,10010,福岡支店,レンタル法人,60,新規,12ヶ月以上
B24019046,24,2026/8/31,11894,0,9100,910,0,10010,福岡支店,レンタル法人,60,新規,12ヶ月以上
B24019069,13,2025/9/30,15606,0,15980,1598,0,17578,福岡支店,レンタル法人,60,新規,12ヶ月以上
B24019069,14,2025/10/31,15606,0,15980,1598,0,17578,福岡支店,レンタル法人,60,新規,12ヶ月以上
B24019069,15,2025/11/30,15606,0,15980,1598,0,17578,福岡支店,レンタル法人,60,新規,12ヶ月以上
B24019069,16,2025/12/31,15606,0,15980,1598,0,17578,福岡支店,レンタル法人,60,新規,12ヶ月以上
B24019069,17,2026/1/31,15606,0,15980,1598,0,17578,福岡支店,レンタル法人,60,新規,12ヶ月以上
B24019069,18,2026/2/28,15606,0,15980,1598,0,17578,福岡支店,レンタル法人,60,新規,12ヶ月以上
B24019069,19,2026/3/31,15606,0,15980,1598,0,17578,福岡支店,レンタル法人,60,新規,12ヶ月以上
B24019069,20,2026/4/30,15606,0,15980,1598,0,17578,福岡支店,レンタル法人,60,新規,12ヶ月以上
B24019069,21,2026/5/31,15606,0,15980,1598,0,17578,福岡支店,レンタル法人,60,新規,12ヶ月以上
B24019069,22,2026/6/30,15606,0,15980,1598,0,17578,福岡支店,レンタル法人,60,新規,12ヶ月以上
B24019069,23,2026/7/31,15606,0,15980,1598,0,17578,福岡支店,レンタル法人,60,新規,12ヶ月以上
B24019069,24,2026/8/31,15606,0,15980,1598,0,17578,福岡支店,レンタル法人,60,新規,12ヶ月以上
B24019497,14,2025/9/30,9800,0,29088,2908,0,31996,福岡支店,レンタル法人,36,新規,12ヶ月以上
B24019497,15,2025/10/31,9800,0,29088,2908,0,31996,福岡支店,レンタル法人,36,新規,12ヶ月以上
B24019497,16,2025/11/30,9800,0,29088,2908,0,31996,福岡支店,レンタル法人,36,新規,12ヶ月以上
B24019497,17,2025/12/31,9800,0,29088,2908,0,31996,福岡支店,レンタル法人,36,新規,12ヶ月以上
B24019497,18,2026/1/31,9800,0,29088,2908,0,31996,福岡支店,レンタル法人,36,新規,12ヶ月以上
B24019497,19,2026/2/28,9800,0,29088,2908,0,31996,福岡支店,レンタル法人,36,新規,12ヶ月以上
B24019497,20,2026/3/31,9800,0,29088,2908,0,31996,福岡支店,レンタル法人,36,新規,12ヶ月以上
B24019497,21,2026/4/30,9800,0,29088,2908,0,31996,福岡支店,レンタル法人,36,新規,12ヶ月以上
B24019497,22,2026/5/31,9800,0,29088,2908,0,31996,福岡支店,レンタル法人,36,新規,12ヶ月以上
B24019497,23,2026/6/30,9800,0,29088,2908,0,31996,福岡支店,レンタル法人,36,新規,12ヶ月以上
B24019497,24,2026/7/31,9800,0,29088,2908,0,31996,福岡支店,レンタル法人,36,新規,12ヶ月以上
B24019497,25,2026/8/31,9800,0,29088,2908,0,31996,福岡支店,レンタル法人,36,新規,12ヶ月以上
B24019516,14,2025/9/30,14989,0,2500,250,0,2750,福岡支店,レンタル法人,60,新規,12ヶ月以上
B24019516,15,2025/10/31,14989,0,2500,250,0,2750,福岡支店,レンタル法人,60,新規,12ヶ月以上
B24019516,16,2025/11/30,14989,0,2500,250,0,2750,福岡支店,レンタル法人,60,新規,12ヶ月以上
B24019516,17,2025/12/31,14989,0,2500,250,0,2750,福岡支店,レンタル法人,60,新規,12ヶ月以上
B24019516,18,2026/1/31,14989,0,2500,250,0,2750,福岡支店,レンタル法人,60,新規,12ヶ月以上
B24019516,19,2026/2/28,14989,0,2500,250,0,2750,福岡支店,レンタル法人,60,新規,12ヶ月以上
B24019516,20,2026/3/31,14989,0,2500,250,0,2750,福岡支店,レンタル法人,60,新規,12ヶ月以上
B24019516,21,2026/4/30,14989,0,2500,250,0,2750,福岡支店,レンタル法人,60,新規,12ヶ月以上
B24019516,22,2026/5/31,14989,0,2500,250,0,2750,福岡支店,レンタル法人,60,新規,12ヶ月以上
B24019516,23,2026/6/30,14989,0,2500,250,0,2750,福岡支店,レンタル法人,60,新規,12ヶ月以上
B24019516,24,2026/7/31,14989,0,2500,250,0,2750,福岡支店,レンタル法人,60,新規,12ヶ月以上
B24019516,25,2026/8/31,14989,0,2500,250,0,2750,福岡支店,レンタル法人,60,新規,12ヶ月以上
B24019517,14,2025/9/30,14989,0,9450,945,0,10395,福岡支店,レンタル法人,60,新規,12ヶ月以上
B24019517,15,2025/10/31,14989,0,9450,945,0,10395,福岡支店,レンタル法人,60,新規,12ヶ月以上
B24019517,16,2025/11/30,14989,0,9450,945,0,10395,福岡支店,レンタル法人,60,新規,12ヶ月以上
B24019517,17,2025/12/31,14989,0,9450,945,0,10395,福岡支店,レンタル法人,60,新規,12ヶ月以上
B24019517,18,2026/1/31,14989,0,9450,945,0,10395,福岡支店,レンタル法人,60,新規,12ヶ月以上
B24019517,19,2026/2/28,14989,0,9450,945,0,10395,福岡支店,レンタル法人,60,新規,12ヶ月以上
B24019517,20,2026/3/31,14989,0,9450,945,0,10395,福岡支店,レンタル法人,60,新規,12ヶ月以上
B24019517,21,2026/4/30,14989,0,9450,945,0,10395,福岡支店,レンタル法人,60,新規,12ヶ月以上
B24019517,22,2026/5/31,14989,0,9450,945,0,10395,福岡支店,レンタル法人,60,新規,12ヶ月以上
B24019517,23,2026/6/30,14989,0,9450,945,0,10395,福岡支店,レンタル法人,60,新規,12ヶ月以上
B24019517,24,2026/7/31,14989,0,9450,945,0,10395,福岡支店,レンタル法人,60,新規,12ヶ月以上
B24019517,25,2026/8/31,14989,0,9450,945,0,10395,福岡支店,レンタル法人,60,新規,12ヶ月以上
B24019518,14,2025/9/30,14989,0,6300,630,0,6930,福岡支店,レンタル法人,60,新規,12ヶ月以上
B24019518,15,2025/10/31,14989,0,6300,630,0,6930,福岡支店,レンタル法人,60,新規,12ヶ月以上
B24019518,16,2025/11/30,14989,0,6300,630,0,6930,福岡支店,レンタル法人,60,新規,12ヶ月以上
B24019518,17,2025/12/31,14989,0,6300,630,0,6930,福岡支店,レンタル法人,60,新規,12ヶ月以上
B24019518,18,2026/1/31,14989,0,6300,630,0,6930,福岡支店,レンタル法人,60,新規,12ヶ月以上
B24019518,19,2026/2/28,14989,0,6300,630,0,6930,福岡支店,レンタル法人,60,新規,12ヶ月以上
B24019518,20,2026/3/31,14989,0,6300,630,0,6930,福岡支店,レンタル法人,60,新規,12ヶ月以上
B24019518,21,2026/4/30,14989,0,6300,630,0,6930,福岡支店,レンタル法人,60,新規,12ヶ月以上
B24019518,22,2026/5/31,14989,0,6300,630,0,6930,福岡支店,レンタル法人,60,新規,12ヶ月以上
B24019518,23,2026/6/30,14989,0,6300,630,0,6930,福岡支店,レンタル法人,60,新規,12ヶ月以上
B24019518,24,2026/7/31,14989,0,6300,630,0,6930,福岡支店,レンタル法人,60,新規,12ヶ月以上
B24019518,25,2026/8/31,14989,0,6300,630,0,6930,福岡支店,レンタル法人,60,新規,12ヶ月以上
B24020345,12,2025/9/30,10190,0,3200,320,0,3520,福岡支店,レンタル法人,12,新規,12ヶ月未満
B24022394,14,2025/9/30,5911,0,6600,660,0,7260,福岡支店,レンタル法人,14,延長,12ヶ月以上
B24022433,13,2025/9/30,12987,0,1650,165,0,1815,福岡支店,レンタル法人,60,新規,12ヶ月以上
B24022433,14,2025/10/31,12987,0,1650,165,0,1815,福岡支店,レンタル法人,60,新規,12ヶ月以上
B24022433,15,2025/11/30,12987,0,1650,165,0,1815,福岡支店,レンタル法人,60,新規,12ヶ月以上
B24022433,16,2025/12/31,12987,0,1650,165,0,1815,福岡支店,レンタル法人,60,新規,12ヶ月以上
B24022433,17,2026/1/31,12987,0,1650,165,0,1815,福岡支店,レンタル法人,60,新規,12ヶ月以上
B24022433,18,2026/2/28,12987,0,1650,165,0,1815,福岡支店,レンタル法人,60,新規,12ヶ月以上
B24022433,19,2026/3/31,12987,0,1650,165,0,1815,福岡支店,レンタル法人,60,新規,12ヶ月以上
B24022433,20,2026/4/30,12987,0,1650,165,0,1815,福岡支店,レンタル法人,60,新規,12ヶ月以上
B24022433,21,2026/5/31,12987,0,1650,165,0,1815,福岡支店,レンタル法人,60,新規,12ヶ月以上
B24022433,22,2026/6/30,12987,0,1650,165,0,1815,福岡支店,レンタル法人,60,新規,12ヶ月以上
B24022433,23,2026/7/31,12987,0,1650,165,0,1815,福岡支店,レンタル法人,60,新規,12ヶ月以上
B24022433,24,2026/8/31,12987,0,1650,165,0,1815,福岡支店,レンタル法人,60,新規,12ヶ月以上
B24022817,13,2025/9/30,14989,0,2450,245,0,2695,福岡支店,レンタル法人,60,新規,12ヶ月以上
B24022817,14,2025/10/31,14989,0,2450,245,0,2695,福岡支店,レンタル法人,60,新規,12ヶ月以上
B24022817,15,2025/11/30,14989,0,2450,245,0,2695,福岡支店,レンタル法人,60,新規,12ヶ月以上
B24022817,16,2025/12/31,14989,0,2450,245,0,2695,福岡支店,レンタル法人,60,新規,12ヶ月以上
B24022817,17,2026/1/31,14989,0,2450,245,0,2695,福岡支店,レンタル法人,60,新規,12ヶ月以上
B24022817,18,2026/2/28,14989,0,2450,245,0,2695,福岡支店,レンタル法人,60,新規,12ヶ月以上
B24022817,19,2026/3/31,14989,0,2450,245,0,2695,福岡支店,レンタル法人,60,新規,12ヶ月以上
B24022817,20,2026/4/30,14989,0,2450,245,0,2695,福岡支店,レンタル法人,60,新規,12ヶ月以上
B24022817,21,2026/5/31,14989,0,2450,245,0,2695,福岡支店,レンタル法人,60,新規,12ヶ月以上
B24022817,22,2026/6/30,14989,0,2450,245,0,2695,福岡支店,レンタル法人,60,新規,12ヶ月以上
B24022817,23,2026/7/31,14989,0,2450,245,0,2695,福岡支店,レンタル法人,60,新規,12ヶ月以上
B24022817,24,2026/8/31,14989,0,2450,245,0,2695,福岡支店,レンタル法人,60,新規,12ヶ月以上
B24022854,13,2025/9/30,12850,0,5800,580,0,6380,福岡支店,レンタル法人,60,新規,12ヶ月以上
B24022854,14,2025/10/31,12850,0,5800,580,0,6380,福岡支店,レンタル法人,60,新規,12ヶ月以上
B24022854,15,2025/11/30,12850,0,5800,580,0,6380,福岡支店,レンタル法人,60,新規,12ヶ月以上
B24022854,16,2025/12/31,12850,0,5800,580,0,6380,福岡支店,レンタル法人,60,新規,12ヶ月以上
B24022854,17,2026/1/31,12850,0,5800,580,0,6380,福岡支店,レンタル法人,60,新規,12ヶ月以上
B24022854,18,2026/2/28,12850,0,5800,580,0,6380,福岡支店,レンタル法人,60,新規,12ヶ月以上
B24022854,19,2026/3/31,12850,0,5800,580,0,6380,福岡支店,レンタル法人,60,新規,12ヶ月以上
B24022854,20,2026/4/30,12850,0,5800,580,0,6380,福岡支店,レンタル法人,60,新規,12ヶ月以上
B24022854,21,2026/5/31,12850,0,5800,580,0,6380,福岡支店,レンタル法人,60,新規,12ヶ月以上
B24022854,22,2026/6/30,12850,0,5800,580,0,6380,福岡支店,レンタル法人,60,新規,12ヶ月以上
B24022854,23,2026/7/31,12850,0,5800,580,0,6380,福岡支店,レンタル法人,60,新規,12ヶ月以上
B24022854,24,2026/8/31,12850,0,5800,580,0,6380,福岡支店,レンタル法人,60,新規,12ヶ月以上
B24022934,13,2025/9/30,14073,0,47638,4763,0,52401,福岡支店,レンタル法人,36,新規,12ヶ月以上
B24022934,14,2025/10/31,14073,0,47638,4763,0,52401,福岡支店,レンタル法人,36,新規,12ヶ月以上
B24022934,15,2025/11/30,14073,0,47638,4763,0,52401,福岡支店,レンタル法人,36,新規,12ヶ月以上
B24022934,16,2025/12/31,14073,0,47638,4763,0,52401,福岡支店,レンタル法人,36,新規,12ヶ月以上
B24022934,17,2026/1/31,14073,0,47638,4763,0,52401,福岡支店,レンタル法人,36,新規,12ヶ月以上
B24022934,18,2026/2/28,14073,0,47638,4763,0,52401,福岡支店,レンタル法人,36,新規,12ヶ月以上
B24022934,19,2026/3/31,14073,0,47638,4763,0,52401,福岡支店,レンタル法人,36,新規,12ヶ月以上
B24022934,20,2026/4/30,14073,0,47638,4763,0,52401,福岡支店,レンタル法人,36,新規,12ヶ月以上
B24022934,21,2026/5/31,14073,0,47638,4763,0,52401,福岡支店,レンタル法人,36,新規,12ヶ月以上
B24022934,22,2026/6/30,14073,0,47638,4763,0,52401,福岡支店,レンタル法人,36,新規,12ヶ月以上
B24022934,23,2026/7/31,14073,0,47638,4763,0,52401,福岡支店,レンタル法人,36,新規,12ヶ月以上
B24022934,24,2026/8/31,14073,0,47638,4763,0,52401,福岡支店,レンタル法人,36,新規,12ヶ月以上
B24022938,12,2025/9/30,15736,0,11091,1109,0,12200,福岡支店,レンタル法人,60,新規,12ヶ月以上
B24022938,13,2025/10/31,15736,0,11091,1109,0,12200,福岡支店,レンタル法人,60,新規,12ヶ月以上
B24022938,14,2025/11/30,15736,0,11091,1109,0,12200,福岡支店,レンタル法人,60,新規,12ヶ月以上
B24022938,15,2025/12/31,15736,0,11091,1109,0,12200,福岡支店,レンタル法人,60,新規,12ヶ月以上
B24022938,16,2026/1/31,15736,0,11091,1109,0,12200,福岡支店,レンタル法人,60,新規,12ヶ月以上
B24022938,17,2026/2/28,15736,0,11091,1109,0,12200,福岡支店,レンタル法人,60,新規,12ヶ月以上
B24022938,18,2026/3/31,15736,0,11091,1109,0,12200,福岡支店,レンタル法人,60,新規,12ヶ月以上
B24022938,19,2026/4/30,15736,0,11091,1109,0,12200,福岡支店,レンタル法人,60,新規,12ヶ月以上
B24022938,20,2026/5/31,15736,0,11091,1109,0,12200,福岡支店,レンタル法人,60,新規,12ヶ月以上
B24022938,21,2026/6/30,15736,0,11091,1109,0,12200,福岡支店,レンタル法人,60,新規,12ヶ月以上
B24022938,22,2026/7/31,15736,0,11091,1109,0,12200,福岡支店,レンタル法人,60,新規,12ヶ月以上
B24022938,23,2026/8/31,15736,0,11091,1109,0,12200,福岡支店,レンタル法人,60,新規,12ヶ月以上
B24022957,13,2025/9/30,12987,0,1650,165,0,1815,福岡支店,レンタル法人,60,新規,12ヶ月以上
B24022957,14,2025/10/31,12987,0,1650,165,0,1815,福岡支店,レンタル法人,60,新規,12ヶ月以上
B24022957,15,2025/11/30,12987,0,1650,165,0,1815,福岡支店,レンタル法人,60,新規,12ヶ月以上
B24022957,16,2025/12/31,12987,0,1650,165,0,1815,福岡支店,レンタル法人,60,新規,12ヶ月以上
B24022957,17,2026/1/31,12987,0,1650,165,0,1815,福岡支店,レンタル法人,60,新規,12ヶ月以上
B24022957,18,2026/2/28,12987,0,1650,165,0,1815,福岡支店,レンタル法人,60,新規,12ヶ月以上
B24022957,19,2026/3/31,12987,0,1650,165,0,1815,福岡支店,レンタル法人,60,新規,12ヶ月以上
B24022957,20,2026/4/30,12987,0,1650,165,0,1815,福岡支店,レンタル法人,60,新規,12ヶ月以上
B24022957,21,2026/5/31,12987,0,1650,165,0,1815,福岡支店,レンタル法人,60,新規,12ヶ月以上
B24022957,22,2026/6/30,12987,0,1650,165,0,1815,福岡支店,レンタル法人,60,新規,12ヶ月以上
B24022957,23,2026/7/31,12987,0,1650,165,0,1815,福岡支店,レンタル法人,60,新規,12ヶ月以上
B24022957,24,2026/8/31,12987,0,1650,165,0,1815,福岡支店,レンタル法人,60,新規,12ヶ月以上
B24023271,13,2025/9/30,14220,0,40300,4030,0,44330,福岡支店,レンタル法人,60,新規,12ヶ月以上
B24023271,14,2025/10/31,14220,0,40300,4030,0,44330,福岡支店,レンタル法人,60,新規,12ヶ月以上
B24023271,15,2025/11/30,14220,0,40300,4030,0,44330,福岡支店,レンタル法人,60,新規,12ヶ月以上
B24023271,16,2025/12/31,14220,0,40300,4030,0,44330,福岡支店,レンタル法人,60,新規,12ヶ月以上
B24023271,17,2026/1/31,14220,0,40300,4030,0,44330,福岡支店,レンタル法人,60,新規,12ヶ月以上
B24023271,18,2026/2/28,14220,0,40300,4030,0,44330,福岡支店,レンタル法人,60,新規,12ヶ月以上
B24023271,19,2026/3/31,14220,0,40300,4030,0,44330,福岡支店,レンタル法人,60,新規,12ヶ月以上
B24023271,20,2026/4/30,14220,0,40300,4030,0,44330,福岡支店,レンタル法人,60,新規,12ヶ月以上
B24023271,21,2026/5/31,14220,0,40300,4030,0,44330,福岡支店,レンタル法人,60,新規,12ヶ月以上
B24023271,22,2026/6/30,14220,0,40300,4030,0,44330,福岡支店,レンタル法人,60,新規,12ヶ月以上
B24023271,23,2026/7/31,14220,0,40300,4030,0,44330,福岡支店,レンタル法人,60,新規,12ヶ月以上
B24023271,24,2026/8/31,14220,0,40300,4030,0,44330,福岡支店,レンタル法人,60,新規,12ヶ月以上
B24023370,13,2025/9/30,4294,0,10600,1060,0,11660,福岡支店,レンタル法人,18,新規,12ヶ月以上
B24023370,14,2025/10/31,4294,0,10600,1060,0,11660,福岡支店,レンタル法人,18,新規,12ヶ月以上
B24023370,15,2025/11/30,4294,0,10600,1060,0,11660,福岡支店,レンタル法人,18,新規,12ヶ月以上
B24023370,16,2025/12/31,4294,0,10600,1060,0,11660,福岡支店,レンタル法人,18,新規,12ヶ月以上
B24023370,17,2026/1/31,4294,0,10600,1060,0,11660,福岡支店,レンタル法人,18,新規,12ヶ月以上
B24023370,18,2026/2/28,4294,0,10600,1060,0,11660,福岡支店,レンタル法人,18,新規,12ヶ月以上
B24023370,19,2026/3/31,4294,0,10600,1060,0,11660,福岡支店,レンタル法人,18,新規,12ヶ月以上
B24023388,12,2025/9/30,11894,0,28200,2820,0,31020,福岡支店,レンタル法人,60,新規,12ヶ月以上
B24023388,13,2025/10/31,11894,0,28200,2820,0,31020,福岡支店,レンタル法人,60,新規,12ヶ月以上
B24023388,14,2025/11/30,11894,0,28200,2820,0,31020,福岡支店,レンタル法人,60,新規,12ヶ月以上
B24023388,15,2025/12/31,11894,0,28200,2820,0,31020,福岡支店,レンタル法人,60,新規,12ヶ月以上
B24023388,16,2026/1/31,11894,0,28200,2820,0,31020,福岡支店,レンタル法人,60,新規,12ヶ月以上
B24023388,17,2026/2/28,11894,0,28200,2820,0,31020,福岡支店,レンタル法人,60,新規,12ヶ月以上
B24023388,18,2026/3/31,11894,0,28200,2820,0,31020,福岡支店,レンタル法人,60,新規,12ヶ月以上
B24023388,19,2026/4/30,11894,0,28200,2820,0,31020,福岡支店,レンタル法人,60,新規,12ヶ月以上
B24023388,20,2026/5/31,11894,0,28200,2820,0,31020,福岡支店,レンタル法人,60,新規,12ヶ月以上
B24023388,21,2026/6/30,11894,0,28200,2820,0,31020,福岡支店,レンタル法人,60,新規,12ヶ月以上
B24023388,22,2026/7/31,11894,0,28200,2820,0,31020,福岡支店,レンタル法人,60,新規,12ヶ月以上
B24023388,23,2026/8/31,11894,0,28200,2820,0,31020,福岡支店,レンタル法人,60,新規,12ヶ月以上
B24024212,12,2025/9/30,2134,0,3840,384,0,4224,福岡支店,レンタル法人,36,新規,12ヶ月以上
B24024212,13,2025/10/31,2134,0,3840,384,0,4224,福岡支店,レンタル法人,36,新規,12ヶ月以上
B24024212,14,2025/11/30,2134,0,3840,384,0,4224,福岡支店,レンタル法人,36,新規,12ヶ月以上
B24024212,15,2025/12/31,2134,0,3840,384,0,4224,福岡支店,レンタル法人,36,新規,12ヶ月以上
B24024212,16,2026/1/31,2134,0,3840,384,0,4224,福岡支店,レンタル法人,36,新規,12ヶ月以上
B24024212,17,2026/2/28,2134,0,3840,384,0,4224,福岡支店,レンタル法人,36,新規,12ヶ月以上
B24024212,18,2026/3/31,2134,0,3840,384,0,4224,福岡支店,レンタル法人,36,新規,12ヶ月以上
B24024212,19,2026/4/30,2134,0,3840,384,0,4224,福岡支店,レンタル法人,36,新規,12ヶ月以上
B24024212,20,2026/5/31,2134,0,3840,384,0,4224,福岡支店,レンタル法人,36,新規,12ヶ月以上
B24024212,21,2026/6/30,2134,0,3840,384,0,4224,福岡支店,レンタル法人,36,新規,12ヶ月以上
B24024212,22,2026/7/31,2134,0,3840,384,0,4224,福岡支店,レンタル法人,36,新規,12ヶ月以上
B24024212,23,2026/8/31,2134,0,3840,384,0,4224,福岡支店,レンタル法人,36,新規,12ヶ月以上
B24024234,12,2025/9/30,12987,0,1650,165,0,1815,福岡支店,レンタル法人,60,新規,12ヶ月以上
B24024234,13,2025/10/31,12987,0,1650,165,0,1815,福岡支店,レンタル法人,60,新規,12ヶ月以上
B24024234,14,2025/11/30,12987,0,1650,165,0,1815,福岡支店,レンタル法人,60,新規,12ヶ月以上
B24024234,15,2025/12/31,12987,0,1650,165,0,1815,福岡支店,レンタル法人,60,新規,12ヶ月以上
B24024234,16,2026/1/31,12987,0,1650,165,0,1815,福岡支店,レンタル法人,60,新規,12ヶ月以上
B24024234,17,2026/2/28,12987,0,1650,165,0,1815,福岡支店,レンタル法人,60,新規,12ヶ月以上
B24024234,18,2026/3/31,12987,0,1650,165,0,1815,福岡支店,レンタル法人,60,新規,12ヶ月以上
B24024234,19,2026/4/30,12987,0,1650,165,0,1815,福岡支店,レンタル法人,60,新規,12ヶ月以上
B24024234,20,2026/5/31,12987,0,1650,165,0,1815,福岡支店,レンタル法人,60,新規,12ヶ月以上
B24024234,21,2026/6/30,12987,0,1650,165,0,1815,福岡支店,レンタル法人,60,新規,12ヶ月以上
B24024234,22,2026/7/31,12987,0,1650,165,0,1815,福岡支店,レンタル法人,60,新規,12ヶ月以上
B24024234,23,2026/8/31,12987,0,1650,165,0,1815,福岡支店,レンタル法人,60,新規,12ヶ月以上
B24024252,12,2025/9/30,12130,0,2500,250,0,2750,福岡支店,レンタル法人,12,新規,12ヶ月未満
B24024408,12,2025/9/30,14736,0,2500,250,0,2750,福岡支店,レンタル法人,60,新規,12ヶ月以上
B24024408,13,2025/10/31,14736,0,2500,250,0,2750,福岡支店,レンタル法人,60,新規,12ヶ月以上
B24024408,14,2025/11/30,14736,0,2500,250,0,2750,福岡支店,レンタル法人,60,新規,12ヶ月以上
B24024408,15,2025/12/31,14736,0,2500,250,0,2750,福岡支店,レンタル法人,60,新規,12ヶ月以上
B24024408,16,2026/1/31,14736,0,2500,250,0,2750,福岡支店,レンタル法人,60,新規,12ヶ月以上
B24024408,17,2026/2/28,14736,0,2500,250,0,2750,福岡支店,レンタル法人,60,新規,12ヶ月以上
B24024408,18,2026/3/31,14736,0,2500,250,0,2750,福岡支店,レンタル法人,60,新規,12ヶ月以上
B24024408,19,2026/4/30,14736,0,2500,250,0,2750,福岡支店,レンタル法人,60,新規,12ヶ月以上
B24024408,20,2026/5/31,14736,0,2500,250,0,2750,福岡支店,レンタル法人,60,新規,12ヶ月以上
B24024408,21,2026/6/30,14736,0,2500,250,0,2750,福岡支店,レンタル法人,60,新規,12ヶ月以上
B24024408,22,2026/7/31,14736,0,2500,250,0,2750,福岡支店,レンタル法人,60,新規,12ヶ月以上
B24024408,23,2026/8/31,14736,0,2500,250,0,2750,福岡支店,レンタル法人,60,新規,12ヶ月以上
B24024874,13,2025/9/30,12569,0,35000,3500,0,38500,福岡支店,レンタル法人,60,新規,12ヶ月以上
B24024874,14,2025/10/31,12569,0,35000,3500,0,38500,福岡支店,レンタル法人,60,新規,12ヶ月以上
B24024874,15,2025/11/30,12569,0,35000,3500,0,38500,福岡支店,レンタル法人,60,新規,12ヶ月以上
B24024874,16,2025/12/31,12569,0,35000,3500,0,38500,福岡支店,レンタル法人,60,新規,12ヶ月以上
B24024874,17,2026/1/31,12569,0,35000,3500,0,38500,福岡支店,レンタル法人,60,新規,12ヶ月以上
B24024874,18,2026/2/28,12569,0,35000,3500,0,38500,福岡支店,レンタル法人,60,新規,12ヶ月以上
B24024874,19,2026/3/31,12569,0,35000,3500,0,38500,福岡支店,レンタル法人,60,新規,12ヶ月以上
B24024874,20,2026/4/30,12569,0,35000,3500,0,38500,福岡支店,レンタル法人,60,新規,12ヶ月以上
B24024874,21,2026/5/31,12569,0,35000,3500,0,38500,福岡支店,レンタル法人,60,新規,12ヶ月以上
B24024874,22,2026/6/30,12569,0,35000,3500,0,38500,福岡支店,レンタル法人,60,新規,12ヶ月以上
B24024874,23,2026/7/31,12569,0,35000,3500,0,38500,福岡支店,レンタル法人,60,新規,12ヶ月以上
B24024874,24,2026/8/31,12569,0,35000,3500,0,38500,福岡支店,レンタル法人,60,新規,12ヶ月以上
B24025498,12,2025/9/30,12248,0,5110,511,0,5621,福岡支店,レンタル法人,48,新規,12ヶ月以上
B24025498,13,2025/10/31,12248,0,5110,511,0,5621,福岡支店,レンタル法人,48,新規,12ヶ月以上
B24025498,14,2025/11/30,12248,0,5110,511,0,5621,福岡支店,レンタル法人,48,新規,12ヶ月以上
B24025498,15,2025/12/31,12248,0,5110,511,0,5621,福岡支店,レンタル法人,48,新規,12ヶ月以上
B24025498,16,2026/1/31,12248,0,5110,511,0,5621,福岡支店,レンタル法人,48,新規,12ヶ月以上
B24025498,17,2026/2/28,12248,0,5110,511,0,5621,福岡支店,レンタル法人,48,新規,12ヶ月以上
B24025498,18,2026/3/31,12248,0,5110,511,0,5621,福岡支店,レンタル法人,48,新規,12ヶ月以上
B24025498,19,2026/4/30,12248,0,5110,511,0,5621,福岡支店,レンタル法人,48,新規,12ヶ月以上
B24025498,20,2026/5/31,12248,0,5110,511,0,5621,福岡支店,レンタル法人,48,新規,12ヶ月以上
B24025498,21,2026/6/30,12248,0,5110,511,0,5621,福岡支店,レンタル法人,48,新規,12ヶ月以上
B24025498,22,2026/7/31,12248,0,5110,511,0,5621,福岡支店,レンタル法人,48,新規,12ヶ月以上
B24025498,23,2026/8/31,12248,0,5110,511,0,5621,福岡支店,レンタル法人,48,新規,12ヶ月以上
B24025818,10,2025/9/30,14736,0,14900,1490,0,16390,福岡支店,レンタル法人,60,新規,12ヶ月以上
B24025818,11,2025/10/31,14736,0,14900,1490,0,16390,福岡支店,レンタル法人,60,新規,12ヶ月以上
B24025818,12,2025/11/30,14736,0,14900,1490,0,16390,福岡支店,レンタル法人,60,新規,12ヶ月以上
B24025818,13,2025/12/31,14736,0,14900,1490,0,16390,福岡支店,レンタル法人,60,新規,12ヶ月以上
B24025818,14,2026/1/31,14736,0,14900,1490,0,16390,福岡支店,レンタル法人,60,新規,12ヶ月以上
B24025818,15,2026/2/28,14736,0,14900,1490,0,16390,福岡支店,レンタル法人,60,新規,12ヶ月以上
B24025818,16,2026/3/31,14736,0,14900,1490,0,16390,福岡支店,レンタル法人,60,新規,12ヶ月以上
B24025818,17,2026/4/30,14736,0,14900,1490,0,16390,福岡支店,レンタル法人,60,新規,12ヶ月以上
B24025818,18,2026/5/31,14736,0,14900,1490,0,16390,福岡支店,レンタル法人,60,新規,12ヶ月以上
B24025818,19,2026/6/30,14736,0,14900,1490,0,16390,福岡支店,レンタル法人,60,新規,12ヶ月以上
B24025818,20,2026/7/31,14736,0,14900,1490,0,16390,福岡支店,レンタル法人,60,新規,12ヶ月以上
B24025818,21,2026/8/31,14736,0,14900,1490,0,16390,福岡支店,レンタル法人,60,新規,12ヶ月以上
B24025875,12,2025/9/30,12987,0,1650,165,0,1815,福岡支店,レンタル法人,60,新規,12ヶ月以上
B24025875,13,2025/10/31,12987,0,1650,165,0,1815,福岡支店,レンタル法人,60,新規,12ヶ月以上
B24025875,14,2025/11/30,12987,0,1650,165,0,1815,福岡支店,レンタル法人,60,新規,12ヶ月以上
B24025875,15,2025/12/31,12987,0,1650,165,0,1815,福岡支店,レンタル法人,60,新規,12ヶ月以上
B24025875,16,2026/1/31,12987,0,1650,165,0,1815,福岡支店,レンタル法人,60,新規,12ヶ月以上
B24025875,17,2026/2/28,12987,0,1650,165,0,1815,福岡支店,レンタル法人,60,新規,12ヶ月以上
B24025875,18,2026/3/31,12987,0,1650,165,0,1815,福岡支店,レンタル法人,60,新規,12ヶ月以上
B24025875,19,2026/4/30,12987,0,1650,165,0,1815,福岡支店,レンタル法人,60,新規,12ヶ月以上
B24025875,20,2026/5/31,12987,0,1650,165,0,1815,福岡支店,レンタル法人,60,新規,12ヶ月以上
B24025875,21,2026/6/30,12987,0,1650,165,0,1815,福岡支店,レンタル法人,60,新規,12ヶ月以上
B24025875,22,2026/7/31,12987,0,1650,165,0,1815,福岡支店,レンタル法人,60,新規,12ヶ月以上
B24025875,23,2026/8/31,12987,0,1650,165,0,1815,福岡支店,レンタル法人,60,新規,12ヶ月以上
B24025967,12,2025/9/30,7602,0,2000,200,0,2200,福岡支店,レンタル法人,12,延長,12ヶ月未満
B24026214,11,2025/9/30,15899,0,1900,190,0,2090,福岡支店,レンタル法人,48,新規,12ヶ月以上
B24026214,12,2025/10/31,15899,0,1900,190,0,2090,福岡支店,レンタル法人,48,新規,12ヶ月以上
B24026214,13,2025/11/30,15899,0,1900,190,0,2090,福岡支店,レンタル法人,48,新規,12ヶ月以上
B24026214,14,2025/12/31,15899,0,1900,190,0,2090,福岡支店,レンタル法人,48,新規,12ヶ月以上
B24026214,15,2026/1/31,15899,0,1900,190,0,2090,福岡支店,レンタル法人,48,新規,12ヶ月以上
B24026214,16,2026/2/28,15899,0,1900,190,0,2090,福岡支店,レンタル法人,48,新規,12ヶ月以上
B24026214,17,2026/3/31,15899,0,1900,190,0,2090,福岡支店,レンタル法人,48,新規,12ヶ月以上
B24026214,18,2026/4/30,15899,0,1900,190,0,2090,福岡支店,レンタル法人,48,新規,12ヶ月以上
B24026214,19,2026/5/31,15899,0,1900,190,0,2090,福岡支店,レンタル法人,48,新規,12ヶ月以上
B24026214,20,2026/6/30,15899,0,1900,190,0,2090,福岡支店,レンタル法人,48,新規,12ヶ月以上
B24026214,21,2026/7/31,15899,0,1900,190,0,2090,福岡支店,レンタル法人,48,新規,12ヶ月以上
B24026214,22,2026/8/31,15899,0,1900,190,0,2090,福岡支店,レンタル法人,48,新規,12ヶ月以上
B24026704,11,2025/9/30,15899,0,3800,380,0,4180,福岡支店,レンタル法人,48,新規,12ヶ月以上
B24026704,12,2025/10/31,15899,0,3800,380,0,4180,福岡支店,レンタル法人,48,新規,12ヶ月以上
B24026704,13,2025/11/30,15899,0,3800,380,0,4180,福岡支店,レンタル法人,48,新規,12ヶ月以上
B24026704,14,2025/12/31,15899,0,3800,380,0,4180,福岡支店,レンタル法人,48,新規,12ヶ月以上
B24026704,15,2026/1/31,15899,0,3800,380,0,4180,福岡支店,レンタル法人,48,新規,12ヶ月以上
B24026704,16,2026/2/28,15899,0,3800,380,0,4180,福岡支店,レンタル法人,48,新規,12ヶ月以上
B24026704,17,2026/3/31,15899,0,3800,380,0,4180,福岡支店,レンタル法人,48,新規,12ヶ月以上
B24026704,18,2026/4/30,15899,0,3800,380,0,4180,福岡支店,レンタル法人,48,新規,12ヶ月以上
B24026704,19,2026/5/31,15899,0,3800,380,0,4180,福岡支店,レンタル法人,48,新規,12ヶ月以上
B24026704,20,2026/6/30,15899,0,3800,380,0,4180,福岡支店,レンタル法人,48,新規,12ヶ月以上
B24026704,21,2026/7/31,15899,0,3800,380,0,4180,福岡支店,レンタル法人,48,新規,12ヶ月以上
B24026704,22,2026/8/31,15899,0,3800,380,0,4180,福岡支店,レンタル法人,48,新規,12ヶ月以上
B24026828,11,2025/9/30,15899,0,11700,1170,0,12870,福岡支店,レンタル法人,48,新規,12ヶ月以上
B24026828,12,2025/10/31,15899,0,11700,1170,0,12870,福岡支店,レンタル法人,48,新規,12ヶ月以上
B24026828,13,2025/11/30,15899,0,11700,1170,0,12870,福岡支店,レンタル法人,48,新規,12ヶ月以上
B24026828,14,2025/12/31,15899,0,11700,1170,0,12870,福岡支店,レンタル法人,48,新規,12ヶ月以上
B24026828,15,2026/1/31,15899,0,11700,1170,0,12870,福岡支店,レンタル法人,48,新規,12ヶ月以上
B24026828,16,2026/2/28,15899,0,11700,1170,0,12870,福岡支店,レンタル法人,48,新規,12ヶ月以上
B24026828,17,2026/3/31,15899,0,11700,1170,0,12870,福岡支店,レンタル法人,48,新規,12ヶ月以上
B24026828,18,2026/4/30,15899,0,11700,1170,0,12870,福岡支店,レンタル法人,48,新規,12ヶ月以上
B24026828,19,2026/5/31,15899,0,11700,1170,0,12870,福岡支店,レンタル法人,48,新規,12ヶ月以上
B24026828,20,2026/6/30,15899,0,11700,1170,0,12870,福岡支店,レンタル法人,48,新規,12ヶ月以上
B24026828,21,2026/7/31,15899,0,11700,1170,0,12870,福岡支店,レンタル法人,48,新規,12ヶ月以上
B24026828,22,2026/8/31,15899,0,11700,1170,0,12870,福岡支店,レンタル法人,48,新規,12ヶ月以上
B24026900,11,2025/9/30,14672,0,12000,1200,0,13200,福岡支店,レンタル法人,60,新規,12ヶ月以上
B24026900,12,2025/10/31,14672,0,12000,1200,0,13200,福岡支店,レンタル法人,60,新規,12ヶ月以上
B24026900,13,2025/11/30,14672,0,12000,1200,0,13200,福岡支店,レンタル法人,60,新規,12ヶ月以上
B24026900,14,2025/12/31,14672,0,12000,1200,0,13200,福岡支店,レンタル法人,60,新規,12ヶ月以上
B24026900,15,2026/1/31,14672,0,12000,1200,0,13200,福岡支店,レンタル法人,60,新規,12ヶ月以上
B24026900,16,2026/2/28,14672,0,12000,1200,0,13200,福岡支店,レンタル法人,60,新規,12ヶ月以上
B24026900,17,2026/3/31,14672,0,12000,1200,0,13200,福岡支店,レンタル法人,60,新規,12ヶ月以上
B24026900,18,2026/4/30,14672,0,12000,1200,0,13200,福岡支店,レンタル法人,60,新規,12ヶ月以上
B24026900,19,2026/5/31,14672,0,12000,1200,0,13200,福岡支店,レンタル法人,60,新規,12ヶ月以上
B24026900,20,2026/6/30,14672,0,12000,1200,0,13200,福岡支店,レンタル法人,60,新規,12ヶ月以上
B24026900,21,2026/7/31,14672,0,12000,1200,0,13200,福岡支店,レンタル法人,60,新規,12ヶ月以上
B24026900,22,2026/8/31,14672,0,12000,1200,0,13200,福岡支店,レンタル法人,60,新規,12ヶ月以上
B24026919,12,2025/9/30,12130,0,2500,250,0,2750,福岡支店,レンタル法人,12,延長,12ヶ月未満
B24026927,11,2025/9/30,11894,0,5800,580,0,6380,福岡支店,レンタル法人,60,新規,12ヶ月以上
B24026927,12,2025/10/31,11894,0,5800,580,0,6380,福岡支店,レンタル法人,60,新規,12ヶ月以上
B24026927,13,2025/11/30,11894,0,5800,580,0,6380,福岡支店,レンタル法人,60,新規,12ヶ月以上
B24026927,14,2025/12/31,11894,0,5800,580,0,6380,福岡支店,レンタル法人,60,新規,12ヶ月以上
B24026927,15,2026/1/31,11894,0,5800,580,0,6380,福岡支店,レンタル法人,60,新規,12ヶ月以上
B24026927,16,2026/2/28,11894,0,5800,580,0,6380,福岡支店,レンタル法人,60,新規,12ヶ月以上
B24026927,17,2026/3/31,11894,0,5800,580,0,6380,福岡支店,レンタル法人,60,新規,12ヶ月以上
B24026927,18,2026/4/30,11894,0,5800,580,0,6380,福岡支店,レンタル法人,60,新規,12ヶ月以上
B24026927,19,2026/5/31,11894,0,5800,580,0,6380,福岡支店,レンタル法人,60,新規,12ヶ月以上
B24026927,20,2026/6/30,11894,0,5800,580,0,6380,福岡支店,レンタル法人,60,新規,12ヶ月以上
B24026927,21,2026/7/31,11894,0,5800,580,0,6380,福岡支店,レンタル法人,60,新規,12ヶ月以上
B24026927,22,2026/8/31,11894,0,5800,580,0,6380,福岡支店,レンタル法人,60,新規,12ヶ月以上
B24027022,11,2025/9/30,14989,0,27500,2750,0,30250,福岡支店,レンタル法人,60,新規,12ヶ月以上
B24027022,12,2025/10/31,14989,0,27500,2750,0,30250,福岡支店,レンタル法人,60,新規,12ヶ月以上
B24027022,13,2025/11/30,14989,0,27500,2750,0,30250,福岡支店,レンタル法人,60,新規,12ヶ月以上
B24027022,14,2025/12/31,14989,0,27500,2750,0,30250,福岡支店,レンタル法人,60,新規,12ヶ月以上
B24027022,15,2026/1/31,14989,0,27500,2750,0,30250,福岡支店,レンタル法人,60,新規,12ヶ月以上
B24027022,16,2026/2/28,14989,0,27500,2750,0,30250,福岡支店,レンタル法人,60,新規,12ヶ月以上
B24027022,17,2026/3/31,14989,0,27500,2750,0,30250,福岡支店,レンタル法人,60,新規,12ヶ月以上
B24027022,18,2026/4/30,14989,0,27500,2750,0,30250,福岡支店,レンタル法人,60,新規,12ヶ月以上
B24027022,19,2026/5/31,14989,0,27500,2750,0,30250,福岡支店,レンタル法人,60,新規,12ヶ月以上
B24027022,20,2026/6/30,14989,0,27500,2750,0,30250,福岡支店,レンタル法人,60,新規,12ヶ月以上
B24027022,21,2026/7/31,14989,0,27500,2750,0,30250,福岡支店,レンタル法人,60,新規,12ヶ月以上
B24027022,22,2026/8/31,14989,0,27500,2750,0,30250,福岡支店,レンタル法人,60,新規,12ヶ月以上
B24027195,12,2025/9/30,10734,0,2400,240,0,2640,福岡支店,レンタル法人,57,新規,12ヶ月以上
B24027195,13,2025/10/31,10734,0,2400,240,0,2640,福岡支店,レンタル法人,57,新規,12ヶ月以上
B24027195,14,2025/11/30,10734,0,2400,240,0,2640,福岡支店,レンタル法人,57,新規,12ヶ月以上
B24027195,15,2025/12/31,10734,0,2400,240,0,2640,福岡支店,レンタル法人,57,新規,12ヶ月以上
B24027195,16,2026/1/31,10734,0,2400,240,0,2640,福岡支店,レンタル法人,57,新規,12ヶ月以上
B24027195,17,2026/2/28,10734,0,2400,240,0,2640,福岡支店,レンタル法人,57,新規,12ヶ月以上
B24027195,18,2026/3/31,10734,0,2400,240,0,2640,福岡支店,レンタル法人,57,新規,12ヶ月以上
B24027195,19,2026/4/30,10734,0,2400,240,0,2640,福岡支店,レンタル法人,57,新規,12ヶ月以上
B24027195,20,2026/5/31,10734,0,2400,240,0,2640,福岡支店,レンタル法人,57,新規,12ヶ月以上
B24027195,21,2026/6/30,10734,0,2400,240,0,2640,福岡支店,レンタル法人,57,新規,12ヶ月以上
B24027195,22,2026/7/31,10734,0,2400,240,0,2640,福岡支店,レンタル法人,57,新規,12ヶ月以上
B24027195,23,2026/8/31,10734,0,2400,240,0,2640,福岡支店,レンタル法人,57,新規,12ヶ月以上
B24027203,11,2025/9/30,12248,0,5110,511,0,5621,福岡支店,レンタル法人,48,新規,12ヶ月以上
B24027203,12,2025/10/31,12248,0,5110,511,0,5621,福岡支店,レンタル法人,48,新規,12ヶ月以上
B24027203,13,2025/11/30,12248,0,5110,511,0,5621,福岡支店,レンタル法人,48,新規,12ヶ月以上
B24027203,14,2025/12/31,12248,0,5110,511,0,5621,福岡支店,レンタル法人,48,新規,12ヶ月以上
B24027203,15,2026/1/31,12248,0,5110,511,0,5621,福岡支店,レンタル法人,48,新規,12ヶ月以上
B24027203,16,2026/2/28,12248,0,5110,511,0,5621,福岡支店,レンタル法人,48,新規,12ヶ月以上
B24027203,17,2026/3/31,12248,0,5110,511,0,5621,福岡支店,レンタル法人,48,新規,12ヶ月以上
B24027203,18,2026/4/30,12248,0,5110,511,0,5621,福岡支店,レンタル法人,48,新規,12ヶ月以上
B24027203,19,2026/5/31,12248,0,5110,511,0,5621,福岡支店,レンタル法人,48,新規,12ヶ月以上
B24027203,20,2026/6/30,12248,0,5110,511,0,5621,福岡支店,レンタル法人,48,新規,12ヶ月以上
B24027203,21,2026/7/31,12248,0,5110,511,0,5621,福岡支店,レンタル法人,48,新規,12ヶ月以上
B24027203,22,2026/8/31,12248,0,5110,511,0,5621,福岡支店,レンタル法人,48,新規,12ヶ月以上
B24027251,11,2025/9/30,14758,0,2160,216,0,2376,福岡支店,レンタル法人,36,新規,12ヶ月以上
B24027251,12,2025/10/31,14758,0,2160,216,0,2376,福岡支店,レンタル法人,36,新規,12ヶ月以上
B24027251,13,2025/11/30,14758,0,2160,216,0,2376,福岡支店,レンタル法人,36,新規,12ヶ月以上
B24027251,14,2025/12/31,14758,0,2160,216,0,2376,福岡支店,レンタル法人,36,新規,12ヶ月以上
B24027251,15,2026/1/31,14758,0,2160,216,0,2376,福岡支店,レンタル法人,36,新規,12ヶ月以上
B24027251,16,2026/2/28,14758,0,2160,216,0,2376,福岡支店,レンタル法人,36,新規,12ヶ月以上
B24027251,17,2026/3/31,14758,0,2160,216,0,2376,福岡支店,レンタル法人,36,新規,12ヶ月以上
B24027251,18,2026/4/30,14758,0,2160,216,0,2376,福岡支店,レンタル法人,36,新規,12ヶ月以上
B24027251,19,2026/5/31,14758,0,2160,216,0,2376,福岡支店,レンタル法人,36,新規,12ヶ月以上
B24027251,20,2026/6/30,14758,0,2160,216,0,2376,福岡支店,レンタル法人,36,新規,12ヶ月以上
B24027251,21,2026/7/31,14758,0,2160,216,0,2376,福岡支店,レンタル法人,36,新規,12ヶ月以上
B24027251,22,2026/8/31,14758,0,2160,216,0,2376,福岡支店,レンタル法人,36,新規,12ヶ月以上
B24027375,11,2025/9/30,15957,0,3420,342,0,3762,福岡支店,レンタル法人,60,新規,12ヶ月以上
B24027375,12,2025/10/31,15957,0,3420,342,0,3762,福岡支店,レンタル法人,60,新規,12ヶ月以上
B24027375,13,2025/11/30,15957,0,3420,342,0,3762,福岡支店,レンタル法人,60,新規,12ヶ月以上
B24027375,14,2025/12/31,15957,0,3420,342,0,3762,福岡支店,レンタル法人,60,新規,12ヶ月以上
B24027375,15,2026/1/31,15957,0,3420,342,0,3762,福岡支店,レンタル法人,60,新規,12ヶ月以上
B24027375,16,2026/2/28,15957,0,3420,342,0,3762,福岡支店,レンタル法人,60,新規,12ヶ月以上
B24027375,17,2026/3/31,15957,0,3420,342,0,3762,福岡支店,レンタル法人,60,新規,12ヶ月以上
B24027375,18,2026/4/30,15957,0,3420,342,0,3762,福岡支店,レンタル法人,60,新規,12ヶ月以上
B24027375,19,2026/5/31,15957,0,3420,342,0,3762,福岡支店,レンタル法人,60,新規,12ヶ月以上
B24027375,20,2026/6/30,15957,0,3420,342,0,3762,福岡支店,レンタル法人,60,新規,12ヶ月以上
B24027375,21,2026/7/31,15957,0,3420,342,0,3762,福岡支店,レンタル法人,60,新規,12ヶ月以上
B24027375,22,2026/8/31,15957,0,3420,342,0,3762,福岡支店,レンタル法人,60,新規,12ヶ月以上
B24027821,11,2025/9/30,11914,0,2500,250,0,2750,福岡支店,レンタル法人,60,新規,12ヶ月以上
B24027821,12,2025/10/31,11914,0,2500,250,0,2750,福岡支店,レンタル法人,60,新規,12ヶ月以上
B24027821,13,2025/11/30,11914,0,2500,250,0,2750,福岡支店,レンタル法人,60,新規,12ヶ月以上
B24027821,14,2025/12/31,11914,0,2500,250,0,2750,福岡支店,レンタル法人,60,新規,12ヶ月以上
B24027821,15,2026/1/31,11914,0,2500,250,0,2750,福岡支店,レンタル法人,60,新規,12ヶ月以上
B24027821,16,2026/2/28,11914,0,2500,250,0,2750,福岡支店,レンタル法人,60,新規,12ヶ月以上
B24027821,17,2026/3/31,11914,0,2500,250,0,2750,福岡支店,レンタル法人,60,新規,12ヶ月以上
B24027821,18,2026/4/30,11914,0,2500,250,0,2750,福岡支店,レンタル法人,60,新規,12ヶ月以上
B24027821,19,2026/5/31,11914,0,2500,250,0,2750,福岡支店,レンタル法人,60,新規,12ヶ月以上
B24027821,20,2026/6/30,11914,0,2500,250,0,2750,福岡支店,レンタル法人,60,新規,12ヶ月以上
B24027821,21,2026/7/31,11914,0,2500,250,0,2750,福岡支店,レンタル法人,60,新規,12ヶ月以上
B24027821,22,2026/8/31,11914,0,2500,250,0,2750,福岡支店,レンタル法人,60,新規,12ヶ月以上
B24028009,11,2025/9/30,14340,0,6428,642,0,7070,福岡支店,レンタル法人,60,新規,12ヶ月以上
B24028009,12,2025/10/31,14340,0,6428,642,0,7070,福岡支店,レンタル法人,60,新規,12ヶ月以上
B24028009,13,2025/11/30,14340,0,6428,642,0,7070,福岡支店,レンタル法人,60,新規,12ヶ月以上
B24028009,14,2025/12/31,14340,0,6428,642,0,7070,福岡支店,レンタル法人,60,新規,12ヶ月以上
B24028009,15,2026/1/31,14340,0,6428,642,0,7070,福岡支店,レンタル法人,60,新規,12ヶ月以上
B24028009,16,2026/2/28,14340,0,6428,642,0,7070,福岡支店,レンタル法人,60,新規,12ヶ月以上
B24028009,17,2026/3/31,14340,0,6428,642,0,7070,福岡支店,レンタル法人,60,新規,12ヶ月以上
B24028009,18,2026/4/30,14340,0,6428,642,0,7070,福岡支店,レンタル法人,60,新規,12ヶ月以上
B24028009,19,2026/5/31,14340,0,6428,642,0,7070,福岡支店,レンタル法人,60,新規,12ヶ月以上
B24028009,20,2026/6/30,14340,0,6428,642,0,7070,福岡支店,レンタル法人,60,新規,12ヶ月以上
B24028009,21,2026/7/31,14340,0,6428,642,0,7070,福岡支店,レンタル法人,60,新規,12ヶ月以上
B24028009,22,2026/8/31,14340,0,6428,642,0,7070,福岡支店,レンタル法人,60,新規,12ヶ月以上
B24028549,11,2025/9/30,14099,0,4400,440,0,4840,福岡支店,レンタル法人,60,新規,12ヶ月以上
B24028549,12,2025/10/31,14099,0,4400,440,0,4840,福岡支店,レンタル法人,60,新規,12ヶ月以上
B24028549,13,2025/11/30,14099,0,4400,440,0,4840,福岡支店,レンタル法人,60,新規,12ヶ月以上
B24028549,14,2025/12/31,14099,0,4400,440,0,4840,福岡支店,レンタル法人,60,新規,12ヶ月以上
B24028549,15,2026/1/31,14099,0,4400,440,0,4840,福岡支店,レンタル法人,60,新規,12ヶ月以上
B24028549,16,2026/2/28,14099,0,4400,440,0,4840,福岡支店,レンタル法人,60,新規,12ヶ月以上
B24028549,17,2026/3/31,14099,0,4400,440,0,4840,福岡支店,レンタル法人,60,新規,12ヶ月以上
B24028549,18,2026/4/30,14099,0,4400,440,0,4840,福岡支店,レンタル法人,60,新規,12ヶ月以上
B24028549,19,2026/5/31,14099,0,4400,440,0,4840,福岡支店,レンタル法人,60,新規,12ヶ月以上
B24028549,20,2026/6/30,14099,0,4400,440,0,4840,福岡支店,レンタル法人,60,新規,12ヶ月以上
B24028549,21,2026/7/31,14099,0,4400,440,0,4840,福岡支店,レンタル法人,60,新規,12ヶ月以上
B24028549,22,2026/8/31,14099,0,4400,440,0,4840,福岡支店,レンタル法人,60,新規,12ヶ月以上
B24028588,11,2025/9/30,12987,0,1700,170,0,1870,福岡支店,レンタル法人,60,新規,12ヶ月以上
B24028588,12,2025/10/31,12987,0,1700,170,0,1870,福岡支店,レンタル法人,60,新規,12ヶ月以上
B24028588,13,2025/11/30,12987,0,1700,170,0,1870,福岡支店,レンタル法人,60,新規,12ヶ月以上
B24028588,14,2025/12/31,12987,0,1700,170,0,1870,福岡支店,レンタル法人,60,新規,12ヶ月以上
B24028588,15,2026/1/31,12987,0,1700,170,0,1870,福岡支店,レンタル法人,60,新規,12ヶ月以上
B24028588,16,2026/2/28,12987,0,1700,170,0,1870,福岡支店,レンタル法人,60,新規,12ヶ月以上
B24028588,17,2026/3/31,12987,0,1700,170,0,1870,福岡支店,レンタル法人,60,新規,12ヶ月以上
B24028588,18,2026/4/30,12987,0,1700,170,0,1870,福岡支店,レンタル法人,60,新規,12ヶ月以上
B24028588,19,2026/5/31,12987,0,1700,170,0,1870,福岡支店,レンタル法人,60,新規,12ヶ月以上
B24028588,20,2026/6/30,12987,0,1700,170,0,1870,福岡支店,レンタル法人,60,新規,12ヶ月以上
B24028588,21,2026/7/31,12987,0,1700,170,0,1870,福岡支店,レンタル法人,60,新規,12ヶ月以上
B24028588,22,2026/8/31,12987,0,1700,170,0,1870,福岡支店,レンタル法人,60,新規,12ヶ月以上
B24028614,10,2025/9/30,15957,0,1700,170,0,1870,福岡支店,レンタル法人,60,新規,12ヶ月以上
B24028614,11,2025/10/31,15957,0,1700,170,0,1870,福岡支店,レンタル法人,60,新規,12ヶ月以上
B24028614,12,2025/11/30,15957,0,1700,170,0,1870,福岡支店,レンタル法人,60,新規,12ヶ月以上
B24028614,13,2025/12/31,15957,0,1700,170,0,1870,福岡支店,レンタル法人,60,新規,12ヶ月以上
B24028614,14,2026/1/31,15957,0,1700,170,0,1870,福岡支店,レンタル法人,60,新規,12ヶ月以上
B24028614,15,2026/2/28,15957,0,1700,170,0,1870,福岡支店,レンタル法人,60,新規,12ヶ月以上
B24028614,16,2026/3/31,15957,0,1700,170,0,1870,福岡支店,レンタル法人,60,新規,12ヶ月以上
B24028614,17,2026/4/30,15957,0,1700,170,0,1870,福岡支店,レンタル法人,60,新規,12ヶ月以上
B24028614,18,2026/5/31,15957,0,1700,170,0,1870,福岡支店,レンタル法人,60,新規,12ヶ月以上
B24028614,19,2026/6/30,15957,0,1700,170,0,1870,福岡支店,レンタル法人,60,新規,12ヶ月以上
B24028614,20,2026/7/31,15957,0,1700,170,0,1870,福岡支店,レンタル法人,60,新規,12ヶ月以上
B24028614,21,2026/8/31,15957,0,1700,170,0,1870,福岡支店,レンタル法人,60,新規,12ヶ月以上
B24028665,10,2025/9/30,14827,0,4300,430,0,4730,福岡支店,レンタル法人,48,新規,12ヶ月以上
B24028665,11,2025/10/31,14827,0,4300,430,0,4730,福岡支店,レンタル法人,48,新規,12ヶ月以上
B24028665,12,2025/11/30,14827,0,4300,430,0,4730,福岡支店,レンタル法人,48,新規,12ヶ月以上
B24028665,13,2025/12/31,14827,0,4300,430,0,4730,福岡支店,レンタル法人,48,新規,12ヶ月以上
B24028665,14,2026/1/31,14827,0,4300,430,0,4730,福岡支店,レンタル法人,48,新規,12ヶ月以上
B24028665,15,2026/2/28,14827,0,4300,430,0,4730,福岡支店,レンタル法人,48,新規,12ヶ月以上
B24028665,16,2026/3/31,14827,0,4300,430,0,4730,福岡支店,レンタル法人,48,新規,12ヶ月以上
B24028665,17,2026/4/30,14827,0,4300,430,0,4730,福岡支店,レンタル法人,48,新規,12ヶ月以上
B24028665,18,2026/5/31,14827,0,4300,430,0,4730,福岡支店,レンタル法人,48,新規,12ヶ月以上
B24028665,19,2026/6/30,14827,0,4300,430,0,4730,福岡支店,レンタル法人,48,新規,12ヶ月以上
B24028665,20,2026/7/31,14827,0,4300,430,0,4730,福岡支店,レンタル法人,48,新規,12ヶ月以上
B24028665,21,2026/8/31,14827,0,4300,430,0,4730,福岡支店,レンタル法人,48,新規,12ヶ月以上
B24028728,10,2025/9/30,11894,0,19740,1974,0,21714,福岡支店,レンタル法人,60,新規,12ヶ月以上
B24028728,11,2025/10/31,11894,0,19740,1974,0,21714,福岡支店,レンタル法人,60,新規,12ヶ月以上
B24028728,12,2025/11/30,11894,0,19740,1974,0,21714,福岡支店,レンタル法人,60,新規,12ヶ月以上
B24028728,13,2025/12/31,11894,0,19740,1974,0,21714,福岡支店,レンタル法人,60,新規,12ヶ月以上
B24028728,14,2026/1/31,11894,0,19740,1974,0,21714,福岡支店,レンタル法人,60,新規,12ヶ月以上
B24028728,15,2026/2/28,11894,0,19740,1974,0,21714,福岡支店,レンタル法人,60,新規,12ヶ月以上
B24028728,16,2026/3/31,11894,0,19740,1974,0,21714,福岡支店,レンタル法人,60,新規,12ヶ月以上
B24028728,17,2026/4/30,11894,0,19740,1974,0,21714,福岡支店,レンタル法人,60,新規,12ヶ月以上
B24028728,18,2026/5/31,11894,0,19740,1974,0,21714,福岡支店,レンタル法人,60,新規,12ヶ月以上
B24028728,19,2026/6/30,11894,0,19740,1974,0,21714,福岡支店,レンタル法人,60,新規,12ヶ月以上
B24028728,20,2026/7/31,11894,0,19740,1974,0,21714,福岡支店,レンタル法人,60,新規,12ヶ月以上
B24028728,21,2026/8/31,11894,0,19740,1974,0,21714,福岡支店,レンタル法人,60,新規,12ヶ月以上
B24028762,11,2025/9/30,16019,0,21819,2181,0,24000,福岡支店,レンタル法人,60,新規,12ヶ月以上
B24028762,12,2025/10/31,16019,0,21819,2181,0,24000,福岡支店,レンタル法人,60,新規,12ヶ月以上
B24028762,13,2025/11/30,16019,0,21819,2181,0,24000,福岡支店,レンタル法人,60,新規,12ヶ月以上
B24028762,14,2025/12/31,16019,0,21819,2181,0,24000,福岡支店,レンタル法人,60,新規,12ヶ月以上
B24028762,15,2026/1/31,16019,0,21819,2181,0,24000,福岡支店,レンタル法人,60,新規,12ヶ月以上
B24028762,16,2026/2/28,16019,0,21819,2181,0,24000,福岡支店,レンタル法人,60,新規,12ヶ月以上
B24028762,17,2026/3/31,16019,0,21819,2181,0,24000,福岡支店,レンタル法人,60,新規,12ヶ月以上
B24028762,18,2026/4/30,16019,0,21819,2181,0,24000,福岡支店,レンタル法人,60,新規,12ヶ月以上
B24028762,19,2026/5/31,16019,0,21819,2181,0,24000,福岡支店,レンタル法人,60,新規,12ヶ月以上
B24028762,20,2026/6/30,16019,0,21819,2181,0,24000,福岡支店,レンタル法人,60,新規,12ヶ月以上
B24028762,21,2026/7/31,16019,0,21819,2181,0,24000,福岡支店,レンタル法人,60,新規,12ヶ月以上
B24028762,22,2026/8/31,16019,0,21819,2181,0,24000,福岡支店,レンタル法人,60,新規,12ヶ月以上
B24028763,10,2025/9/30,16020,0,35940,3594,0,39534,福岡支店,レンタル法人,60,新規,12ヶ月以上
B24028763,11,2025/10/31,16020,0,35940,3594,0,39534,福岡支店,レンタル法人,60,新規,12ヶ月以上
B24028763,12,2025/11/30,16020,0,35940,3594,0,39534,福岡支店,レンタル法人,60,新規,12ヶ月以上
B24028763,13,2025/12/31,16020,0,35940,3594,0,39534,福岡支店,レンタル法人,60,新規,12ヶ月以上
B24028763,14,2026/1/31,16020,0,35940,3594,0,39534,福岡支店,レンタル法人,60,新規,12ヶ月以上
B24028763,15,2026/2/28,16020,0,35940,3594,0,39534,福岡支店,レンタル法人,60,新規,12ヶ月以上
B24028763,16,2026/3/31,16020,0,35940,3594,0,39534,福岡支店,レンタル法人,60,新規,12ヶ月以上
B24028763,17,2026/4/30,16020,0,35940,3594,0,39534,福岡支店,レンタル法人,60,新規,12ヶ月以上
B24028763,18,2026/5/31,16020,0,35940,3594,0,39534,福岡支店,レンタル法人,60,新規,12ヶ月以上
B24028763,19,2026/6/30,16020,0,35940,3594,0,39534,福岡支店,レンタル法人,60,新規,12ヶ月以上
B24028763,20,2026/7/31,16020,0,35940,3594,0,39534,福岡支店,レンタル法人,60,新規,12ヶ月以上
B24028763,21,2026/8/31,16020,0,35940,3594,0,39534,福岡支店,レンタル法人,60,新規,12ヶ月以上
B24028764,11,2025/9/30,16021,0,16780,1678,0,18458,福岡支店,レンタル法人,60,新規,12ヶ月以上
B24028764,12,2025/10/31,16021,0,16780,1678,0,18458,福岡支店,レンタル法人,60,新規,12ヶ月以上
B24028764,13,2025/11/30,16021,0,16780,1678,0,18458,福岡支店,レンタル法人,60,新規,12ヶ月以上
B24028764,14,2025/12/31,16021,0,16780,1678,0,18458,福岡支店,レンタル法人,60,新規,12ヶ月以上
B24028764,15,2026/1/31,16021,0,16780,1678,0,18458,福岡支店,レンタル法人,60,新規,12ヶ月以上
B24028764,16,2026/2/28,16021,0,16780,1678,0,18458,福岡支店,レンタル法人,60,新規,12ヶ月以上
B24028764,17,2026/3/31,16021,0,16780,1678,0,18458,福岡支店,レンタル法人,60,新規,12ヶ月以上
B24028764,18,2026/4/30,16021,0,16780,1678,0,18458,福岡支店,レンタル法人,60,新規,12ヶ月以上
B24028764,19,2026/5/31,16021,0,16780,1678,0,18458,福岡支店,レンタル法人,60,新規,12ヶ月以上
B24028764,20,2026/6/30,16021,0,16780,1678,0,18458,福岡支店,レンタル法人,60,新規,12ヶ月以上
B24028764,21,2026/7/31,16021,0,16780,1678,0,18458,福岡支店,レンタル法人,60,新規,12ヶ月以上
B24028764,22,2026/8/31,16021,0,16780,1678,0,18458,福岡支店,レンタル法人,60,新規,12ヶ月以上
B24028773,10,2025/9/30,16022,0,15980,1598,0,17578,福岡支店,レンタル法人,60,新規,12ヶ月以上
B24028773,11,2025/10/31,16022,0,15980,1598,0,17578,福岡支店,レンタル法人,60,新規,12ヶ月以上
B24028773,12,2025/11/30,16022,0,15980,1598,0,17578,福岡支店,レンタル法人,60,新規,12ヶ月以上
B24028773,13,2025/12/31,16022,0,15980,1598,0,17578,福岡支店,レンタル法人,60,新規,12ヶ月以上
B24028773,14,2026/1/31,16022,0,15980,1598,0,17578,福岡支店,レンタル法人,60,新規,12ヶ月以上
B24028773,15,2026/2/28,16022,0,15980,1598,0,17578,福岡支店,レンタル法人,60,新規,12ヶ月以上
B24028773,16,2026/3/31,16022,0,15980,1598,0,17578,福岡支店,レンタル法人,60,新規,12ヶ月以上
B24028773,17,2026/4/30,16022,0,15980,1598,0,17578,福岡支店,レンタル法人,60,新規,12ヶ月以上
B24028773,18,2026/5/31,16022,0,15980,1598,0,17578,福岡支店,レンタル法人,60,新規,12ヶ月以上
B24028773,19,2026/6/30,16022,0,15980,1598,0,17578,福岡支店,レンタル法人,60,新規,12ヶ月以上
B24028773,20,2026/7/31,16022,0,15980,1598,0,17578,福岡支店,レンタル法人,60,新規,12ヶ月以上
B24028773,21,2026/8/31,16022,0,15980,1598,0,17578,福岡支店,レンタル法人,60,新規,12ヶ月以上
B24028892,10,2025/9/30,16029,0,8470,847,0,9317,福岡支店,レンタル法人,36,新規,12ヶ月以上
B24028892,11,2025/10/31,16029,0,8470,847,0,9317,福岡支店,レンタル法人,36,新規,12ヶ月以上
B24028892,12,2025/11/30,16029,0,8470,847,0,9317,福岡支店,レンタル法人,36,新規,12ヶ月以上
B24028892,13,2025/12/31,16029,0,8470,847,0,9317,福岡支店,レンタル法人,36,新規,12ヶ月以上
B24028892,14,2026/1/31,16029,0,8470,847,0,9317,福岡支店,レンタル法人,36,新規,12ヶ月以上
B24028892,15,2026/2/28,16029,0,8470,847,0,9317,福岡支店,レンタル法人,36,新規,12ヶ月以上
B24028892,16,2026/3/31,16029,0,8470,847,0,9317,福岡支店,レンタル法人,36,新規,12ヶ月以上
B24028892,17,2026/4/30,16029,0,8470,847,0,9317,福岡支店,レンタル法人,36,新規,12ヶ月以上
B24028892,18,2026/5/31,16029,0,8470,847,0,9317,福岡支店,レンタル法人,36,新規,12ヶ月以上
B24028892,19,2026/6/30,16029,0,8470,847,0,9317,福岡支店,レンタル法人,36,新規,12ヶ月以上
B24028892,20,2026/7/31,16029,0,8470,847,0,9317,福岡支店,レンタル法人,36,新規,12ヶ月以上
B24028892,21,2026/8/31,16029,0,8470,847,0,9317,福岡支店,レンタル法人,36,新規,12ヶ月以上
B24028913,10,2025/9/30,10741,0,1980,198,0,2178,福岡支店,レンタル法人,12,新規,12ヶ月未満
B24028913,11,2025/10/31,10741,0,1980,198,0,2178,福岡支店,レンタル法人,12,新規,12ヶ月未満
B24028913,12,2025/11/30,10741,0,1980,198,0,2178,福岡支店,レンタル法人,12,新規,12ヶ月未満
B24028934,11,2025/9/30,14215,0,15800,1580,0,17380,福岡支店,レンタル法人,12,新規,12ヶ月未満
B24028934,12,2025/10/31,14215,0,15800,1580,0,17380,福岡支店,レンタル法人,12,新規,12ヶ月未満
B24028947,10,2025/9/30,15899,0,5850,585,0,6435,福岡支店,レンタル法人,48,新規,12ヶ月以上
B24028947,11,2025/10/31,15899,0,5850,585,0,6435,福岡支店,レンタル法人,48,新規,12ヶ月以上
B24028947,12,2025/11/30,15899,0,5850,585,0,6435,福岡支店,レンタル法人,48,新規,12ヶ月以上
B24028947,13,2025/12/31,15899,0,5850,585,0,6435,福岡支店,レンタル法人,48,新規,12ヶ月以上
B24028947,14,2026/1/31,15899,0,5850,585,0,6435,福岡支店,レンタル法人,48,新規,12ヶ月以上
B24028947,15,2026/2/28,15899,0,5850,585,0,6435,福岡支店,レンタル法人,48,新規,12ヶ月以上
B24028947,16,2026/3/31,15899,0,5850,585,0,6435,福岡支店,レンタル法人,48,新規,12ヶ月以上
B24028947,17,2026/4/30,15899,0,5850,585,0,6435,福岡支店,レンタル法人,48,新規,12ヶ月以上
B24028947,18,2026/5/31,15899,0,5850,585,0,6435,福岡支店,レンタル法人,48,新規,12ヶ月以上
B24028947,19,2026/6/30,15899,0,5850,585,0,6435,福岡支店,レンタル法人,48,新規,12ヶ月以上
B24028947,20,2026/7/31,15899,0,5850,585,0,6435,福岡支店,レンタル法人,48,新規,12ヶ月以上
B24028947,21,2026/8/31,15899,0,5850,585,0,6435,福岡支店,レンタル法人,48,新規,12ヶ月以上
B24029414,11,2025/9/30,10190,0,112700,11270,0,123970,福岡支店,レンタル法人,60,新規,12ヶ月以上
B24029414,12,2025/10/31,10190,0,112700,11270,0,123970,福岡支店,レンタル法人,60,新規,12ヶ月以上
B24029414,13,2025/11/30,10190,0,112700,11270,0,123970,福岡支店,レンタル法人,60,新規,12ヶ月以上
B24029414,14,2025/12/31,10190,0,112700,11270,0,123970,福岡支店,レンタル法人,60,新規,12ヶ月以上
B24029414,15,2026/1/31,10190,0,112700,11270,0,123970,福岡支店,レンタル法人,60,新規,12ヶ月以上
B24029414,16,2026/2/28,10190,0,112700,11270,0,123970,福岡支店,レンタル法人,60,新規,12ヶ月以上
B24029414,17,2026/3/31,10190,0,112700,11270,0,123970,福岡支店,レンタル法人,60,新規,12ヶ月以上
B24029414,18,2026/4/30,10190,0,112700,11270,0,123970,福岡支店,レンタル法人,60,新規,12ヶ月以上
B24029414,19,2026/5/31,10190,0,112700,11270,0,123970,福岡支店,レンタル法人,60,新規,12ヶ月以上
B24029414,20,2026/6/30,10190,0,112700,11270,0,123970,福岡支店,レンタル法人,60,新規,12ヶ月以上
B24029414,21,2026/7/31,10190,0,112700,11270,0,123970,福岡支店,レンタル法人,60,新規,12ヶ月以上
B24029414,22,2026/8/31,10190,0,112700,11270,0,123970,福岡支店,レンタル法人,60,新規,12ヶ月以上
B24029475,11,2025/9/30,12130,0,5000,500,0,5500,福岡支店,レンタル法人,12,延長,12ヶ月未満
B24029475,12,2025/10/31,12130,0,5000,500,0,5500,福岡支店,レンタル法人,12,延長,12ヶ月未満
B24029539,10,2025/9/30,14989,0,2500,250,0,2750,福岡支店,レンタル法人,60,新規,12ヶ月以上
B24029539,11,2025/10/31,14989,0,2500,250,0,2750,福岡支店,レンタル法人,60,新規,12ヶ月以上
B24029539,12,2025/11/30,14989,0,2500,250,0,2750,福岡支店,レンタル法人,60,新規,12ヶ月以上
B24029539,13,2025/12/31,14989,0,2500,250,0,2750,福岡支店,レンタル法人,60,新規,12ヶ月以上
B24029539,14,2026/1/31,14989,0,2500,250,0,2750,福岡支店,レンタル法人,60,新規,12ヶ月以上
B24029539,15,2026/2/28,14989,0,2500,250,0,2750,福岡支店,レンタル法人,60,新規,12ヶ月以上
B24029539,16,2026/3/31,14989,0,2500,250,0,2750,福岡支店,レンタル法人,60,新規,12ヶ月以上
B24029539,17,2026/4/30,14989,0,2500,250,0,2750,福岡支店,レンタル法人,60,新規,12ヶ月以上
B24029539,18,2026/5/31,14989,0,2500,250,0,2750,福岡支店,レンタル法人,60,新規,12ヶ月以上
B24029539,19,2026/6/30,14989,0,2500,250,0,2750,福岡支店,レンタル法人,60,新規,12ヶ月以上
B24029539,20,2026/7/31,14989,0,2500,250,0,2750,福岡支店,レンタル法人,60,新規,12ヶ月以上
B24029539,21,2026/8/31,14989,0,2500,250,0,2750,福岡支店,レンタル法人,60,新規,12ヶ月以上
B24029540,10,2025/9/30,14989,0,2900,290,0,3190,福岡支店,レンタル法人,60,新規,12ヶ月以上
B24029540,11,2025/10/31,14989,0,2900,290,0,3190,福岡支店,レンタル法人,60,新規,12ヶ月以上
B24029540,12,2025/11/30,14989,0,2900,290,0,3190,福岡支店,レンタル法人,60,新規,12ヶ月以上
B24029540,13,2025/12/31,14989,0,2900,290,0,3190,福岡支店,レンタル法人,60,新規,12ヶ月以上
B24029540,14,2026/1/31,14989,0,2900,290,0,3190,福岡支店,レンタル法人,60,新規,12ヶ月以上
B24029540,15,2026/2/28,14989,0,2900,290,0,3190,福岡支店,レンタル法人,60,新規,12ヶ月以上
B24029540,16,2026/3/31,14989,0,2900,290,0,3190,福岡支店,レンタル法人,60,新規,12ヶ月以上
B24029540,17,2026/4/30,14989,0,2900,290,0,3190,福岡支店,レンタル法人,60,新規,12ヶ月以上
B24029540,18,2026/5/31,14989,0,2900,290,0,3190,福岡支店,レンタル法人,60,新規,12ヶ月以上
B24029540,19,2026/6/30,14989,0,2900,290,0,3190,福岡支店,レンタル法人,60,新規,12ヶ月以上
B24029540,20,2026/7/31,14989,0,2900,290,0,3190,福岡支店,レンタル法人,60,新規,12ヶ月以上
B24029540,21,2026/8/31,14989,0,2900,290,0,3190,福岡支店,レンタル法人,60,新規,12ヶ月以上
B24029558,11,2025/9/30,12130,0,2500,250,0,2750,福岡支店,レンタル法人,12,新規,12ヶ月未満
B24029558,12,2025/10/31,12130,0,2500,250,0,2750,福岡支店,レンタル法人,12,新規,12ヶ月未満
B24029736,2,2025/9/30,16092,0,25960,2596,0,28556,福岡支店,レンタル法人,52,新規,12ヶ月以上
B24029736,3,2025/10/31,16092,0,25960,2596,0,28556,福岡支店,レンタル法人,52,新規,12ヶ月以上
B24029736,4,2025/11/30,16092,0,25960,2596,0,28556,福岡支店,レンタル法人,52,新規,12ヶ月以上
B24029736,5,2025/12/31,16092,0,25960,2596,0,28556,福岡支店,レンタル法人,52,新規,12ヶ月以上
B24029736,6,2026/1/31,16092,0,25960,2596,0,28556,福岡支店,レンタル法人,52,新規,12ヶ月以上
B24029736,7,2026/2/28,16092,0,25960,2596,0,28556,福岡支店,レンタル法人,52,新規,12ヶ月以上
B24029736,8,2026/3/31,16092,0,25960,2596,0,28556,福岡支店,レンタル法人,52,新規,12ヶ月以上
B24029736,9,2026/4/30,16092,0,25960,2596,0,28556,福岡支店,レンタル法人,52,新規,12ヶ月以上
B24029736,10,2026/5/31,16092,0,25960,2596,0,28556,福岡支店,レンタル法人,52,新規,12ヶ月以上
B24029736,11,2026/6/30,16092,0,25960,2596,0,28556,福岡支店,レンタル法人,52,新規,12ヶ月以上
B24029736,12,2026/7/31,16092,0,25960,2596,0,28556,福岡支店,レンタル法人,52,新規,12ヶ月以上
B24029736,13,2026/8/31,16092,0,25960,2596,0,28556,福岡支店,レンタル法人,52,新規,12ヶ月以上
B24029862,10,2025/9/30,12850,0,3000,300,0,3300,福岡支店,レンタル法人,60,新規,12ヶ月以上
B24029862,11,2025/10/31,12850,0,3000,300,0,3300,福岡支店,レンタル法人,60,新規,12ヶ月以上
B24029862,12,2025/11/30,12850,0,3000,300,0,3300,福岡支店,レンタル法人,60,新規,12ヶ月以上
B24029862,13,2025/12/31,12850,0,3000,300,0,3300,福岡支店,レンタル法人,60,新規,12ヶ月以上
B24029862,14,2026/1/31,12850,0,3000,300,0,3300,福岡支店,レンタル法人,60,新規,12ヶ月以上
B24029862,15,2026/2/28,12850,0,3000,300,0,3300,福岡支店,レンタル法人,60,新規,12ヶ月以上
B24029862,16,2026/3/31,12850,0,3000,300,0,3300,福岡支店,レンタル法人,60,新規,12ヶ月以上
B24029862,17,2026/4/30,12850,0,3000,300,0,3300,福岡支店,レンタル法人,60,新規,12ヶ月以上
B24029862,18,2026/5/31,12850,0,3000,300,0,3300,福岡支店,レンタル法人,60,新規,12ヶ月以上
B24029862,19,2026/6/30,12850,0,3000,300,0,3300,福岡支店,レンタル法人,60,新規,12ヶ月以上
B24029862,20,2026/7/31,12850,0,3000,300,0,3300,福岡支店,レンタル法人,60,新規,12ヶ月以上
B24029862,21,2026/8/31,12850,0,3000,300,0,3300,福岡支店,レンタル法人,60,新規,12ヶ月以上
B24030068,10,2025/9/30,11894,0,300,30,0,330,福岡支店,レンタル法人,57,新規,12ヶ月以上
B24030068,11,2025/10/31,11894,0,300,30,0,330,福岡支店,レンタル法人,57,新規,12ヶ月以上
B24030068,12,2025/11/30,11894,0,300,30,0,330,福岡支店,レンタル法人,57,新規,12ヶ月以上
B24030068,13,2025/12/31,11894,0,300,30,0,330,福岡支店,レンタル法人,57,新規,12ヶ月以上
B24030068,14,2026/1/31,11894,0,300,30,0,330,福岡支店,レンタル法人,57,新規,12ヶ月以上
B24030068,15,2026/2/28,11894,0,300,30,0,330,福岡支店,レンタル法人,57,新規,12ヶ月以上
B24030068,16,2026/3/31,11894,0,300,30,0,330,福岡支店,レンタル法人,57,新規,12ヶ月以上
B24030068,17,2026/4/30,11894,0,300,30,0,330,福岡支店,レンタル法人,57,新規,12ヶ月以上
B24030068,18,2026/5/31,11894,0,300,30,0,330,福岡支店,レンタル法人,57,新規,12ヶ月以上
B24030068,19,2026/6/30,11894,0,300,30,0,330,福岡支店,レンタル法人,57,新規,12ヶ月以上
B24030068,20,2026/7/31,11894,0,300,30,0,330,福岡支店,レンタル法人,57,新規,12ヶ月以上
B24030068,21,2026/8/31,11894,0,300,30,0,330,福岡支店,レンタル法人,57,新規,12ヶ月以上
B24030224,10,2025/9/30,14220,0,3780,378,0,4158,福岡支店,レンタル法人,48,新規,12ヶ月以上
B24030224,11,2025/10/31,14220,0,3780,378,0,4158,福岡支店,レンタル法人,48,新規,12ヶ月以上
B24030224,12,2025/11/30,14220,0,3780,378,0,4158,福岡支店,レンタル法人,48,新規,12ヶ月以上
B24030224,13,2025/12/31,14220,0,3780,378,0,4158,福岡支店,レンタル法人,48,新規,12ヶ月以上
B24030224,14,2026/1/31,14220,0,3780,378,0,4158,福岡支店,レンタル法人,48,新規,12ヶ月以上
B24030224,15,2026/2/28,14220,0,3780,378,0,4158,福岡支店,レンタル法人,48,新規,12ヶ月以上
B24030224,16,2026/3/31,14220,0,3780,378,0,4158,福岡支店,レンタル法人,48,新規,12ヶ月以上
B24030224,17,2026/4/30,14220,0,3780,378,0,4158,福岡支店,レンタル法人,48,新規,12ヶ月以上
B24030224,18,2026/5/31,14220,0,3780,378,0,4158,福岡支店,レンタル法人,48,新規,12ヶ月以上
B24030224,19,2026/6/30,14220,0,3780,378,0,4158,福岡支店,レンタル法人,48,新規,12ヶ月以上
B24030224,20,2026/7/31,14220,0,3780,378,0,4158,福岡支店,レンタル法人,48,新規,12ヶ月以上
B24030224,21,2026/8/31,14220,0,3780,378,0,4158,福岡支店,レンタル法人,48,新規,12ヶ月以上
B24030227,11,2025/9/30,16113,0,248780,24878,0,273658,福岡支店,レンタル法人,29,新規,12ヶ月以上
B24030227,12,2025/10/31,16113,0,248780,24878,0,273658,福岡支店,レンタル法人,29,新規,12ヶ月以上
B24030227,13,2025/11/30,16113,0,248780,24878,0,273658,福岡支店,レンタル法人,29,新規,12ヶ月以上
B24030227,14,2025/12/31,16113,0,248780,24878,0,273658,福岡支店,レンタル法人,29,新規,12ヶ月以上
B24030227,15,2026/1/31,16113,0,248780,24878,0,273658,福岡支店,レンタル法人,29,新規,12ヶ月以上
B24030227,16,2026/2/28,16113,0,248780,24878,0,273658,福岡支店,レンタル法人,29,新規,12ヶ月以上
B24030227,17,2026/3/31,16113,0,248780,24878,0,273658,福岡支店,レンタル法人,29,新規,12ヶ月以上
B24030227,18,2026/4/30,16113,0,248780,24878,0,273658,福岡支店,レンタル法人,29,新規,12ヶ月以上
B24030227,19,2026/5/31,16113,0,248780,24878,0,273658,福岡支店,レンタル法人,29,新規,12ヶ月以上
B24030227,20,2026/6/30,16113,0,248780,24878,0,273658,福岡支店,レンタル法人,29,新規,12ヶ月以上
B24030227,21,2026/7/31,16113,0,248780,24878,0,273658,福岡支店,レンタル法人,29,新規,12ヶ月以上
B24030227,22,2026/8/31,16113,0,248780,24878,0,273658,福岡支店,レンタル法人,29,新規,12ヶ月以上
B24030266,10,2025/9/30,15957,0,3420,342,0,3762,福岡支店,レンタル法人,60,新規,12ヶ月以上
B24030266,11,2025/10/31,15957,0,3420,342,0,3762,福岡支店,レンタル法人,60,新規,12ヶ月以上
B24030266,12,2025/11/30,15957,0,3420,342,0,3762,福岡支店,レンタル法人,60,新規,12ヶ月以上
B24030266,13,2025/12/31,15957,0,3420,342,0,3762,福岡支店,レンタル法人,60,新規,12ヶ月以上
B24030266,14,2026/1/31,15957,0,3420,342,0,3762,福岡支店,レンタル法人,60,新規,12ヶ月以上
B24030266,15,2026/2/28,15957,0,3420,342,0,3762,福岡支店,レンタル法人,60,新規,12ヶ月以上
B24030266,16,2026/3/31,15957,0,3420,342,0,3762,福岡支店,レンタル法人,60,新規,12ヶ月以上
B24030266,17,2026/4/30,15957,0,3420,342,0,3762,福岡支店,レンタル法人,60,新規,12ヶ月以上
B24030266,18,2026/5/31,15957,0,3420,342,0,3762,福岡支店,レンタル法人,60,新規,12ヶ月以上
B24030266,19,2026/6/30,15957,0,3420,342,0,3762,福岡支店,レンタル法人,60,新規,12ヶ月以上
B24030266,20,2026/7/31,15957,0,3420,342,0,3762,福岡支店,レンタル法人,60,新規,12ヶ月以上
B24030266,21,2026/8/31,15957,0,3420,342,0,3762,福岡支店,レンタル法人,60,新規,12ヶ月以上
B24030719,10,2025/9/30,14672,0,3000,300,0,3300,福岡支店,レンタル法人,60,新規,12ヶ月以上
B24030719,11,2025/10/31,14672,0,3000,300,0,3300,福岡支店,レンタル法人,60,新規,12ヶ月以上
B24030719,12,2025/11/30,14672,0,3000,300,0,3300,福岡支店,レンタル法人,60,新規,12ヶ月以上
B24030719,13,2025/12/31,14672,0,3000,300,0,3300,福岡支店,レンタル法人,60,新規,12ヶ月以上
B24030719,14,2026/1/31,14672,0,3000,300,0,3300,福岡支店,レンタル法人,60,新規,12ヶ月以上
B24030719,15,2026/2/28,14672,0,3000,300,0,3300,福岡支店,レンタル法人,60,新規,12ヶ月以上
B24030719,16,2026/3/31,14672,0,3000,300,0,3300,福岡支店,レンタル法人,60,新規,12ヶ月以上
B24030719,17,2026/4/30,14672,0,3000,300,0,3300,福岡支店,レンタル法人,60,新規,12ヶ月以上
B24030719,18,2026/5/31,14672,0,3000,300,0,3300,福岡支店,レンタル法人,60,新規,12ヶ月以上
B24030719,19,2026/6/30,14672,0,3000,300,0,3300,福岡支店,レンタル法人,60,新規,12ヶ月以上
B24030719,20,2026/7/31,14672,0,3000,300,0,3300,福岡支店,レンタル法人,60,新規,12ヶ月以上
B24030719,21,2026/8/31,14672,0,3000,300,0,3300,福岡支店,レンタル法人,60,新規,12ヶ月以上
B24030899,11,2025/9/30,12569,0,35000,3500,0,38500,福岡支店,レンタル法人,60,新規,12ヶ月以上
B24030899,12,2025/10/31,12569,0,35000,3500,0,38500,福岡支店,レンタル法人,60,新規,12ヶ月以上
B24030899,13,2025/11/30,12569,0,35000,3500,0,38500,福岡支店,レンタル法人,60,新規,12ヶ月以上
B24030899,14,2025/12/31,12569,0,35000,3500,0,38500,福岡支店,レンタル法人,60,新規,12ヶ月以上
B24030899,15,2026/1/31,12569,0,35000,3500,0,38500,福岡支店,レンタル法人,60,新規,12ヶ月以上
B24030899,16,2026/2/28,12569,0,35000,3500,0,38500,福岡支店,レンタル法人,60,新規,12ヶ月以上
B24030899,17,2026/3/31,12569,0,35000,3500,0,38500,福岡支店,レンタル法人,60,新規,12ヶ月以上
B24030899,18,2026/4/30,12569,0,35000,3500,0,38500,福岡支店,レンタル法人,60,新規,12ヶ月以上
B24030899,19,2026/5/31,12569,0,35000,3500,0,38500,福岡支店,レンタル法人,60,新規,12ヶ月以上
B24030899,20,2026/6/30,12569,0,35000,3500,0,38500,福岡支店,レンタル法人,60,新規,12ヶ月以上
B24030899,21,2026/7/31,12569,0,35000,3500,0,38500,福岡支店,レンタル法人,60,新規,12ヶ月以上
B24030899,22,2026/8/31,12569,0,35000,3500,0,38500,福岡支店,レンタル法人,60,新規,12ヶ月以上
B24031022,9,2025/9/30,11894,0,10240,1024,0,11264,福岡支店,レンタル法人,60,新規,12ヶ月以上
B24031022,10,2025/10/31,11894,0,10240,1024,0,11264,福岡支店,レンタル法人,60,新規,12ヶ月以上
B24031022,11,2025/11/30,11894,0,10240,1024,0,11264,福岡支店,レンタル法人,60,新規,12ヶ月以上
B24031022,12,2025/12/31,11894,0,10240,1024,0,11264,福岡支店,レンタル法人,60,新規,12ヶ月以上
B24031022,13,2026/1/31,11894,0,10240,1024,0,11264,福岡支店,レンタル法人,60,新規,12ヶ月以上
B24031022,14,2026/2/28,11894,0,10240,1024,0,11264,福岡支店,レンタル法人,60,新規,12ヶ月以上
B24031022,15,2026/3/31,11894,0,10240,1024,0,11264,福岡支店,レンタル法人,60,新規,12ヶ月以上
B24031022,16,2026/4/30,11894,0,10240,1024,0,11264,福岡支店,レンタル法人,60,新規,12ヶ月以上
B24031022,17,2026/5/31,11894,0,10240,1024,0,11264,福岡支店,レンタル法人,60,新規,12ヶ月以上
B24031022,18,2026/6/30,11894,0,10240,1024,0,11264,福岡支店,レンタル法人,60,新規,12ヶ月以上
B24031022,19,2026/7/31,11894,0,10240,1024,0,11264,福岡支店,レンタル法人,60,新規,12ヶ月以上
B24031022,20,2026/8/31,11894,0,10240,1024,0,11264,福岡支店,レンタル法人,60,新規,12ヶ月以上
B24031197,10,2025/9/30,16137,0,15980,1598,0,17578,福岡支店,レンタル法人,60,新規,12ヶ月以上
B24031197,11,2025/10/31,16137,0,15980,1598,0,17578,福岡支店,レンタル法人,60,新規,12ヶ月以上
B24031197,12,2025/11/30,16137,0,15980,1598,0,17578,福岡支店,レンタル法人,60,新規,12ヶ月以上
B24031197,13,2025/12/31,16137,0,15980,1598,0,17578,福岡支店,レンタル法人,60,新規,12ヶ月以上
B24031197,14,2026/1/31,16137,0,15980,1598,0,17578,福岡支店,レンタル法人,60,新規,12ヶ月以上
B24031197,15,2026/2/28,16137,0,15980,1598,0,17578,福岡支店,レンタル法人,60,新規,12ヶ月以上
B24031197,16,2026/3/31,16137,0,15980,1598,0,17578,福岡支店,レンタル法人,60,新規,12ヶ月以上
B24031197,17,2026/4/30,16137,0,15980,1598,0,17578,福岡支店,レンタル法人,60,新規,12ヶ月以上
B24031197,18,2026/5/31,16137,0,15980,1598,0,17578,福岡支店,レンタル法人,60,新規,12ヶ月以上
B24031197,19,2026/6/30,16137,0,15980,1598,0,17578,福岡支店,レンタル法人,60,新規,12ヶ月以上
B24031197,20,2026/7/31,16137,0,15980,1598,0,17578,福岡支店,レンタル法人,60,新規,12ヶ月以上
B24031197,21,2026/8/31,16137,0,15980,1598,0,17578,福岡支店,レンタル法人,60,新規,12ヶ月以上
B24031199,10,2025/9/30,14220,0,3780,378,0,4158,福岡支店,レンタル法人,48,新規,12ヶ月以上
B24031199,11,2025/10/31,14220,0,3780,378,0,4158,福岡支店,レンタル法人,48,新規,12ヶ月以上
B24031199,12,2025/11/30,14220,0,3780,378,0,4158,福岡支店,レンタル法人,48,新規,12ヶ月以上
B24031199,13,2025/12/31,14220,0,3780,378,0,4158,福岡支店,レンタル法人,48,新規,12ヶ月以上
B24031199,14,2026/1/31,14220,0,3780,378,0,4158,福岡支店,レンタル法人,48,新規,12ヶ月以上
B24031199,15,2026/2/28,14220,0,3780,378,0,4158,福岡支店,レンタル法人,48,新規,12ヶ月以上
B24031199,16,2026/3/31,14220,0,3780,378,0,4158,福岡支店,レンタル法人,48,新規,12ヶ月以上
B24031199,17,2026/4/30,14220,0,3780,378,0,4158,福岡支店,レンタル法人,48,新規,12ヶ月以上
B24031199,18,2026/5/31,14220,0,3780,378,0,4158,福岡支店,レンタル法人,48,新規,12ヶ月以上
B24031199,19,2026/6/30,14220,0,3780,378,0,4158,福岡支店,レンタル法人,48,新規,12ヶ月以上
B24031199,20,2026/7/31,14220,0,3780,378,0,4158,福岡支店,レンタル法人,48,新規,12ヶ月以上
B24031199,21,2026/8/31,14220,0,3780,378,0,4158,福岡支店,レンタル法人,48,新規,12ヶ月以上
B24031603,10,2025/9/30,13145,0,0,0,0,0,福岡支店,レンタル法人,40,新規,12ヶ月以上
B24031603,11,2025/10/31,13145,0,0,0,0,0,福岡支店,レンタル法人,40,新規,12ヶ月以上
B24031603,12,2025/11/30,13145,0,0,0,0,0,福岡支店,レンタル法人,40,新規,12ヶ月以上
B24031603,13,2025/12/31,13145,0,0,0,0,0,福岡支店,レンタル法人,40,新規,12ヶ月以上
B24031603,14,2026/1/31,13145,0,0,0,0,0,福岡支店,レンタル法人,40,新規,12ヶ月以上
B24031603,15,2026/2/28,13145,0,0,0,0,0,福岡支店,レンタル法人,40,新規,12ヶ月以上
B24031603,16,2026/3/31,13145,0,0,0,0,0,福岡支店,レンタル法人,40,新規,12ヶ月以上
B24031603,17,2026/4/30,13145,0,0,0,0,0,福岡支店,レンタル法人,40,新規,12ヶ月以上
B24031603,18,2026/5/31,13145,0,0,0,0,0,福岡支店,レンタル法人,40,新規,12ヶ月以上
B24031603,19,2026/6/30,13145,0,0,0,0,0,福岡支店,レンタル法人,40,新規,12ヶ月以上
B24031603,20,2026/7/31,13145,0,0,0,0,0,福岡支店,レンタル法人,40,新規,12ヶ月以上
B24031603,21,2026/8/31,13145,0,0,0,0,0,福岡支店,レンタル法人,40,新規,12ヶ月以上
B24031640,10,2025/9/30,14220,0,3780,378,0,4158,福岡支店,レンタル法人,48,新規,12ヶ月以上
B24031640,11,2025/10/31,14220,0,3780,378,0,4158,福岡支店,レンタル法人,48,新規,12ヶ月以上
B24031640,12,2025/11/30,14220,0,3780,378,0,4158,福岡支店,レンタル法人,48,新規,12ヶ月以上
B24031640,13,2025/12/31,14220,0,3780,378,0,4158,福岡支店,レンタル法人,48,新規,12ヶ月以上
B24031640,14,2026/1/31,14220,0,3780,378,0,4158,福岡支店,レンタル法人,48,新規,12ヶ月以上
B24031640,15,2026/2/28,14220,0,3780,378,0,4158,福岡支店,レンタル法人,48,新規,12ヶ月以上
B24031640,16,2026/3/31,14220,0,3780,378,0,4158,福岡支店,レンタル法人,48,新規,12ヶ月以上
B24031640,17,2026/4/30,14220,0,3780,378,0,4158,福岡支店,レンタル法人,48,新規,12ヶ月以上
B24031640,18,2026/5/31,14220,0,3780,378,0,4158,福岡支店,レンタル法人,48,新規,12ヶ月以上
B24031640,19,2026/6/30,14220,0,3780,378,0,4158,福岡支店,レンタル法人,48,新規,12ヶ月以上
B24031640,20,2026/7/31,14220,0,3780,378,0,4158,福岡支店,レンタル法人,48,新規,12ヶ月以上
B24031640,21,2026/8/31,14220,0,3780,378,0,4158,福岡支店,レンタル法人,48,新規,12ヶ月以上
B24031642,10,2025/9/30,14220,0,5350,535,0,5885,福岡支店,レンタル法人,48,新規,12ヶ月以上
B24031642,11,2025/10/31,14220,0,5350,535,0,5885,福岡支店,レンタル法人,48,新規,12ヶ月以上
B24031642,12,2025/11/30,14220,0,5350,535,0,5885,福岡支店,レンタル法人,48,新規,12ヶ月以上
B24031642,13,2025/12/31,14220,0,5350,535,0,5885,福岡支店,レンタル法人,48,新規,12ヶ月以上
B24031642,14,2026/1/31,14220,0,5350,535,0,5885,福岡支店,レンタル法人,48,新規,12ヶ月以上
B24031642,15,2026/2/28,14220,0,5350,535,0,5885,福岡支店,レンタル法人,48,新規,12ヶ月以上
B24031642,16,2026/3/31,14220,0,5350,535,0,5885,福岡支店,レンタル法人,48,新規,12ヶ月以上
B24031642,17,2026/4/30,14220,0,5350,535,0,5885,福岡支店,レンタル法人,48,新規,12ヶ月以上
B24031642,18,2026/5/31,14220,0,5350,535,0,5885,福岡支店,レンタル法人,48,新規,12ヶ月以上
B24031642,19,2026/6/30,14220,0,5350,535,0,5885,福岡支店,レンタル法人,48,新規,12ヶ月以上
B24031642,20,2026/7/31,14220,0,5350,535,0,5885,福岡支店,レンタル法人,48,新規,12ヶ月以上
B24031642,21,2026/8/31,14220,0,5350,535,0,5885,福岡支店,レンタル法人,48,新規,12ヶ月以上
B24031646,10,2025/9/30,14989,0,3000,300,0,3300,福岡支店,レンタル法人,60,新規,12ヶ月以上
B24031646,11,2025/10/31,14989,0,3000,300,0,3300,福岡支店,レンタル法人,60,新規,12ヶ月以上
B24031646,12,2025/11/30,14989,0,3000,300,0,3300,福岡支店,レンタル法人,60,新規,12ヶ月以上
B24031646,13,2025/12/31,14989,0,3000,300,0,3300,福岡支店,レンタル法人,60,新規,12ヶ月以上
B24031646,14,2026/1/31,14989,0,3000,300,0,3300,福岡支店,レンタル法人,60,新規,12ヶ月以上
B24031646,15,2026/2/28,14989,0,3000,300,0,3300,福岡支店,レンタル法人,60,新規,12ヶ月以上
B24031646,16,2026/3/31,14989,0,3000,300,0,3300,福岡支店,レンタル法人,60,新規,12ヶ月以上
B24031646,17,2026/4/30,14989,0,3000,300,0,3300,福岡支店,レンタル法人,60,新規,12ヶ月以上
B24031646,18,2026/5/31,14989,0,3000,300,0,3300,福岡支店,レンタル法人,60,新規,12ヶ月以上
B24031646,19,2026/6/30,14989,0,3000,300,0,3300,福岡支店,レンタル法人,60,新規,12ヶ月以上
B24031646,20,2026/7/31,14989,0,3000,300,0,3300,福岡支店,レンタル法人,60,新規,12ヶ月以上
B24031646,21,2026/8/31,14989,0,3000,300,0,3300,福岡支店,レンタル法人,60,新規,12ヶ月以上
B24031839,9,2025/9/30,16185,0,15980,1598,0,17578,福岡支店,レンタル法人,60,新規,12ヶ月以上
B24031839,10,2025/10/31,16185,0,15980,1598,0,17578,福岡支店,レンタル法人,60,新規,12ヶ月以上
B24031839,11,2025/11/30,16185,0,15980,1598,0,17578,福岡支店,レンタル法人,60,新規,12ヶ月以上
B24031839,12,2025/12/31,16185,0,15980,1598,0,17578,福岡支店,レンタル法人,60,新規,12ヶ月以上
B24031839,13,2026/1/31,16185,0,15980,1598,0,17578,福岡支店,レンタル法人,60,新規,12ヶ月以上
B24031839,14,2026/2/28,16185,0,15980,1598,0,17578,福岡支店,レンタル法人,60,新規,12ヶ月以上
B24031839,15,2026/3/31,16185,0,15980,1598,0,17578,福岡支店,レンタル法人,60,新規,12ヶ月以上
B24031839,16,2026/4/30,16185,0,15980,1598,0,17578,福岡支店,レンタル法人,60,新規,12ヶ月以上
B24031839,17,2026/5/31,16185,0,15980,1598,0,17578,福岡支店,レンタル法人,60,新規,12ヶ月以上
B24031839,18,2026/6/30,16185,0,15980,1598,0,17578,福岡支店,レンタル法人,60,新規,12ヶ月以上
B24031839,19,2026/7/31,16185,0,15980,1598,0,17578,福岡支店,レンタル法人,60,新規,12ヶ月以上
B24031839,20,2026/8/31,16185,0,15980,1598,0,17578,福岡支店,レンタル法人,60,新規,12ヶ月以上
B24031844,10,2025/9/30,13345,0,2050,205,0,2255,福岡支店,レンタル法人,60,新規,12ヶ月以上
B24031844,11,2025/10/31,13345,0,2050,205,0,2255,福岡支店,レンタル法人,60,新規,12ヶ月以上
B24031844,12,2025/11/30,13345,0,2050,205,0,2255,福岡支店,レンタル法人,60,新規,12ヶ月以上
B24031844,13,2025/12/31,13345,0,2050,205,0,2255,福岡支店,レンタル法人,60,新規,12ヶ月以上
B24031844,14,2026/1/31,13345,0,2050,205,0,2255,福岡支店,レンタル法人,60,新規,12ヶ月以上
B24031844,15,2026/2/28,13345,0,2050,205,0,2255,福岡支店,レンタル法人,60,新規,12ヶ月以上
B24031844,16,2026/3/31,13345,0,2050,205,0,2255,福岡支店,レンタル法人,60,新規,12ヶ月以上
B24031844,17,2026/4/30,13345,0,2050,205,0,2255,福岡支店,レンタル法人,60,新規,12ヶ月以上
B24031844,18,2026/5/31,13345,0,2050,205,0,2255,福岡支店,レンタル法人,60,新規,12ヶ月以上
B24031844,19,2026/6/30,13345,0,2050,205,0,2255,福岡支店,レンタル法人,60,新規,12ヶ月以上
B24031844,20,2026/7/31,13345,0,2050,205,0,2255,福岡支店,レンタル法人,60,新規,12ヶ月以上
B24031844,21,2026/8/31,13345,0,2050,205,0,2255,福岡支店,レンタル法人,60,新規,12ヶ月以上
B24032024,9,2025/9/30,14758,0,1800,180,0,1980,福岡支店,レンタル法人,36,新規,12ヶ月以上
B24032024,10,2025/10/31,14758,0,1800,180,0,1980,福岡支店,レンタル法人,36,新規,12ヶ月以上
B24032024,11,2025/11/30,14758,0,1800,180,0,1980,福岡支店,レンタル法人,36,新規,12ヶ月以上
B24032024,12,2025/12/31,14758,0,1800,180,0,1980,福岡支店,レンタル法人,36,新規,12ヶ月以上
B24032024,13,2026/1/31,14758,0,1800,180,0,1980,福岡支店,レンタル法人,36,新規,12ヶ月以上
B24032024,14,2026/2/28,14758,0,1800,180,0,1980,福岡支店,レンタル法人,36,新規,12ヶ月以上
B24032024,15,2026/3/31,14758,0,1800,180,0,1980,福岡支店,レンタル法人,36,新規,12ヶ月以上
B24032024,16,2026/4/30,14758,0,1800,180,0,1980,福岡支店,レンタル法人,36,新規,12ヶ月以上
B24032024,17,2026/5/31,14758,0,1800,180,0,1980,福岡支店,レンタル法人,36,新規,12ヶ月以上
B24032024,18,2026/6/30,14758,0,1800,180,0,1980,福岡支店,レンタル法人,36,新規,12ヶ月以上
B24032024,19,2026/7/31,14758,0,1800,180,0,1980,福岡支店,レンタル法人,36,新規,12ヶ月以上
B24032024,20,2026/8/31,14758,0,1800,180,0,1980,福岡支店,レンタル法人,36,新規,12ヶ月以上
B24032175,8,2025/9/30,11894,0,42900,4290,0,47190,福岡支店,レンタル法人,60,新規,12ヶ月以上
B24032175,9,2025/10/31,11894,0,42900,4290,0,47190,福岡支店,レンタル法人,60,新規,12ヶ月以上
B24032175,10,2025/11/30,11894,0,42900,4290,0,47190,福岡支店,レンタル法人,60,新規,12ヶ月以上
B24032175,11,2025/12/31,11894,0,42900,4290,0,47190,福岡支店,レンタル法人,60,新規,12ヶ月以上
B24032175,12,2026/1/31,11894,0,42900,4290,0,47190,福岡支店,レンタル法人,60,新規,12ヶ月以上
B24032175,13,2026/2/28,11894,0,42900,4290,0,47190,福岡支店,レンタル法人,60,新規,12ヶ月以上
B24032175,14,2026/3/31,11894,0,42900,4290,0,47190,福岡支店,レンタル法人,60,新規,12ヶ月以上
B24032175,15,2026/4/30,11894,0,42900,4290,0,47190,福岡支店,レンタル法人,60,新規,12ヶ月以上
B24032175,16,2026/5/31,11894,0,42900,4290,0,47190,福岡支店,レンタル法人,60,新規,12ヶ月以上
B24032175,17,2026/6/30,11894,0,42900,4290,0,47190,福岡支店,レンタル法人,60,新規,12ヶ月以上
B24032175,18,2026/7/31,11894,0,42900,4290,0,47190,福岡支店,レンタル法人,60,新規,12ヶ月以上
B24032175,19,2026/8/31,11894,0,42900,4290,0,47190,福岡支店,レンタル法人,60,新規,12ヶ月以上
B24032188,9,2025/9/30,14073,0,23637,2363,0,26000,福岡支店,レンタル法人,36,新規,12ヶ月以上
B24032188,10,2025/10/31,14073,0,23637,2363,0,26000,福岡支店,レンタル法人,36,新規,12ヶ月以上
B24032188,11,2025/11/30,14073,0,23637,2363,0,26000,福岡支店,レンタル法人,36,新規,12ヶ月以上
B24032188,12,2025/12/31,14073,0,23637,2363,0,26000,福岡支店,レンタル法人,36,新規,12ヶ月以上
B24032188,13,2026/1/31,14073,0,23637,2363,0,26000,福岡支店,レンタル法人,36,新規,12ヶ月以上
B24032188,14,2026/2/28,14073,0,23637,2363,0,26000,福岡支店,レンタル法人,36,新規,12ヶ月以上
B24032188,15,2026/3/31,14073,0,23637,2363,0,26000,福岡支店,レンタル法人,36,新規,12ヶ月以上
B24032188,16,2026/4/30,14073,0,23637,2363,0,26000,福岡支店,レンタル法人,36,新規,12ヶ月以上
B24032188,17,2026/5/31,14073,0,23637,2363,0,26000,福岡支店,レンタル法人,36,新規,12ヶ月以上
B24032188,18,2026/6/30,14073,0,23637,2363,0,26000,福岡支店,レンタル法人,36,新規,12ヶ月以上
B24032188,19,2026/7/31,14073,0,23637,2363,0,26000,福岡支店,レンタル法人,36,新規,12ヶ月以上
B24032188,20,2026/8/31,14073,0,23637,2363,0,26000,福岡支店,レンタル法人,36,新規,12ヶ月以上
B24032189,9,2025/9/30,14322,0,3182,318,0,3500,福岡支店,レンタル法人,60,新規,12ヶ月以上
B24032189,10,2025/10/31,14322,0,3182,318,0,3500,福岡支店,レンタル法人,60,新規,12ヶ月以上
B24032189,11,2025/11/30,14322,0,3182,318,0,3500,福岡支店,レンタル法人,60,新規,12ヶ月以上
B24032189,12,2025/12/31,14322,0,3182,318,0,3500,福岡支店,レンタル法人,60,新規,12ヶ月以上
B24032189,13,2026/1/31,14322,0,3182,318,0,3500,福岡支店,レンタル法人,60,新規,12ヶ月以上
B24032189,14,2026/2/28,14322,0,3182,318,0,3500,福岡支店,レンタル法人,60,新規,12ヶ月以上
B24032189,15,2026/3/31,14322,0,3182,318,0,3500,福岡支店,レンタル法人,60,新規,12ヶ月以上
B24032189,16,2026/4/30,14322,0,3182,318,0,3500,福岡支店,レンタル法人,60,新規,12ヶ月以上
B24032189,17,2026/5/31,14322,0,3182,318,0,3500,福岡支店,レンタル法人,60,新規,12ヶ月以上
B24032189,18,2026/6/30,14322,0,3182,318,0,3500,福岡支店,レンタル法人,60,新規,12ヶ月以上
B24032189,19,2026/7/31,14322,0,3182,318,0,3500,福岡支店,レンタル法人,60,新規,12ヶ月以上
B24032189,20,2026/8/31,14322,0,3182,318,0,3500,福岡支店,レンタル法人,60,新規,12ヶ月以上
B24032557,9,2025/9/30,16184,0,3120,312,0,3432,福岡支店,レンタル法人,36,新規,12ヶ月以上
B24032557,10,2025/10/31,16184,0,3120,312,0,3432,福岡支店,レンタル法人,36,新規,12ヶ月以上
B24032557,11,2025/11/30,16184,0,3120,312,0,3432,福岡支店,レンタル法人,36,新規,12ヶ月以上
B24032557,12,2025/12/31,16184,0,3120,312,0,3432,福岡支店,レンタル法人,36,新規,12ヶ月以上
B24032557,13,2026/1/31,16184,0,3120,312,0,3432,福岡支店,レンタル法人,36,新規,12ヶ月以上
B24032557,14,2026/2/28,16184,0,3120,312,0,3432,福岡支店,レンタル法人,36,新規,12ヶ月以上
B24032557,15,2026/3/31,16184,0,3120,312,0,3432,福岡支店,レンタル法人,36,新規,12ヶ月以上
B24032557,16,2026/4/30,16184,0,3120,312,0,3432,福岡支店,レンタル法人,36,新規,12ヶ月以上
B24032557,17,2026/5/31,16184,0,3120,312,0,3432,福岡支店,レンタル法人,36,新規,12ヶ月以上
B24032557,18,2026/6/30,16184,0,3120,312,0,3432,福岡支店,レンタル法人,36,新規,12ヶ月以上
B24032557,19,2026/7/31,16184,0,3120,312,0,3432,福岡支店,レンタル法人,36,新規,12ヶ月以上
B24032557,20,2026/8/31,16184,0,3120,312,0,3432,福岡支店,レンタル法人,36,新規,12ヶ月以上
B24032659,10,2025/9/30,10190,0,12800,1280,0,14080,福岡支店,レンタル法人,12,新規,12ヶ月未満
B24032659,11,2025/10/31,10190,0,12800,1280,0,14080,福岡支店,レンタル法人,12,新規,12ヶ月未満
B24032659,12,2025/11/30,10190,0,12800,1280,0,14080,福岡支店,レンタル法人,12,新規,12ヶ月未満
B24032817,9,2025/9/30,15899,0,10500,1050,0,11550,福岡支店,レンタル法人,48,新規,12ヶ月以上
B24032817,10,2025/10/31,15899,0,10500,1050,0,11550,福岡支店,レンタル法人,48,新規,12ヶ月以上
B24032817,11,2025/11/30,15899,0,10500,1050,0,11550,福岡支店,レンタル法人,48,新規,12ヶ月以上
B24032817,12,2025/12/31,15899,0,10500,1050,0,11550,福岡支店,レンタル法人,48,新規,12ヶ月以上
B24032817,13,2026/1/31,15899,0,10500,1050,0,11550,福岡支店,レンタル法人,48,新規,12ヶ月以上
B24032817,14,2026/2/28,15899,0,10500,1050,0,11550,福岡支店,レンタル法人,48,新規,12ヶ月以上
B24032817,15,2026/3/31,15899,0,10500,1050,0,11550,福岡支店,レンタル法人,48,新規,12ヶ月以上
B24032817,16,2026/4/30,15899,0,10500,1050,0,11550,福岡支店,レンタル法人,48,新規,12ヶ月以上
B24032817,17,2026/5/31,15899,0,10500,1050,0,11550,福岡支店,レンタル法人,48,新規,12ヶ月以上
B24032817,18,2026/6/30,15899,0,10500,1050,0,11550,福岡支店,レンタル法人,48,新規,12ヶ月以上
B24032817,19,2026/7/31,15899,0,10500,1050,0,11550,福岡支店,レンタル法人,48,新規,12ヶ月以上
B24032817,20,2026/8/31,15899,0,10500,1050,0,11550,福岡支店,レンタル法人,48,新規,12ヶ月以上
B24032924,10,2025/9/30,12248,0,10220,1022,0,11242,福岡支店,レンタル法人,48,新規,12ヶ月以上
B24032924,11,2025/10/31,12248,0,10220,1022,0,11242,福岡支店,レンタル法人,48,新規,12ヶ月以上
B24032924,12,2025/11/30,12248,0,10220,1022,0,11242,福岡支店,レンタル法人,48,新規,12ヶ月以上
B24032924,13,2025/12/31,12248,0,10220,1022,0,11242,福岡支店,レンタル法人,48,新規,12ヶ月以上
B24032924,14,2026/1/31,12248,0,10220,1022,0,11242,福岡支店,レンタル法人,48,新規,12ヶ月以上
B24032924,15,2026/2/28,12248,0,10220,1022,0,11242,福岡支店,レンタル法人,48,新規,12ヶ月以上
B24032924,16,2026/3/31,12248,0,10220,1022,0,11242,福岡支店,レンタル法人,48,新規,12ヶ月以上
B24032924,17,2026/4/30,12248,0,10220,1022,0,11242,福岡支店,レンタル法人,48,新規,12ヶ月以上
B24032924,18,2026/5/31,12248,0,10220,1022,0,11242,福岡支店,レンタル法人,48,新規,12ヶ月以上
B24032924,19,2026/6/30,12248,0,10220,1022,0,11242,福岡支店,レンタル法人,48,新規,12ヶ月以上
B24032924,20,2026/7/31,12248,0,10220,1022,0,11242,福岡支店,レンタル法人,48,新規,12ヶ月以上
B24032924,21,2026/8/31,12248,0,10220,1022,0,11242,福岡支店,レンタル法人,48,新規,12ヶ月以上
B24032980,9,2025/9/30,15899,0,1800,180,0,1980,福岡支店,レンタル法人,48,新規,12ヶ月以上
B24032980,10,2025/10/31,15899,0,1800,180,0,1980,福岡支店,レンタル法人,48,新規,12ヶ月以上
B24032980,11,2025/11/30,15899,0,1800,180,0,1980,福岡支店,レンタル法人,48,新規,12ヶ月以上
B24032980,12,2025/12/31,15899,0,1800,180,0,1980,福岡支店,レンタル法人,48,新規,12ヶ月以上
B24032980,13,2026/1/31,15899,0,1800,180,0,1980,福岡支店,レンタル法人,48,新規,12ヶ月以上
B24032980,14,2026/2/28,15899,0,1800,180,0,1980,福岡支店,レンタル法人,48,新規,12ヶ月以上
B24032980,15,2026/3/31,15899,0,1800,180,0,1980,福岡支店,レンタル法人,48,新規,12ヶ月以上
B24032980,16,2026/4/30,15899,0,1800,180,0,1980,福岡支店,レンタル法人,48,新規,12ヶ月以上
B24032980,17,2026/5/31,15899,0,1800,180,0,1980,福岡支店,レンタル法人,48,新規,12ヶ月以上
B24032980,18,2026/6/30,15899,0,1800,180,0,1980,福岡支店,レンタル法人,48,新規,12ヶ月以上
B24032980,19,2026/7/31,15899,0,1800,180,0,1980,福岡支店,レンタル法人,48,新規,12ヶ月以上
B24032980,20,2026/8/31,15899,0,1800,180,0,1980,福岡支店,レンタル法人,48,新規,12ヶ月以上
B24033068,9,2025/9/30,16209,0,13200,1320,0,14520,福岡支店,レンタル法人,36,新規,12ヶ月以上
B24033068,10,2025/10/31,16209,0,13200,1320,0,14520,福岡支店,レンタル法人,36,新規,12ヶ月以上
B24033068,11,2025/11/30,16209,0,13200,1320,0,14520,福岡支店,レンタル法人,36,新規,12ヶ月以上
B24033068,12,2025/12/31,16209,0,13200,1320,0,14520,福岡支店,レンタル法人,36,新規,12ヶ月以上
B24033068,13,2026/1/31,16209,0,13200,1320,0,14520,福岡支店,レンタル法人,36,新規,12ヶ月以上
B24033068,14,2026/2/28,16209,0,13200,1320,0,14520,福岡支店,レンタル法人,36,新規,12ヶ月以上
B24033068,15,2026/3/31,16209,0,13200,1320,0,14520,福岡支店,レンタル法人,36,新規,12ヶ月以上
B24033068,16,2026/4/30,16209,0,13200,1320,0,14520,福岡支店,レンタル法人,36,新規,12ヶ月以上
B24033068,17,2026/5/31,16209,0,13200,1320,0,14520,福岡支店,レンタル法人,36,新規,12ヶ月以上
B24033068,18,2026/6/30,16209,0,13200,1320,0,14520,福岡支店,レンタル法人,36,新規,12ヶ月以上
B24033068,19,2026/7/31,16209,0,13200,1320,0,14520,福岡支店,レンタル法人,36,新規,12ヶ月以上
B24033068,20,2026/8/31,16209,0,13200,1320,0,14520,福岡支店,レンタル法人,36,新規,12ヶ月以上
B24033112,7,2025/9/30,10191,0,55200,5520,0,60720,福岡支店,レンタル法人,60,新規,12ヶ月以上
B24033112,8,2025/10/31,10191,0,55200,5520,0,60720,福岡支店,レンタル法人,60,新規,12ヶ月以上
B24033112,9,2025/11/30,10191,0,55200,5520,0,60720,福岡支店,レンタル法人,60,新規,12ヶ月以上
B24033112,10,2025/12/31,10191,0,55200,5520,0,60720,福岡支店,レンタル法人,60,新規,12ヶ月以上
B24033112,11,2026/1/31,10191,0,55200,5520,0,60720,福岡支店,レンタル法人,60,新規,12ヶ月以上
B24033112,12,2026/2/28,10191,0,55200,5520,0,60720,福岡支店,レンタル法人,60,新規,12ヶ月以上
B24033112,13,2026/3/31,10191,0,55200,5520,0,60720,福岡支店,レンタル法人,60,新規,12ヶ月以上
B24033112,14,2026/4/30,10191,0,55200,5520,0,60720,福岡支店,レンタル法人,60,新規,12ヶ月以上
B24033112,15,2026/5/31,10191,0,55200,5520,0,60720,福岡支店,レンタル法人,60,新規,12ヶ月以上
B24033112,16,2026/6/30,10191,0,55200,5520,0,60720,福岡支店,レンタル法人,60,新規,12ヶ月以上
B24033112,17,2026/7/31,10191,0,55200,5520,0,60720,福岡支店,レンタル法人,60,新規,12ヶ月以上
B24033112,18,2026/8/31,10191,0,55200,5520,0,60720,福岡支店,レンタル法人,60,新規,12ヶ月以上
B24033153,9,2025/9/30,16225,0,15980,1598,0,17578,福岡支店,レンタル法人,60,新規,12ヶ月以上
B24033153,10,2025/10/31,16225,0,15980,1598,0,17578,福岡支店,レンタル法人,60,新規,12ヶ月以上
B24033153,11,2025/11/30,16225,0,15980,1598,0,17578,福岡支店,レンタル法人,60,新規,12ヶ月以上
B24033153,12,2025/12/31,16225,0,15980,1598,0,17578,福岡支店,レンタル法人,60,新規,12ヶ月以上
B24033153,13,2026/1/31,16225,0,15980,1598,0,17578,福岡支店,レンタル法人,60,新規,12ヶ月以上
B24033153,14,2026/2/28,16225,0,15980,1598,0,17578,福岡支店,レンタル法人,60,新規,12ヶ月以上
B24033153,15,2026/3/31,16225,0,15980,1598,0,17578,福岡支店,レンタル法人,60,新規,12ヶ月以上
B24033153,16,2026/4/30,16225,0,15980,1598,0,17578,福岡支店,レンタル法人,60,新規,12ヶ月以上
B24033153,17,2026/5/31,16225,0,15980,1598,0,17578,福岡支店,レンタル法人,60,新規,12ヶ月以上
B24033153,18,2026/6/30,16225,0,15980,1598,0,17578,福岡支店,レンタル法人,60,新規,12ヶ月以上
B24033153,19,2026/7/31,16225,0,15980,1598,0,17578,福岡支店,レンタル法人,60,新規,12ヶ月以上
B24033153,20,2026/8/31,16225,0,15980,1598,0,17578,福岡支店,レンタル法人,60,新規,12ヶ月以上
B24033155,9,2025/9/30,14073,0,20000,2000,0,22000,福岡支店,レンタル法人,36,新規,12ヶ月以上
B24033155,10,2025/10/31,14073,0,20000,2000,0,22000,福岡支店,レンタル法人,36,新規,12ヶ月以上
B24033155,11,2025/11/30,14073,0,20000,2000,0,22000,福岡支店,レンタル法人,36,新規,12ヶ月以上
B24033155,12,2025/12/31,14073,0,20000,2000,0,22000,福岡支店,レンタル法人,36,新規,12ヶ月以上
B24033155,13,2026/1/31,14073,0,20000,2000,0,22000,福岡支店,レンタル法人,36,新規,12ヶ月以上
B24033155,14,2026/2/28,14073,0,20000,2000,0,22000,福岡支店,レンタル法人,36,新規,12ヶ月以上
B24033155,15,2026/3/31,14073,0,20000,2000,0,22000,福岡支店,レンタル法人,36,新規,12ヶ月以上
B24033155,16,2026/4/30,14073,0,20000,2000,0,22000,福岡支店,レンタル法人,36,新規,12ヶ月以上
B24033155,17,2026/5/31,14073,0,20000,2000,0,22000,福岡支店,レンタル法人,36,新規,12ヶ月以上
B24033155,18,2026/6/30,14073,0,20000,2000,0,22000,福岡支店,レンタル法人,36,新規,12ヶ月以上
B24033155,19,2026/7/31,14073,0,20000,2000,0,22000,福岡支店,レンタル法人,36,新規,12ヶ月以上
B24033155,20,2026/8/31,14073,0,20000,2000,0,22000,福岡支店,レンタル法人,36,新規,12ヶ月以上
B24033162,9,2025/9/30,14340,0,5300,530,0,5830,福岡支店,レンタル法人,60,新規,12ヶ月以上
B24033162,10,2025/10/31,14340,0,5300,530,0,5830,福岡支店,レンタル法人,60,新規,12ヶ月以上
B24033162,11,2025/11/30,14340,0,5300,530,0,5830,福岡支店,レンタル法人,60,新規,12ヶ月以上
B24033162,12,2025/12/31,14340,0,5300,530,0,5830,福岡支店,レンタル法人,60,新規,12ヶ月以上
B24033162,13,2026/1/31,14340,0,5300,530,0,5830,福岡支店,レンタル法人,60,新規,12ヶ月以上
B24033162,14,2026/2/28,14340,0,5300,530,0,5830,福岡支店,レンタル法人,60,新規,12ヶ月以上
B24033162,15,2026/3/31,14340,0,5300,530,0,5830,福岡支店,レンタル法人,60,新規,12ヶ月以上
B24033162,16,2026/4/30,14340,0,5300,530,0,5830,福岡支店,レンタル法人,60,新規,12ヶ月以上
B24033162,17,2026/5/31,14340,0,5300,530,0,5830,福岡支店,レンタル法人,60,新規,12ヶ月以上
B24033162,18,2026/6/30,14340,0,5300,530,0,5830,福岡支店,レンタル法人,60,新規,12ヶ月以上
B24033162,19,2026/7/31,14340,0,5300,530,0,5830,福岡支店,レンタル法人,60,新規,12ヶ月以上
B24033162,20,2026/8/31,14340,0,5300,530,0,5830,福岡支店,レンタル法人,60,新規,12ヶ月以上
B24033221,7,2025/9/30,11894,0,2990,299,0,3289,福岡支店,レンタル法人,60,新規,12ヶ月以上
B24033221,8,2025/10/31,11894,0,2990,299,0,3289,福岡支店,レンタル法人,60,新規,12ヶ月以上
B24033221,9,2025/11/30,11894,0,2990,299,0,3289,福岡支店,レンタル法人,60,新規,12ヶ月以上
B24033221,10,2025/12/31,11894,0,2990,299,0,3289,福岡支店,レンタル法人,60,新規,12ヶ月以上
B24033221,11,2026/1/31,11894,0,2990,299,0,3289,福岡支店,レンタル法人,60,新規,12ヶ月以上
B24033221,12,2026/2/28,11894,0,2990,299,0,3289,福岡支店,レンタル法人,60,新規,12ヶ月以上
B24033221,13,2026/3/31,11894,0,2990,299,0,3289,福岡支店,レンタル法人,60,新規,12ヶ月以上
B24033221,14,2026/4/30,11894,0,2990,299,0,3289,福岡支店,レンタル法人,60,新規,12ヶ月以上
B24033221,15,2026/5/31,11894,0,2990,299,0,3289,福岡支店,レンタル法人,60,新規,12ヶ月以上
B24033221,16,2026/6/30,11894,0,2990,299,0,3289,福岡支店,レンタル法人,60,新規,12ヶ月以上
B24033221,17,2026/7/31,11894,0,2990,299,0,3289,福岡支店,レンタル法人,60,新規,12ヶ月以上
B24033221,18,2026/8/31,11894,0,2990,299,0,3289,福岡支店,レンタル法人,60,新規,12ヶ月以上
B24033222,8,2025/9/30,11894,0,53820,5382,0,59202,福岡支店,レンタル法人,60,新規,12ヶ月以上
B24033222,9,2025/10/31,11894,0,53820,5382,0,59202,福岡支店,レンタル法人,60,新規,12ヶ月以上
B24033222,10,2025/11/30,11894,0,53820,5382,0,59202,福岡支店,レンタル法人,60,新規,12ヶ月以上
B24033222,11,2025/12/31,11894,0,53820,5382,0,59202,福岡支店,レンタル法人,60,新規,12ヶ月以上
B24033222,12,2026/1/31,11894,0,53820,5382,0,59202,福岡支店,レンタル法人,60,新規,12ヶ月以上
B24033222,13,2026/2/28,11894,0,53820,5382,0,59202,福岡支店,レンタル法人,60,新規,12ヶ月以上
B24033222,14,2026/3/31,11894,0,53820,5382,0,59202,福岡支店,レンタル法人,60,新規,12ヶ月以上
B24033222,15,2026/4/30,11894,0,53820,5382,0,59202,福岡支店,レンタル法人,60,新規,12ヶ月以上
B24033222,16,2026/5/31,11894,0,53820,5382,0,59202,福岡支店,レンタル法人,60,新規,12ヶ月以上
B24033222,17,2026/6/30,11894,0,53820,5382,0,59202,福岡支店,レンタル法人,60,新規,12ヶ月以上
B24033222,18,2026/7/31,11894,0,53820,5382,0,59202,福岡支店,レンタル法人,60,新規,12ヶ月以上
B24033222,19,2026/8/31,11894,0,53820,5382,0,59202,福岡支店,レンタル法人,60,新規,12ヶ月以上
B25000249,9,2025/9/30,14220,0,3780,378,0,4158,福岡支店,レンタル法人,48,新規,12ヶ月以上
B25000249,10,2025/10/31,14220,0,3780,378,0,4158,福岡支店,レンタル法人,48,新規,12ヶ月以上
B25000249,11,2025/11/30,14220,0,3780,378,0,4158,福岡支店,レンタル法人,48,新規,12ヶ月以上
B25000249,12,2025/12/31,14220,0,3780,378,0,4158,福岡支店,レンタル法人,48,新規,12ヶ月以上
B25000249,13,2026/1/31,14220,0,3780,378,0,4158,福岡支店,レンタル法人,48,新規,12ヶ月以上
B25000249,14,2026/2/28,14220,0,3780,378,0,4158,福岡支店,レンタル法人,48,新規,12ヶ月以上
B25000249,15,2026/3/31,14220,0,3780,378,0,4158,福岡支店,レンタル法人,48,新規,12ヶ月以上
B25000249,16,2026/4/30,14220,0,3780,378,0,4158,福岡支店,レンタル法人,48,新規,12ヶ月以上
B25000249,17,2026/5/31,14220,0,3780,378,0,4158,福岡支店,レンタル法人,48,新規,12ヶ月以上
B25000249,18,2026/6/30,14220,0,3780,378,0,4158,福岡支店,レンタル法人,48,新規,12ヶ月以上
B25000249,19,2026/7/31,14220,0,3780,378,0,4158,福岡支店,レンタル法人,48,新規,12ヶ月以上
B25000249,20,2026/8/31,14220,0,3780,378,0,4158,福岡支店,レンタル法人,48,新規,12ヶ月以上
B25000484,9,2025/9/30,11660,0,1170,117,0,1287,福岡支店,レンタル法人,36,新規,12ヶ月以上
B25000484,10,2025/10/31,11660,0,1170,117,0,1287,福岡支店,レンタル法人,36,新規,12ヶ月以上
B25000484,11,2025/11/30,11660,0,1170,117,0,1287,福岡支店,レンタル法人,36,新規,12ヶ月以上
B25000484,12,2025/12/31,11660,0,1170,117,0,1287,福岡支店,レンタル法人,36,新規,12ヶ月以上
B25000484,13,2026/1/31,11660,0,1170,117,0,1287,福岡支店,レンタル法人,36,新規,12ヶ月以上
B25000484,14,2026/2/28,11660,0,1170,117,0,1287,福岡支店,レンタル法人,36,新規,12ヶ月以上
B25000484,15,2026/3/31,11660,0,1170,117,0,1287,福岡支店,レンタル法人,36,新規,12ヶ月以上
B25000484,16,2026/4/30,11660,0,1170,117,0,1287,福岡支店,レンタル法人,36,新規,12ヶ月以上
B25000484,17,2026/5/31,11660,0,1170,117,0,1287,福岡支店,レンタル法人,36,新規,12ヶ月以上
B25000484,18,2026/6/30,11660,0,1170,117,0,1287,福岡支店,レンタル法人,36,新規,12ヶ月以上
B25000484,19,2026/7/31,11660,0,1170,117,0,1287,福岡支店,レンタル法人,36,新規,12ヶ月以上
B25000484,20,2026/8/31,11660,0,1170,117,0,1287,福岡支店,レンタル法人,36,新規,12ヶ月以上
B25001388,8,2025/9/30,12556,0,50600,5060,0,55660,福岡支店,レンタル法人,60,新規,12ヶ月以上
B25001388,9,2025/10/31,12556,0,50600,5060,0,55660,福岡支店,レンタル法人,60,新規,12ヶ月以上
B25001388,10,2025/11/30,12556,0,50600,5060,0,55660,福岡支店,レンタル法人,60,新規,12ヶ月以上
B25001388,11,2025/12/31,12556,0,50600,5060,0,55660,福岡支店,レンタル法人,60,新規,12ヶ月以上
B25001388,12,2026/1/31,12556,0,50600,5060,0,55660,福岡支店,レンタル法人,60,新規,12ヶ月以上
B25001388,13,2026/2/28,12556,0,50600,5060,0,55660,福岡支店,レンタル法人,60,新規,12ヶ月以上
B25001388,14,2026/3/31,12556,0,50600,5060,0,55660,福岡支店,レンタル法人,60,新規,12ヶ月以上
B25001388,15,2026/4/30,12556,0,50600,5060,0,55660,福岡支店,レンタル法人,60,新規,12ヶ月以上
B25001388,16,2026/5/31,12556,0,50600,5060,0,55660,福岡支店,レンタル法人,60,新規,12ヶ月以上
B25001388,17,2026/6/30,12556,0,50600,5060,0,55660,福岡支店,レンタル法人,60,新規,12ヶ月以上
B25001388,18,2026/7/31,12556,0,50600,5060,0,55660,福岡支店,レンタル法人,60,新規,12ヶ月以上
B25001388,19,2026/8/31,12556,0,50600,5060,0,55660,福岡支店,レンタル法人,60,新規,12ヶ月以上
B25001427,8,2025/9/30,12130,0,2500,250,0,2750,福岡支店,レンタル法人,12,延長,12ヶ月未満
B25001427,9,2025/10/31,12130,0,2500,250,0,2750,福岡支店,レンタル法人,12,延長,12ヶ月未満
B25001427,10,2025/11/30,12130,0,2500,250,0,2750,福岡支店,レンタル法人,12,延長,12ヶ月未満
B25001427,11,2025/12/31,12130,0,2500,250,0,2750,福岡支店,レンタル法人,12,延長,12ヶ月未満
B25001427,12,2026/1/31,12130,0,2500,250,0,2750,福岡支店,レンタル法人,12,延長,12ヶ月未満
B25001859,7,2025/9/30,16281,0,15980,1598,0,17578,福岡支店,レンタル法人,60,新規,12ヶ月以上
B25001859,8,2025/10/31,16281,0,15980,1598,0,17578,福岡支店,レンタル法人,60,新規,12ヶ月以上
B25001859,9,2025/11/30,16281,0,15980,1598,0,17578,福岡支店,レンタル法人,60,新規,12ヶ月以上
B25001859,10,2025/12/31,16281,0,15980,1598,0,17578,福岡支店,レンタル法人,60,新規,12ヶ月以上
B25001859,11,2026/1/31,16281,0,15980,1598,0,17578,福岡支店,レンタル法人,60,新規,12ヶ月以上
B25001859,12,2026/2/28,16281,0,15980,1598,0,17578,福岡支店,レンタル法人,60,新規,12ヶ月以上
B25001859,13,2026/3/31,16281,0,15980,1598,0,17578,福岡支店,レンタル法人,60,新規,12ヶ月以上
B25001859,14,2026/4/30,16281,0,15980,1598,0,17578,福岡支店,レンタル法人,60,新規,12ヶ月以上
B25001859,15,2026/5/31,16281,0,15980,1598,0,17578,福岡支店,レンタル法人,60,新規,12ヶ月以上
B25001859,16,2026/6/30,16281,0,15980,1598,0,17578,福岡支店,レンタル法人,60,新規,12ヶ月以上
B25001859,17,2026/7/31,16281,0,15980,1598,0,17578,福岡支店,レンタル法人,60,新規,12ヶ月以上
B25001859,18,2026/8/31,16281,0,15980,1598,0,17578,福岡支店,レンタル法人,60,新規,12ヶ月以上
B25002060,8,2025/9/30,15899,0,13600,1360,0,14960,福岡支店,レンタル法人,48,新規,12ヶ月以上
B25002060,9,2025/10/31,15899,0,13600,1360,0,14960,福岡支店,レンタル法人,48,新規,12ヶ月以上
B25002060,10,2025/11/30,15899,0,13600,1360,0,14960,福岡支店,レンタル法人,48,新規,12ヶ月以上
B25002060,11,2025/12/31,15899,0,13600,1360,0,14960,福岡支店,レンタル法人,48,新規,12ヶ月以上
B25002060,12,2026/1/31,15899,0,13600,1360,0,14960,福岡支店,レンタル法人,48,新規,12ヶ月以上
B25002060,13,2026/2/28,15899,0,13600,1360,0,14960,福岡支店,レンタル法人,48,新規,12ヶ月以上
B25002060,14,2026/3/31,15899,0,13600,1360,0,14960,福岡支店,レンタル法人,48,新規,12ヶ月以上
B25002060,15,2026/4/30,15899,0,13600,1360,0,14960,福岡支店,レンタル法人,48,新規,12ヶ月以上
B25002060,16,2026/5/31,15899,0,13600,1360,0,14960,福岡支店,レンタル法人,48,新規,12ヶ月以上
B25002060,17,2026/6/30,15899,0,13600,1360,0,14960,福岡支店,レンタル法人,48,新規,12ヶ月以上
B25002060,18,2026/7/31,15899,0,13600,1360,0,14960,福岡支店,レンタル法人,48,新規,12ヶ月以上
B25002060,19,2026/8/31,15899,0,13600,1360,0,14960,福岡支店,レンタル法人,48,新規,12ヶ月以上
B25002223,8,2025/9/30,12130,0,2500,250,0,2750,福岡支店,レンタル法人,12,延長,12ヶ月未満
B25002223,9,2025/10/31,12130,0,2500,250,0,2750,福岡支店,レンタル法人,12,延長,12ヶ月未満
B25002223,10,2025/11/30,12130,0,2500,250,0,2750,福岡支店,レンタル法人,12,延長,12ヶ月未満
B25002223,11,2025/12/31,12130,0,2500,250,0,2750,福岡支店,レンタル法人,12,延長,12ヶ月未満
B25002223,12,2026/1/31,12130,0,2500,250,0,2750,福岡支店,レンタル法人,12,延長,12ヶ月未満
B25002235,8,2025/9/30,12556,0,6650,665,0,7315,福岡支店,レンタル法人,60,新規,12ヶ月以上
B25002235,9,2025/10/31,12556,0,6650,665,0,7315,福岡支店,レンタル法人,60,新規,12ヶ月以上
B25002235,10,2025/11/30,12556,0,6650,665,0,7315,福岡支店,レンタル法人,60,新規,12ヶ月以上
B25002235,11,2025/12/31,12556,0,6650,665,0,7315,福岡支店,レンタル法人,60,新規,12ヶ月以上
B25002235,12,2026/1/31,12556,0,6650,665,0,7315,福岡支店,レンタル法人,60,新規,12ヶ月以上
B25002235,13,2026/2/28,12556,0,6650,665,0,7315,福岡支店,レンタル法人,60,新規,12ヶ月以上
B25002235,14,2026/3/31,12556,0,6650,665,0,7315,福岡支店,レンタル法人,60,新規,12ヶ月以上
B25002235,15,2026/4/30,12556,0,6650,665,0,7315,福岡支店,レンタル法人,60,新規,12ヶ月以上
B25002235,16,2026/5/31,12556,0,6650,665,0,7315,福岡支店,レンタル法人,60,新規,12ヶ月以上
B25002235,17,2026/6/30,12556,0,6650,665,0,7315,福岡支店,レンタル法人,60,新規,12ヶ月以上
B25002235,18,2026/7/31,12556,0,6650,665,0,7315,福岡支店,レンタル法人,60,新規,12ヶ月以上
B25002235,19,2026/8/31,12556,0,6650,665,0,7315,福岡支店,レンタル法人,60,新規,12ヶ月以上
B25002236,8,2025/9/30,15899,0,5850,585,0,6435,福岡支店,レンタル法人,48,新規,12ヶ月以上
B25002236,9,2025/10/31,15899,0,5850,585,0,6435,福岡支店,レンタル法人,48,新規,12ヶ月以上
B25002236,10,2025/11/30,15899,0,5850,585,0,6435,福岡支店,レンタル法人,48,新規,12ヶ月以上
B25002236,11,2025/12/31,15899,0,5850,585,0,6435,福岡支店,レンタル法人,48,新規,12ヶ月以上
B25002236,12,2026/1/31,15899,0,5850,585,0,6435,福岡支店,レンタル法人,48,新規,12ヶ月以上
B25002236,13,2026/2/28,15899,0,5850,585,0,6435,福岡支店,レンタル法人,48,新規,12ヶ月以上
B25002236,14,2026/3/31,15899,0,5850,585,0,6435,福岡支店,レンタル法人,48,新規,12ヶ月以上
B25002236,15,2026/4/30,15899,0,5850,585,0,6435,福岡支店,レンタル法人,48,新規,12ヶ月以上
B25002236,16,2026/5/31,15899,0,5850,585,0,6435,福岡支店,レンタル法人,48,新規,12ヶ月以上
B25002236,17,2026/6/30,15899,0,5850,585,0,6435,福岡支店,レンタル法人,48,新規,12ヶ月以上
B25002236,18,2026/7/31,15899,0,5850,585,0,6435,福岡支店,レンタル法人,48,新規,12ヶ月以上
B25002236,19,2026/8/31,15899,0,5850,585,0,6435,福岡支店,レンタル法人,48,新規,12ヶ月以上
B25002240,7,2025/9/30,15899,0,11700,1170,0,12870,福岡支店,レンタル法人,48,新規,12ヶ月以上
B25002240,8,2025/10/31,15899,0,11700,1170,0,12870,福岡支店,レンタル法人,48,新規,12ヶ月以上
B25002240,9,2025/11/30,15899,0,11700,1170,0,12870,福岡支店,レンタル法人,48,新規,12ヶ月以上
B25002240,10,2025/12/31,15899,0,11700,1170,0,12870,福岡支店,レンタル法人,48,新規,12ヶ月以上
B25002240,11,2026/1/31,15899,0,11700,1170,0,12870,福岡支店,レンタル法人,48,新規,12ヶ月以上
B25002240,12,2026/2/28,15899,0,11700,1170,0,12870,福岡支店,レンタル法人,48,新規,12ヶ月以上
B25002240,13,2026/3/31,15899,0,11700,1170,0,12870,福岡支店,レンタル法人,48,新規,12ヶ月以上
B25002240,14,2026/4/30,15899,0,11700,1170,0,12870,福岡支店,レンタル法人,48,新規,12ヶ月以上
B25002240,15,2026/5/31,15899,0,11700,1170,0,12870,福岡支店,レンタル法人,48,新規,12ヶ月以上
B25002240,16,2026/6/30,15899,0,11700,1170,0,12870,福岡支店,レンタル法人,48,新規,12ヶ月以上
B25002240,17,2026/7/31,15899,0,11700,1170,0,12870,福岡支店,レンタル法人,48,新規,12ヶ月以上
B25002240,18,2026/8/31,15899,0,11700,1170,0,12870,福岡支店,レンタル法人,48,新規,12ヶ月以上
B25002370,6,2025/9/30,11578,0,316680,31668,0,348348,福岡支店,レンタル法人,48,新規,12ヶ月以上
B25002370,7,2025/10/31,11578,0,316680,31668,0,348348,福岡支店,レンタル法人,48,新規,12ヶ月以上
B25002370,8,2025/11/30,11578,0,316680,31668,0,348348,福岡支店,レンタル法人,48,新規,12ヶ月以上
B25002370,9,2025/12/31,11578,0,316680,31668,0,348348,福岡支店,レンタル法人,48,新規,12ヶ月以上
B25002370,10,2026/1/31,11578,0,316680,31668,0,348348,福岡支店,レンタル法人,48,新規,12ヶ月以上
B25002370,11,2026/2/28,11578,0,316680,31668,0,348348,福岡支店,レンタル法人,48,新規,12ヶ月以上
B25002370,12,2026/3/31,11578,0,316680,31668,0,348348,福岡支店,レンタル法人,48,新規,12ヶ月以上
B25002370,13,2026/4/30,11578,0,316680,31668,0,348348,福岡支店,レンタル法人,48,新規,12ヶ月以上
B25002370,14,2026/5/31,11578,0,316680,31668,0,348348,福岡支店,レンタル法人,48,新規,12ヶ月以上
B25002370,15,2026/6/30,11578,0,316680,31668,0,348348,福岡支店,レンタル法人,48,新規,12ヶ月以上
B25002370,16,2026/7/31,11578,0,316680,31668,0,348348,福岡支店,レンタル法人,48,新規,12ヶ月以上
B25002370,17,2026/8/31,11578,0,316680,31668,0,348348,福岡支店,レンタル法人,48,新規,12ヶ月以上
B25002697,7,2025/9/30,12130,0,2500,250,0,2750,福岡支店,レンタル法人,12,延長,12ヶ月未満
B25002697,8,2025/10/31,12130,0,2500,250,0,2750,福岡支店,レンタル法人,12,延長,12ヶ月未満
B25002697,9,2025/11/30,12130,0,2500,250,0,2750,福岡支店,レンタル法人,12,延長,12ヶ月未満
B25002697,10,2025/12/31,12130,0,2500,250,0,2750,福岡支店,レンタル法人,12,延長,12ヶ月未満
B25002697,11,2026/1/31,12130,0,2500,250,0,2750,福岡支店,レンタル法人,12,延長,12ヶ月未満
B25002697,12,2026/2/28,12130,0,2500,250,0,2750,福岡支店,レンタル法人,12,延長,12ヶ月未満
B25002713,8,2025/9/30,12987,0,1650,165,0,1815,福岡支店,レンタル法人,59,新規,12ヶ月以上
B25002713,9,2025/10/31,12987,0,1650,165,0,1815,福岡支店,レンタル法人,59,新規,12ヶ月以上
B25002713,10,2025/11/30,12987,0,1650,165,0,1815,福岡支店,レンタル法人,59,新規,12ヶ月以上
B25002713,11,2025/12/31,12987,0,1650,165,0,1815,福岡支店,レンタル法人,59,新規,12ヶ月以上
B25002713,12,2026/1/31,12987,0,1650,165,0,1815,福岡支店,レンタル法人,59,新規,12ヶ月以上
B25002713,13,2026/2/28,12987,0,1650,165,0,1815,福岡支店,レンタル法人,59,新規,12ヶ月以上
B25002713,14,2026/3/31,12987,0,1650,165,0,1815,福岡支店,レンタル法人,59,新規,12ヶ月以上
B25002713,15,2026/4/30,12987,0,1650,165,0,1815,福岡支店,レンタル法人,59,新規,12ヶ月以上
B25002713,16,2026/5/31,12987,0,1650,165,0,1815,福岡支店,レンタル法人,59,新規,12ヶ月以上
B25002713,17,2026/6/30,12987,0,1650,165,0,1815,福岡支店,レンタル法人,59,新規,12ヶ月以上
B25002713,18,2026/7/31,12987,0,1650,165,0,1815,福岡支店,レンタル法人,59,新規,12ヶ月以上
B25002713,19,2026/8/31,12987,0,1650,165,0,1815,福岡支店,レンタル法人,59,新規,12ヶ月以上
B25002716,7,2025/9/30,11894,0,16750,1675,0,18425,福岡支店,レンタル法人,60,新規,12ヶ月以上
B25002716,8,2025/10/31,11894,0,16750,1675,0,18425,福岡支店,レンタル法人,60,新規,12ヶ月以上
B25002716,9,2025/11/30,11894,0,16750,1675,0,18425,福岡支店,レンタル法人,60,新規,12ヶ月以上
B25002716,10,2025/12/31,11894,0,16750,1675,0,18425,福岡支店,レンタル法人,60,新規,12ヶ月以上
B25002716,11,2026/1/31,11894,0,16750,1675,0,18425,福岡支店,レンタル法人,60,新規,12ヶ月以上
B25002716,12,2026/2/28,11894,0,16750,1675,0,18425,福岡支店,レンタル法人,60,新規,12ヶ月以上
B25002716,13,2026/3/31,11894,0,16750,1675,0,18425,福岡支店,レンタル法人,60,新規,12ヶ月以上
B25002716,14,2026/4/30,11894,0,16750,1675,0,18425,福岡支店,レンタル法人,60,新規,12ヶ月以上
B25002716,15,2026/5/31,11894,0,16750,1675,0,18425,福岡支店,レンタル法人,60,新規,12ヶ月以上
B25002716,16,2026/6/30,11894,0,16750,1675,0,18425,福岡支店,レンタル法人,60,新規,12ヶ月以上
B25002716,17,2026/7/31,11894,0,16750,1675,0,18425,福岡支店,レンタル法人,60,新規,12ヶ月以上
B25002716,18,2026/8/31,11894,0,16750,1675,0,18425,福岡支店,レンタル法人,60,新規,12ヶ月以上
B25002717,7,2025/9/30,11894,0,23000,2300,0,25300,福岡支店,レンタル法人,60,新規,12ヶ月以上
B25002717,8,2025/10/31,11894,0,23000,2300,0,25300,福岡支店,レンタル法人,60,新規,12ヶ月以上
B25002717,9,2025/11/30,11894,0,23000,2300,0,25300,福岡支店,レンタル法人,60,新規,12ヶ月以上
B25002717,10,2025/12/31,11894,0,23000,2300,0,25300,福岡支店,レンタル法人,60,新規,12ヶ月以上
B25002717,11,2026/1/31,11894,0,23000,2300,0,25300,福岡支店,レンタル法人,60,新規,12ヶ月以上
B25002717,12,2026/2/28,11894,0,23000,2300,0,25300,福岡支店,レンタル法人,60,新規,12ヶ月以上
B25002717,13,2026/3/31,11894,0,23000,2300,0,25300,福岡支店,レンタル法人,60,新規,12ヶ月以上
B25002717,14,2026/4/30,11894,0,23000,2300,0,25300,福岡支店,レンタル法人,60,新規,12ヶ月以上
B25002717,15,2026/5/31,11894,0,23000,2300,0,25300,福岡支店,レンタル法人,60,新規,12ヶ月以上
B25002717,16,2026/6/30,11894,0,23000,2300,0,25300,福岡支店,レンタル法人,60,新規,12ヶ月以上
B25002717,17,2026/7/31,11894,0,23000,2300,0,25300,福岡支店,レンタル法人,60,新規,12ヶ月以上
B25002717,18,2026/8/31,11894,0,23000,2300,0,25300,福岡支店,レンタル法人,60,新規,12ヶ月以上
B25002718,7,2025/9/30,11894,0,66600,6660,0,73260,福岡支店,レンタル法人,60,新規,12ヶ月以上
B25002718,8,2025/10/31,11894,0,66600,6660,0,73260,福岡支店,レンタル法人,60,新規,12ヶ月以上
B25002718,9,2025/11/30,11894,0,66600,6660,0,73260,福岡支店,レンタル法人,60,新規,12ヶ月以上
B25002718,10,2025/12/31,11894,0,66600,6660,0,73260,福岡支店,レンタル法人,60,新規,12ヶ月以上
B25002718,11,2026/1/31,11894,0,66600,6660,0,73260,福岡支店,レンタル法人,60,新規,12ヶ月以上
B25002718,12,2026/2/28,11894,0,66600,6660,0,73260,福岡支店,レンタル法人,60,新規,12ヶ月以上
B25002718,13,2026/3/31,11894,0,66600,6660,0,73260,福岡支店,レンタル法人,60,新規,12ヶ月以上
B25002718,14,2026/4/30,11894,0,66600,6660,0,73260,福岡支店,レンタル法人,60,新規,12ヶ月以上
B25002718,15,2026/5/31,11894,0,66600,6660,0,73260,福岡支店,レンタル法人,60,新規,12ヶ月以上
B25002718,16,2026/6/30,11894,0,66600,6660,0,73260,福岡支店,レンタル法人,60,新規,12ヶ月以上
B25002718,17,2026/7/31,11894,0,66600,6660,0,73260,福岡支店,レンタル法人,60,新規,12ヶ月以上
B25002718,18,2026/8/31,11894,0,66600,6660,0,73260,福岡支店,レンタル法人,60,新規,12ヶ月以上
B25002902,8,2025/9/30,16303,0,15980,1598,0,17578,福岡支店,レンタル法人,60,新規,12ヶ月以上
B25002902,9,2025/10/31,16303,0,15980,1598,0,17578,福岡支店,レンタル法人,60,新規,12ヶ月以上
B25002902,10,2025/11/30,16303,0,15980,1598,0,17578,福岡支店,レンタル法人,60,新規,12ヶ月以上
B25002902,11,2025/12/31,16303,0,15980,1598,0,17578,福岡支店,レンタル法人,60,新規,12ヶ月以上
B25002902,12,2026/1/31,16303,0,15980,1598,0,17578,福岡支店,レンタル法人,60,新規,12ヶ月以上
B25002902,13,2026/2/28,16303,0,15980,1598,0,17578,福岡支店,レンタル法人,60,新規,12ヶ月以上
B25002902,14,2026/3/31,16303,0,15980,1598,0,17578,福岡支店,レンタル法人,60,新規,12ヶ月以上
B25002902,15,2026/4/30,16303,0,15980,1598,0,17578,福岡支店,レンタル法人,60,新規,12ヶ月以上
B25002902,16,2026/5/31,16303,0,15980,1598,0,17578,福岡支店,レンタル法人,60,新規,12ヶ月以上
B25002902,17,2026/6/30,16303,0,15980,1598,0,17578,福岡支店,レンタル法人,60,新規,12ヶ月以上
B25002902,18,2026/7/31,16303,0,15980,1598,0,17578,福岡支店,レンタル法人,60,新規,12ヶ月以上
B25002902,19,2026/8/31,16303,0,15980,1598,0,17578,福岡支店,レンタル法人,60,新規,12ヶ月以上
B25003011,8,2025/9/30,12987,0,1650,165,0,1815,福岡支店,レンタル法人,60,新規,12ヶ月以上
B25003011,9,2025/10/31,12987,0,1650,165,0,1815,福岡支店,レンタル法人,60,新規,12ヶ月以上
B25003011,10,2025/11/30,12987,0,1650,165,0,1815,福岡支店,レンタル法人,60,新規,12ヶ月以上
B25003011,11,2025/12/31,12987,0,1650,165,0,1815,福岡支店,レンタル法人,60,新規,12ヶ月以上
B25003011,12,2026/1/31,12987,0,1650,165,0,1815,福岡支店,レンタル法人,60,新規,12ヶ月以上
B25003011,13,2026/2/28,12987,0,1650,165,0,1815,福岡支店,レンタル法人,60,新規,12ヶ月以上
B25003011,14,2026/3/31,12987,0,1650,165,0,1815,福岡支店,レンタル法人,60,新規,12ヶ月以上
B25003011,15,2026/4/30,12987,0,1650,165,0,1815,福岡支店,レンタル法人,60,新規,12ヶ月以上
B25003011,16,2026/5/31,12987,0,1650,165,0,1815,福岡支店,レンタル法人,60,新規,12ヶ月以上
B25003011,17,2026/6/30,12987,0,1650,165,0,1815,福岡支店,レンタル法人,60,新規,12ヶ月以上
B25003011,18,2026/7/31,12987,0,1650,165,0,1815,福岡支店,レンタル法人,60,新規,12ヶ月以上
B25003011,19,2026/8/31,12987,0,1650,165,0,1815,福岡支店,レンタル法人,60,新規,12ヶ月以上
B25003447,7,2025/9/30,15899,0,1900,190,0,2090,福岡支店,レンタル法人,48,新規,12ヶ月以上
B25003447,8,2025/10/31,15899,0,1900,190,0,2090,福岡支店,レンタル法人,48,新規,12ヶ月以上
B25003447,9,2025/11/30,15899,0,1900,190,0,2090,福岡支店,レンタル法人,48,新規,12ヶ月以上
B25003447,10,2025/12/31,15899,0,1900,190,0,2090,福岡支店,レンタル法人,48,新規,12ヶ月以上
B25003447,11,2026/1/31,15899,0,1900,190,0,2090,福岡支店,レンタル法人,48,新規,12ヶ月以上
B25003447,12,2026/2/28,15899,0,1900,190,0,2090,福岡支店,レンタル法人,48,新規,12ヶ月以上
B25003447,13,2026/3/31,15899,0,1900,190,0,2090,福岡支店,レンタル法人,48,新規,12ヶ月以上
B25003447,14,2026/4/30,15899,0,1900,190,0,2090,福岡支店,レンタル法人,48,新規,12ヶ月以上
B25003447,15,2026/5/31,15899,0,1900,190,0,2090,福岡支店,レンタル法人,48,新規,12ヶ月以上
B25003447,16,2026/6/30,15899,0,1900,190,0,2090,福岡支店,レンタル法人,48,新規,12ヶ月以上
B25003447,17,2026/7/31,15899,0,1900,190,0,2090,福岡支店,レンタル法人,48,新規,12ヶ月以上
B25003447,18,2026/8/31,15899,0,1900,190,0,2090,福岡支店,レンタル法人,48,新規,12ヶ月以上
B25003543,7,2025/9/30,12130,0,3000,300,0,3300,福岡支店,レンタル法人,12,新規,12ヶ月未満
B25003543,8,2025/10/31,12130,0,3000,300,0,3300,福岡支店,レンタル法人,12,新規,12ヶ月未満
B25003543,9,2025/11/30,12130,0,3000,300,0,3300,福岡支店,レンタル法人,12,新規,12ヶ月未満
B25003543,10,2025/12/31,12130,0,3000,300,0,3300,福岡支店,レンタル法人,12,新規,12ヶ月未満
B25003543,11,2026/1/31,12130,0,3000,300,0,3300,福岡支店,レンタル法人,12,新規,12ヶ月未満
B25003543,12,2026/2/28,12130,0,3000,300,0,3300,福岡支店,レンタル法人,12,新規,12ヶ月未満
B25003587,6,2025/9/30,15899,0,11700,1170,0,12870,福岡支店,レンタル法人,48,新規,12ヶ月以上
B25003587,7,2025/10/31,15899,0,11700,1170,0,12870,福岡支店,レンタル法人,48,新規,12ヶ月以上
B25003587,8,2025/11/30,15899,0,11700,1170,0,12870,福岡支店,レンタル法人,48,新規,12ヶ月以上
B25003587,9,2025/12/31,15899,0,11700,1170,0,12870,福岡支店,レンタル法人,48,新規,12ヶ月以上
B25003587,10,2026/1/31,15899,0,11700,1170,0,12870,福岡支店,レンタル法人,48,新規,12ヶ月以上
B25003587,11,2026/2/28,15899,0,11700,1170,0,12870,福岡支店,レンタル法人,48,新規,12ヶ月以上
B25003587,12,2026/3/31,15899,0,11700,1170,0,12870,福岡支店,レンタル法人,48,新規,12ヶ月以上
B25003587,13,2026/4/30,15899,0,11700,1170,0,12870,福岡支店,レンタル法人,48,新規,12ヶ月以上
B25003587,14,2026/5/31,15899,0,11700,1170,0,12870,福岡支店,レンタル法人,48,新規,12ヶ月以上
B25003587,15,2026/6/30,15899,0,11700,1170,0,12870,福岡支店,レンタル法人,48,新規,12ヶ月以上
B25003587,16,2026/7/31,15899,0,11700,1170,0,12870,福岡支店,レンタル法人,48,新規,12ヶ月以上
B25003587,17,2026/8/31,15899,0,11700,1170,0,12870,福岡支店,レンタル法人,48,新規,12ヶ月以上
B25003788,8,2025/9/30,16021,0,200,20,0,220,福岡支店,レンタル法人,57,新規,12ヶ月以上
B25003788,9,2025/10/31,16021,0,200,20,0,220,福岡支店,レンタル法人,57,新規,12ヶ月以上
B25003788,10,2025/11/30,16021,0,200,20,0,220,福岡支店,レンタル法人,57,新規,12ヶ月以上
B25003788,11,2025/12/31,16021,0,200,20,0,220,福岡支店,レンタル法人,57,新規,12ヶ月以上
B25003788,12,2026/1/31,16021,0,200,20,0,220,福岡支店,レンタル法人,57,新規,12ヶ月以上
B25003788,13,2026/2/28,16021,0,200,20,0,220,福岡支店,レンタル法人,57,新規,12ヶ月以上
B25003788,14,2026/3/31,16021,0,200,20,0,220,福岡支店,レンタル法人,57,新規,12ヶ月以上
B25003788,15,2026/4/30,16021,0,200,20,0,220,福岡支店,レンタル法人,57,新規,12ヶ月以上
B25003788,16,2026/5/31,16021,0,200,20,0,220,福岡支店,レンタル法人,57,新規,12ヶ月以上
B25003788,17,2026/6/30,16021,0,200,20,0,220,福岡支店,レンタル法人,57,新規,12ヶ月以上
B25003788,18,2026/7/31,16021,0,200,20,0,220,福岡支店,レンタル法人,57,新規,12ヶ月以上
B25003788,19,2026/8/31,16021,0,200,20,0,220,福岡支店,レンタル法人,57,新規,12ヶ月以上
B25003819,7,2025/9/30,15236,0,3500,350,0,3850,福岡支店,レンタル法人,60,新規,12ヶ月以上
B25003819,8,2025/10/31,15236,0,3500,350,0,3850,福岡支店,レンタル法人,60,新規,12ヶ月以上
B25003819,9,2025/11/30,15236,0,3500,350,0,3850,福岡支店,レンタル法人,60,新規,12ヶ月以上
B25003819,10,2025/12/31,15236,0,3500,350,0,3850,福岡支店,レンタル法人,60,新規,12ヶ月以上
B25003819,11,2026/1/31,15236,0,3500,350,0,3850,福岡支店,レンタル法人,60,新規,12ヶ月以上
B25003819,12,2026/2/28,15236,0,3500,350,0,3850,福岡支店,レンタル法人,60,新規,12ヶ月以上
B25003819,13,2026/3/31,15236,0,3500,350,0,3850,福岡支店,レンタル法人,60,新規,12ヶ月以上
B25003819,14,2026/4/30,15236,0,3500,350,0,3850,福岡支店,レンタル法人,60,新規,12ヶ月以上
B25003819,15,2026/5/31,15236,0,3500,350,0,3850,福岡支店,レンタル法人,60,新規,12ヶ月以上
B25003819,16,2026/6/30,15236,0,3500,350,0,3850,福岡支店,レンタル法人,60,新規,12ヶ月以上
B25003819,17,2026/7/31,15236,0,3500,350,0,3850,福岡支店,レンタル法人,60,新規,12ヶ月以上
B25003819,18,2026/8/31,15236,0,3500,350,0,3850,福岡支店,レンタル法人,60,新規,12ヶ月以上
B25003825,7,2025/9/30,15899,0,4650,465,0,5115,福岡支店,レンタル法人,48,新規,12ヶ月以上
B25003825,8,2025/10/31,15899,0,4650,465,0,5115,福岡支店,レンタル法人,48,新規,12ヶ月以上
B25003825,9,2025/11/30,15899,0,4650,465,0,5115,福岡支店,レンタル法人,48,新規,12ヶ月以上
B25003825,10,2025/12/31,15899,0,4650,465,0,5115,福岡支店,レンタル法人,48,新規,12ヶ月以上
B25003825,11,2026/1/31,15899,0,4650,465,0,5115,福岡支店,レンタル法人,48,新規,12ヶ月以上
B25003825,12,2026/2/28,15899,0,4650,465,0,5115,福岡支店,レンタル法人,48,新規,12ヶ月以上
B25003825,13,2026/3/31,15899,0,4650,465,0,5115,福岡支店,レンタル法人,48,新規,12ヶ月以上
B25003825,14,2026/4/30,15899,0,4650,465,0,5115,福岡支店,レンタル法人,48,新規,12ヶ月以上
B25003825,15,2026/5/31,15899,0,4650,465,0,5115,福岡支店,レンタル法人,48,新規,12ヶ月以上
B25003825,16,2026/6/30,15899,0,4650,465,0,5115,福岡支店,レンタル法人,48,新規,12ヶ月以上
B25003825,17,2026/7/31,15899,0,4650,465,0,5115,福岡支店,レンタル法人,48,新規,12ヶ月以上
B25003825,18,2026/8/31,15899,0,4650,465,0,5115,福岡支店,レンタル法人,48,新規,12ヶ月以上
B25003883,7,2025/9/30,16321,0,9940,994,0,10934,福岡支店,レンタル法人,36,新規,12ヶ月以上
B25003883,8,2025/10/31,16321,0,9940,994,0,10934,福岡支店,レンタル法人,36,新規,12ヶ月以上
B25003883,9,2025/11/30,16321,0,9940,994,0,10934,福岡支店,レンタル法人,36,新規,12ヶ月以上
B25003883,10,2025/12/31,16321,0,9940,994,0,10934,福岡支店,レンタル法人,36,新規,12ヶ月以上
B25003883,11,2026/1/31,16321,0,9940,994,0,10934,福岡支店,レンタル法人,36,新規,12ヶ月以上
B25003883,12,2026/2/28,16321,0,9940,994,0,10934,福岡支店,レンタル法人,36,新規,12ヶ月以上
B25003883,13,2026/3/31,16321,0,9940,994,0,10934,福岡支店,レンタル法人,36,新規,12ヶ月以上
B25003883,14,2026/4/30,16321,0,9940,994,0,10934,福岡支店,レンタル法人,36,新規,12ヶ月以上
B25003883,15,2026/5/31,16321,0,9940,994,0,10934,福岡支店,レンタル法人,36,新規,12ヶ月以上
B25003883,16,2026/6/30,16321,0,9940,994,0,10934,福岡支店,レンタル法人,36,新規,12ヶ月以上
B25003883,17,2026/7/31,16321,0,9940,994,0,10934,福岡支店,レンタル法人,36,新規,12ヶ月以上
B25003883,18,2026/8/31,16321,0,9940,994,0,10934,福岡支店,レンタル法人,36,新規,12ヶ月以上
B25004029,8,2025/9/30,10190,0,28500,2850,0,31350,福岡支店,レンタル法人,12,延長,12ヶ月未満
B25004029,9,2025/10/31,10190,0,28500,2850,0,31350,福岡支店,レンタル法人,12,延長,12ヶ月未満
B25004029,10,2025/11/30,10190,0,28500,2850,0,31350,福岡支店,レンタル法人,12,延長,12ヶ月未満
B25004029,11,2025/12/31,10190,0,28500,2850,0,31350,福岡支店,レンタル法人,12,延長,12ヶ月未満
B25004029,12,2026/1/31,10190,0,28500,2850,0,31350,福岡支店,レンタル法人,12,延長,12ヶ月未満
B25004036,8,2025/9/30,10190,0,11200,1120,0,12320,福岡支店,レンタル法人,12,延長,12ヶ月未満
B25004036,9,2025/10/31,10190,0,11200,1120,0,12320,福岡支店,レンタル法人,12,延長,12ヶ月未満
B25004036,10,2025/11/30,10190,0,11200,1120,0,12320,福岡支店,レンタル法人,12,延長,12ヶ月未満
B25004036,11,2025/12/31,10190,0,11200,1120,0,12320,福岡支店,レンタル法人,12,延長,12ヶ月未満
B25004036,12,2026/1/31,10190,0,11200,1120,0,12320,福岡支店,レンタル法人,12,延長,12ヶ月未満
B25004037,8,2025/9/30,10190,0,11200,1120,0,12320,福岡支店,レンタル法人,12,延長,12ヶ月未満
B25004037,9,2025/10/31,10190,0,11200,1120,0,12320,福岡支店,レンタル法人,12,延長,12ヶ月未満
B25004037,10,2025/11/30,10190,0,11200,1120,0,12320,福岡支店,レンタル法人,12,延長,12ヶ月未満
B25004037,11,2025/12/31,10190,0,11200,1120,0,12320,福岡支店,レンタル法人,12,延長,12ヶ月未満
B25004037,12,2026/1/31,10190,0,11200,1120,0,12320,福岡支店,レンタル法人,12,延長,12ヶ月未満
B25004039,8,2025/9/30,10190,0,4800,480,0,5280,福岡支店,レンタル法人,12,延長,12ヶ月未満
B25004039,9,2025/10/31,10190,0,4800,480,0,5280,福岡支店,レンタル法人,12,延長,12ヶ月未満
B25004039,10,2025/11/30,10190,0,4800,480,0,5280,福岡支店,レンタル法人,12,延長,12ヶ月未満
B25004039,11,2025/12/31,10190,0,4800,480,0,5280,福岡支店,レンタル法人,12,延長,12ヶ月未満
B25004039,12,2026/1/31,10190,0,4800,480,0,5280,福岡支店,レンタル法人,12,延長,12ヶ月未満
B25004040,8,2025/9/30,10190,0,6400,640,0,7040,福岡支店,レンタル法人,12,延長,12ヶ月未満
B25004040,9,2025/10/31,10190,0,6400,640,0,7040,福岡支店,レンタル法人,12,延長,12ヶ月未満
B25004040,10,2025/11/30,10190,0,6400,640,0,7040,福岡支店,レンタル法人,12,延長,12ヶ月未満
B25004040,11,2025/12/31,10190,0,6400,640,0,7040,福岡支店,レンタル法人,12,延長,12ヶ月未満
B25004040,12,2026/1/31,10190,0,6400,640,0,7040,福岡支店,レンタル法人,12,延長,12ヶ月未満
B25004041,8,2025/9/30,10190,0,8000,800,0,8800,福岡支店,レンタル法人,12,延長,12ヶ月未満
B25004041,9,2025/10/31,10190,0,8000,800,0,8800,福岡支店,レンタル法人,12,延長,12ヶ月未満
B25004041,10,2025/11/30,10190,0,8000,800,0,8800,福岡支店,レンタル法人,12,延長,12ヶ月未満
B25004041,11,2025/12/31,10190,0,8000,800,0,8800,福岡支店,レンタル法人,12,延長,12ヶ月未満
B25004041,12,2026/1/31,10190,0,8000,800,0,8800,福岡支店,レンタル法人,12,延長,12ヶ月未満
B25004042,8,2025/9/30,10190,0,3200,320,0,3520,福岡支店,レンタル法人,12,延長,12ヶ月未満
B25004042,9,2025/10/31,10190,0,3200,320,0,3520,福岡支店,レンタル法人,12,延長,12ヶ月未満
B25004042,10,2025/11/30,10190,0,3200,320,0,3520,福岡支店,レンタル法人,12,延長,12ヶ月未満
B25004042,11,2025/12/31,10190,0,3200,320,0,3520,福岡支店,レンタル法人,12,延長,12ヶ月未満
B25004042,12,2026/1/31,10190,0,3200,320,0,3520,福岡支店,レンタル法人,12,延長,12ヶ月未満
B25004044,8,2025/9/30,10190,0,20800,2080,0,22880,福岡支店,レンタル法人,12,延長,12ヶ月未満
B25004044,9,2025/10/31,10190,0,20800,2080,0,22880,福岡支店,レンタル法人,12,延長,12ヶ月未満
B25004044,10,2025/11/30,10190,0,20800,2080,0,22880,福岡支店,レンタル法人,12,延長,12ヶ月未満
B25004044,11,2025/12/31,10190,0,20800,2080,0,22880,福岡支店,レンタル法人,12,延長,12ヶ月未満
B25004044,12,2026/1/31,10190,0,20800,2080,0,22880,福岡支店,レンタル法人,12,延長,12ヶ月未満
B25004045,8,2025/9/30,10190,0,1600,160,0,1760,福岡支店,レンタル法人,12,延長,12ヶ月未満
B25004045,9,2025/10/31,10190,0,1600,160,0,1760,福岡支店,レンタル法人,12,延長,12ヶ月未満
B25004045,10,2025/11/30,10190,0,1600,160,0,1760,福岡支店,レンタル法人,12,延長,12ヶ月未満
B25004045,11,2025/12/31,10190,0,1600,160,0,1760,福岡支店,レンタル法人,12,延長,12ヶ月未満
B25004045,12,2026/1/31,10190,0,1600,160,0,1760,福岡支店,レンタル法人,12,延長,12ヶ月未満
B25004047,8,2025/9/30,10190,0,75200,7520,0,82720,福岡支店,レンタル法人,12,延長,12ヶ月未満
B25004047,9,2025/10/31,10190,0,75200,7520,0,82720,福岡支店,レンタル法人,12,延長,12ヶ月未満
B25004047,10,2025/11/30,10190,0,75200,7520,0,82720,福岡支店,レンタル法人,12,延長,12ヶ月未満
B25004047,11,2025/12/31,10190,0,75200,7520,0,82720,福岡支店,レンタル法人,12,延長,12ヶ月未満
B25004047,12,2026/1/31,10190,0,75200,7520,0,82720,福岡支店,レンタル法人,12,延長,12ヶ月未満
B25004048,8,2025/9/30,10190,0,145600,14560,0,160160,福岡支店,レンタル法人,12,延長,12ヶ月未満
B25004048,9,2025/10/31,10190,0,145600,14560,0,160160,福岡支店,レンタル法人,12,延長,12ヶ月未満
B25004048,10,2025/11/30,10190,0,145600,14560,0,160160,福岡支店,レンタル法人,12,延長,12ヶ月未満
B25004048,11,2025/12/31,10190,0,145600,14560,0,160160,福岡支店,レンタル法人,12,延長,12ヶ月未満
B25004048,12,2026/1/31,10190,0,145600,14560,0,160160,福岡支店,レンタル法人,12,延長,12ヶ月未満
B25004049,8,2025/9/30,10190,0,1600,160,0,1760,福岡支店,レンタル法人,12,延長,12ヶ月未満
B25004049,9,2025/10/31,10190,0,1600,160,0,1760,福岡支店,レンタル法人,12,延長,12ヶ月未満
B25004049,10,2025/11/30,10190,0,1600,160,0,1760,福岡支店,レンタル法人,12,延長,12ヶ月未満
B25004049,11,2025/12/31,10190,0,1600,160,0,1760,福岡支店,レンタル法人,12,延長,12ヶ月未満
B25004049,12,2026/1/31,10190,0,1600,160,0,1760,福岡支店,レンタル法人,12,延長,12ヶ月未満
B25004050,7,2025/9/30,14989,0,8700,870,0,9570,福岡支店,レンタル法人,60,新規,12ヶ月以上
B25004050,8,2025/10/31,14989,0,8700,870,0,9570,福岡支店,レンタル法人,60,新規,12ヶ月以上
B25004050,9,2025/11/30,14989,0,8700,870,0,9570,福岡支店,レンタル法人,60,新規,12ヶ月以上
B25004050,10,2025/12/31,14989,0,8700,870,0,9570,福岡支店,レンタル法人,60,新規,12ヶ月以上
B25004050,11,2026/1/31,14989,0,8700,870,0,9570,福岡支店,レンタル法人,60,新規,12ヶ月以上
B25004050,12,2026/2/28,14989,0,8700,870,0,9570,福岡支店,レンタル法人,60,新規,12ヶ月以上
B25004050,13,2026/3/31,14989,0,8700,870,0,9570,福岡支店,レンタル法人,60,新規,12ヶ月以上
B25004050,14,2026/4/30,14989,0,8700,870,0,9570,福岡支店,レンタル法人,60,新規,12ヶ月以上
B25004050,15,2026/5/31,14989,0,8700,870,0,9570,福岡支店,レンタル法人,60,新規,12ヶ月以上
B25004050,16,2026/6/30,14989,0,8700,870,0,9570,福岡支店,レンタル法人,60,新規,12ヶ月以上
B25004050,17,2026/7/31,14989,0,8700,870,0,9570,福岡支店,レンタル法人,60,新規,12ヶ月以上
B25004050,18,2026/8/31,14989,0,8700,870,0,9570,福岡支店,レンタル法人,60,新規,12ヶ月以上
B25004051,8,2025/9/30,10190,0,14400,1440,0,15840,福岡支店,レンタル法人,12,延長,12ヶ月未満
B25004051,9,2025/10/31,10190,0,14400,1440,0,15840,福岡支店,レンタル法人,12,延長,12ヶ月未満
B25004051,10,2025/11/30,10190,0,14400,1440,0,15840,福岡支店,レンタル法人,12,延長,12ヶ月未満
B25004051,11,2025/12/31,10190,0,14400,1440,0,15840,福岡支店,レンタル法人,12,延長,12ヶ月未満
B25004051,12,2026/1/31,10190,0,14400,1440,0,15840,福岡支店,レンタル法人,12,延長,12ヶ月未満
B25004052,8,2025/9/30,10190,0,8000,800,0,8800,福岡支店,レンタル法人,12,延長,12ヶ月未満
B25004052,9,2025/10/31,10190,0,8000,800,0,8800,福岡支店,レンタル法人,12,延長,12ヶ月未満
B25004052,10,2025/11/30,10190,0,8000,800,0,8800,福岡支店,レンタル法人,12,延長,12ヶ月未満
B25004052,11,2025/12/31,10190,0,8000,800,0,8800,福岡支店,レンタル法人,12,延長,12ヶ月未満
B25004052,12,2026/1/31,10190,0,8000,800,0,8800,福岡支店,レンタル法人,12,延長,12ヶ月未満
B25004053,8,2025/9/30,10190,0,11200,1120,0,12320,福岡支店,レンタル法人,12,延長,12ヶ月未満
B25004053,9,2025/10/31,10190,0,11200,1120,0,12320,福岡支店,レンタル法人,12,延長,12ヶ月未満
B25004053,10,2025/11/30,10190,0,11200,1120,0,12320,福岡支店,レンタル法人,12,延長,12ヶ月未満
B25004053,11,2025/12/31,10190,0,11200,1120,0,12320,福岡支店,レンタル法人,12,延長,12ヶ月未満
B25004053,12,2026/1/31,10190,0,11200,1120,0,12320,福岡支店,レンタル法人,12,延長,12ヶ月未満
B25004054,8,2025/9/30,10190,0,14400,1440,0,15840,福岡支店,レンタル法人,12,延長,12ヶ月未満
B25004054,9,2025/10/31,10190,0,14400,1440,0,15840,福岡支店,レンタル法人,12,延長,12ヶ月未満
B25004054,10,2025/11/30,10190,0,14400,1440,0,15840,福岡支店,レンタル法人,12,延長,12ヶ月未満
B25004054,11,2025/12/31,10190,0,14400,1440,0,15840,福岡支店,レンタル法人,12,延長,12ヶ月未満
B25004054,12,2026/1/31,10190,0,14400,1440,0,15840,福岡支店,レンタル法人,12,延長,12ヶ月未満
B25004055,8,2025/9/30,10190,0,16000,1600,0,17600,福岡支店,レンタル法人,12,延長,12ヶ月未満
B25004055,9,2025/10/31,10190,0,16000,1600,0,17600,福岡支店,レンタル法人,12,延長,12ヶ月未満
B25004055,10,2025/11/30,10190,0,16000,1600,0,17600,福岡支店,レンタル法人,12,延長,12ヶ月未満
B25004055,11,2025/12/31,10190,0,16000,1600,0,17600,福岡支店,レンタル法人,12,延長,12ヶ月未満
B25004055,12,2026/1/31,10190,0,16000,1600,0,17600,福岡支店,レンタル法人,12,延長,12ヶ月未満
B25004057,8,2025/9/30,10190,0,8000,800,0,8800,福岡支店,レンタル法人,12,延長,12ヶ月未満
B25004057,9,2025/10/31,10190,0,8000,800,0,8800,福岡支店,レンタル法人,12,延長,12ヶ月未満
B25004057,10,2025/11/30,10190,0,8000,800,0,8800,福岡支店,レンタル法人,12,延長,12ヶ月未満
B25004057,11,2025/12/31,10190,0,8000,800,0,8800,福岡支店,レンタル法人,12,延長,12ヶ月未満
B25004057,12,2026/1/31,10190,0,8000,800,0,8800,福岡支店,レンタル法人,12,延長,12ヶ月未満
B25004058,8,2025/9/30,10190,0,1600,160,0,1760,福岡支店,レンタル法人,12,延長,12ヶ月未満
B25004058,9,2025/10/31,10190,0,1600,160,0,1760,福岡支店,レンタル法人,12,延長,12ヶ月未満
B25004058,10,2025/11/30,10190,0,1600,160,0,1760,福岡支店,レンタル法人,12,延長,12ヶ月未満
B25004058,11,2025/12/31,10190,0,1600,160,0,1760,福岡支店,レンタル法人,12,延長,12ヶ月未満
B25004058,12,2026/1/31,10190,0,1600,160,0,1760,福岡支店,レンタル法人,12,延長,12ヶ月未満
B25004059,8,2025/9/30,10190,0,1600,160,0,1760,福岡支店,レンタル法人,12,延長,12ヶ月未満
B25004059,9,2025/10/31,10190,0,1600,160,0,1760,福岡支店,レンタル法人,12,延長,12ヶ月未満
B25004059,10,2025/11/30,10190,0,1600,160,0,1760,福岡支店,レンタル法人,12,延長,12ヶ月未満
B25004059,11,2025/12/31,10190,0,1600,160,0,1760,福岡支店,レンタル法人,12,延長,12ヶ月未満
B25004059,12,2026/1/31,10190,0,1600,160,0,1760,福岡支店,レンタル法人,12,延長,12ヶ月未満
B25004060,8,2025/9/30,10190,0,3200,320,0,3520,福岡支店,レンタル法人,12,延長,12ヶ月未満
B25004060,9,2025/10/31,10190,0,3200,320,0,3520,福岡支店,レンタル法人,12,延長,12ヶ月未満
B25004060,10,2025/11/30,10190,0,3200,320,0,3520,福岡支店,レンタル法人,12,延長,12ヶ月未満
B25004060,11,2025/12/31,10190,0,3200,320,0,3520,福岡支店,レンタル法人,12,延長,12ヶ月未満
B25004060,12,2026/1/31,10190,0,3200,320,0,3520,福岡支店,レンタル法人,12,延長,12ヶ月未満
B25004061,8,2025/9/30,10190,0,14400,1440,0,15840,福岡支店,レンタル法人,12,延長,12ヶ月未満
B25004061,9,2025/10/31,10190,0,14400,1440,0,15840,福岡支店,レンタル法人,12,延長,12ヶ月未満
B25004061,10,2025/11/30,10190,0,14400,1440,0,15840,福岡支店,レンタル法人,12,延長,12ヶ月未満
B25004061,11,2025/12/31,10190,0,14400,1440,0,15840,福岡支店,レンタル法人,12,延長,12ヶ月未満
B25004061,12,2026/1/31,10190,0,14400,1440,0,15840,福岡支店,レンタル法人,12,延長,12ヶ月未満
B25004129,8,2025/9/30,10190,0,8000,800,0,8800,福岡支店,レンタル法人,12,新規,12ヶ月未満
B25004129,9,2025/10/31,10190,0,8000,800,0,8800,福岡支店,レンタル法人,12,新規,12ヶ月未満
B25004129,10,2025/11/30,10190,0,8000,800,0,8800,福岡支店,レンタル法人,12,新規,12ヶ月未満
B25004129,11,2025/12/31,10190,0,8000,800,0,8800,福岡支店,レンタル法人,12,新規,12ヶ月未満
B25004129,12,2026/1/31,10190,0,8000,800,0,8800,福岡支店,レンタル法人,12,新規,12ヶ月未満
B25004131,8,2025/9/30,10190,0,22400,2240,0,24640,福岡支店,レンタル法人,12,新規,12ヶ月未満
B25004131,9,2025/10/31,10190,0,22400,2240,0,24640,福岡支店,レンタル法人,12,新規,12ヶ月未満
B25004131,10,2025/11/30,10190,0,22400,2240,0,24640,福岡支店,レンタル法人,12,新規,12ヶ月未満
B25004131,11,2025/12/31,10190,0,22400,2240,0,24640,福岡支店,レンタル法人,12,新規,12ヶ月未満
B25004131,12,2026/1/31,10190,0,22400,2240,0,24640,福岡支店,レンタル法人,12,新規,12ヶ月未満
B25004321,7,2025/9/30,15236,0,3500,350,0,3850,福岡支店,レンタル法人,60,新規,12ヶ月以上
B25004321,8,2025/10/31,15236,0,3500,350,0,3850,福岡支店,レンタル法人,60,新規,12ヶ月以上
B25004321,9,2025/11/30,15236,0,3500,350,0,3850,福岡支店,レンタル法人,60,新規,12ヶ月以上
B25004321,10,2025/12/31,15236,0,3500,350,0,3850,福岡支店,レンタル法人,60,新規,12ヶ月以上
B25004321,11,2026/1/31,15236,0,3500,350,0,3850,福岡支店,レンタル法人,60,新規,12ヶ月以上
B25004321,12,2026/2/28,15236,0,3500,350,0,3850,福岡支店,レンタル法人,60,新規,12ヶ月以上
B25004321,13,2026/3/31,15236,0,3500,350,0,3850,福岡支店,レンタル法人,60,新規,12ヶ月以上
B25004321,14,2026/4/30,15236,0,3500,350,0,3850,福岡支店,レンタル法人,60,新規,12ヶ月以上
B25004321,15,2026/5/31,15236,0,3500,350,0,3850,福岡支店,レンタル法人,60,新規,12ヶ月以上
B25004321,16,2026/6/30,15236,0,3500,350,0,3850,福岡支店,レンタル法人,60,新規,12ヶ月以上
B25004321,17,2026/7/31,15236,0,3500,350,0,3850,福岡支店,レンタル法人,60,新規,12ヶ月以上
B25004321,18,2026/8/31,15236,0,3500,350,0,3850,福岡支店,レンタル法人,60,新規,12ヶ月以上
B25004329,7,2025/9/30,10190,0,4800,480,0,5280,福岡支店,レンタル法人,12,新規,12ヶ月未満
B25004329,8,2025/10/31,10190,0,4800,480,0,5280,福岡支店,レンタル法人,12,新規,12ヶ月未満
B25004329,9,2025/11/30,10190,0,4800,480,0,5280,福岡支店,レンタル法人,12,新規,12ヶ月未満
B25004329,10,2025/12/31,10190,0,4800,480,0,5280,福岡支店,レンタル法人,12,新規,12ヶ月未満
B25004329,11,2026/1/31,10190,0,4800,480,0,5280,福岡支店,レンタル法人,12,新規,12ヶ月未満
B25004329,12,2026/2/28,10190,0,4800,480,0,5280,福岡支店,レンタル法人,12,新規,12ヶ月未満
B25004347,7,2025/9/30,10190,0,1600,160,0,1760,福岡支店,レンタル法人,12,新規,12ヶ月未満
B25004347,8,2025/10/31,10190,0,1600,160,0,1760,福岡支店,レンタル法人,12,新規,12ヶ月未満
B25004347,9,2025/11/30,10190,0,1600,160,0,1760,福岡支店,レンタル法人,12,新規,12ヶ月未満
B25004347,10,2025/12/31,10190,0,1600,160,0,1760,福岡支店,レンタル法人,12,新規,12ヶ月未満
B25004347,11,2026/1/31,10190,0,1600,160,0,1760,福岡支店,レンタル法人,12,新規,12ヶ月未満
B25004347,12,2026/2/28,10190,0,1600,160,0,1760,福岡支店,レンタル法人,12,新規,12ヶ月未満
B25004353,7,2025/9/30,10190,0,6400,640,0,7040,福岡支店,レンタル法人,12,新規,12ヶ月未満
B25004353,8,2025/10/31,10190,0,6400,640,0,7040,福岡支店,レンタル法人,12,新規,12ヶ月未満
B25004353,9,2025/11/30,10190,0,6400,640,0,7040,福岡支店,レンタル法人,12,新規,12ヶ月未満
B25004353,10,2025/12/31,10190,0,6400,640,0,7040,福岡支店,レンタル法人,12,新規,12ヶ月未満
B25004353,11,2026/1/31,10190,0,6400,640,0,7040,福岡支店,レンタル法人,12,新規,12ヶ月未満
B25004353,12,2026/2/28,10190,0,6400,640,0,7040,福岡支店,レンタル法人,12,新規,12ヶ月未満
B25004358,7,2025/9/30,10190,0,6400,640,0,7040,福岡支店,レンタル法人,12,新規,12ヶ月未満
B25004358,8,2025/10/31,10190,0,6400,640,0,7040,福岡支店,レンタル法人,12,新規,12ヶ月未満
B25004358,9,2025/11/30,10190,0,6400,640,0,7040,福岡支店,レンタル法人,12,新規,12ヶ月未満
B25004358,10,2025/12/31,10190,0,6400,640,0,7040,福岡支店,レンタル法人,12,新規,12ヶ月未満
B25004358,11,2026/1/31,10190,0,6400,640,0,7040,福岡支店,レンタル法人,12,新規,12ヶ月未満
B25004358,12,2026/2/28,10190,0,6400,640,0,7040,福岡支店,レンタル法人,12,新規,12ヶ月未満
B25004370,7,2025/9/30,10190,0,4800,480,0,5280,福岡支店,レンタル法人,12,新規,12ヶ月未満
B25004370,8,2025/10/31,10190,0,4800,480,0,5280,福岡支店,レンタル法人,12,新規,12ヶ月未満
B25004370,9,2025/11/30,10190,0,4800,480,0,5280,福岡支店,レンタル法人,12,新規,12ヶ月未満
B25004370,10,2025/12/31,10190,0,4800,480,0,5280,福岡支店,レンタル法人,12,新規,12ヶ月未満
B25004370,11,2026/1/31,10190,0,4800,480,0,5280,福岡支店,レンタル法人,12,新規,12ヶ月未満
B25004370,12,2026/2/28,10190,0,4800,480,0,5280,福岡支店,レンタル法人,12,新規,12ヶ月未満
B25004375,7,2025/9/30,10190,0,4800,480,0,5280,福岡支店,レンタル法人,12,新規,12ヶ月未満
B25004375,8,2025/10/31,10190,0,4800,480,0,5280,福岡支店,レンタル法人,12,新規,12ヶ月未満
B25004375,9,2025/11/30,10190,0,4800,480,0,5280,福岡支店,レンタル法人,12,新規,12ヶ月未満
B25004375,10,2025/12/31,10190,0,4800,480,0,5280,福岡支店,レンタル法人,12,新規,12ヶ月未満
B25004375,11,2026/1/31,10190,0,4800,480,0,5280,福岡支店,レンタル法人,12,新規,12ヶ月未満
B25004375,12,2026/2/28,10190,0,4800,480,0,5280,福岡支店,レンタル法人,12,新規,12ヶ月未満
B25004406,7,2025/9/30,12556,0,50600,5060,0,55660,福岡支店,レンタル法人,60,新規,12ヶ月以上
B25004406,8,2025/10/31,12556,0,50600,5060,0,55660,福岡支店,レンタル法人,60,新規,12ヶ月以上
B25004406,9,2025/11/30,12556,0,50600,5060,0,55660,福岡支店,レンタル法人,60,新規,12ヶ月以上
B25004406,10,2025/12/31,12556,0,50600,5060,0,55660,福岡支店,レンタル法人,60,新規,12ヶ月以上
B25004406,11,2026/1/31,12556,0,50600,5060,0,55660,福岡支店,レンタル法人,60,新規,12ヶ月以上
B25004406,12,2026/2/28,12556,0,50600,5060,0,55660,福岡支店,レンタル法人,60,新規,12ヶ月以上
B25004406,13,2026/3/31,12556,0,50600,5060,0,55660,福岡支店,レンタル法人,60,新規,12ヶ月以上
B25004406,14,2026/4/30,12556,0,50600,5060,0,55660,福岡支店,レンタル法人,60,新規,12ヶ月以上
B25004406,15,2026/5/31,12556,0,50600,5060,0,55660,福岡支店,レンタル法人,60,新規,12ヶ月以上
B25004406,16,2026/6/30,12556,0,50600,5060,0,55660,福岡支店,レンタル法人,60,新規,12ヶ月以上
B25004406,17,2026/7/31,12556,0,50600,5060,0,55660,福岡支店,レンタル法人,60,新規,12ヶ月以上
B25004406,18,2026/8/31,12556,0,50600,5060,0,55660,福岡支店,レンタル法人,60,新規,12ヶ月以上
B25004413,6,2025/9/30,11894,0,14500,1450,0,15950,福岡支店,レンタル法人,60,新規,12ヶ月以上
B25004413,7,2025/10/31,11894,0,14500,1450,0,15950,福岡支店,レンタル法人,60,新規,12ヶ月以上
B25004413,8,2025/11/30,11894,0,14500,1450,0,15950,福岡支店,レンタル法人,60,新規,12ヶ月以上
B25004413,9,2025/12/31,11894,0,14500,1450,0,15950,福岡支店,レンタル法人,60,新規,12ヶ月以上
B25004413,10,2026/1/31,11894,0,14500,1450,0,15950,福岡支店,レンタル法人,60,新規,12ヶ月以上
B25004413,11,2026/2/28,11894,0,14500,1450,0,15950,福岡支店,レンタル法人,60,新規,12ヶ月以上
B25004413,12,2026/3/31,11894,0,14500,1450,0,15950,福岡支店,レンタル法人,60,新規,12ヶ月以上
B25004413,13,2026/4/30,11894,0,14500,1450,0,15950,福岡支店,レンタル法人,60,新規,12ヶ月以上
B25004413,14,2026/5/31,11894,0,14500,1450,0,15950,福岡支店,レンタル法人,60,新規,12ヶ月以上
B25004413,15,2026/6/30,11894,0,14500,1450,0,15950,福岡支店,レンタル法人,60,新規,12ヶ月以上
B25004413,16,2026/7/31,11894,0,14500,1450,0,15950,福岡支店,レンタル法人,60,新規,12ヶ月以上
B25004413,17,2026/8/31,11894,0,14500,1450,0,15950,福岡支店,レンタル法人,60,新規,12ヶ月以上
B25005104,6,2025/9/30,14220,0,21000,2100,0,23100,福岡支店,レンタル法人,60,新規,12ヶ月以上
B25005104,7,2025/10/31,14220,0,21000,2100,0,23100,福岡支店,レンタル法人,60,新規,12ヶ月以上
B25005104,8,2025/11/30,14220,0,21000,2100,0,23100,福岡支店,レンタル法人,60,新規,12ヶ月以上
B25005104,9,2025/12/31,14220,0,21000,2100,0,23100,福岡支店,レンタル法人,60,新規,12ヶ月以上
B25005104,10,2026/1/31,14220,0,21000,2100,0,23100,福岡支店,レンタル法人,60,新規,12ヶ月以上
B25005104,11,2026/2/28,14220,0,21000,2100,0,23100,福岡支店,レンタル法人,60,新規,12ヶ月以上
B25005104,12,2026/3/31,14220,0,21000,2100,0,23100,福岡支店,レンタル法人,60,新規,12ヶ月以上
B25005104,13,2026/4/30,14220,0,21000,2100,0,23100,福岡支店,レンタル法人,60,新規,12ヶ月以上
B25005104,14,2026/5/31,14220,0,21000,2100,0,23100,福岡支店,レンタル法人,60,新規,12ヶ月以上
B25005104,15,2026/6/30,14220,0,21000,2100,0,23100,福岡支店,レンタル法人,60,新規,12ヶ月以上
B25005104,16,2026/7/31,14220,0,21000,2100,0,23100,福岡支店,レンタル法人,60,新規,12ヶ月以上
B25005104,17,2026/8/31,14220,0,21000,2100,0,23100,福岡支店,レンタル法人,60,新規,12ヶ月以上
B25005338,7,2025/9/30,14736,0,12600,1260,0,13860,福岡支店,レンタル法人,60,新規,12ヶ月以上
B25005338,8,2025/10/31,14736,0,12600,1260,0,13860,福岡支店,レンタル法人,60,新規,12ヶ月以上
B25005338,9,2025/11/30,14736,0,12600,1260,0,13860,福岡支店,レンタル法人,60,新規,12ヶ月以上
B25005338,10,2025/12/31,14736,0,12600,1260,0,13860,福岡支店,レンタル法人,60,新規,12ヶ月以上
B25005338,11,2026/1/31,14736,0,12600,1260,0,13860,福岡支店,レンタル法人,60,新規,12ヶ月以上
B25005338,12,2026/2/28,14736,0,12600,1260,0,13860,福岡支店,レンタル法人,60,新規,12ヶ月以上
B25005338,13,2026/3/31,14736,0,12600,1260,0,13860,福岡支店,レンタル法人,60,新規,12ヶ月以上
B25005338,14,2026/4/30,14736,0,12600,1260,0,13860,福岡支店,レンタル法人,60,新規,12ヶ月以上
B25005338,15,2026/5/31,14736,0,12600,1260,0,13860,福岡支店,レンタル法人,60,新規,12ヶ月以上
B25005338,16,2026/6/30,14736,0,12600,1260,0,13860,福岡支店,レンタル法人,60,新規,12ヶ月以上
B25005338,17,2026/7/31,14736,0,12600,1260,0,13860,福岡支店,レンタル法人,60,新規,12ヶ月以上
B25005338,18,2026/8/31,14736,0,12600,1260,0,13860,福岡支店,レンタル法人,60,新規,12ヶ月以上
B25005377,7,2025/9/30,15236,0,56540,5654,0,62194,福岡支店,レンタル法人,60,新規,12ヶ月以上
B25005377,8,2025/10/31,15236,0,56540,5654,0,62194,福岡支店,レンタル法人,60,新規,12ヶ月以上
B25005377,9,2025/11/30,15236,0,56540,5654,0,62194,福岡支店,レンタル法人,60,新規,12ヶ月以上
B25005377,10,2025/12/31,15236,0,56540,5654,0,62194,福岡支店,レンタル法人,60,新規,12ヶ月以上
B25005377,11,2026/1/31,15236,0,56540,5654,0,62194,福岡支店,レンタル法人,60,新規,12ヶ月以上
B25005377,12,2026/2/28,15236,0,56540,5654,0,62194,福岡支店,レンタル法人,60,新規,12ヶ月以上
B25005377,13,2026/3/31,15236,0,56540,5654,0,62194,福岡支店,レンタル法人,60,新規,12ヶ月以上
B25005377,14,2026/4/30,15236,0,56540,5654,0,62194,福岡支店,レンタル法人,60,新規,12ヶ月以上
B25005377,15,2026/5/31,15236,0,56540,5654,0,62194,福岡支店,レンタル法人,60,新規,12ヶ月以上
B25005377,16,2026/6/30,15236,0,56540,5654,0,62194,福岡支店,レンタル法人,60,新規,12ヶ月以上
B25005377,17,2026/7/31,15236,0,56540,5654,0,62194,福岡支店,レンタル法人,60,新規,12ヶ月以上
B25005377,18,2026/8/31,15236,0,56540,5654,0,62194,福岡支店,レンタル法人,60,新規,12ヶ月以上
B25005467,7,2025/9/30,16184,0,3060,306,0,3366,福岡支店,レンタル法人,36,新規,12ヶ月以上
B25005467,8,2025/10/31,16184,0,3060,306,0,3366,福岡支店,レンタル法人,36,新規,12ヶ月以上
B25005467,9,2025/11/30,16184,0,3060,306,0,3366,福岡支店,レンタル法人,36,新規,12ヶ月以上
B25005467,10,2025/12/31,16184,0,3060,306,0,3366,福岡支店,レンタル法人,36,新規,12ヶ月以上
B25005467,11,2026/1/31,16184,0,3060,306,0,3366,福岡支店,レンタル法人,36,新規,12ヶ月以上
B25005467,12,2026/2/28,16184,0,3060,306,0,3366,福岡支店,レンタル法人,36,新規,12ヶ月以上
B25005467,13,2026/3/31,16184,0,3060,306,0,3366,福岡支店,レンタル法人,36,新規,12ヶ月以上
B25005467,14,2026/4/30,16184,0,3060,306,0,3366,福岡支店,レンタル法人,36,新規,12ヶ月以上
B25005467,15,2026/5/31,16184,0,3060,306,0,3366,福岡支店,レンタル法人,36,新規,12ヶ月以上
B25005467,16,2026/6/30,16184,0,3060,306,0,3366,福岡支店,レンタル法人,36,新規,12ヶ月以上
B25005467,17,2026/7/31,16184,0,3060,306,0,3366,福岡支店,レンタル法人,36,新規,12ヶ月以上
B25005467,18,2026/8/31,16184,0,3060,306,0,3366,福岡支店,レンタル法人,36,新規,12ヶ月以上
B25005468,7,2025/9/30,16184,0,3120,312,0,3432,福岡支店,レンタル法人,36,新規,12ヶ月以上
B25005468,8,2025/10/31,16184,0,3120,312,0,3432,福岡支店,レンタル法人,36,新規,12ヶ月以上
B25005468,9,2025/11/30,16184,0,3120,312,0,3432,福岡支店,レンタル法人,36,新規,12ヶ月以上
B25005468,10,2025/12/31,16184,0,3120,312,0,3432,福岡支店,レンタル法人,36,新規,12ヶ月以上
B25005468,11,2026/1/31,16184,0,3120,312,0,3432,福岡支店,レンタル法人,36,新規,12ヶ月以上
B25005468,12,2026/2/28,16184,0,3120,312,0,3432,福岡支店,レンタル法人,36,新規,12ヶ月以上
B25005468,13,2026/3/31,16184,0,3120,312,0,3432,福岡支店,レンタル法人,36,新規,12ヶ月以上
B25005468,14,2026/4/30,16184,0,3120,312,0,3432,福岡支店,レンタル法人,36,新規,12ヶ月以上
B25005468,15,2026/5/31,16184,0,3120,312,0,3432,福岡支店,レンタル法人,36,新規,12ヶ月以上
B25005468,16,2026/6/30,16184,0,3120,312,0,3432,福岡支店,レンタル法人,36,新規,12ヶ月以上
B25005468,17,2026/7/31,16184,0,3120,312,0,3432,福岡支店,レンタル法人,36,新規,12ヶ月以上
B25005468,18,2026/8/31,16184,0,3120,312,0,3432,福岡支店,レンタル法人,36,新規,12ヶ月以上
B25005537,7,2025/9/30,15899,0,4650,465,0,5115,福岡支店,レンタル法人,48,新規,12ヶ月以上
B25005537,8,2025/10/31,15899,0,4650,465,0,5115,福岡支店,レンタル法人,48,新規,12ヶ月以上
B25005537,9,2025/11/30,15899,0,4650,465,0,5115,福岡支店,レンタル法人,48,新規,12ヶ月以上
B25005537,10,2025/12/31,15899,0,4650,465,0,5115,福岡支店,レンタル法人,48,新規,12ヶ月以上
B25005537,11,2026/1/31,15899,0,4650,465,0,5115,福岡支店,レンタル法人,48,新規,12ヶ月以上
B25005537,12,2026/2/28,15899,0,4650,465,0,5115,福岡支店,レンタル法人,48,新規,12ヶ月以上
B25005537,13,2026/3/31,15899,0,4650,465,0,5115,福岡支店,レンタル法人,48,新規,12ヶ月以上
B25005537,14,2026/4/30,15899,0,4650,465,0,5115,福岡支店,レンタル法人,48,新規,12ヶ月以上
B25005537,15,2026/5/31,15899,0,4650,465,0,5115,福岡支店,レンタル法人,48,新規,12ヶ月以上
B25005537,16,2026/6/30,15899,0,4650,465,0,5115,福岡支店,レンタル法人,48,新規,12ヶ月以上
B25005537,17,2026/7/31,15899,0,4650,465,0,5115,福岡支店,レンタル法人,48,新規,12ヶ月以上
B25005537,18,2026/8/31,15899,0,4650,465,0,5115,福岡支店,レンタル法人,48,新規,12ヶ月以上
B25005707,7,2025/9/30,7602,0,6500,650,0,7150,福岡支店,レンタル法人,12,新規,12ヶ月未満
B25005707,8,2025/10/31,7602,0,6500,650,0,7150,福岡支店,レンタル法人,12,新規,12ヶ月未満
B25005707,9,2025/11/30,7602,0,6500,650,0,7150,福岡支店,レンタル法人,12,新規,12ヶ月未満
B25005707,10,2025/12/31,7602,0,6500,650,0,7150,福岡支店,レンタル法人,12,新規,12ヶ月未満
B25005707,11,2026/1/31,7602,0,6500,650,0,7150,福岡支店,レンタル法人,12,新規,12ヶ月未満
B25005707,12,2026/2/28,7602,0,6500,650,0,7150,福岡支店,レンタル法人,12,新規,12ヶ月未満
B25005772,1,2025/9/30,5759,0,66500,6650,0,73150,福岡支店,レンタル法人,0,新規,12ヶ月未満
B25005780,7,2025/9/30,14736,0,6200,620,0,6820,福岡支店,レンタル法人,60,新規,12ヶ月以上
B25005780,8,2025/10/31,14736,0,6200,620,0,6820,福岡支店,レンタル法人,60,新規,12ヶ月以上
B25005780,9,2025/11/30,14736,0,6200,620,0,6820,福岡支店,レンタル法人,60,新規,12ヶ月以上
B25005780,10,2025/12/31,14736,0,6200,620,0,6820,福岡支店,レンタル法人,60,新規,12ヶ月以上
B25005780,11,2026/1/31,14736,0,6200,620,0,6820,福岡支店,レンタル法人,60,新規,12ヶ月以上
B25005780,12,2026/2/28,14736,0,6200,620,0,6820,福岡支店,レンタル法人,60,新規,12ヶ月以上
B25005780,13,2026/3/31,14736,0,6200,620,0,6820,福岡支店,レンタル法人,60,新規,12ヶ月以上
B25005780,14,2026/4/30,14736,0,6200,620,0,6820,福岡支店,レンタル法人,60,新規,12ヶ月以上
B25005780,15,2026/5/31,14736,0,6200,620,0,6820,福岡支店,レンタル法人,60,新規,12ヶ月以上
B25005780,16,2026/6/30,14736,0,6200,620,0,6820,福岡支店,レンタル法人,60,新規,12ヶ月以上
B25005780,17,2026/7/31,14736,0,6200,620,0,6820,福岡支店,レンタル法人,60,新規,12ヶ月以上
B25005780,18,2026/8/31,14736,0,6200,620,0,6820,福岡支店,レンタル法人,60,新規,12ヶ月以上
B25005900,6,2025/9/30,2134,0,3800,380,0,4180,福岡支店,レンタル法人,36,新規,12ヶ月以上
B25005900,7,2025/10/31,2134,0,3800,380,0,4180,福岡支店,レンタル法人,36,新規,12ヶ月以上
B25005900,8,2025/11/30,2134,0,3800,380,0,4180,福岡支店,レンタル法人,36,新規,12ヶ月以上
B25005900,9,2025/12/31,2134,0,3800,380,0,4180,福岡支店,レンタル法人,36,新規,12ヶ月以上
B25005900,10,2026/1/31,2134,0,3800,380,0,4180,福岡支店,レンタル法人,36,新規,12ヶ月以上
B25005900,11,2026/2/28,2134,0,3800,380,0,4180,福岡支店,レンタル法人,36,新規,12ヶ月以上
B25005900,12,2026/3/31,2134,0,3800,380,0,4180,福岡支店,レンタル法人,36,新規,12ヶ月以上
B25005900,13,2026/4/30,2134,0,3800,380,0,4180,福岡支店,レンタル法人,36,新規,12ヶ月以上
B25005900,14,2026/5/31,2134,0,3800,380,0,4180,福岡支店,レンタル法人,36,新規,12ヶ月以上
B25005900,15,2026/6/30,2134,0,3800,380,0,4180,福岡支店,レンタル法人,36,新規,12ヶ月以上
B25005900,16,2026/7/31,2134,0,3800,380,0,4180,福岡支店,レンタル法人,36,新規,12ヶ月以上
B25005900,17,2026/8/31,2134,0,3800,380,0,4180,福岡支店,レンタル法人,36,新規,12ヶ月以上
B25006041,7,2025/9/30,14896,0,22500,2250,0,24750,福岡支店,レンタル法人,60,新規,12ヶ月以上
B25006041,8,2025/10/31,14896,0,22500,2250,0,24750,福岡支店,レンタル法人,60,新規,12ヶ月以上
B25006041,9,2025/11/30,14896,0,22500,2250,0,24750,福岡支店,レンタル法人,60,新規,12ヶ月以上
B25006041,10,2025/12/31,14896,0,22500,2250,0,24750,福岡支店,レンタル法人,60,新規,12ヶ月以上
B25006041,11,2026/1/31,14896,0,22500,2250,0,24750,福岡支店,レンタル法人,60,新規,12ヶ月以上
B25006041,12,2026/2/28,14896,0,22500,2250,0,24750,福岡支店,レンタル法人,60,新規,12ヶ月以上
B25006041,13,2026/3/31,14896,0,22500,2250,0,24750,福岡支店,レンタル法人,60,新規,12ヶ月以上
B25006041,14,2026/4/30,14896,0,22500,2250,0,24750,福岡支店,レンタル法人,60,新規,12ヶ月以上
B25006041,15,2026/5/31,14896,0,22500,2250,0,24750,福岡支店,レンタル法人,60,新規,12ヶ月以上
B25006041,16,2026/6/30,14896,0,22500,2250,0,24750,福岡支店,レンタル法人,60,新規,12ヶ月以上
B25006041,17,2026/7/31,14896,0,22500,2250,0,24750,福岡支店,レンタル法人,60,新規,12ヶ月以上
B25006041,18,2026/8/31,14896,0,22500,2250,0,24750,福岡支店,レンタル法人,60,新規,12ヶ月以上
B25006167,7,2025/9/30,14758,0,3480,348,0,3828,福岡支店,レンタル法人,36,新規,12ヶ月以上
B25006167,8,2025/10/31,14758,0,3480,348,0,3828,福岡支店,レンタル法人,36,新規,12ヶ月以上
B25006167,9,2025/11/30,14758,0,3480,348,0,3828,福岡支店,レンタル法人,36,新規,12ヶ月以上
B25006167,10,2025/12/31,14758,0,3480,348,0,3828,福岡支店,レンタル法人,36,新規,12ヶ月以上
B25006167,11,2026/1/31,14758,0,3480,348,0,3828,福岡支店,レンタル法人,36,新規,12ヶ月以上
B25006167,12,2026/2/28,14758,0,3480,348,0,3828,福岡支店,レンタル法人,36,新規,12ヶ月以上
B25006167,13,2026/3/31,14758,0,3480,348,0,3828,福岡支店,レンタル法人,36,新規,12ヶ月以上
B25006167,14,2026/4/30,14758,0,3480,348,0,3828,福岡支店,レンタル法人,36,新規,12ヶ月以上
B25006167,15,2026/5/31,14758,0,3480,348,0,3828,福岡支店,レンタル法人,36,新規,12ヶ月以上
B25006167,16,2026/6/30,14758,0,3480,348,0,3828,福岡支店,レンタル法人,36,新規,12ヶ月以上
B25006167,17,2026/7/31,14758,0,3480,348,0,3828,福岡支店,レンタル法人,36,新規,12ヶ月以上
B25006167,18,2026/8/31,14758,0,3480,348,0,3828,福岡支店,レンタル法人,36,新規,12ヶ月以上
B25006283,7,2025/9/30,16423,0,15980,1598,0,17578,福岡支店,レンタル法人,60,新規,12ヶ月以上
B25006283,8,2025/10/31,16423,0,15980,1598,0,17578,福岡支店,レンタル法人,60,新規,12ヶ月以上
B25006283,9,2025/11/30,16423,0,15980,1598,0,17578,福岡支店,レンタル法人,60,新規,12ヶ月以上
B25006283,10,2025/12/31,16423,0,15980,1598,0,17578,福岡支店,レンタル法人,60,新規,12ヶ月以上
B25006283,11,2026/1/31,16423,0,15980,1598,0,17578,福岡支店,レンタル法人,60,新規,12ヶ月以上
B25006283,12,2026/2/28,16423,0,15980,1598,0,17578,福岡支店,レンタル法人,60,新規,12ヶ月以上
B25006283,13,2026/3/31,16423,0,15980,1598,0,17578,福岡支店,レンタル法人,60,新規,12ヶ月以上
B25006283,14,2026/4/30,16423,0,15980,1598,0,17578,福岡支店,レンタル法人,60,新規,12ヶ月以上
B25006283,15,2026/5/31,16423,0,15980,1598,0,17578,福岡支店,レンタル法人,60,新規,12ヶ月以上
B25006283,16,2026/6/30,16423,0,15980,1598,0,17578,福岡支店,レンタル法人,60,新規,12ヶ月以上
B25006283,17,2026/7/31,16423,0,15980,1598,0,17578,福岡支店,レンタル法人,60,新規,12ヶ月以上
B25006283,18,2026/8/31,16423,0,15980,1598,0,17578,福岡支店,レンタル法人,60,新規,12ヶ月以上
B25006554,6,2025/9/30,7602,0,16000,1600,0,17600,福岡支店,レンタル法人,12,延長,12ヶ月未満
B25006554,7,2025/10/31,7602,0,16000,1600,0,17600,福岡支店,レンタル法人,12,延長,12ヶ月未満
B25006554,8,2025/11/30,7602,0,16000,1600,0,17600,福岡支店,レンタル法人,12,延長,12ヶ月未満
B25006554,9,2025/12/31,7602,0,16000,1600,0,17600,福岡支店,レンタル法人,12,延長,12ヶ月未満
B25006554,10,2026/1/31,7602,0,16000,1600,0,17600,福岡支店,レンタル法人,12,延長,12ヶ月未満
B25006554,11,2026/2/28,7602,0,16000,1600,0,17600,福岡支店,レンタル法人,12,延長,12ヶ月未満
B25006554,12,2026/3/31,7602,0,16000,1600,0,17600,福岡支店,レンタル法人,12,延長,12ヶ月未満
B25006566,7,2025/9/30,14315,0,10400,1040,0,11440,福岡支店,レンタル法人,24,新規,12ヶ月以上
B25006566,8,2025/10/31,14315,0,10400,1040,0,11440,福岡支店,レンタル法人,24,新規,12ヶ月以上
B25006566,9,2025/11/30,14315,0,10400,1040,0,11440,福岡支店,レンタル法人,24,新規,12ヶ月以上
B25006566,10,2025/12/31,14315,0,10400,1040,0,11440,福岡支店,レンタル法人,24,新規,12ヶ月以上
B25006566,11,2026/1/31,14315,0,10400,1040,0,11440,福岡支店,レンタル法人,24,新規,12ヶ月以上
B25006566,12,2026/2/28,14315,0,10400,1040,0,11440,福岡支店,レンタル法人,24,新規,12ヶ月以上
B25006566,13,2026/3/31,14315,0,10400,1040,0,11440,福岡支店,レンタル法人,24,新規,12ヶ月以上
B25006566,14,2026/4/30,14315,0,10400,1040,0,11440,福岡支店,レンタル法人,24,新規,12ヶ月以上
B25006566,15,2026/5/31,14315,0,10400,1040,0,11440,福岡支店,レンタル法人,24,新規,12ヶ月以上
B25006566,16,2026/6/30,14315,0,10400,1040,0,11440,福岡支店,レンタル法人,24,新規,12ヶ月以上
B25006566,17,2026/7/31,14315,0,10400,1040,0,11440,福岡支店,レンタル法人,24,新規,12ヶ月以上
B25006566,18,2026/8/31,14315,0,10400,1040,0,11440,福岡支店,レンタル法人,24,新規,12ヶ月以上
B25006886,6,2025/9/30,14340,0,2980,298,0,3278,福岡支店,レンタル法人,60,新規,12ヶ月以上
B25006886,7,2025/10/31,14340,0,2980,298,0,3278,福岡支店,レンタル法人,60,新規,12ヶ月以上
B25006886,8,2025/11/30,14340,0,2980,298,0,3278,福岡支店,レンタル法人,60,新規,12ヶ月以上
B25006886,9,2025/12/31,14340,0,2980,298,0,3278,福岡支店,レンタル法人,60,新規,12ヶ月以上
B25006886,10,2026/1/31,14340,0,2980,298,0,3278,福岡支店,レンタル法人,60,新規,12ヶ月以上
B25006886,11,2026/2/28,14340,0,2980,298,0,3278,福岡支店,レンタル法人,60,新規,12ヶ月以上
B25006886,12,2026/3/31,14340,0,2980,298,0,3278,福岡支店,レンタル法人,60,新規,12ヶ月以上
B25006886,13,2026/4/30,14340,0,2980,298,0,3278,福岡支店,レンタル法人,60,新規,12ヶ月以上
B25006886,14,2026/5/31,14340,0,2980,298,0,3278,福岡支店,レンタル法人,60,新規,12ヶ月以上
B25006886,15,2026/6/30,14340,0,2980,298,0,3278,福岡支店,レンタル法人,60,新規,12ヶ月以上
B25006886,16,2026/7/31,14340,0,2980,298,0,3278,福岡支店,レンタル法人,60,新規,12ヶ月以上
B25006886,17,2026/8/31,14340,0,2980,298,0,3278,福岡支店,レンタル法人,60,新規,12ヶ月以上
B25006914,6,2025/9/30,12987,0,4950,495,0,5445,福岡支店,レンタル法人,60,新規,12ヶ月以上
B25006914,7,2025/10/31,12987,0,4950,495,0,5445,福岡支店,レンタル法人,60,新規,12ヶ月以上
B25006914,8,2025/11/30,12987,0,4950,495,0,5445,福岡支店,レンタル法人,60,新規,12ヶ月以上
B25006914,9,2025/12/31,12987,0,4950,495,0,5445,福岡支店,レンタル法人,60,新規,12ヶ月以上
B25006914,10,2026/1/31,12987,0,4950,495,0,5445,福岡支店,レンタル法人,60,新規,12ヶ月以上
B25006914,11,2026/2/28,12987,0,4950,495,0,5445,福岡支店,レンタル法人,60,新規,12ヶ月以上
B25006914,12,2026/3/31,12987,0,4950,495,0,5445,福岡支店,レンタル法人,60,新規,12ヶ月以上
B25006914,13,2026/4/30,12987,0,4950,495,0,5445,福岡支店,レンタル法人,60,新規,12ヶ月以上
B25006914,14,2026/5/31,12987,0,4950,495,0,5445,福岡支店,レンタル法人,60,新規,12ヶ月以上
B25006914,15,2026/6/30,12987,0,4950,495,0,5445,福岡支店,レンタル法人,60,新規,12ヶ月以上
B25006914,16,2026/7/31,12987,0,4950,495,0,5445,福岡支店,レンタル法人,60,新規,12ヶ月以上
B25006914,17,2026/8/31,12987,0,4950,495,0,5445,福岡支店,レンタル法人,60,新規,12ヶ月以上
B25007026,4,2025/9/30,14736,0,22400,2240,0,24640,福岡支店,レンタル法人,36,新規,12ヶ月以上
B25007026,5,2025/10/31,14736,0,22400,2240,0,24640,福岡支店,レンタル法人,36,新規,12ヶ月以上
B25007026,6,2025/11/30,14736,0,22400,2240,0,24640,福岡支店,レンタル法人,36,新規,12ヶ月以上
B25007026,7,2025/12/31,14736,0,22400,2240,0,24640,福岡支店,レンタル法人,36,新規,12ヶ月以上
B25007026,8,2026/1/31,14736,0,22400,2240,0,24640,福岡支店,レンタル法人,36,新規,12ヶ月以上
B25007026,9,2026/2/28,14736,0,22400,2240,0,24640,福岡支店,レンタル法人,36,新規,12ヶ月以上
B25007026,10,2026/3/31,14736,0,22400,2240,0,24640,福岡支店,レンタル法人,36,新規,12ヶ月以上
B25007026,11,2026/4/30,14736,0,22400,2240,0,24640,福岡支店,レンタル法人,36,新規,12ヶ月以上
B25007026,12,2026/5/31,14736,0,22400,2240,0,24640,福岡支店,レンタル法人,36,新規,12ヶ月以上
B25007026,13,2026/6/30,14736,0,22400,2240,0,24640,福岡支店,レンタル法人,36,新規,12ヶ月以上
B25007026,14,2026/7/31,14736,0,22400,2240,0,24640,福岡支店,レンタル法人,36,新規,12ヶ月以上
B25007026,15,2026/8/31,14736,0,22400,2240,0,24640,福岡支店,レンタル法人,36,新規,12ヶ月以上
B25007155,6,2025/9/30,10190,0,4800,480,0,5280,福岡支店,レンタル法人,12,新規,12ヶ月未満
B25007155,7,2025/10/31,10190,0,4800,480,0,5280,福岡支店,レンタル法人,12,新規,12ヶ月未満
B25007155,8,2025/11/30,10190,0,4800,480,0,5280,福岡支店,レンタル法人,12,新規,12ヶ月未満
B25007155,9,2025/12/31,10190,0,4800,480,0,5280,福岡支店,レンタル法人,12,新規,12ヶ月未満
B25007155,10,2026/1/31,10190,0,4800,480,0,5280,福岡支店,レンタル法人,12,新規,12ヶ月未満
B25007155,11,2026/2/28,10190,0,4800,480,0,5280,福岡支店,レンタル法人,12,新規,12ヶ月未満
B25007155,12,2026/3/31,10190,0,4800,480,0,5280,福岡支店,レンタル法人,12,新規,12ヶ月未満
B25007156,6,2025/9/30,10190,0,8000,800,0,8800,福岡支店,レンタル法人,12,新規,12ヶ月未満
B25007156,7,2025/10/31,10190,0,8000,800,0,8800,福岡支店,レンタル法人,12,新規,12ヶ月未満
B25007156,8,2025/11/30,10190,0,8000,800,0,8800,福岡支店,レンタル法人,12,新規,12ヶ月未満
B25007156,9,2025/12/31,10190,0,8000,800,0,8800,福岡支店,レンタル法人,12,新規,12ヶ月未満
B25007156,10,2026/1/31,10190,0,8000,800,0,8800,福岡支店,レンタル法人,12,新規,12ヶ月未満
B25007156,11,2026/2/28,10190,0,8000,800,0,8800,福岡支店,レンタル法人,12,新規,12ヶ月未満
B25007156,12,2026/3/31,10190,0,8000,800,0,8800,福岡支店,レンタル法人,12,新規,12ヶ月未満
B25007194,4,2025/9/30,10190,0,1600,160,0,1760,福岡支店,レンタル法人,12,新規,12ヶ月未満
B25007194,5,2025/10/31,10190,0,1600,160,0,1760,福岡支店,レンタル法人,12,新規,12ヶ月未満
B25007194,6,2025/11/30,10190,0,1600,160,0,1760,福岡支店,レンタル法人,12,新規,12ヶ月未満
B25007194,7,2025/12/31,10190,0,1600,160,0,1760,福岡支店,レンタル法人,12,新規,12ヶ月未満
B25007194,8,2026/1/31,10190,0,1600,160,0,1760,福岡支店,レンタル法人,12,新規,12ヶ月未満
B25007194,9,2026/2/28,10190,0,1600,160,0,1760,福岡支店,レンタル法人,12,新規,12ヶ月未満
B25007194,10,2026/3/31,10190,0,1600,160,0,1760,福岡支店,レンタル法人,12,新規,12ヶ月未満
B25007194,11,2026/4/30,10190,0,1600,160,0,1760,福岡支店,レンタル法人,12,新規,12ヶ月未満
B25007194,12,2026/5/31,10190,0,1600,160,0,1760,福岡支店,レンタル法人,12,新規,12ヶ月未満
B25007197,4,2025/9/30,10190,0,9600,960,0,10560,福岡支店,レンタル法人,12,新規,12ヶ月未満
B25007197,5,2025/10/31,10190,0,9600,960,0,10560,福岡支店,レンタル法人,12,新規,12ヶ月未満
B25007197,6,2025/11/30,10190,0,9600,960,0,10560,福岡支店,レンタル法人,12,新規,12ヶ月未満
B25007197,7,2025/12/31,10190,0,9600,960,0,10560,福岡支店,レンタル法人,12,新規,12ヶ月未満
B25007197,8,2026/1/31,10190,0,9600,960,0,10560,福岡支店,レンタル法人,12,新規,12ヶ月未満
B25007197,9,2026/2/28,10190,0,9600,960,0,10560,福岡支店,レンタル法人,12,新規,12ヶ月未満
B25007197,10,2026/3/31,10190,0,9600,960,0,10560,福岡支店,レンタル法人,12,新規,12ヶ月未満
B25007197,11,2026/4/30,10190,0,9600,960,0,10560,福岡支店,レンタル法人,12,新規,12ヶ月未満
B25007197,12,2026/5/31,10190,0,9600,960,0,10560,福岡支店,レンタル法人,12,新規,12ヶ月未満
B25007219,6,2025/9/30,10190,0,6400,640,0,7040,福岡支店,レンタル法人,12,新規,12ヶ月未満
B25007219,7,2025/10/31,10190,0,6400,640,0,7040,福岡支店,レンタル法人,12,新規,12ヶ月未満
B25007219,8,2025/11/30,10190,0,6400,640,0,7040,福岡支店,レンタル法人,12,新規,12ヶ月未満
B25007219,9,2025/12/31,10190,0,6400,640,0,7040,福岡支店,レンタル法人,12,新規,12ヶ月未満
B25007219,10,2026/1/31,10190,0,6400,640,0,7040,福岡支店,レンタル法人,12,新規,12ヶ月未満
B25007219,11,2026/2/28,10190,0,6400,640,0,7040,福岡支店,レンタル法人,12,新規,12ヶ月未満
B25007219,12,2026/3/31,10190,0,6400,640,0,7040,福岡支店,レンタル法人,12,新規,12ヶ月未満
B25007221,6,2025/9/30,10190,0,4800,480,0,5280,福岡支店,レンタル法人,12,新規,12ヶ月未満
B25007221,7,2025/10/31,10190,0,4800,480,0,5280,福岡支店,レンタル法人,12,新規,12ヶ月未満
B25007221,8,2025/11/30,10190,0,4800,480,0,5280,福岡支店,レンタル法人,12,新規,12ヶ月未満
B25007221,9,2025/12/31,10190,0,4800,480,0,5280,福岡支店,レンタル法人,12,新規,12ヶ月未満
B25007221,10,2026/1/31,10190,0,4800,480,0,5280,福岡支店,レンタル法人,12,新規,12ヶ月未満
B25007221,11,2026/2/28,10190,0,4800,480,0,5280,福岡支店,レンタル法人,12,新規,12ヶ月未満
B25007221,12,2026/3/31,10190,0,4800,480,0,5280,福岡支店,レンタル法人,12,新規,12ヶ月未満
B25007228,6,2025/9/30,10190,0,4800,480,0,5280,福岡支店,レンタル法人,12,新規,12ヶ月未満
B25007228,7,2025/10/31,10190,0,4800,480,0,5280,福岡支店,レンタル法人,12,新規,12ヶ月未満
B25007228,8,2025/11/30,10190,0,4800,480,0,5280,福岡支店,レンタル法人,12,新規,12ヶ月未満
B25007228,9,2025/12/31,10190,0,4800,480,0,5280,福岡支店,レンタル法人,12,新規,12ヶ月未満
B25007228,10,2026/1/31,10190,0,4800,480,0,5280,福岡支店,レンタル法人,12,新規,12ヶ月未満
B25007228,11,2026/2/28,10190,0,4800,480,0,5280,福岡支店,レンタル法人,12,新規,12ヶ月未満
B25007228,12,2026/3/31,10190,0,4800,480,0,5280,福岡支店,レンタル法人,12,新規,12ヶ月未満
B25007551,6,2025/9/30,14989,0,2650,265,0,2915,福岡支店,レンタル法人,60,新規,12ヶ月以上
B25007551,7,2025/10/31,14989,0,2650,265,0,2915,福岡支店,レンタル法人,60,新規,12ヶ月以上
B25007551,8,2025/11/30,14989,0,2650,265,0,2915,福岡支店,レンタル法人,60,新規,12ヶ月以上
B25007551,9,2025/12/31,14989,0,2650,265,0,2915,福岡支店,レンタル法人,60,新規,12ヶ月以上
B25007551,10,2026/1/31,14989,0,2650,265,0,2915,福岡支店,レンタル法人,60,新規,12ヶ月以上
B25007551,11,2026/2/28,14989,0,2650,265,0,2915,福岡支店,レンタル法人,60,新規,12ヶ月以上
B25007551,12,2026/3/31,14989,0,2650,265,0,2915,福岡支店,レンタル法人,60,新規,12ヶ月以上
B25007551,13,2026/4/30,14989,0,2650,265,0,2915,福岡支店,レンタル法人,60,新規,12ヶ月以上
B25007551,14,2026/5/31,14989,0,2650,265,0,2915,福岡支店,レンタル法人,60,新規,12ヶ月以上
B25007551,15,2026/6/30,14989,0,2650,265,0,2915,福岡支店,レンタル法人,60,新規,12ヶ月以上
B25007551,16,2026/7/31,14989,0,2650,265,0,2915,福岡支店,レンタル法人,60,新規,12ヶ月以上
B25007551,17,2026/8/31,14989,0,2650,265,0,2915,福岡支店,レンタル法人,60,新規,12ヶ月以上
B25007736,6,2025/9/30,15899,0,1800,180,0,1980,福岡支店,レンタル法人,48,新規,12ヶ月以上
B25007736,7,2025/10/31,15899,0,1800,180,0,1980,福岡支店,レンタル法人,48,新規,12ヶ月以上
B25007736,8,2025/11/30,15899,0,1800,180,0,1980,福岡支店,レンタル法人,48,新規,12ヶ月以上
B25007736,9,2025/12/31,15899,0,1800,180,0,1980,福岡支店,レンタル法人,48,新規,12ヶ月以上
B25007736,10,2026/1/31,15899,0,1800,180,0,1980,福岡支店,レンタル法人,48,新規,12ヶ月以上
B25007736,11,2026/2/28,15899,0,1800,180,0,1980,福岡支店,レンタル法人,48,新規,12ヶ月以上
B25007736,12,2026/3/31,15899,0,1800,180,0,1980,福岡支店,レンタル法人,48,新規,12ヶ月以上
B25007736,13,2026/4/30,15899,0,1800,180,0,1980,福岡支店,レンタル法人,48,新規,12ヶ月以上
B25007736,14,2026/5/31,15899,0,1800,180,0,1980,福岡支店,レンタル法人,48,新規,12ヶ月以上
B25007736,15,2026/6/30,15899,0,1800,180,0,1980,福岡支店,レンタル法人,48,新規,12ヶ月以上
B25007736,16,2026/7/31,15899,0,1800,180,0,1980,福岡支店,レンタル法人,48,新規,12ヶ月以上
B25007736,17,2026/8/31,15899,0,1800,180,0,1980,福岡支店,レンタル法人,48,新規,12ヶ月以上
B25007779,6,2025/9/30,12556,0,46000,4600,0,50600,福岡支店,レンタル法人,60,新規,12ヶ月以上
B25007779,7,2025/10/31,12556,0,46000,4600,0,50600,福岡支店,レンタル法人,60,新規,12ヶ月以上
B25007779,8,2025/11/30,12556,0,46000,4600,0,50600,福岡支店,レンタル法人,60,新規,12ヶ月以上
B25007779,9,2025/12/31,12556,0,46000,4600,0,50600,福岡支店,レンタル法人,60,新規,12ヶ月以上
B25007779,10,2026/1/31,12556,0,46000,4600,0,50600,福岡支店,レンタル法人,60,新規,12ヶ月以上
B25007779,11,2026/2/28,12556,0,46000,4600,0,50600,福岡支店,レンタル法人,60,新規,12ヶ月以上
B25007779,12,2026/3/31,12556,0,46000,4600,0,50600,福岡支店,レンタル法人,60,新規,12ヶ月以上
B25007779,13,2026/4/30,12556,0,46000,4600,0,50600,福岡支店,レンタル法人,60,新規,12ヶ月以上
B25007779,14,2026/5/31,12556,0,46000,4600,0,50600,福岡支店,レンタル法人,60,新規,12ヶ月以上
B25007779,15,2026/6/30,12556,0,46000,4600,0,50600,福岡支店,レンタル法人,60,新規,12ヶ月以上
B25007779,16,2026/7/31,12556,0,46000,4600,0,50600,福岡支店,レンタル法人,60,新規,12ヶ月以上
B25007779,17,2026/8/31,12556,0,46000,4600,0,50600,福岡支店,レンタル法人,60,新規,12ヶ月以上
B25007862,6,2025/9/30,14736,0,22400,2240,0,24640,福岡支店,レンタル法人,60,新規,12ヶ月以上
B25007862,7,2025/10/31,14736,0,22400,2240,0,24640,福岡支店,レンタル法人,60,新規,12ヶ月以上
B25007862,8,2025/11/30,14736,0,22400,2240,0,24640,福岡支店,レンタル法人,60,新規,12ヶ月以上
B25007862,9,2025/12/31,14736,0,22400,2240,0,24640,福岡支店,レンタル法人,60,新規,12ヶ月以上
B25007862,10,2026/1/31,14736,0,22400,2240,0,24640,福岡支店,レンタル法人,60,新規,12ヶ月以上
B25007862,11,2026/2/28,14736,0,22400,2240,0,24640,福岡支店,レンタル法人,60,新規,12ヶ月以上
B25007862,12,2026/3/31,14736,0,22400,2240,0,24640,福岡支店,レンタル法人,60,新規,12ヶ月以上
B25007862,13,2026/4/30,14736,0,22400,2240,0,24640,福岡支店,レンタル法人,60,新規,12ヶ月以上
B25007862,14,2026/5/31,14736,0,22400,2240,0,24640,福岡支店,レンタル法人,60,新規,12ヶ月以上
B25007862,15,2026/6/30,14736,0,22400,2240,0,24640,福岡支店,レンタル法人,60,新規,12ヶ月以上
B25007862,16,2026/7/31,14736,0,22400,2240,0,24640,福岡支店,レンタル法人,60,新規,12ヶ月以上
B25007862,17,2026/8/31,14736,0,22400,2240,0,24640,福岡支店,レンタル法人,60,新規,12ヶ月以上
B25008360,6,2025/9/30,12987,0,3300,330,0,3630,福岡支店,レンタル法人,60,新規,12ヶ月以上
B25008360,7,2025/10/31,12987,0,3300,330,0,3630,福岡支店,レンタル法人,60,新規,12ヶ月以上
B25008360,8,2025/11/30,12987,0,3300,330,0,3630,福岡支店,レンタル法人,60,新規,12ヶ月以上
B25008360,9,2025/12/31,12987,0,3300,330,0,3630,福岡支店,レンタル法人,60,新規,12ヶ月以上
B25008360,10,2026/1/31,12987,0,3300,330,0,3630,福岡支店,レンタル法人,60,新規,12ヶ月以上
B25008360,11,2026/2/28,12987,0,3300,330,0,3630,福岡支店,レンタル法人,60,新規,12ヶ月以上
B25008360,12,2026/3/31,12987,0,3300,330,0,3630,福岡支店,レンタル法人,60,新規,12ヶ月以上
B25008360,13,2026/4/30,12987,0,3300,330,0,3630,福岡支店,レンタル法人,60,新規,12ヶ月以上
B25008360,14,2026/5/31,12987,0,3300,330,0,3630,福岡支店,レンタル法人,60,新規,12ヶ月以上
B25008360,15,2026/6/30,12987,0,3300,330,0,3630,福岡支店,レンタル法人,60,新規,12ヶ月以上
B25008360,16,2026/7/31,12987,0,3300,330,0,3630,福岡支店,レンタル法人,60,新規,12ヶ月以上
B25008360,17,2026/8/31,12987,0,3300,330,0,3630,福岡支店,レンタル法人,60,新規,12ヶ月以上
B25008713,6,2025/9/30,13345,0,3100,310,0,3410,福岡支店,レンタル法人,60,新規,12ヶ月以上
B25008713,7,2025/10/31,13345,0,3100,310,0,3410,福岡支店,レンタル法人,60,新規,12ヶ月以上
B25008713,8,2025/11/30,13345,0,3100,310,0,3410,福岡支店,レンタル法人,60,新規,12ヶ月以上
B25008713,9,2025/12/31,13345,0,3100,310,0,3410,福岡支店,レンタル法人,60,新規,12ヶ月以上
B25008713,10,2026/1/31,13345,0,3100,310,0,3410,福岡支店,レンタル法人,60,新規,12ヶ月以上
B25008713,11,2026/2/28,13345,0,3100,310,0,3410,福岡支店,レンタル法人,60,新規,12ヶ月以上
B25008713,12,2026/3/31,13345,0,3100,310,0,3410,福岡支店,レンタル法人,60,新規,12ヶ月以上
B25008713,13,2026/4/30,13345,0,3100,310,0,3410,福岡支店,レンタル法人,60,新規,12ヶ月以上
B25008713,14,2026/5/31,13345,0,3100,310,0,3410,福岡支店,レンタル法人,60,新規,12ヶ月以上
B25008713,15,2026/6/30,13345,0,3100,310,0,3410,福岡支店,レンタル法人,60,新規,12ヶ月以上
B25008713,16,2026/7/31,13345,0,3100,310,0,3410,福岡支店,レンタル法人,60,新規,12ヶ月以上
B25008713,17,2026/8/31,13345,0,3100,310,0,3410,福岡支店,レンタル法人,60,新規,12ヶ月以上
B25008988,6,2025/9/30,12797,0,4520,452,0,4972,福岡支店,レンタル法人,36,新規,12ヶ月以上
B25008988,7,2025/10/31,12797,0,4520,452,0,4972,福岡支店,レンタル法人,36,新規,12ヶ月以上
B25008988,8,2025/11/30,12797,0,4520,452,0,4972,福岡支店,レンタル法人,36,新規,12ヶ月以上
B25008988,9,2025/12/31,12797,0,4520,452,0,4972,福岡支店,レンタル法人,36,新規,12ヶ月以上
B25008988,10,2026/1/31,12797,0,4520,452,0,4972,福岡支店,レンタル法人,36,新規,12ヶ月以上
B25008988,11,2026/2/28,12797,0,4520,452,0,4972,福岡支店,レンタル法人,36,新規,12ヶ月以上
B25008988,12,2026/3/31,12797,0,4520,452,0,4972,福岡支店,レンタル法人,36,新規,12ヶ月以上
B25008988,13,2026/4/30,12797,0,4520,452,0,4972,福岡支店,レンタル法人,36,新規,12ヶ月以上
B25008988,14,2026/5/31,12797,0,4520,452,0,4972,福岡支店,レンタル法人,36,新規,12ヶ月以上
B25008988,15,2026/6/30,12797,0,4520,452,0,4972,福岡支店,レンタル法人,36,新規,12ヶ月以上
B25008988,16,2026/7/31,12797,0,4520,452,0,4972,福岡支店,レンタル法人,36,新規,12ヶ月以上
B25008988,17,2026/8/31,12797,0,4520,452,0,4972,福岡支店,レンタル法人,36,新規,12ヶ月以上
B25009268,6,2025/9/30,10190,0,8000,800,0,8800,福岡支店,レンタル法人,12,新規,12ヶ月未満
B25009268,7,2025/10/31,10190,0,8000,800,0,8800,福岡支店,レンタル法人,12,新規,12ヶ月未満
B25009268,8,2025/11/30,10190,0,8000,800,0,8800,福岡支店,レンタル法人,12,新規,12ヶ月未満
B25009268,9,2025/12/31,10190,0,8000,800,0,8800,福岡支店,レンタル法人,12,新規,12ヶ月未満
B25009268,10,2026/1/31,10190,0,8000,800,0,8800,福岡支店,レンタル法人,12,新規,12ヶ月未満
B25009268,11,2026/2/28,10190,0,8000,800,0,8800,福岡支店,レンタル法人,12,新規,12ヶ月未満
B25009268,12,2026/3/31,10190,0,8000,800,0,8800,福岡支店,レンタル法人,12,新規,12ヶ月未満
B25009269,6,2025/9/30,10190,0,6400,640,0,7040,福岡支店,レンタル法人,12,新規,12ヶ月未満
B25009269,7,2025/10/31,10190,0,6400,640,0,7040,福岡支店,レンタル法人,12,新規,12ヶ月未満
B25009269,8,2025/11/30,10190,0,6400,640,0,7040,福岡支店,レンタル法人,12,新規,12ヶ月未満
B25009269,9,2025/12/31,10190,0,6400,640,0,7040,福岡支店,レンタル法人,12,新規,12ヶ月未満
B25009269,10,2026/1/31,10190,0,6400,640,0,7040,福岡支店,レンタル法人,12,新規,12ヶ月未満
B25009269,11,2026/2/28,10190,0,6400,640,0,7040,福岡支店,レンタル法人,12,新規,12ヶ月未満
B25009269,12,2026/3/31,10190,0,6400,640,0,7040,福岡支店,レンタル法人,12,新規,12ヶ月未満
B25009287,6,2025/9/30,10190,0,8000,800,0,8800,福岡支店,レンタル法人,12,新規,12ヶ月未満
B25009287,7,2025/10/31,10190,0,8000,800,0,8800,福岡支店,レンタル法人,12,新規,12ヶ月未満
B25009287,8,2025/11/30,10190,0,8000,800,0,8800,福岡支店,レンタル法人,12,新規,12ヶ月未満
B25009287,9,2025/12/31,10190,0,8000,800,0,8800,福岡支店,レンタル法人,12,新規,12ヶ月未満
B25009287,10,2026/1/31,10190,0,8000,800,0,8800,福岡支店,レンタル法人,12,新規,12ヶ月未満
B25009287,11,2026/2/28,10190,0,8000,800,0,8800,福岡支店,レンタル法人,12,新規,12ヶ月未満
B25009287,12,2026/3/31,10190,0,8000,800,0,8800,福岡支店,レンタル法人,12,新規,12ヶ月未満
B25009289,6,2025/9/30,10190,0,19200,1920,0,21120,福岡支店,レンタル法人,12,新規,12ヶ月未満
B25009289,7,2025/10/31,10190,0,19200,1920,0,21120,福岡支店,レンタル法人,12,新規,12ヶ月未満
B25009289,8,2025/11/30,10190,0,19200,1920,0,21120,福岡支店,レンタル法人,12,新規,12ヶ月未満
B25009289,9,2025/12/31,10190,0,19200,1920,0,21120,福岡支店,レンタル法人,12,新規,12ヶ月未満
B25009289,10,2026/1/31,10190,0,19200,1920,0,21120,福岡支店,レンタル法人,12,新規,12ヶ月未満
B25009289,11,2026/2/28,10190,0,19200,1920,0,21120,福岡支店,レンタル法人,12,新規,12ヶ月未満
B25009289,12,2026/3/31,10190,0,19200,1920,0,21120,福岡支店,レンタル法人,12,新規,12ヶ月未満
B25009295,6,2025/9/30,10190,0,8000,800,0,8800,福岡支店,レンタル法人,12,新規,12ヶ月未満
B25009295,7,2025/10/31,10190,0,8000,800,0,8800,福岡支店,レンタル法人,12,新規,12ヶ月未満
B25009295,8,2025/11/30,10190,0,8000,800,0,8800,福岡支店,レンタル法人,12,新規,12ヶ月未満
B25009295,9,2025/12/31,10190,0,8000,800,0,8800,福岡支店,レンタル法人,12,新規,12ヶ月未満
B25009295,10,2026/1/31,10190,0,8000,800,0,8800,福岡支店,レンタル法人,12,新規,12ヶ月未満
B25009295,11,2026/2/28,10190,0,8000,800,0,8800,福岡支店,レンタル法人,12,新規,12ヶ月未満
B25009295,12,2026/3/31,10190,0,8000,800,0,8800,福岡支店,レンタル法人,12,新規,12ヶ月未満
B25009410,5,2025/9/30,11894,0,23000,2300,0,25300,福岡支店,レンタル法人,60,新規,12ヶ月以上
B25009410,6,2025/10/31,11894,0,23000,2300,0,25300,福岡支店,レンタル法人,60,新規,12ヶ月以上
B25009410,7,2025/11/30,11894,0,23000,2300,0,25300,福岡支店,レンタル法人,60,新規,12ヶ月以上
B25009410,8,2025/12/31,11894,0,23000,2300,0,25300,福岡支店,レンタル法人,60,新規,12ヶ月以上
B25009410,9,2026/1/31,11894,0,23000,2300,0,25300,福岡支店,レンタル法人,60,新規,12ヶ月以上
B25009410,10,2026/2/28,11894,0,23000,2300,0,25300,福岡支店,レンタル法人,60,新規,12ヶ月以上
B25009410,11,2026/3/31,11894,0,23000,2300,0,25300,福岡支店,レンタル法人,60,新規,12ヶ月以上
B25009410,12,2026/4/30,11894,0,23000,2300,0,25300,福岡支店,レンタル法人,60,新規,12ヶ月以上
B25009410,13,2026/5/31,11894,0,23000,2300,0,25300,福岡支店,レンタル法人,60,新規,12ヶ月以上
B25009410,14,2026/6/30,11894,0,23000,2300,0,25300,福岡支店,レンタル法人,60,新規,12ヶ月以上
B25009410,15,2026/7/31,11894,0,23000,2300,0,25300,福岡支店,レンタル法人,60,新規,12ヶ月以上
B25009410,16,2026/8/31,11894,0,23000,2300,0,25300,福岡支店,レンタル法人,60,新規,12ヶ月以上
B25009458,6,2025/9/30,14989,0,3000,300,0,3300,福岡支店,レンタル法人,60,新規,12ヶ月以上
B25009458,7,2025/10/31,14989,0,3000,300,0,3300,福岡支店,レンタル法人,60,新規,12ヶ月以上
B25009458,8,2025/11/30,14989,0,3000,300,0,3300,福岡支店,レンタル法人,60,新規,12ヶ月以上
B25009458,9,2025/12/31,14989,0,3000,300,0,3300,福岡支店,レンタル法人,60,新規,12ヶ月以上
B25009458,10,2026/1/31,14989,0,3000,300,0,3300,福岡支店,レンタル法人,60,新規,12ヶ月以上
B25009458,11,2026/2/28,14989,0,3000,300,0,3300,福岡支店,レンタル法人,60,新規,12ヶ月以上
B25009458,12,2026/3/31,14989,0,3000,300,0,3300,福岡支店,レンタル法人,60,新規,12ヶ月以上
B25009458,13,2026/4/30,14989,0,3000,300,0,3300,福岡支店,レンタル法人,60,新規,12ヶ月以上
B25009458,14,2026/5/31,14989,0,3000,300,0,3300,福岡支店,レンタル法人,60,新規,12ヶ月以上
B25009458,15,2026/6/30,14989,0,3000,300,0,3300,福岡支店,レンタル法人,60,新規,12ヶ月以上
B25009458,16,2026/7/31,14989,0,3000,300,0,3300,福岡支店,レンタル法人,60,新規,12ヶ月以上
B25009458,17,2026/8/31,14989,0,3000,300,0,3300,福岡支店,レンタル法人,60,新規,12ヶ月以上
B25009524,5,2025/9/30,2134,0,5760,576,0,6336,福岡支店,レンタル法人,36,新規,12ヶ月以上
B25009524,6,2025/10/31,2134,0,5760,576,0,6336,福岡支店,レンタル法人,36,新規,12ヶ月以上
B25009524,7,2025/11/30,2134,0,5760,576,0,6336,福岡支店,レンタル法人,36,新規,12ヶ月以上
B25009524,8,2025/12/31,2134,0,5760,576,0,6336,福岡支店,レンタル法人,36,新規,12ヶ月以上
B25009524,9,2026/1/31,2134,0,5760,576,0,6336,福岡支店,レンタル法人,36,新規,12ヶ月以上
B25009524,10,2026/2/28,2134,0,5760,576,0,6336,福岡支店,レンタル法人,36,新規,12ヶ月以上
B25009524,11,2026/3/31,2134,0,5760,576,0,6336,福岡支店,レンタル法人,36,新規,12ヶ月以上
B25009524,12,2026/4/30,2134,0,5760,576,0,6336,福岡支店,レンタル法人,36,新規,12ヶ月以上
B25009524,13,2026/5/31,2134,0,5760,576,0,6336,福岡支店,レンタル法人,36,新規,12ヶ月以上
B25009524,14,2026/6/30,2134,0,5760,576,0,6336,福岡支店,レンタル法人,36,新規,12ヶ月以上
B25009524,15,2026/7/31,2134,0,5760,576,0,6336,福岡支店,レンタル法人,36,新規,12ヶ月以上
B25009524,16,2026/8/31,2134,0,5760,576,0,6336,福岡支店,レンタル法人,36,新規,12ヶ月以上
B25009587,6,2025/9/30,15899,0,5850,585,0,6435,福岡支店,レンタル法人,48,新規,12ヶ月以上
B25009587,7,2025/10/31,15899,0,5850,585,0,6435,福岡支店,レンタル法人,48,新規,12ヶ月以上
B25009587,8,2025/11/30,15899,0,5850,585,0,6435,福岡支店,レンタル法人,48,新規,12ヶ月以上
B25009587,9,2025/12/31,15899,0,5850,585,0,6435,福岡支店,レンタル法人,48,新規,12ヶ月以上
B25009587,10,2026/1/31,15899,0,5850,585,0,6435,福岡支店,レンタル法人,48,新規,12ヶ月以上
B25009587,11,2026/2/28,15899,0,5850,585,0,6435,福岡支店,レンタル法人,48,新規,12ヶ月以上
B25009587,12,2026/3/31,15899,0,5850,585,0,6435,福岡支店,レンタル法人,48,新規,12ヶ月以上
B25009587,13,2026/4/30,15899,0,5850,585,0,6435,福岡支店,レンタル法人,48,新規,12ヶ月以上
B25009587,14,2026/5/31,15899,0,5850,585,0,6435,福岡支店,レンタル法人,48,新規,12ヶ月以上
B25009587,15,2026/6/30,15899,0,5850,585,0,6435,福岡支店,レンタル法人,48,新規,12ヶ月以上
B25009587,16,2026/7/31,15899,0,5850,585,0,6435,福岡支店,レンタル法人,48,新規,12ヶ月以上
B25009587,17,2026/8/31,15899,0,5850,585,0,6435,福岡支店,レンタル法人,48,新規,12ヶ月以上
B25009589,6,2025/9/30,15899,0,3800,380,0,4180,福岡支店,レンタル法人,48,新規,12ヶ月以上
B25009589,7,2025/10/31,15899,0,3800,380,0,4180,福岡支店,レンタル法人,48,新規,12ヶ月以上
B25009589,8,2025/11/30,15899,0,3800,380,0,4180,福岡支店,レンタル法人,48,新規,12ヶ月以上
B25009589,9,2025/12/31,15899,0,3800,380,0,4180,福岡支店,レンタル法人,48,新規,12ヶ月以上
B25009589,10,2026/1/31,15899,0,3800,380,0,4180,福岡支店,レンタル法人,48,新規,12ヶ月以上
B25009589,11,2026/2/28,15899,0,3800,380,0,4180,福岡支店,レンタル法人,48,新規,12ヶ月以上
B25009589,12,2026/3/31,15899,0,3800,380,0,4180,福岡支店,レンタル法人,48,新規,12ヶ月以上
B25009589,13,2026/4/30,15899,0,3800,380,0,4180,福岡支店,レンタル法人,48,新規,12ヶ月以上
B25009589,14,2026/5/31,15899,0,3800,380,0,4180,福岡支店,レンタル法人,48,新規,12ヶ月以上
B25009589,15,2026/6/30,15899,0,3800,380,0,4180,福岡支店,レンタル法人,48,新規,12ヶ月以上
B25009589,16,2026/7/31,15899,0,3800,380,0,4180,福岡支店,レンタル法人,48,新規,12ヶ月以上
B25009589,17,2026/8/31,15899,0,3800,380,0,4180,福岡支店,レンタル法人,48,新規,12ヶ月以上
B25009626,5,2025/9/30,14736,0,9800,980,0,10780,福岡支店,レンタル法人,60,新規,12ヶ月以上
B25009626,6,2025/10/31,14736,0,9800,980,0,10780,福岡支店,レンタル法人,60,新規,12ヶ月以上
B25009626,7,2025/11/30,14736,0,9800,980,0,10780,福岡支店,レンタル法人,60,新規,12ヶ月以上
B25009626,8,2025/12/31,14736,0,9800,980,0,10780,福岡支店,レンタル法人,60,新規,12ヶ月以上
B25009626,9,2026/1/31,14736,0,9800,980,0,10780,福岡支店,レンタル法人,60,新規,12ヶ月以上
B25009626,10,2026/2/28,14736,0,9800,980,0,10780,福岡支店,レンタル法人,60,新規,12ヶ月以上
B25009626,11,2026/3/31,14736,0,9800,980,0,10780,福岡支店,レンタル法人,60,新規,12ヶ月以上
B25009626,12,2026/4/30,14736,0,9800,980,0,10780,福岡支店,レンタル法人,60,新規,12ヶ月以上
B25009626,13,2026/5/31,14736,0,9800,980,0,10780,福岡支店,レンタル法人,60,新規,12ヶ月以上
B25009626,14,2026/6/30,14736,0,9800,980,0,10780,福岡支店,レンタル法人,60,新規,12ヶ月以上
B25009626,15,2026/7/31,14736,0,9800,980,0,10780,福岡支店,レンタル法人,60,新規,12ヶ月以上
B25009626,16,2026/8/31,14736,0,9800,980,0,10780,福岡支店,レンタル法人,60,新規,12ヶ月以上
B25009628,5,2025/9/30,12130,0,2500,250,0,2750,福岡支店,レンタル法人,12,延長,12ヶ月未満
B25009628,6,2025/10/31,12130,0,2500,250,0,2750,福岡支店,レンタル法人,12,延長,12ヶ月未満
B25009628,7,2025/11/30,12130,0,2500,250,0,2750,福岡支店,レンタル法人,12,延長,12ヶ月未満
B25009628,8,2025/12/31,12130,0,2500,250,0,2750,福岡支店,レンタル法人,12,延長,12ヶ月未満
B25009628,9,2026/1/31,12130,0,2500,250,0,2750,福岡支店,レンタル法人,12,延長,12ヶ月未満
B25009628,10,2026/2/28,12130,0,2500,250,0,2750,福岡支店,レンタル法人,12,延長,12ヶ月未満
B25009628,11,2026/3/31,12130,0,2500,250,0,2750,福岡支店,レンタル法人,12,延長,12ヶ月未満
B25009628,12,2026/4/30,12130,0,2500,250,0,2750,福岡支店,レンタル法人,12,延長,12ヶ月未満
B25009668,6,2025/9/30,14073,0,7728,772,0,8500,福岡支店,レンタル法人,60,新規,12ヶ月以上
B25009668,7,2025/10/31,14073,0,7728,772,0,8500,福岡支店,レンタル法人,60,新規,12ヶ月以上
B25009668,8,2025/11/30,14073,0,7728,772,0,8500,福岡支店,レンタル法人,60,新規,12ヶ月以上
B25009668,9,2025/12/31,14073,0,7728,772,0,8500,福岡支店,レンタル法人,60,新規,12ヶ月以上
B25009668,10,2026/1/31,14073,0,7728,772,0,8500,福岡支店,レンタル法人,60,新規,12ヶ月以上
B25009668,11,2026/2/28,14073,0,7728,772,0,8500,福岡支店,レンタル法人,60,新規,12ヶ月以上
B25009668,12,2026/3/31,14073,0,7728,772,0,8500,福岡支店,レンタル法人,60,新規,12ヶ月以上
B25009668,13,2026/4/30,14073,0,7728,772,0,8500,福岡支店,レンタル法人,60,新規,12ヶ月以上
B25009668,14,2026/5/31,14073,0,7728,772,0,8500,福岡支店,レンタル法人,60,新規,12ヶ月以上
B25009668,15,2026/6/30,14073,0,7728,772,0,8500,福岡支店,レンタル法人,60,新規,12ヶ月以上
B25009668,16,2026/7/31,14073,0,7728,772,0,8500,福岡支店,レンタル法人,60,新規,12ヶ月以上
B25009668,17,2026/8/31,14073,0,7728,772,0,8500,福岡支店,レンタル法人,60,新規,12ヶ月以上
B25009836,6,2025/9/30,10190,0,995900,99590,0,1095490,福岡支店,レンタル法人,6,新規,12ヶ月未満
B25010288,1,2025/9/30,5759,0,31500,3150,0,34650,福岡支店,レンタル法人,3,新規,12ヶ月未満
B25010367,5,2025/9/30,12987,0,3300,330,0,3630,福岡支店,レンタル法人,60,新規,12ヶ月以上
B25010367,6,2025/10/31,12987,0,3300,330,0,3630,福岡支店,レンタル法人,60,新規,12ヶ月以上
B25010367,7,2025/11/30,12987,0,3300,330,0,3630,福岡支店,レンタル法人,60,新規,12ヶ月以上
B25010367,8,2025/12/31,12987,0,3300,330,0,3630,福岡支店,レンタル法人,60,新規,12ヶ月以上
B25010367,9,2026/1/31,12987,0,3300,330,0,3630,福岡支店,レンタル法人,60,新規,12ヶ月以上
B25010367,10,2026/2/28,12987,0,3300,330,0,3630,福岡支店,レンタル法人,60,新規,12ヶ月以上
B25010367,11,2026/3/31,12987,0,3300,330,0,3630,福岡支店,レンタル法人,60,新規,12ヶ月以上
B25010367,12,2026/4/30,12987,0,3300,330,0,3630,福岡支店,レンタル法人,60,新規,12ヶ月以上
B25010367,13,2026/5/31,12987,0,3300,330,0,3630,福岡支店,レンタル法人,60,新規,12ヶ月以上
B25010367,14,2026/6/30,12987,0,3300,330,0,3630,福岡支店,レンタル法人,60,新規,12ヶ月以上
B25010367,15,2026/7/31,12987,0,3300,330,0,3630,福岡支店,レンタル法人,60,新規,12ヶ月以上
B25010367,16,2026/8/31,12987,0,3300,330,0,3630,福岡支店,レンタル法人,60,新規,12ヶ月以上
B25010448,5,2025/9/30,14989,0,2800,280,0,3080,福岡支店,レンタル法人,60,新規,12ヶ月以上
B25010448,6,2025/10/31,14989,0,2800,280,0,3080,福岡支店,レンタル法人,60,新規,12ヶ月以上
B25010448,7,2025/11/30,14989,0,2800,280,0,3080,福岡支店,レンタル法人,60,新規,12ヶ月以上
B25010448,8,2025/12/31,14989,0,2800,280,0,3080,福岡支店,レンタル法人,60,新規,12ヶ月以上
B25010448,9,2026/1/31,14989,0,2800,280,0,3080,福岡支店,レンタル法人,60,新規,12ヶ月以上
B25010448,10,2026/2/28,14989,0,2800,280,0,3080,福岡支店,レンタル法人,60,新規,12ヶ月以上
B25010448,11,2026/3/31,14989,0,2800,280,0,3080,福岡支店,レンタル法人,60,新規,12ヶ月以上
B25010448,12,2026/4/30,14989,0,2800,280,0,3080,福岡支店,レンタル法人,60,新規,12ヶ月以上
B25010448,13,2026/5/31,14989,0,2800,280,0,3080,福岡支店,レンタル法人,60,新規,12ヶ月以上
B25010448,14,2026/6/30,14989,0,2800,280,0,3080,福岡支店,レンタル法人,60,新規,12ヶ月以上
B25010448,15,2026/7/31,14989,0,2800,280,0,3080,福岡支店,レンタル法人,60,新規,12ヶ月以上
B25010448,16,2026/8/31,14989,0,2800,280,0,3080,福岡支店,レンタル法人,60,新規,12ヶ月以上
B25010451,5,2025/9/30,12987,0,3400,340,0,3740,福岡支店,レンタル法人,60,新規,12ヶ月以上
B25010451,6,2025/10/31,12987,0,3400,340,0,3740,福岡支店,レンタル法人,60,新規,12ヶ月以上
B25010451,7,2025/11/30,12987,0,3400,340,0,3740,福岡支店,レンタル法人,60,新規,12ヶ月以上
B25010451,8,2025/12/31,12987,0,3400,340,0,3740,福岡支店,レンタル法人,60,新規,12ヶ月以上
B25010451,9,2026/1/31,12987,0,3400,340,0,3740,福岡支店,レンタル法人,60,新規,12ヶ月以上
B25010451,10,2026/2/28,12987,0,3400,340,0,3740,福岡支店,レンタル法人,60,新規,12ヶ月以上
B25010451,11,2026/3/31,12987,0,3400,340,0,3740,福岡支店,レンタル法人,60,新規,12ヶ月以上
B25010451,12,2026/4/30,12987,0,3400,340,0,3740,福岡支店,レンタル法人,60,新規,12ヶ月以上
B25010451,13,2026/5/31,12987,0,3400,340,0,3740,福岡支店,レンタル法人,60,新規,12ヶ月以上
B25010451,14,2026/6/30,12987,0,3400,340,0,3740,福岡支店,レンタル法人,60,新規,12ヶ月以上
B25010451,15,2026/7/31,12987,0,3400,340,0,3740,福岡支店,レンタル法人,60,新規,12ヶ月以上
B25010451,16,2026/8/31,12987,0,3400,340,0,3740,福岡支店,レンタル法人,60,新規,12ヶ月以上
B25010595,5,2025/9/30,12987,0,3300,330,0,3630,福岡支店,レンタル法人,60,新規,12ヶ月以上
B25010595,6,2025/10/31,12987,0,3300,330,0,3630,福岡支店,レンタル法人,60,新規,12ヶ月以上
B25010595,7,2025/11/30,12987,0,3300,330,0,3630,福岡支店,レンタル法人,60,新規,12ヶ月以上
B25010595,8,2025/12/31,12987,0,3300,330,0,3630,福岡支店,レンタル法人,60,新規,12ヶ月以上
B25010595,9,2026/1/31,12987,0,3300,330,0,3630,福岡支店,レンタル法人,60,新規,12ヶ月以上
B25010595,10,2026/2/28,12987,0,3300,330,0,3630,福岡支店,レンタル法人,60,新規,12ヶ月以上
B25010595,11,2026/3/31,12987,0,3300,330,0,3630,福岡支店,レンタル法人,60,新規,12ヶ月以上
B25010595,12,2026/4/30,12987,0,3300,330,0,3630,福岡支店,レンタル法人,60,新規,12ヶ月以上
B25010595,13,2026/5/31,12987,0,3300,330,0,3630,福岡支店,レンタル法人,60,新規,12ヶ月以上
B25010595,14,2026/6/30,12987,0,3300,330,0,3630,福岡支店,レンタル法人,60,新規,12ヶ月以上
B25010595,15,2026/7/31,12987,0,3300,330,0,3630,福岡支店,レンタル法人,60,新規,12ヶ月以上
B25010595,16,2026/8/31,12987,0,3300,330,0,3630,福岡支店,レンタル法人,60,新規,12ヶ月以上
B25010796,5,2025/9/30,15899,0,23400,2340,0,25740,福岡支店,レンタル法人,48,新規,12ヶ月以上
B25010796,6,2025/10/31,15899,0,23400,2340,0,25740,福岡支店,レンタル法人,48,新規,12ヶ月以上
B25010796,7,2025/11/30,15899,0,23400,2340,0,25740,福岡支店,レンタル法人,48,新規,12ヶ月以上
B25010796,8,2025/12/31,15899,0,23400,2340,0,25740,福岡支店,レンタル法人,48,新規,12ヶ月以上
B25010796,9,2026/1/31,15899,0,23400,2340,0,25740,福岡支店,レンタル法人,48,新規,12ヶ月以上
B25010796,10,2026/2/28,15899,0,23400,2340,0,25740,福岡支店,レンタル法人,48,新規,12ヶ月以上
B25010796,11,2026/3/31,15899,0,23400,2340,0,25740,福岡支店,レンタル法人,48,新規,12ヶ月以上
B25010796,12,2026/4/30,15899,0,23400,2340,0,25740,福岡支店,レンタル法人,48,新規,12ヶ月以上
B25010796,13,2026/5/31,15899,0,23400,2340,0,25740,福岡支店,レンタル法人,48,新規,12ヶ月以上
B25010796,14,2026/6/30,15899,0,23400,2340,0,25740,福岡支店,レンタル法人,48,新規,12ヶ月以上
B25010796,15,2026/7/31,15899,0,23400,2340,0,25740,福岡支店,レンタル法人,48,新規,12ヶ月以上
B25010796,16,2026/8/31,15899,0,23400,2340,0,25740,福岡支店,レンタル法人,48,新規,12ヶ月以上
B25011021,5,2025/9/30,12248,0,9800,980,0,10780,福岡支店,レンタル法人,48,新規,12ヶ月以上
B25011021,6,2025/10/31,12248,0,9800,980,0,10780,福岡支店,レンタル法人,48,新規,12ヶ月以上
B25011021,7,2025/11/30,12248,0,9800,980,0,10780,福岡支店,レンタル法人,48,新規,12ヶ月以上
B25011021,8,2025/12/31,12248,0,9800,980,0,10780,福岡支店,レンタル法人,48,新規,12ヶ月以上
B25011021,9,2026/1/31,12248,0,9800,980,0,10780,福岡支店,レンタル法人,48,新規,12ヶ月以上
B25011021,10,2026/2/28,12248,0,9800,980,0,10780,福岡支店,レンタル法人,48,新規,12ヶ月以上
B25011021,11,2026/3/31,12248,0,9800,980,0,10780,福岡支店,レンタル法人,48,新規,12ヶ月以上
B25011021,12,2026/4/30,12248,0,9800,980,0,10780,福岡支店,レンタル法人,48,新規,12ヶ月以上
B25011021,13,2026/5/31,12248,0,9800,980,0,10780,福岡支店,レンタル法人,48,新規,12ヶ月以上
B25011021,14,2026/6/30,12248,0,9800,980,0,10780,福岡支店,レンタル法人,48,新規,12ヶ月以上
B25011021,15,2026/7/31,12248,0,9800,980,0,10780,福岡支店,レンタル法人,48,新規,12ヶ月以上
B25011021,16,2026/8/31,12248,0,9800,980,0,10780,福岡支店,レンタル法人,48,新規,12ヶ月以上
B25011033,5,2025/9/30,12610,0,2700,270,0,2970,福岡支店,レンタル法人,24,新規,12ヶ月以上
B25011033,6,2025/10/31,12610,0,2700,270,0,2970,福岡支店,レンタル法人,24,新規,12ヶ月以上
B25011033,7,2025/11/30,12610,0,2700,270,0,2970,福岡支店,レンタル法人,24,新規,12ヶ月以上
B25011033,8,2025/12/31,12610,0,2700,270,0,2970,福岡支店,レンタル法人,24,新規,12ヶ月以上
B25011033,9,2026/1/31,12610,0,2700,270,0,2970,福岡支店,レンタル法人,24,新規,12ヶ月以上
B25011033,10,2026/2/28,12610,0,2700,270,0,2970,福岡支店,レンタル法人,24,新規,12ヶ月以上
B25011033,11,2026/3/31,12610,0,2700,270,0,2970,福岡支店,レンタル法人,24,新規,12ヶ月以上
B25011033,12,2026/4/30,12610,0,2700,270,0,2970,福岡支店,レンタル法人,24,新規,12ヶ月以上
B25011033,13,2026/5/31,12610,0,2700,270,0,2970,福岡支店,レンタル法人,24,新規,12ヶ月以上
B25011033,14,2026/6/30,12610,0,2700,270,0,2970,福岡支店,レンタル法人,24,新規,12ヶ月以上
B25011033,15,2026/7/31,12610,0,2700,270,0,2970,福岡支店,レンタル法人,24,新規,12ヶ月以上
B25011033,16,2026/8/31,12610,0,2700,270,0,2970,福岡支店,レンタル法人,24,新規,12ヶ月以上
B25011271,5,2025/9/30,12987,0,4950,495,0,5445,福岡支店,レンタル法人,60,新規,12ヶ月以上
B25011271,6,2025/10/31,12987,0,4950,495,0,5445,福岡支店,レンタル法人,60,新規,12ヶ月以上
B25011271,7,2025/11/30,12987,0,4950,495,0,5445,福岡支店,レンタル法人,60,新規,12ヶ月以上
B25011271,8,2025/12/31,12987,0,4950,495,0,5445,福岡支店,レンタル法人,60,新規,12ヶ月以上
B25011271,9,2026/1/31,12987,0,4950,495,0,5445,福岡支店,レンタル法人,60,新規,12ヶ月以上
B25011271,10,2026/2/28,12987,0,4950,495,0,5445,福岡支店,レンタル法人,60,新規,12ヶ月以上
B25011271,11,2026/3/31,12987,0,4950,495,0,5445,福岡支店,レンタル法人,60,新規,12ヶ月以上
B25011271,12,2026/4/30,12987,0,4950,495,0,5445,福岡支店,レンタル法人,60,新規,12ヶ月以上
B25011271,13,2026/5/31,12987,0,4950,495,0,5445,福岡支店,レンタル法人,60,新規,12ヶ月以上
B25011271,14,2026/6/30,12987,0,4950,495,0,5445,福岡支店,レンタル法人,60,新規,12ヶ月以上
B25011271,15,2026/7/31,12987,0,4950,495,0,5445,福岡支店,レンタル法人,60,新規,12ヶ月以上
B25011271,16,2026/8/31,12987,0,4950,495,0,5445,福岡支店,レンタル法人,60,新規,12ヶ月以上
B25011519,4,2025/9/30,10911,0,15980,1598,0,17578,福岡支店,レンタル法人,60,新規,12ヶ月以上
B25011519,5,2025/10/31,10911,0,15980,1598,0,17578,福岡支店,レンタル法人,60,新規,12ヶ月以上
B25011519,6,2025/11/30,10911,0,15980,1598,0,17578,福岡支店,レンタル法人,60,新規,12ヶ月以上
B25011519,7,2025/12/31,10911,0,15980,1598,0,17578,福岡支店,レンタル法人,60,新規,12ヶ月以上
B25011519,8,2026/1/31,10911,0,15980,1598,0,17578,福岡支店,レンタル法人,60,新規,12ヶ月以上
B25011519,9,2026/2/28,10911,0,15980,1598,0,17578,福岡支店,レンタル法人,60,新規,12ヶ月以上
B25011519,10,2026/3/31,10911,0,15980,1598,0,17578,福岡支店,レンタル法人,60,新規,12ヶ月以上
B25011519,11,2026/4/30,10911,0,15980,1598,0,17578,福岡支店,レンタル法人,60,新規,12ヶ月以上
B25011519,12,2026/5/31,10911,0,15980,1598,0,17578,福岡支店,レンタル法人,60,新規,12ヶ月以上
B25011519,13,2026/6/30,10911,0,15980,1598,0,17578,福岡支店,レンタル法人,60,新規,12ヶ月以上
B25011519,14,2026/7/31,10911,0,15980,1598,0,17578,福岡支店,レンタル法人,60,新規,12ヶ月以上
B25011519,15,2026/8/31,10911,0,15980,1598,0,17578,福岡支店,レンタル法人,60,新規,12ヶ月以上
B25011544,4,2025/9/30,12402,0,2200,220,0,2420,福岡支店,レンタル法人,60,新規,12ヶ月以上
B25011544,5,2025/10/31,12402,0,2200,220,0,2420,福岡支店,レンタル法人,60,新規,12ヶ月以上
B25011544,6,2025/11/30,12402,0,2200,220,0,2420,福岡支店,レンタル法人,60,新規,12ヶ月以上
B25011544,7,2025/12/31,12402,0,2200,220,0,2420,福岡支店,レンタル法人,60,新規,12ヶ月以上
B25011544,8,2026/1/31,12402,0,2200,220,0,2420,福岡支店,レンタル法人,60,新規,12ヶ月以上
B25011544,9,2026/2/28,12402,0,2200,220,0,2420,福岡支店,レンタル法人,60,新規,12ヶ月以上
B25011544,10,2026/3/31,12402,0,2200,220,0,2420,福岡支店,レンタル法人,60,新規,12ヶ月以上
B25011544,11,2026/4/30,12402,0,2200,220,0,2420,福岡支店,レンタル法人,60,新規,12ヶ月以上
B25011544,12,2026/5/31,12402,0,2200,220,0,2420,福岡支店,レンタル法人,60,新規,12ヶ月以上
B25011544,13,2026/6/30,12402,0,2200,220,0,2420,福岡支店,レンタル法人,60,新規,12ヶ月以上
B25011544,14,2026/7/31,12402,0,2200,220,0,2420,福岡支店,レンタル法人,60,新規,12ヶ月以上
B25011544,15,2026/8/31,12402,0,2200,220,0,2420,福岡支店,レンタル法人,60,新規,12ヶ月以上
B25011563,4,2025/9/30,12987,0,1650,165,0,1815,福岡支店,レンタル法人,60,新規,12ヶ月以上
B25011563,5,2025/10/31,12987,0,1650,165,0,1815,福岡支店,レンタル法人,60,新規,12ヶ月以上
B25011563,6,2025/11/30,12987,0,1650,165,0,1815,福岡支店,レンタル法人,60,新規,12ヶ月以上
B25011563,7,2025/12/31,12987,0,1650,165,0,1815,福岡支店,レンタル法人,60,新規,12ヶ月以上
B25011563,8,2026/1/31,12987,0,1650,165,0,1815,福岡支店,レンタル法人,60,新規,12ヶ月以上
B25011563,9,2026/2/28,12987,0,1650,165,0,1815,福岡支店,レンタル法人,60,新規,12ヶ月以上
B25011563,10,2026/3/31,12987,0,1650,165,0,1815,福岡支店,レンタル法人,60,新規,12ヶ月以上
B25011563,11,2026/4/30,12987,0,1650,165,0,1815,福岡支店,レンタル法人,60,新規,12ヶ月以上
B25011563,12,2026/5/31,12987,0,1650,165,0,1815,福岡支店,レンタル法人,60,新規,12ヶ月以上
B25011563,13,2026/6/30,12987,0,1650,165,0,1815,福岡支店,レンタル法人,60,新規,12ヶ月以上
B25011563,14,2026/7/31,12987,0,1650,165,0,1815,福岡支店,レンタル法人,60,新規,12ヶ月以上
B25011563,15,2026/8/31,12987,0,1650,165,0,1815,福岡支店,レンタル法人,60,新規,12ヶ月以上
B25011649,1,2025/10/31,10190,0,200100,20010,0,220110,福岡支店,レンタル法人,60,新規,12ヶ月以上
B25011649,2,2025/11/30,10190,0,200100,20010,0,220110,福岡支店,レンタル法人,60,新規,12ヶ月以上
B25011649,3,2025/12/31,10190,0,200100,20010,0,220110,福岡支店,レンタル法人,60,新規,12ヶ月以上
B25011649,4,2026/1/31,10190,0,200100,20010,0,220110,福岡支店,レンタル法人,60,新規,12ヶ月以上
B25011649,5,2026/2/28,10190,0,200100,20010,0,220110,福岡支店,レンタル法人,60,新規,12ヶ月以上
B25011649,6,2026/3/31,10190,0,200100,20010,0,220110,福岡支店,レンタル法人,60,新規,12ヶ月以上
B25011649,7,2026/4/30,10190,0,200100,20010,0,220110,福岡支店,レンタル法人,60,新規,12ヶ月以上
B25011649,8,2026/5/31,10190,0,200100,20010,0,220110,福岡支店,レンタル法人,60,新規,12ヶ月以上
B25011649,9,2026/6/30,10190,0,200100,20010,0,220110,福岡支店,レンタル法人,60,新規,12ヶ月以上
B25011649,10,2026/7/31,10190,0,200100,20010,0,220110,福岡支店,レンタル法人,60,新規,12ヶ月以上
B25011649,11,2026/8/31,10190,0,200100,20010,0,220110,福岡支店,レンタル法人,60,新規,12ヶ月以上
B25011651,1,2025/10/31,12729,0,8631710,863171,0,9494881,福岡支店,レンタル法人,60,新規,12ヶ月以上
B25011651,2,2025/11/30,12729,0,381710,38171,0,419881,福岡支店,レンタル法人,60,新規,12ヶ月以上
B25011651,3,2025/12/31,12729,0,381710,38171,0,419881,福岡支店,レンタル法人,60,新規,12ヶ月以上
B25011651,4,2026/1/31,12729,0,381710,38171,0,419881,福岡支店,レンタル法人,60,新規,12ヶ月以上
B25011651,5,2026/2/28,12729,0,381710,38171,0,419881,福岡支店,レンタル法人,60,新規,12ヶ月以上
B25011651,6,2026/3/31,12729,0,381710,38171,0,419881,福岡支店,レンタル法人,60,新規,12ヶ月以上
B25011651,7,2026/4/30,12729,0,381710,38171,0,419881,福岡支店,レンタル法人,60,新規,12ヶ月以上
B25011651,8,2026/5/31,12729,0,381710,38171,0,419881,福岡支店,レンタル法人,60,新規,12ヶ月以上
B25011651,9,2026/6/30,12729,0,381710,38171,0,419881,福岡支店,レンタル法人,60,新規,12ヶ月以上
B25011651,10,2026/7/31,12729,0,381710,38171,0,419881,福岡支店,レンタル法人,60,新規,12ヶ月以上
B25011651,11,2026/8/31,12729,0,381710,38171,0,419881,福岡支店,レンタル法人,60,新規,12ヶ月以上
B25012104,4,2025/9/30,14315,0,1800,180,0,1980,福岡支店,レンタル法人,24,新規,12ヶ月以上
B25012104,5,2025/10/31,14315,0,1800,180,0,1980,福岡支店,レンタル法人,24,新規,12ヶ月以上
B25012104,6,2025/11/30,14315,0,1800,180,0,1980,福岡支店,レンタル法人,24,新規,12ヶ月以上
B25012104,7,2025/12/31,14315,0,1800,180,0,1980,福岡支店,レンタル法人,24,新規,12ヶ月以上
B25012104,8,2026/1/31,14315,0,1800,180,0,1980,福岡支店,レンタル法人,24,新規,12ヶ月以上
B25012104,9,2026/2/28,14315,0,1800,180,0,1980,福岡支店,レンタル法人,24,新規,12ヶ月以上
B25012104,10,2026/3/31,14315,0,1800,180,0,1980,福岡支店,レンタル法人,24,新規,12ヶ月以上
B25012104,11,2026/4/30,14315,0,1800,180,0,1980,福岡支店,レンタル法人,24,新規,12ヶ月以上
B25012104,12,2026/5/31,14315,0,1800,180,0,1980,福岡支店,レンタル法人,24,新規,12ヶ月以上
B25012104,13,2026/6/30,14315,0,1800,180,0,1980,福岡支店,レンタル法人,24,新規,12ヶ月以上
B25012104,14,2026/7/31,14315,0,1800,180,0,1980,福岡支店,レンタル法人,24,新規,12ヶ月以上
B25012104,15,2026/8/31,14315,0,1800,180,0,1980,福岡支店,レンタル法人,24,新規,12ヶ月以上
B25012134,6,2025/9/30,14215,0,7600,760,0,8360,福岡支店,レンタル法人,6,延長,12ヶ月未満
B25012286,5,2025/9/30,10190,0,4800,480,0,5280,福岡支店,レンタル法人,12,新規,12ヶ月未満
B25012286,6,2025/10/31,10190,0,4800,480,0,5280,福岡支店,レンタル法人,12,新規,12ヶ月未満
B25012286,7,2025/11/30,10190,0,4800,480,0,5280,福岡支店,レンタル法人,12,新規,12ヶ月未満
B25012286,8,2025/12/31,10190,0,4800,480,0,5280,福岡支店,レンタル法人,12,新規,12ヶ月未満
B25012286,9,2026/1/31,10190,0,4800,480,0,5280,福岡支店,レンタル法人,12,新規,12ヶ月未満
B25012286,10,2026/2/28,10190,0,4800,480,0,5280,福岡支店,レンタル法人,12,新規,12ヶ月未満
B25012286,11,2026/3/31,10190,0,4800,480,0,5280,福岡支店,レンタル法人,12,新規,12ヶ月未満
B25012286,12,2026/4/30,10190,0,4800,480,0,5280,福岡支店,レンタル法人,12,新規,12ヶ月未満
B25012287,5,2025/9/30,10190,0,6400,640,0,7040,福岡支店,レンタル法人,12,新規,12ヶ月未満
B25012287,6,2025/10/31,10190,0,6400,640,0,7040,福岡支店,レンタル法人,12,新規,12ヶ月未満
B25012287,7,2025/11/30,10190,0,6400,640,0,7040,福岡支店,レンタル法人,12,新規,12ヶ月未満
B25012287,8,2025/12/31,10190,0,6400,640,0,7040,福岡支店,レンタル法人,12,新規,12ヶ月未満
B25012287,9,2026/1/31,10190,0,6400,640,0,7040,福岡支店,レンタル法人,12,新規,12ヶ月未満
B25012287,10,2026/2/28,10190,0,6400,640,0,7040,福岡支店,レンタル法人,12,新規,12ヶ月未満
B25012287,11,2026/3/31,10190,0,6400,640,0,7040,福岡支店,レンタル法人,12,新規,12ヶ月未満
B25012287,12,2026/4/30,10190,0,6400,640,0,7040,福岡支店,レンタル法人,12,新規,12ヶ月未満
B25012288,5,2025/9/30,10190,0,4800,480,0,5280,福岡支店,レンタル法人,12,新規,12ヶ月未満
B25012288,6,2025/10/31,10190,0,4800,480,0,5280,福岡支店,レンタル法人,12,新規,12ヶ月未満
B25012288,7,2025/11/30,10190,0,4800,480,0,5280,福岡支店,レンタル法人,12,新規,12ヶ月未満
B25012288,8,2025/12/31,10190,0,4800,480,0,5280,福岡支店,レンタル法人,12,新規,12ヶ月未満
B25012288,9,2026/1/31,10190,0,4800,480,0,5280,福岡支店,レンタル法人,12,新規,12ヶ月未満
B25012288,10,2026/2/28,10190,0,4800,480,0,5280,福岡支店,レンタル法人,12,新規,12ヶ月未満
B25012288,11,2026/3/31,10190,0,4800,480,0,5280,福岡支店,レンタル法人,12,新規,12ヶ月未満
B25012288,12,2026/4/30,10190,0,4800,480,0,5280,福岡支店,レンタル法人,12,新規,12ヶ月未満
B25012289,5,2025/9/30,10190,0,6400,640,0,7040,福岡支店,レンタル法人,12,新規,12ヶ月未満
B25012289,6,2025/10/31,10190,0,6400,640,0,7040,福岡支店,レンタル法人,12,新規,12ヶ月未満
B25012289,7,2025/11/30,10190,0,6400,640,0,7040,福岡支店,レンタル法人,12,新規,12ヶ月未満
B25012289,8,2025/12/31,10190,0,6400,640,0,7040,福岡支店,レンタル法人,12,新規,12ヶ月未満
B25012289,9,2026/1/31,10190,0,6400,640,0,7040,福岡支店,レンタル法人,12,新規,12ヶ月未満
B25012289,10,2026/2/28,10190,0,6400,640,0,7040,福岡支店,レンタル法人,12,新規,12ヶ月未満
B25012289,11,2026/3/31,10190,0,6400,640,0,7040,福岡支店,レンタル法人,12,新規,12ヶ月未満
B25012289,12,2026/4/30,10190,0,6400,640,0,7040,福岡支店,レンタル法人,12,新規,12ヶ月未満
B25012292,5,2025/9/30,10190,0,3200,320,0,3520,福岡支店,レンタル法人,12,新規,12ヶ月未満
B25012292,6,2025/10/31,10190,0,3200,320,0,3520,福岡支店,レンタル法人,12,新規,12ヶ月未満
B25012292,7,2025/11/30,10190,0,3200,320,0,3520,福岡支店,レンタル法人,12,新規,12ヶ月未満
B25012292,8,2025/12/31,10190,0,3200,320,0,3520,福岡支店,レンタル法人,12,新規,12ヶ月未満
B25012292,9,2026/1/31,10190,0,3200,320,0,3520,福岡支店,レンタル法人,12,新規,12ヶ月未満
B25012292,10,2026/2/28,10190,0,3200,320,0,3520,福岡支店,レンタル法人,12,新規,12ヶ月未満
B25012292,11,2026/3/31,10190,0,3200,320,0,3520,福岡支店,レンタル法人,12,新規,12ヶ月未満
B25012292,12,2026/4/30,10190,0,3200,320,0,3520,福岡支店,レンタル法人,12,新規,12ヶ月未満
B25012295,3,2025/9/30,10190,0,19200,1920,0,21120,福岡支店,レンタル法人,12,新規,12ヶ月未満
B25012295,4,2025/10/31,10190,0,19200,1920,0,21120,福岡支店,レンタル法人,12,新規,12ヶ月未満
B25012295,5,2025/11/30,10190,0,19200,1920,0,21120,福岡支店,レンタル法人,12,新規,12ヶ月未満
B25012295,6,2025/12/31,10190,0,19200,1920,0,21120,福岡支店,レンタル法人,12,新規,12ヶ月未満
B25012295,7,2026/1/31,10190,0,19200,1920,0,21120,福岡支店,レンタル法人,12,新規,12ヶ月未満
B25012295,8,2026/2/28,10190,0,19200,1920,0,21120,福岡支店,レンタル法人,12,新規,12ヶ月未満
B25012295,9,2026/3/31,10190,0,19200,1920,0,21120,福岡支店,レンタル法人,12,新規,12ヶ月未満
B25012295,10,2026/4/30,10190,0,19200,1920,0,21120,福岡支店,レンタル法人,12,新規,12ヶ月未満
B25012295,11,2026/5/31,10190,0,19200,1920,0,21120,福岡支店,レンタル法人,12,新規,12ヶ月未満
B25012295,12,2026/6/30,10190,0,19200,1920,0,21120,福岡支店,レンタル法人,12,新規,12ヶ月未満
B25012298,5,2025/9/30,10190,0,6400,640,0,7040,福岡支店,レンタル法人,12,新規,12ヶ月未満
B25012298,6,2025/10/31,10190,0,6400,640,0,7040,福岡支店,レンタル法人,12,新規,12ヶ月未満
B25012298,7,2025/11/30,10190,0,6400,640,0,7040,福岡支店,レンタル法人,12,新規,12ヶ月未満
B25012298,8,2025/12/31,10190,0,6400,640,0,7040,福岡支店,レンタル法人,12,新規,12ヶ月未満
B25012298,9,2026/1/31,10190,0,6400,640,0,7040,福岡支店,レンタル法人,12,新規,12ヶ月未満
B25012298,10,2026/2/28,10190,0,6400,640,0,7040,福岡支店,レンタル法人,12,新規,12ヶ月未満
B25012298,11,2026/3/31,10190,0,6400,640,0,7040,福岡支店,レンタル法人,12,新規,12ヶ月未満
B25012298,12,2026/4/30,10190,0,6400,640,0,7040,福岡支店,レンタル法人,12,新規,12ヶ月未満
B25012322,4,2025/9/20,14953,0,4650,465,0,5115,福岡支店,レンタル法人,12,新規,12ヶ月未満
B25012322,5,2025/10/20,14953,0,4650,465,0,5115,福岡支店,レンタル法人,12,新規,12ヶ月未満
B25012322,6,2025/11/20,14953,0,4650,465,0,5115,福岡支店,レンタル法人,12,新規,12ヶ月未満
B25012322,7,2025/12/20,14953,0,4650,465,0,5115,福岡支店,レンタル法人,12,新規,12ヶ月未満
B25012322,8,2026/1/20,14953,0,4650,465,0,5115,福岡支店,レンタル法人,12,新規,12ヶ月未満
B25012322,9,2026/2/20,14953,0,4650,465,0,5115,福岡支店,レンタル法人,12,新規,12ヶ月未満
B25012322,10,2026/3/20,14953,0,4650,465,0,5115,福岡支店,レンタル法人,12,新規,12ヶ月未満
B25012322,11,2026/4/20,14953,0,4650,465,0,5115,福岡支店,レンタル法人,12,新規,12ヶ月未満
B25012322,12,2026/5/20,14953,0,4650,465,0,5115,福岡支店,レンタル法人,12,新規,12ヶ月未満
B25012536,5,2025/9/30,10190,0,3200,320,0,3520,福岡支店,レンタル法人,12,延長,12ヶ月未満
B25012536,6,2025/10/31,10190,0,3200,320,0,3520,福岡支店,レンタル法人,12,延長,12ヶ月未満
B25012536,7,2025/11/30,10190,0,3200,320,0,3520,福岡支店,レンタル法人,12,延長,12ヶ月未満
B25012536,8,2025/12/31,10190,0,3200,320,0,3520,福岡支店,レンタル法人,12,延長,12ヶ月未満
B25012536,9,2026/1/31,10190,0,3200,320,0,3520,福岡支店,レンタル法人,12,延長,12ヶ月未満
B25012536,10,2026/2/28,10190,0,3200,320,0,3520,福岡支店,レンタル法人,12,延長,12ヶ月未満
B25012536,11,2026/3/31,10190,0,3200,320,0,3520,福岡支店,レンタル法人,12,延長,12ヶ月未満
B25012536,12,2026/4/30,10190,0,3200,320,0,3520,福岡支店,レンタル法人,12,延長,12ヶ月未満
B25012628,5,2025/9/30,14340,0,10600,1060,0,11660,福岡支店,レンタル法人,60,新規,12ヶ月以上
B25012628,6,2025/10/31,14340,0,10600,1060,0,11660,福岡支店,レンタル法人,60,新規,12ヶ月以上
B25012628,7,2025/11/30,14340,0,10600,1060,0,11660,福岡支店,レンタル法人,60,新規,12ヶ月以上
B25012628,8,2025/12/31,14340,0,10600,1060,0,11660,福岡支店,レンタル法人,60,新規,12ヶ月以上
B25012628,9,2026/1/31,14340,0,10600,1060,0,11660,福岡支店,レンタル法人,60,新規,12ヶ月以上
B25012628,10,2026/2/28,14340,0,10600,1060,0,11660,福岡支店,レンタル法人,60,新規,12ヶ月以上
B25012628,11,2026/3/31,14340,0,10600,1060,0,11660,福岡支店,レンタル法人,60,新規,12ヶ月以上
B25012628,12,2026/4/30,14340,0,10600,1060,0,11660,福岡支店,レンタル法人,60,新規,12ヶ月以上
B25012628,13,2026/5/31,14340,0,10600,1060,0,11660,福岡支店,レンタル法人,60,新規,12ヶ月以上
B25012628,14,2026/6/30,14340,0,10600,1060,0,11660,福岡支店,レンタル法人,60,新規,12ヶ月以上
B25012628,15,2026/7/31,14340,0,10600,1060,0,11660,福岡支店,レンタル法人,60,新規,12ヶ月以上
B25012628,16,2026/8/31,14340,0,10600,1060,0,11660,福岡支店,レンタル法人,60,新規,12ヶ月以上
B25012655,5,2025/9/30,10190,0,6400,640,0,7040,福岡支店,レンタル法人,12,新規,12ヶ月未満
B25012655,6,2025/10/31,10190,0,6400,640,0,7040,福岡支店,レンタル法人,12,新規,12ヶ月未満
B25012655,7,2025/11/30,10190,0,6400,640,0,7040,福岡支店,レンタル法人,12,新規,12ヶ月未満
B25012655,8,2025/12/31,10190,0,6400,640,0,7040,福岡支店,レンタル法人,12,新規,12ヶ月未満
B25012655,9,2026/1/31,10190,0,6400,640,0,7040,福岡支店,レンタル法人,12,新規,12ヶ月未満
B25012655,10,2026/2/28,10190,0,6400,640,0,7040,福岡支店,レンタル法人,12,新規,12ヶ月未満
B25012655,11,2026/3/31,10190,0,6400,640,0,7040,福岡支店,レンタル法人,12,新規,12ヶ月未満
B25012655,12,2026/4/30,10190,0,6400,640,0,7040,福岡支店,レンタル法人,12,新規,12ヶ月未満
B25012656,5,2025/9/30,10190,0,11200,1120,0,12320,福岡支店,レンタル法人,12,新規,12ヶ月未満
B25012656,6,2025/10/31,10190,0,11200,1120,0,12320,福岡支店,レンタル法人,12,新規,12ヶ月未満
B25012656,7,2025/11/30,10190,0,11200,1120,0,12320,福岡支店,レンタル法人,12,新規,12ヶ月未満
B25012656,8,2025/12/31,10190,0,11200,1120,0,12320,福岡支店,レンタル法人,12,新規,12ヶ月未満
B25012656,9,2026/1/31,10190,0,11200,1120,0,12320,福岡支店,レンタル法人,12,新規,12ヶ月未満
B25012656,10,2026/2/28,10190,0,11200,1120,0,12320,福岡支店,レンタル法人,12,新規,12ヶ月未満
B25012656,11,2026/3/31,10190,0,11200,1120,0,12320,福岡支店,レンタル法人,12,新規,12ヶ月未満
B25012656,12,2026/4/30,10190,0,11200,1120,0,12320,福岡支店,レンタル法人,12,新規,12ヶ月未満
B25012680,5,2025/9/30,10190,0,4800,480,0,5280,福岡支店,レンタル法人,12,新規,12ヶ月未満
B25012680,6,2025/10/31,10190,0,4800,480,0,5280,福岡支店,レンタル法人,12,新規,12ヶ月未満
B25012680,7,2025/11/30,10190,0,4800,480,0,5280,福岡支店,レンタル法人,12,新規,12ヶ月未満
B25012680,8,2025/12/31,10190,0,4800,480,0,5280,福岡支店,レンタル法人,12,新規,12ヶ月未満
B25012680,9,2026/1/31,10190,0,4800,480,0,5280,福岡支店,レンタル法人,12,新規,12ヶ月未満
B25012680,10,2026/2/28,10190,0,4800,480,0,5280,福岡支店,レンタル法人,12,新規,12ヶ月未満
B25012680,11,2026/3/31,10190,0,4800,480,0,5280,福岡支店,レンタル法人,12,新規,12ヶ月未満
B25012680,12,2026/4/30,10190,0,4800,480,0,5280,福岡支店,レンタル法人,12,新規,12ヶ月未満
B25012699,5,2025/9/30,10190,0,3200,320,0,3520,福岡支店,レンタル法人,12,新規,12ヶ月未満
B25012699,6,2025/10/31,10190,0,3200,320,0,3520,福岡支店,レンタル法人,12,新規,12ヶ月未満
B25012699,7,2025/11/30,10190,0,3200,320,0,3520,福岡支店,レンタル法人,12,新規,12ヶ月未満
B25012699,8,2025/12/31,10190,0,3200,320,0,3520,福岡支店,レンタル法人,12,新規,12ヶ月未満
B25012699,9,2026/1/31,10190,0,3200,320,0,3520,福岡支店,レンタル法人,12,新規,12ヶ月未満
B25012699,10,2026/2/28,10190,0,3200,320,0,3520,福岡支店,レンタル法人,12,新規,12ヶ月未満
B25012699,11,2026/3/31,10190,0,3200,320,0,3520,福岡支店,レンタル法人,12,新規,12ヶ月未満
B25012699,12,2026/4/30,10190,0,3200,320,0,3520,福岡支店,レンタル法人,12,新規,12ヶ月未満
B25012804,4,2025/9/30,9322,0,1680,168,0,1848,福岡支店,レンタル法人,36,新規,12ヶ月以上
B25012804,5,2025/10/31,9322,0,1680,168,0,1848,福岡支店,レンタル法人,36,新規,12ヶ月以上
B25012804,6,2025/11/30,9322,0,1680,168,0,1848,福岡支店,レンタル法人,36,新規,12ヶ月以上
B25012804,7,2025/12/31,9322,0,1680,168,0,1848,福岡支店,レンタル法人,36,新規,12ヶ月以上
B25012804,8,2026/1/31,9322,0,1680,168,0,1848,福岡支店,レンタル法人,36,新規,12ヶ月以上
B25012804,9,2026/2/28,9322,0,1680,168,0,1848,福岡支店,レンタル法人,36,新規,12ヶ月以上
B25012804,10,2026/3/31,9322,0,1680,168,0,1848,福岡支店,レンタル法人,36,新規,12ヶ月以上
B25012804,11,2026/4/30,9322,0,1680,168,0,1848,福岡支店,レンタル法人,36,新規,12ヶ月以上
B25012804,12,2026/5/31,9322,0,1680,168,0,1848,福岡支店,レンタル法人,36,新規,12ヶ月以上
B25012804,13,2026/6/30,9322,0,1680,168,0,1848,福岡支店,レンタル法人,36,新規,12ヶ月以上
B25012804,14,2026/7/31,9322,0,1680,168,0,1848,福岡支店,レンタル法人,36,新規,12ヶ月以上
B25012804,15,2026/8/31,9322,0,1680,168,0,1848,福岡支店,レンタル法人,36,新規,12ヶ月以上
B25013118,3,2025/9/30,4294,0,14540,1454,0,15994,福岡支店,レンタル法人,5,新規,12ヶ月未満
B25013118,4,2025/10/31,4294,0,14540,1454,0,15994,福岡支店,レンタル法人,5,新規,12ヶ月未満
B25013118,5,2025/11/30,4294,0,14540,1454,0,15994,福岡支店,レンタル法人,5,新規,12ヶ月未満
B25013829,5,2025/9/30,16698,0,80090,8009,0,88099,福岡支店,レンタル法人,60,新規,12ヶ月以上
B25013829,6,2025/10/31,16698,0,80090,8009,0,88099,福岡支店,レンタル法人,60,新規,12ヶ月以上
B25013829,7,2025/11/30,16698,0,80090,8009,0,88099,福岡支店,レンタル法人,60,新規,12ヶ月以上
B25013829,8,2025/12/31,16698,0,80090,8009,0,88099,福岡支店,レンタル法人,60,新規,12ヶ月以上
B25013829,9,2026/1/31,16698,0,80090,8009,0,88099,福岡支店,レンタル法人,60,新規,12ヶ月以上
B25013829,10,2026/2/28,16698,0,80090,8009,0,88099,福岡支店,レンタル法人,60,新規,12ヶ月以上
B25013829,11,2026/3/31,16698,0,80090,8009,0,88099,福岡支店,レンタル法人,60,新規,12ヶ月以上
B25013829,12,2026/4/30,16698,0,80090,8009,0,88099,福岡支店,レンタル法人,60,新規,12ヶ月以上
B25013829,13,2026/5/31,16698,0,80090,8009,0,88099,福岡支店,レンタル法人,60,新規,12ヶ月以上
B25013829,14,2026/6/30,16698,0,80090,8009,0,88099,福岡支店,レンタル法人,60,新規,12ヶ月以上
B25013829,15,2026/7/31,16698,0,80090,8009,0,88099,福岡支店,レンタル法人,60,新規,12ヶ月以上
B25013829,16,2026/8/31,16698,0,80090,8009,0,88099,福岡支店,レンタル法人,60,新規,12ヶ月以上
B25013844,4,2025/9/30,13237,0,28455,2845,0,31300,福岡支店,レンタル法人,60,新規,12ヶ月以上
B25013844,5,2025/10/31,13237,0,28455,2845,0,31300,福岡支店,レンタル法人,60,新規,12ヶ月以上
B25013844,6,2025/11/30,13237,0,28455,2845,0,31300,福岡支店,レンタル法人,60,新規,12ヶ月以上
B25013844,7,2025/12/31,13237,0,28455,2845,0,31300,福岡支店,レンタル法人,60,新規,12ヶ月以上
B25013844,8,2026/1/31,13237,0,28455,2845,0,31300,福岡支店,レンタル法人,60,新規,12ヶ月以上
B25013844,9,2026/2/28,13237,0,28455,2845,0,31300,福岡支店,レンタル法人,60,新規,12ヶ月以上
B25013844,10,2026/3/31,13237,0,28455,2845,0,31300,福岡支店,レンタル法人,60,新規,12ヶ月以上
B25013844,11,2026/4/30,13237,0,28455,2845,0,31300,福岡支店,レンタル法人,60,新規,12ヶ月以上
B25013844,12,2026/5/31,13237,0,28455,2845,0,31300,福岡支店,レンタル法人,60,新規,12ヶ月以上
B25013844,13,2026/6/30,13237,0,28455,2845,0,31300,福岡支店,レンタル法人,60,新規,12ヶ月以上
B25013844,14,2026/7/31,13237,0,28455,2845,0,31300,福岡支店,レンタル法人,60,新規,12ヶ月以上
B25013844,15,2026/8/31,13237,0,28455,2845,0,31300,福岡支店,レンタル法人,60,新規,12ヶ月以上
B25013959,4,2025/9/30,12248,0,5460,546,0,6006,福岡支店,レンタル法人,48,新規,12ヶ月以上
B25013959,5,2025/10/31,12248,0,5460,546,0,6006,福岡支店,レンタル法人,48,新規,12ヶ月以上
B25013959,6,2025/11/30,12248,0,5460,546,0,6006,福岡支店,レンタル法人,48,新規,12ヶ月以上
B25013959,7,2025/12/31,12248,0,5460,546,0,6006,福岡支店,レンタル法人,48,新規,12ヶ月以上
B25013959,8,2026/1/31,12248,0,5460,546,0,6006,福岡支店,レンタル法人,48,新規,12ヶ月以上
B25013959,9,2026/2/28,12248,0,5460,546,0,6006,福岡支店,レンタル法人,48,新規,12ヶ月以上
B25013959,10,2026/3/31,12248,0,5460,546,0,6006,福岡支店,レンタル法人,48,新規,12ヶ月以上
B25013959,11,2026/4/30,12248,0,5460,546,0,6006,福岡支店,レンタル法人,48,新規,12ヶ月以上
B25013959,12,2026/5/31,12248,0,5460,546,0,6006,福岡支店,レンタル法人,48,新規,12ヶ月以上
B25013959,13,2026/6/30,12248,0,5460,546,0,6006,福岡支店,レンタル法人,48,新規,12ヶ月以上
B25013959,14,2026/7/31,12248,0,5460,546,0,6006,福岡支店,レンタル法人,48,新規,12ヶ月以上
B25013959,15,2026/8/31,12248,0,5460,546,0,6006,福岡支店,レンタル法人,48,新規,12ヶ月以上
B25013960,4,2025/9/30,12248,0,4900,490,0,5390,福岡支店,レンタル法人,48,新規,12ヶ月以上
B25013960,5,2025/10/31,12248,0,4900,490,0,5390,福岡支店,レンタル法人,48,新規,12ヶ月以上
B25013960,6,2025/11/30,12248,0,4900,490,0,5390,福岡支店,レンタル法人,48,新規,12ヶ月以上
B25013960,7,2025/12/31,12248,0,4900,490,0,5390,福岡支店,レンタル法人,48,新規,12ヶ月以上
B25013960,8,2026/1/31,12248,0,4900,490,0,5390,福岡支店,レンタル法人,48,新規,12ヶ月以上
B25013960,9,2026/2/28,12248,0,4900,490,0,5390,福岡支店,レンタル法人,48,新規,12ヶ月以上
B25013960,10,2026/3/31,12248,0,4900,490,0,5390,福岡支店,レンタル法人,48,新規,12ヶ月以上
B25013960,11,2026/4/30,12248,0,4900,490,0,5390,福岡支店,レンタル法人,48,新規,12ヶ月以上
B25013960,12,2026/5/31,12248,0,4900,490,0,5390,福岡支店,レンタル法人,48,新規,12ヶ月以上
B25013960,13,2026/6/30,12248,0,4900,490,0,5390,福岡支店,レンタル法人,48,新規,12ヶ月以上
B25013960,14,2026/7/31,12248,0,4900,490,0,5390,福岡支店,レンタル法人,48,新規,12ヶ月以上
B25013960,15,2026/8/31,12248,0,4900,490,0,5390,福岡支店,レンタル法人,48,新規,12ヶ月以上
B25013967,5,2025/9/30,12248,0,4900,490,0,5390,福岡支店,レンタル法人,48,新規,12ヶ月以上
B25013967,6,2025/10/31,12248,0,4900,490,0,5390,福岡支店,レンタル法人,48,新規,12ヶ月以上
B25013967,7,2025/11/30,12248,0,4900,490,0,5390,福岡支店,レンタル法人,48,新規,12ヶ月以上
B25013967,8,2025/12/31,12248,0,4900,490,0,5390,福岡支店,レンタル法人,48,新規,12ヶ月以上
B25013967,9,2026/1/31,12248,0,4900,490,0,5390,福岡支店,レンタル法人,48,新規,12ヶ月以上
B25013967,10,2026/2/28,12248,0,4900,490,0,5390,福岡支店,レンタル法人,48,新規,12ヶ月以上
B25013967,11,2026/3/31,12248,0,4900,490,0,5390,福岡支店,レンタル法人,48,新規,12ヶ月以上
B25013967,12,2026/4/30,12248,0,4900,490,0,5390,福岡支店,レンタル法人,48,新規,12ヶ月以上
B25013967,13,2026/5/31,12248,0,4900,490,0,5390,福岡支店,レンタル法人,48,新規,12ヶ月以上
B25013967,14,2026/6/30,12248,0,4900,490,0,5390,福岡支店,レンタル法人,48,新規,12ヶ月以上
B25013967,15,2026/7/31,12248,0,4900,490,0,5390,福岡支店,レンタル法人,48,新規,12ヶ月以上
B25013967,16,2026/8/31,12248,0,4900,490,0,5390,福岡支店,レンタル法人,48,新規,12ヶ月以上
B25014189,4,2025/9/30,12987,0,1650,165,0,1815,福岡支店,レンタル法人,60,新規,12ヶ月以上
B25014189,5,2025/10/31,12987,0,1650,165,0,1815,福岡支店,レンタル法人,60,新規,12ヶ月以上
B25014189,6,2025/11/30,12987,0,1650,165,0,1815,福岡支店,レンタル法人,60,新規,12ヶ月以上
B25014189,7,2025/12/31,12987,0,1650,165,0,1815,福岡支店,レンタル法人,60,新規,12ヶ月以上
B25014189,8,2026/1/31,12987,0,1650,165,0,1815,福岡支店,レンタル法人,60,新規,12ヶ月以上
B25014189,9,2026/2/28,12987,0,1650,165,0,1815,福岡支店,レンタル法人,60,新規,12ヶ月以上
B25014189,10,2026/3/31,12987,0,1650,165,0,1815,福岡支店,レンタル法人,60,新規,12ヶ月以上
B25014189,11,2026/4/30,12987,0,1650,165,0,1815,福岡支店,レンタル法人,60,新規,12ヶ月以上
B25014189,12,2026/5/31,12987,0,1650,165,0,1815,福岡支店,レンタル法人,60,新規,12ヶ月以上
B25014189,13,2026/6/30,12987,0,1650,165,0,1815,福岡支店,レンタル法人,60,新規,12ヶ月以上
B25014189,14,2026/7/31,12987,0,1650,165,0,1815,福岡支店,レンタル法人,60,新規,12ヶ月以上
B25014189,15,2026/8/31,12987,0,1650,165,0,1815,福岡支店,レンタル法人,60,新規,12ヶ月以上
B25014603,6,2025/9/30,14828,0,22150,2215,0,24365,福岡支店,レンタル法人,48,新規,12ヶ月以上
B25014603,7,2025/10/31,14828,0,22150,2215,0,24365,福岡支店,レンタル法人,48,新規,12ヶ月以上
B25014603,8,2025/11/30,14828,0,22150,2215,0,24365,福岡支店,レンタル法人,48,新規,12ヶ月以上
B25014603,9,2025/12/31,14828,0,22150,2215,0,24365,福岡支店,レンタル法人,48,新規,12ヶ月以上
B25014603,10,2026/1/31,14828,0,22150,2215,0,24365,福岡支店,レンタル法人,48,新規,12ヶ月以上
B25014603,11,2026/2/28,14828,0,22150,2215,0,24365,福岡支店,レンタル法人,48,新規,12ヶ月以上
B25014603,12,2026/3/31,14828,0,22150,2215,0,24365,福岡支店,レンタル法人,48,新規,12ヶ月以上
B25014603,13,2026/4/30,14828,0,22150,2215,0,24365,福岡支店,レンタル法人,48,新規,12ヶ月以上
B25014603,14,2026/5/31,14828,0,22150,2215,0,24365,福岡支店,レンタル法人,48,新規,12ヶ月以上
B25014603,15,2026/6/30,14828,0,22150,2215,0,24365,福岡支店,レンタル法人,48,新規,12ヶ月以上
B25014603,16,2026/7/31,14828,0,22150,2215,0,24365,福岡支店,レンタル法人,48,新規,12ヶ月以上
B25014603,17,2026/8/31,14828,0,22150,2215,0,24365,福岡支店,レンタル法人,48,新規,12ヶ月以上
B25014851,3,2025/9/30,11894,0,38000,3800,0,41800,福岡支店,レンタル法人,60,新規,12ヶ月以上
B25014851,4,2025/10/31,11894,0,38000,3800,0,41800,福岡支店,レンタル法人,60,新規,12ヶ月以上
B25014851,5,2025/11/30,11894,0,38000,3800,0,41800,福岡支店,レンタル法人,60,新規,12ヶ月以上
B25014851,6,2025/12/31,11894,0,38000,3800,0,41800,福岡支店,レンタル法人,60,新規,12ヶ月以上
B25014851,7,2026/1/31,11894,0,38000,3800,0,41800,福岡支店,レンタル法人,60,新規,12ヶ月以上
B25014851,8,2026/2/28,11894,0,38000,3800,0,41800,福岡支店,レンタル法人,60,新規,12ヶ月以上
B25014851,9,2026/3/31,11894,0,38000,3800,0,41800,福岡支店,レンタル法人,60,新規,12ヶ月以上
B25014851,10,2026/4/30,11894,0,38000,3800,0,41800,福岡支店,レンタル法人,60,新規,12ヶ月以上
B25014851,11,2026/5/31,11894,0,38000,3800,0,41800,福岡支店,レンタル法人,60,新規,12ヶ月以上
B25014851,12,2026/6/30,11894,0,38000,3800,0,41800,福岡支店,レンタル法人,60,新規,12ヶ月以上
B25014851,13,2026/7/31,11894,0,38000,3800,0,41800,福岡支店,レンタル法人,60,新規,12ヶ月以上
B25014851,14,2026/8/31,11894,0,38000,3800,0,41800,福岡支店,レンタル法人,60,新規,12ヶ月以上
B25015151,3,2025/9/30,15267,0,32400,3240,0,35640,福岡支店,レンタル法人,60,新規,12ヶ月以上
B25015151,4,2025/10/31,15267,0,32400,3240,0,35640,福岡支店,レンタル法人,60,新規,12ヶ月以上
B25015151,5,2025/11/30,15267,0,32400,3240,0,35640,福岡支店,レンタル法人,60,新規,12ヶ月以上
B25015151,6,2025/12/31,15267,0,32400,3240,0,35640,福岡支店,レンタル法人,60,新規,12ヶ月以上
B25015151,7,2026/1/31,15267,0,32400,3240,0,35640,福岡支店,レンタル法人,60,新規,12ヶ月以上
B25015151,8,2026/2/28,15267,0,32400,3240,0,35640,福岡支店,レンタル法人,60,新規,12ヶ月以上
B25015151,9,2026/3/31,15267,0,32400,3240,0,35640,福岡支店,レンタル法人,60,新規,12ヶ月以上
B25015151,10,2026/4/30,15267,0,32400,3240,0,35640,福岡支店,レンタル法人,60,新規,12ヶ月以上
B25015151,11,2026/5/31,15267,0,32400,3240,0,35640,福岡支店,レンタル法人,60,新規,12ヶ月以上
B25015151,12,2026/6/30,15267,0,32400,3240,0,35640,福岡支店,レンタル法人,60,新規,12ヶ月以上
B25015151,13,2026/7/31,15267,0,32400,3240,0,35640,福岡支店,レンタル法人,60,新規,12ヶ月以上
B25015151,14,2026/8/31,15267,0,32400,3240,0,35640,福岡支店,レンタル法人,60,新規,12ヶ月以上
B25015224,3,2025/9/30,14315,0,1800,180,0,1980,福岡支店,レンタル法人,24,新規,12ヶ月以上
B25015224,4,2025/10/31,14315,0,1800,180,0,1980,福岡支店,レンタル法人,24,新規,12ヶ月以上
B25015224,5,2025/11/30,14315,0,1800,180,0,1980,福岡支店,レンタル法人,24,新規,12ヶ月以上
B25015224,6,2025/12/31,14315,0,1800,180,0,1980,福岡支店,レンタル法人,24,新規,12ヶ月以上
B25015224,7,2026/1/31,14315,0,1800,180,0,1980,福岡支店,レンタル法人,24,新規,12ヶ月以上
B25015224,8,2026/2/28,14315,0,1800,180,0,1980,福岡支店,レンタル法人,24,新規,12ヶ月以上
B25015224,9,2026/3/31,14315,0,1800,180,0,1980,福岡支店,レンタル法人,24,新規,12ヶ月以上
B25015224,10,2026/4/30,14315,0,1800,180,0,1980,福岡支店,レンタル法人,24,新規,12ヶ月以上
B25015224,11,2026/5/31,14315,0,1800,180,0,1980,福岡支店,レンタル法人,24,新規,12ヶ月以上
B25015224,12,2026/6/30,14315,0,1800,180,0,1980,福岡支店,レンタル法人,24,新規,12ヶ月以上
B25015224,13,2026/7/31,14315,0,1800,180,0,1980,福岡支店,レンタル法人,24,新規,12ヶ月以上
B25015224,14,2026/8/31,14315,0,1800,180,0,1980,福岡支店,レンタル法人,24,新規,12ヶ月以上
B25015719,4,2025/9/30,10190,0,28000,2800,0,30800,福岡支店,レンタル法人,4,新規,12ヶ月未満
B25015720,4,2025/9/30,10190,0,28000,2800,0,30800,福岡支店,レンタル法人,4,新規,12ヶ月未満
B25015914,3,2025/9/20,14953,0,16800,1680,0,18480,福岡支店,レンタル法人,6,新規,12ヶ月未満
B25015914,4,2025/10/20,14953,0,16800,1680,0,18480,福岡支店,レンタル法人,6,新規,12ヶ月未満
B25015914,5,2025/11/20,14953,0,16800,1680,0,18480,福岡支店,レンタル法人,6,新規,12ヶ月未満
B25015914,6,2025/12/20,14953,0,16800,1680,0,18480,福岡支店,レンタル法人,6,新規,12ヶ月未満
B25016017,4,2025/9/30,10190,0,12800,1280,0,14080,福岡支店,レンタル法人,12,新規,12ヶ月未満
B25016017,5,2025/10/31,10190,0,12800,1280,0,14080,福岡支店,レンタル法人,12,新規,12ヶ月未満
B25016017,6,2025/11/30,10190,0,12800,1280,0,14080,福岡支店,レンタル法人,12,新規,12ヶ月未満
B25016017,7,2025/12/31,10190,0,12800,1280,0,14080,福岡支店,レンタル法人,12,新規,12ヶ月未満
B25016017,8,2026/1/31,10190,0,12800,1280,0,14080,福岡支店,レンタル法人,12,新規,12ヶ月未満
B25016017,9,2026/2/28,10190,0,12800,1280,0,14080,福岡支店,レンタル法人,12,新規,12ヶ月未満
B25016017,10,2026/3/31,10190,0,12800,1280,0,14080,福岡支店,レンタル法人,12,新規,12ヶ月未満
B25016017,11,2026/4/30,10190,0,12800,1280,0,14080,福岡支店,レンタル法人,12,新規,12ヶ月未満
B25016017,12,2026/5/31,10190,0,12800,1280,0,14080,福岡支店,レンタル法人,12,新規,12ヶ月未満
B25016021,4,2025/9/30,10190,0,4800,480,0,5280,福岡支店,レンタル法人,12,新規,12ヶ月未満
B25016021,5,2025/10/31,10190,0,4800,480,0,5280,福岡支店,レンタル法人,12,新規,12ヶ月未満
B25016021,6,2025/11/30,10190,0,4800,480,0,5280,福岡支店,レンタル法人,12,新規,12ヶ月未満
B25016021,7,2025/12/31,10190,0,4800,480,0,5280,福岡支店,レンタル法人,12,新規,12ヶ月未満
B25016021,8,2026/1/31,10190,0,4800,480,0,5280,福岡支店,レンタル法人,12,新規,12ヶ月未満
B25016021,9,2026/2/28,10190,0,4800,480,0,5280,福岡支店,レンタル法人,12,新規,12ヶ月未満
B25016021,10,2026/3/31,10190,0,4800,480,0,5280,福岡支店,レンタル法人,12,新規,12ヶ月未満
B25016021,11,2026/4/30,10190,0,4800,480,0,5280,福岡支店,レンタル法人,12,新規,12ヶ月未満
B25016021,12,2026/5/31,10190,0,4800,480,0,5280,福岡支店,レンタル法人,12,新規,12ヶ月未満
B25016099,3,2025/9/30,10234,0,6000,600,0,6600,福岡支店,レンタル法人,12,延長,12ヶ月未満
B25016099,4,2025/10/31,10234,0,6000,600,0,6600,福岡支店,レンタル法人,12,延長,12ヶ月未満
B25016099,5,2025/11/30,10234,0,6000,600,0,6600,福岡支店,レンタル法人,12,延長,12ヶ月未満
B25016099,6,2025/12/31,10234,0,6000,600,0,6600,福岡支店,レンタル法人,12,延長,12ヶ月未満
B25016099,7,2026/1/31,10234,0,6000,600,0,6600,福岡支店,レンタル法人,12,延長,12ヶ月未満
B25016099,8,2026/2/28,10234,0,6000,600,0,6600,福岡支店,レンタル法人,12,延長,12ヶ月未満
B25016099,9,2026/3/31,10234,0,6000,600,0,6600,福岡支店,レンタル法人,12,延長,12ヶ月未満
B25016099,10,2026/4/30,10234,0,6000,600,0,6600,福岡支店,レンタル法人,12,延長,12ヶ月未満
B25016099,11,2026/5/31,10234,0,6000,600,0,6600,福岡支店,レンタル法人,12,延長,12ヶ月未満
B25016099,12,2026/6/30,10234,0,6000,600,0,6600,福岡支店,レンタル法人,12,延長,12ヶ月未満
B25016173,3,2025/9/30,7594,0,3600,360,0,3960,福岡支店,レンタル法人,12,延長,12ヶ月未満
B25016173,4,2025/10/31,7594,0,3600,360,0,3960,福岡支店,レンタル法人,12,延長,12ヶ月未満
B25016173,5,2025/11/30,7594,0,3600,360,0,3960,福岡支店,レンタル法人,12,延長,12ヶ月未満
B25016173,6,2025/12/31,7594,0,3600,360,0,3960,福岡支店,レンタル法人,12,延長,12ヶ月未満
B25016173,7,2026/1/31,7594,0,3600,360,0,3960,福岡支店,レンタル法人,12,延長,12ヶ月未満
B25016173,8,2026/2/28,7594,0,3600,360,0,3960,福岡支店,レンタル法人,12,延長,12ヶ月未満
B25016173,9,2026/3/31,7594,0,3600,360,0,3960,福岡支店,レンタル法人,12,延長,12ヶ月未満
B25016173,10,2026/4/30,7594,0,3600,360,0,3960,福岡支店,レンタル法人,12,延長,12ヶ月未満
B25016173,11,2026/5/31,7594,0,3600,360,0,3960,福岡支店,レンタル法人,12,延長,12ヶ月未満
B25016173,12,2026/6/30,7594,0,3600,360,0,3960,福岡支店,レンタル法人,12,延長,12ヶ月未満
B25016175,3,2025/9/30,7594,0,10600,1060,0,11660,福岡支店,レンタル法人,12,新規,12ヶ月未満
B25016175,4,2025/10/31,7594,0,10600,1060,0,11660,福岡支店,レンタル法人,12,新規,12ヶ月未満
B25016175,5,2025/11/30,7594,0,10600,1060,0,11660,福岡支店,レンタル法人,12,新規,12ヶ月未満
B25016175,6,2025/12/31,7594,0,10600,1060,0,11660,福岡支店,レンタル法人,12,新規,12ヶ月未満
B25016175,7,2026/1/31,7594,0,10600,1060,0,11660,福岡支店,レンタル法人,12,新規,12ヶ月未満
B25016175,8,2026/2/28,7594,0,10600,1060,0,11660,福岡支店,レンタル法人,12,新規,12ヶ月未満
B25016175,9,2026/3/31,7594,0,10600,1060,0,11660,福岡支店,レンタル法人,12,新規,12ヶ月未満
B25016175,10,2026/4/30,7594,0,10600,1060,0,11660,福岡支店,レンタル法人,12,新規,12ヶ月未満
B25016175,11,2026/5/31,7594,0,10600,1060,0,11660,福岡支店,レンタル法人,12,新規,12ヶ月未満
B25016175,12,2026/6/30,7594,0,10600,1060,0,11660,福岡支店,レンタル法人,12,新規,12ヶ月未満
B25016223,4,2025/9/30,12729,0,170000,17000,0,187000,福岡支店,レンタル法人,59,新規,12ヶ月以上
B25016223,5,2025/10/31,12729,0,170000,17000,0,187000,福岡支店,レンタル法人,59,新規,12ヶ月以上
B25016223,6,2025/11/30,12729,0,170000,17000,0,187000,福岡支店,レンタル法人,59,新規,12ヶ月以上
B25016223,7,2025/12/31,12729,0,170000,17000,0,187000,福岡支店,レンタル法人,59,新規,12ヶ月以上
B25016223,8,2026/1/31,12729,0,170000,17000,0,187000,福岡支店,レンタル法人,59,新規,12ヶ月以上
B25016223,9,2026/2/28,12729,0,170000,17000,0,187000,福岡支店,レンタル法人,59,新規,12ヶ月以上
B25016223,10,2026/3/31,12729,0,170000,17000,0,187000,福岡支店,レンタル法人,59,新規,12ヶ月以上
B25016223,11,2026/4/30,12729,0,170000,17000,0,187000,福岡支店,レンタル法人,59,新規,12ヶ月以上
B25016223,12,2026/5/31,12729,0,170000,17000,0,187000,福岡支店,レンタル法人,59,新規,12ヶ月以上
B25016223,13,2026/6/30,12729,0,170000,17000,0,187000,福岡支店,レンタル法人,59,新規,12ヶ月以上
B25016223,14,2026/7/31,12729,0,170000,17000,0,187000,福岡支店,レンタル法人,59,新規,12ヶ月以上
B25016223,15,2026/8/31,12729,0,170000,17000,0,187000,福岡支店,レンタル法人,59,新規,12ヶ月以上
B25016225,4,2025/9/30,12729,0,62000,6200,0,68200,福岡支店,レンタル法人,59,新規,12ヶ月以上
B25016225,5,2025/10/31,12729,0,62000,6200,0,68200,福岡支店,レンタル法人,59,新規,12ヶ月以上
B25016225,6,2025/11/30,12729,0,62000,6200,0,68200,福岡支店,レンタル法人,59,新規,12ヶ月以上
B25016225,7,2025/12/31,12729,0,62000,6200,0,68200,福岡支店,レンタル法人,59,新規,12ヶ月以上
B25016225,8,2026/1/31,12729,0,62000,6200,0,68200,福岡支店,レンタル法人,59,新規,12ヶ月以上
B25016225,9,2026/2/28,12729,0,62000,6200,0,68200,福岡支店,レンタル法人,59,新規,12ヶ月以上
B25016225,10,2026/3/31,12729,0,62000,6200,0,68200,福岡支店,レンタル法人,59,新規,12ヶ月以上
B25016225,11,2026/4/30,12729,0,62000,6200,0,68200,福岡支店,レンタル法人,59,新規,12ヶ月以上
B25016225,12,2026/5/31,12729,0,62000,6200,0,68200,福岡支店,レンタル法人,59,新規,12ヶ月以上
B25016225,13,2026/6/30,12729,0,62000,6200,0,68200,福岡支店,レンタル法人,59,新規,12ヶ月以上
B25016225,14,2026/7/31,12729,0,62000,6200,0,68200,福岡支店,レンタル法人,59,新規,12ヶ月以上
B25016225,15,2026/8/31,12729,0,62000,6200,0,68200,福岡支店,レンタル法人,59,新規,12ヶ月以上
B25016245,4,2025/9/30,10190,0,24000,2400,0,26400,福岡支店,レンタル法人,60,新規,12ヶ月以上
B25016245,5,2025/10/31,10190,0,24000,2400,0,26400,福岡支店,レンタル法人,60,新規,12ヶ月以上
B25016245,6,2025/11/30,10190,0,24000,2400,0,26400,福岡支店,レンタル法人,60,新規,12ヶ月以上
B25016245,7,2025/12/31,10190,0,24000,2400,0,26400,福岡支店,レンタル法人,60,新規,12ヶ月以上
B25016245,8,2026/1/31,10190,0,24000,2400,0,26400,福岡支店,レンタル法人,60,新規,12ヶ月以上
B25016245,9,2026/2/28,10190,0,24000,2400,0,26400,福岡支店,レンタル法人,60,新規,12ヶ月以上
B25016245,10,2026/3/31,10190,0,24000,2400,0,26400,福岡支店,レンタル法人,60,新規,12ヶ月以上
B25016245,11,2026/4/30,10190,0,24000,2400,0,26400,福岡支店,レンタル法人,60,新規,12ヶ月以上
B25016245,12,2026/5/31,10190,0,24000,2400,0,26400,福岡支店,レンタル法人,60,新規,12ヶ月以上
B25016245,13,2026/6/30,10190,0,24000,2400,0,26400,福岡支店,レンタル法人,60,新規,12ヶ月以上
B25016245,14,2026/7/31,10190,0,24000,2400,0,26400,福岡支店,レンタル法人,60,新規,12ヶ月以上
B25016245,15,2026/8/31,10190,0,24000,2400,0,26400,福岡支店,レンタル法人,60,新規,12ヶ月以上
B25016249,4,2025/9/30,12729,0,750000,75000,0,825000,福岡支店,レンタル法人,59,新規,12ヶ月以上
B25016249,5,2025/10/31,12729,0,750000,75000,0,825000,福岡支店,レンタル法人,59,新規,12ヶ月以上
B25016249,6,2025/11/30,12729,0,750000,75000,0,825000,福岡支店,レンタル法人,59,新規,12ヶ月以上
B25016249,7,2025/12/31,12729,0,750000,75000,0,825000,福岡支店,レンタル法人,59,新規,12ヶ月以上
B25016249,8,2026/1/31,12729,0,750000,75000,0,825000,福岡支店,レンタル法人,59,新規,12ヶ月以上
B25016249,9,2026/2/28,12729,0,750000,75000,0,825000,福岡支店,レンタル法人,59,新規,12ヶ月以上
B25016249,10,2026/3/31,12729,0,750000,75000,0,825000,福岡支店,レンタル法人,59,新規,12ヶ月以上
B25016249,11,2026/4/30,12729,0,750000,75000,0,825000,福岡支店,レンタル法人,59,新規,12ヶ月以上
B25016249,12,2026/5/31,12729,0,750000,75000,0,825000,福岡支店,レンタル法人,59,新規,12ヶ月以上
B25016249,13,2026/6/30,12729,0,750000,75000,0,825000,福岡支店,レンタル法人,59,新規,12ヶ月以上
B25016249,14,2026/7/31,12729,0,750000,75000,0,825000,福岡支店,レンタル法人,59,新規,12ヶ月以上
B25016249,15,2026/8/31,12729,0,750000,75000,0,825000,福岡支店,レンタル法人,59,新規,12ヶ月以上
B25016250,4,2025/9/30,12729,0,25900,2590,0,28490,福岡支店,レンタル法人,59,新規,12ヶ月以上
B25016250,5,2025/10/31,12729,0,25900,2590,0,28490,福岡支店,レンタル法人,59,新規,12ヶ月以上
B25016250,6,2025/11/30,12729,0,25900,2590,0,28490,福岡支店,レンタル法人,59,新規,12ヶ月以上
B25016250,7,2025/12/31,12729,0,25900,2590,0,28490,福岡支店,レンタル法人,59,新規,12ヶ月以上
B25016250,8,2026/1/31,12729,0,25900,2590,0,28490,福岡支店,レンタル法人,59,新規,12ヶ月以上
B25016250,9,2026/2/28,12729,0,25900,2590,0,28490,福岡支店,レンタル法人,59,新規,12ヶ月以上
B25016250,10,2026/3/31,12729,0,25900,2590,0,28490,福岡支店,レンタル法人,59,新規,12ヶ月以上
B25016250,11,2026/4/30,12729,0,25900,2590,0,28490,福岡支店,レンタル法人,59,新規,12ヶ月以上
B25016250,12,2026/5/31,12729,0,25900,2590,0,28490,福岡支店,レンタル法人,59,新規,12ヶ月以上
B25016250,13,2026/6/30,12729,0,25900,2590,0,28490,福岡支店,レンタル法人,59,新規,12ヶ月以上
B25016250,14,2026/7/31,12729,0,25900,2590,0,28490,福岡支店,レンタル法人,59,新規,12ヶ月以上
B25016250,15,2026/8/31,12729,0,25900,2590,0,28490,福岡支店,レンタル法人,59,新規,12ヶ月以上
B25016512,4,2025/9/30,10190,0,20800,2080,0,22880,福岡支店,レンタル法人,12,新規,12ヶ月未満
B25016512,5,2025/10/31,10190,0,20800,2080,0,22880,福岡支店,レンタル法人,12,新規,12ヶ月未満
B25016512,6,2025/11/30,10190,0,20800,2080,0,22880,福岡支店,レンタル法人,12,新規,12ヶ月未満
B25016512,7,2025/12/31,10190,0,20800,2080,0,22880,福岡支店,レンタル法人,12,新規,12ヶ月未満
B25016512,8,2026/1/31,10190,0,20800,2080,0,22880,福岡支店,レンタル法人,12,新規,12ヶ月未満
B25016512,9,2026/2/28,10190,0,20800,2080,0,22880,福岡支店,レンタル法人,12,新規,12ヶ月未満
B25016512,10,2026/3/31,10190,0,20800,2080,0,22880,福岡支店,レンタル法人,12,新規,12ヶ月未満
B25016512,11,2026/4/30,10190,0,20800,2080,0,22880,福岡支店,レンタル法人,12,新規,12ヶ月未満
B25016512,12,2026/5/31,10190,0,20800,2080,0,22880,福岡支店,レンタル法人,12,新規,12ヶ月未満
B25016513,3,2025/9/30,10190,0,6400,640,0,7040,福岡支店,レンタル法人,12,新規,12ヶ月未満
B25016513,4,2025/10/31,10190,0,6400,640,0,7040,福岡支店,レンタル法人,12,新規,12ヶ月未満
B25016513,5,2025/11/30,10190,0,6400,640,0,7040,福岡支店,レンタル法人,12,新規,12ヶ月未満
B25016513,6,2025/12/31,10190,0,6400,640,0,7040,福岡支店,レンタル法人,12,新規,12ヶ月未満
B25016513,7,2026/1/31,10190,0,6400,640,0,7040,福岡支店,レンタル法人,12,新規,12ヶ月未満
B25016513,8,2026/2/28,10190,0,6400,640,0,7040,福岡支店,レンタル法人,12,新規,12ヶ月未満
B25016513,9,2026/3/31,10190,0,6400,640,0,7040,福岡支店,レンタル法人,12,新規,12ヶ月未満
B25016513,10,2026/4/30,10190,0,6400,640,0,7040,福岡支店,レンタル法人,12,新規,12ヶ月未満
B25016513,11,2026/5/31,10190,0,6400,640,0,7040,福岡支店,レンタル法人,12,新規,12ヶ月未満
B25016513,12,2026/6/30,10190,0,6400,640,0,7040,福岡支店,レンタル法人,12,新規,12ヶ月未満
B25016519,3,2025/9/30,14736,0,3750,375,0,4125,福岡支店,レンタル法人,60,新規,12ヶ月以上
B25016519,4,2025/10/31,14736,0,3750,375,0,4125,福岡支店,レンタル法人,60,新規,12ヶ月以上
B25016519,5,2025/11/30,14736,0,3750,375,0,4125,福岡支店,レンタル法人,60,新規,12ヶ月以上
B25016519,6,2025/12/31,14736,0,3750,375,0,4125,福岡支店,レンタル法人,60,新規,12ヶ月以上
B25016519,7,2026/1/31,14736,0,3750,375,0,4125,福岡支店,レンタル法人,60,新規,12ヶ月以上
B25016519,8,2026/2/28,14736,0,3750,375,0,4125,福岡支店,レンタル法人,60,新規,12ヶ月以上
B25016519,9,2026/3/31,14736,0,3750,375,0,4125,福岡支店,レンタル法人,60,新規,12ヶ月以上
B25016519,10,2026/4/30,14736,0,3750,375,0,4125,福岡支店,レンタル法人,60,新規,12ヶ月以上
B25016519,11,2026/5/31,14736,0,3750,375,0,4125,福岡支店,レンタル法人,60,新規,12ヶ月以上
B25016519,12,2026/6/30,14736,0,3750,375,0,4125,福岡支店,レンタル法人,60,新規,12ヶ月以上
B25016519,13,2026/7/31,14736,0,3750,375,0,4125,福岡支店,レンタル法人,60,新規,12ヶ月以上
B25016519,14,2026/8/31,14736,0,3750,375,0,4125,福岡支店,レンタル法人,60,新規,12ヶ月以上
B25016591,3,2025/9/30,12987,0,1650,165,0,1815,福岡支店,レンタル法人,60,新規,12ヶ月以上
B25016591,4,2025/10/31,12987,0,1650,165,0,1815,福岡支店,レンタル法人,60,新規,12ヶ月以上
B25016591,5,2025/11/30,12987,0,1650,165,0,1815,福岡支店,レンタル法人,60,新規,12ヶ月以上
B25016591,6,2025/12/31,12987,0,1650,165,0,1815,福岡支店,レンタル法人,60,新規,12ヶ月以上
B25016591,7,2026/1/31,12987,0,1650,165,0,1815,福岡支店,レンタル法人,60,新規,12ヶ月以上
B25016591,8,2026/2/28,12987,0,1650,165,0,1815,福岡支店,レンタル法人,60,新規,12ヶ月以上
B25016591,9,2026/3/31,12987,0,1650,165,0,1815,福岡支店,レンタル法人,60,新規,12ヶ月以上
B25016591,10,2026/4/30,12987,0,1650,165,0,1815,福岡支店,レンタル法人,60,新規,12ヶ月以上
B25016591,11,2026/5/31,12987,0,1650,165,0,1815,福岡支店,レンタル法人,60,新規,12ヶ月以上
B25016591,12,2026/6/30,12987,0,1650,165,0,1815,福岡支店,レンタル法人,60,新規,12ヶ月以上
B25016591,13,2026/7/31,12987,0,1650,165,0,1815,福岡支店,レンタル法人,60,新規,12ヶ月以上
B25016591,14,2026/8/31,12987,0,1650,165,0,1815,福岡支店,レンタル法人,60,新規,12ヶ月以上
B25016675,1,2025/9/30,5759,0,5000,500,0,5500,福岡支店,レンタル法人,0,新規,12ヶ月未満
B25016792,3,2025/9/30,14853,0,11000,1100,0,12100,福岡支店,レンタル法人,36,新規,12ヶ月以上
B25016792,4,2025/10/31,14853,0,11000,1100,0,12100,福岡支店,レンタル法人,36,新規,12ヶ月以上
B25016792,5,2025/11/30,14853,0,11000,1100,0,12100,福岡支店,レンタル法人,36,新規,12ヶ月以上
B25016792,6,2025/12/31,14853,0,11000,1100,0,12100,福岡支店,レンタル法人,36,新規,12ヶ月以上
B25016792,7,2026/1/31,14853,0,11000,1100,0,12100,福岡支店,レンタル法人,36,新規,12ヶ月以上
B25016792,8,2026/2/28,14853,0,11000,1100,0,12100,福岡支店,レンタル法人,36,新規,12ヶ月以上
B25016792,9,2026/3/31,14853,0,11000,1100,0,12100,福岡支店,レンタル法人,36,新規,12ヶ月以上
B25016792,10,2026/4/30,14853,0,11000,1100,0,12100,福岡支店,レンタル法人,36,新規,12ヶ月以上
B25016792,11,2026/5/31,14853,0,11000,1100,0,12100,福岡支店,レンタル法人,36,新規,12ヶ月以上
B25016792,12,2026/6/30,14853,0,11000,1100,0,12100,福岡支店,レンタル法人,36,新規,12ヶ月以上
B25016792,13,2026/7/31,14853,0,11000,1100,0,12100,福岡支店,レンタル法人,36,新規,12ヶ月以上
B25016792,14,2026/8/31,14853,0,11000,1100,0,12100,福岡支店,レンタル法人,36,新規,12ヶ月以上
B25016841,2,2025/9/30,11894,0,23000,2300,0,25300,福岡支店,レンタル法人,60,新規,12ヶ月以上
B25016841,3,2025/10/31,11894,0,23000,2300,0,25300,福岡支店,レンタル法人,60,新規,12ヶ月以上
B25016841,4,2025/11/30,11894,0,23000,2300,0,25300,福岡支店,レンタル法人,60,新規,12ヶ月以上
B25016841,5,2025/12/31,11894,0,23000,2300,0,25300,福岡支店,レンタル法人,60,新規,12ヶ月以上
B25016841,6,2026/1/31,11894,0,23000,2300,0,25300,福岡支店,レンタル法人,60,新規,12ヶ月以上
B25016841,7,2026/2/28,11894,0,23000,2300,0,25300,福岡支店,レンタル法人,60,新規,12ヶ月以上
B25016841,8,2026/3/31,11894,0,23000,2300,0,25300,福岡支店,レンタル法人,60,新規,12ヶ月以上
B25016841,9,2026/4/30,11894,0,23000,2300,0,25300,福岡支店,レンタル法人,60,新規,12ヶ月以上
B25016841,10,2026/5/31,11894,0,23000,2300,0,25300,福岡支店,レンタル法人,60,新規,12ヶ月以上
B25016841,11,2026/6/30,11894,0,23000,2300,0,25300,福岡支店,レンタル法人,60,新規,12ヶ月以上
B25016841,12,2026/7/31,11894,0,23000,2300,0,25300,福岡支店,レンタル法人,60,新規,12ヶ月以上
B25016841,13,2026/8/31,11894,0,23000,2300,0,25300,福岡支店,レンタル法人,60,新規,12ヶ月以上
B25016933,1,2025/9/30,14465,0,21000,2100,0,23100,福岡支店,レンタル法人,12,新規,12ヶ月未満
B25016933,2,2025/10/31,14465,0,16500,1650,0,18150,福岡支店,レンタル法人,12,新規,12ヶ月未満
B25016933,3,2025/11/30,14465,0,16500,1650,0,18150,福岡支店,レンタル法人,12,新規,12ヶ月未満
B25016933,4,2025/12/31,14465,0,16500,1650,0,18150,福岡支店,レンタル法人,12,新規,12ヶ月未満
B25016933,5,2026/1/31,14465,0,16500,1650,0,18150,福岡支店,レンタル法人,12,新規,12ヶ月未満
B25016933,6,2026/2/28,14465,0,16500,1650,0,18150,福岡支店,レンタル法人,12,新規,12ヶ月未満
B25016933,7,2026/3/31,14465,0,16500,1650,0,18150,福岡支店,レンタル法人,12,新規,12ヶ月未満
B25016933,8,2026/4/30,14465,0,16500,1650,0,18150,福岡支店,レンタル法人,12,新規,12ヶ月未満
B25016933,9,2026/5/31,14465,0,16500,1650,0,18150,福岡支店,レンタル法人,12,新規,12ヶ月未満
B25016933,10,2026/6/30,14465,0,16500,1650,0,18150,福岡支店,レンタル法人,12,新規,12ヶ月未満
B25016933,11,2026/7/31,14465,0,16500,1650,0,18150,福岡支店,レンタル法人,12,新規,12ヶ月未満
B25016933,12,2026/8/31,14465,0,16500,1650,0,18150,福岡支店,レンタル法人,12,新規,12ヶ月未満
B25017214,4,2025/9/30,15899,0,12100,1210,0,13310,福岡支店,レンタル法人,48,新規,12ヶ月以上
B25017214,5,2025/10/31,15899,0,12100,1210,0,13310,福岡支店,レンタル法人,48,新規,12ヶ月以上
B25017214,6,2025/11/30,15899,0,12100,1210,0,13310,福岡支店,レンタル法人,48,新規,12ヶ月以上
B25017214,7,2025/12/31,15899,0,12100,1210,0,13310,福岡支店,レンタル法人,48,新規,12ヶ月以上
B25017214,8,2026/1/31,15899,0,12100,1210,0,13310,福岡支店,レンタル法人,48,新規,12ヶ月以上
B25017214,9,2026/2/28,15899,0,12100,1210,0,13310,福岡支店,レンタル法人,48,新規,12ヶ月以上
B25017214,10,2026/3/31,15899,0,12100,1210,0,13310,福岡支店,レンタル法人,48,新規,12ヶ月以上
B25017214,11,2026/4/30,15899,0,12100,1210,0,13310,福岡支店,レンタル法人,48,新規,12ヶ月以上
B25017214,12,2026/5/31,15899,0,12100,1210,0,13310,福岡支店,レンタル法人,48,新規,12ヶ月以上
B25017214,13,2026/6/30,15899,0,12100,1210,0,13310,福岡支店,レンタル法人,48,新規,12ヶ月以上
B25017214,14,2026/7/31,15899,0,12100,1210,0,13310,福岡支店,レンタル法人,48,新規,12ヶ月以上
B25017214,15,2026/8/31,15899,0,12100,1210,0,13310,福岡支店,レンタル法人,48,新規,12ヶ月以上
B25017260,3,2025/9/30,12248,0,4900,490,0,5390,福岡支店,レンタル法人,48,新規,12ヶ月以上
B25017260,4,2025/10/31,12248,0,4900,490,0,5390,福岡支店,レンタル法人,48,新規,12ヶ月以上
B25017260,5,2025/11/30,12248,0,4900,490,0,5390,福岡支店,レンタル法人,48,新規,12ヶ月以上
B25017260,6,2025/12/31,12248,0,4900,490,0,5390,福岡支店,レンタル法人,48,新規,12ヶ月以上
B25017260,7,2026/1/31,12248,0,4900,490,0,5390,福岡支店,レンタル法人,48,新規,12ヶ月以上
B25017260,8,2026/2/28,12248,0,4900,490,0,5390,福岡支店,レンタル法人,48,新規,12ヶ月以上
B25017260,9,2026/3/31,12248,0,4900,490,0,5390,福岡支店,レンタル法人,48,新規,12ヶ月以上
B25017260,10,2026/4/30,12248,0,4900,490,0,5390,福岡支店,レンタル法人,48,新規,12ヶ月以上
B25017260,11,2026/5/31,12248,0,4900,490,0,5390,福岡支店,レンタル法人,48,新規,12ヶ月以上
B25017260,12,2026/6/30,12248,0,4900,490,0,5390,福岡支店,レンタル法人,48,新規,12ヶ月以上
B25017260,13,2026/7/31,12248,0,4900,490,0,5390,福岡支店,レンタル法人,48,新規,12ヶ月以上
B25017260,14,2026/8/31,12248,0,4900,490,0,5390,福岡支店,レンタル法人,48,新規,12ヶ月以上
B25017465,3,2025/9/30,15236,0,10100,1010,0,11110,福岡支店,レンタル法人,60,新規,12ヶ月以上
B25017465,4,2025/10/31,15236,0,10100,1010,0,11110,福岡支店,レンタル法人,60,新規,12ヶ月以上
B25017465,5,2025/11/30,15236,0,10100,1010,0,11110,福岡支店,レンタル法人,60,新規,12ヶ月以上
B25017465,6,2025/12/31,15236,0,10100,1010,0,11110,福岡支店,レンタル法人,60,新規,12ヶ月以上
B25017465,7,2026/1/31,15236,0,10100,1010,0,11110,福岡支店,レンタル法人,60,新規,12ヶ月以上
B25017465,8,2026/2/28,15236,0,10100,1010,0,11110,福岡支店,レンタル法人,60,新規,12ヶ月以上
B25017465,9,2026/3/31,15236,0,10100,1010,0,11110,福岡支店,レンタル法人,60,新規,12ヶ月以上
B25017465,10,2026/4/30,15236,0,10100,1010,0,11110,福岡支店,レンタル法人,60,新規,12ヶ月以上
B25017465,11,2026/5/31,15236,0,10100,1010,0,11110,福岡支店,レンタル法人,60,新規,12ヶ月以上
B25017465,12,2026/6/30,15236,0,10100,1010,0,11110,福岡支店,レンタル法人,60,新規,12ヶ月以上
B25017465,13,2026/7/31,15236,0,10100,1010,0,11110,福岡支店,レンタル法人,60,新規,12ヶ月以上
B25017465,14,2026/8/31,15236,0,10100,1010,0,11110,福岡支店,レンタル法人,60,新規,12ヶ月以上
B25017511,3,2025/9/30,16832,0,3600,360,0,3960,福岡支店,レンタル法人,36,新規,12ヶ月以上
B25017511,4,2025/10/31,16832,0,3600,360,0,3960,福岡支店,レンタル法人,36,新規,12ヶ月以上
B25017511,5,2025/11/30,16832,0,3600,360,0,3960,福岡支店,レンタル法人,36,新規,12ヶ月以上
B25017511,6,2025/12/31,16832,0,3600,360,0,3960,福岡支店,レンタル法人,36,新規,12ヶ月以上
B25017511,7,2026/1/31,16832,0,3600,360,0,3960,福岡支店,レンタル法人,36,新規,12ヶ月以上
B25017511,8,2026/2/28,16832,0,3600,360,0,3960,福岡支店,レンタル法人,36,新規,12ヶ月以上
B25017511,9,2026/3/31,16832,0,3600,360,0,3960,福岡支店,レンタル法人,36,新規,12ヶ月以上
B25017511,10,2026/4/30,16832,0,3600,360,0,3960,福岡支店,レンタル法人,36,新規,12ヶ月以上
B25017511,11,2026/5/31,16832,0,3600,360,0,3960,福岡支店,レンタル法人,36,新規,12ヶ月以上
B25017511,12,2026/6/30,16832,0,3600,360,0,3960,福岡支店,レンタル法人,36,新規,12ヶ月以上
B25017511,13,2026/7/31,16832,0,3600,360,0,3960,福岡支店,レンタル法人,36,新規,12ヶ月以上
B25017511,14,2026/8/31,16832,0,3600,360,0,3960,福岡支店,レンタル法人,36,新規,12ヶ月以上
B25017512,3,2025/9/30,16832,0,3720,372,0,4092,福岡支店,レンタル法人,36,新規,12ヶ月以上
B25017512,4,2025/10/31,16832,0,3720,372,0,4092,福岡支店,レンタル法人,36,新規,12ヶ月以上
B25017512,5,2025/11/30,16832,0,3720,372,0,4092,福岡支店,レンタル法人,36,新規,12ヶ月以上
B25017512,6,2025/12/31,16832,0,3720,372,0,4092,福岡支店,レンタル法人,36,新規,12ヶ月以上
B25017512,7,2026/1/31,16832,0,3720,372,0,4092,福岡支店,レンタル法人,36,新規,12ヶ月以上
B25017512,8,2026/2/28,16832,0,3720,372,0,4092,福岡支店,レンタル法人,36,新規,12ヶ月以上
B25017512,9,2026/3/31,16832,0,3720,372,0,4092,福岡支店,レンタル法人,36,新規,12ヶ月以上
B25017512,10,2026/4/30,16832,0,3720,372,0,4092,福岡支店,レンタル法人,36,新規,12ヶ月以上
B25017512,11,2026/5/31,16832,0,3720,372,0,4092,福岡支店,レンタル法人,36,新規,12ヶ月以上
B25017512,12,2026/6/30,16832,0,3720,372,0,4092,福岡支店,レンタル法人,36,新規,12ヶ月以上
B25017512,13,2026/7/31,16832,0,3720,372,0,4092,福岡支店,レンタル法人,36,新規,12ヶ月以上
B25017512,14,2026/8/31,16832,0,3720,372,0,4092,福岡支店,レンタル法人,36,新規,12ヶ月以上
B25017542,3,2025/9/30,14736,0,10800,1080,0,11880,福岡支店,レンタル法人,60,新規,12ヶ月以上
B25017542,4,2025/10/31,14736,0,10800,1080,0,11880,福岡支店,レンタル法人,60,新規,12ヶ月以上
B25017542,5,2025/11/30,14736,0,10800,1080,0,11880,福岡支店,レンタル法人,60,新規,12ヶ月以上
B25017542,6,2025/12/31,14736,0,10800,1080,0,11880,福岡支店,レンタル法人,60,新規,12ヶ月以上
B25017542,7,2026/1/31,14736,0,10800,1080,0,11880,福岡支店,レンタル法人,60,新規,12ヶ月以上
B25017542,8,2026/2/28,14736,0,10800,1080,0,11880,福岡支店,レンタル法人,60,新規,12ヶ月以上
B25017542,9,2026/3/31,14736,0,10800,1080,0,11880,福岡支店,レンタル法人,60,新規,12ヶ月以上
B25017542,10,2026/4/30,14736,0,10800,1080,0,11880,福岡支店,レンタル法人,60,新規,12ヶ月以上
B25017542,11,2026/5/31,14736,0,10800,1080,0,11880,福岡支店,レンタル法人,60,新規,12ヶ月以上
B25017542,12,2026/6/30,14736,0,10800,1080,0,11880,福岡支店,レンタル法人,60,新規,12ヶ月以上
B25017542,13,2026/7/31,14736,0,10800,1080,0,11880,福岡支店,レンタル法人,60,新規,12ヶ月以上
B25017542,14,2026/8/31,14736,0,10800,1080,0,11880,福岡支店,レンタル法人,60,新規,12ヶ月以上
B25017713,3,2025/9/30,14853,0,7980,798,0,8778,福岡支店,レンタル法人,36,新規,12ヶ月以上
B25017713,4,2025/10/31,14853,0,7980,798,0,8778,福岡支店,レンタル法人,36,新規,12ヶ月以上
B25017713,5,2025/11/30,14853,0,7980,798,0,8778,福岡支店,レンタル法人,36,新規,12ヶ月以上
B25017713,6,2025/12/31,14853,0,7980,798,0,8778,福岡支店,レンタル法人,36,新規,12ヶ月以上
B25017713,7,2026/1/31,14853,0,7980,798,0,8778,福岡支店,レンタル法人,36,新規,12ヶ月以上
B25017713,8,2026/2/28,14853,0,7980,798,0,8778,福岡支店,レンタル法人,36,新規,12ヶ月以上
B25017713,9,2026/3/31,14853,0,7980,798,0,8778,福岡支店,レンタル法人,36,新規,12ヶ月以上
B25017713,10,2026/4/30,14853,0,7980,798,0,8778,福岡支店,レンタル法人,36,新規,12ヶ月以上
B25017713,11,2026/5/31,14853,0,7980,798,0,8778,福岡支店,レンタル法人,36,新規,12ヶ月以上
B25017713,12,2026/6/30,14853,0,7980,798,0,8778,福岡支店,レンタル法人,36,新規,12ヶ月以上
B25017713,13,2026/7/31,14853,0,7980,798,0,8778,福岡支店,レンタル法人,36,新規,12ヶ月以上
B25017713,14,2026/8/31,14853,0,7980,798,0,8778,福岡支店,レンタル法人,36,新規,12ヶ月以上
B25017998,3,2025/9/30,7602,0,2400,240,0,2640,福岡支店,レンタル法人,3,延長,12ヶ月未満
B25018026,2,2025/9/30,9322,0,63720,6372,0,70092,福岡支店,レンタル法人,36,新規,12ヶ月以上
B25018026,3,2025/10/31,9322,0,63720,6372,0,70092,福岡支店,レンタル法人,36,新規,12ヶ月以上
B25018026,4,2025/11/30,9322,0,63720,6372,0,70092,福岡支店,レンタル法人,36,新規,12ヶ月以上
B25018026,5,2025/12/31,9322,0,63720,6372,0,70092,福岡支店,レンタル法人,36,新規,12ヶ月以上
B25018026,6,2026/1/31,9322,0,63720,6372,0,70092,福岡支店,レンタル法人,36,新規,12ヶ月以上
B25018026,7,2026/2/28,9322,0,63720,6372,0,70092,福岡支店,レンタル法人,36,新規,12ヶ月以上
B25018026,8,2026/3/31,9322,0,63720,6372,0,70092,福岡支店,レンタル法人,36,新規,12ヶ月以上
B25018026,9,2026/4/30,9322,0,63720,6372,0,70092,福岡支店,レンタル法人,36,新規,12ヶ月以上
B25018026,10,2026/5/31,9322,0,63720,6372,0,70092,福岡支店,レンタル法人,36,新規,12ヶ月以上
B25018026,11,2026/6/30,9322,0,63720,6372,0,70092,福岡支店,レンタル法人,36,新規,12ヶ月以上
B25018026,12,2026/7/31,9322,0,63720,6372,0,70092,福岡支店,レンタル法人,36,新規,12ヶ月以上
B25018026,13,2026/8/31,9322,0,63720,6372,0,70092,福岡支店,レンタル法人,36,新規,12ヶ月以上
B25018319,3,2025/9/30,12987,0,1700,170,0,1870,福岡支店,レンタル法人,60,新規,12ヶ月以上
B25018319,4,2025/10/31,12987,0,1700,170,0,1870,福岡支店,レンタル法人,60,新規,12ヶ月以上
B25018319,5,2025/11/30,12987,0,1700,170,0,1870,福岡支店,レンタル法人,60,新規,12ヶ月以上
B25018319,6,2025/12/31,12987,0,1700,170,0,1870,福岡支店,レンタル法人,60,新規,12ヶ月以上
B25018319,7,2026/1/31,12987,0,1700,170,0,1870,福岡支店,レンタル法人,60,新規,12ヶ月以上
B25018319,8,2026/2/28,12987,0,1700,170,0,1870,福岡支店,レンタル法人,60,新規,12ヶ月以上
B25018319,9,2026/3/31,12987,0,1700,170,0,1870,福岡支店,レンタル法人,60,新規,12ヶ月以上
B25018319,10,2026/4/30,12987,0,1700,170,0,1870,福岡支店,レンタル法人,60,新規,12ヶ月以上
B25018319,11,2026/5/31,12987,0,1700,170,0,1870,福岡支店,レンタル法人,60,新規,12ヶ月以上
B25018319,12,2026/6/30,12987,0,1700,170,0,1870,福岡支店,レンタル法人,60,新規,12ヶ月以上
B25018319,13,2026/7/31,12987,0,1700,170,0,1870,福岡支店,レンタル法人,60,新規,12ヶ月以上
B25018319,14,2026/8/31,12987,0,1700,170,0,1870,福岡支店,レンタル法人,60,新規,12ヶ月以上
B25018388,3,2025/9/30,14736,0,6400,640,0,7040,福岡支店,レンタル法人,5,新規,12ヶ月未満
B25018388,4,2025/10/31,14736,0,6400,640,0,7040,福岡支店,レンタル法人,5,新規,12ヶ月未満
B25018388,5,2025/11/30,14736,0,6400,640,0,7040,福岡支店,レンタル法人,5,新規,12ヶ月未満
B25018413,2,2025/9/30,12131,0,3360,336,0,3696,福岡支店,レンタル法人,8,延長,12ヶ月未満
B25018413,3,2025/10/31,12131,0,3360,336,0,3696,福岡支店,レンタル法人,8,延長,12ヶ月未満
B25018413,4,2025/11/30,12131,0,3360,336,0,3696,福岡支店,レンタル法人,8,延長,12ヶ月未満
B25018413,5,2025/12/31,12131,0,3360,336,0,3696,福岡支店,レンタル法人,8,延長,12ヶ月未満
B25018413,6,2026/1/31,12131,0,3360,336,0,3696,福岡支店,レンタル法人,8,延長,12ヶ月未満
B25018413,7,2026/2/28,12131,0,3360,336,0,3696,福岡支店,レンタル法人,8,延長,12ヶ月未満
B25018413,8,2026/3/31,12131,0,3360,336,0,3696,福岡支店,レンタル法人,8,延長,12ヶ月未満
B25018499,1,2025/9/30,5759,0,240000,24000,0,264000,福岡支店,レンタル法人,5,延長,12ヶ月未満
B25018500,1,2025/9/30,5759,0,80000,8000,0,88000,福岡支店,レンタル法人,5,新規,12ヶ月未満
B25018602,2,2025/9/30,14989,0,11920,1192,0,13112,福岡支店,レンタル法人,60,新規,12ヶ月以上
B25018602,3,2025/10/31,14989,0,11920,1192,0,13112,福岡支店,レンタル法人,60,新規,12ヶ月以上
B25018602,4,2025/11/30,14989,0,11920,1192,0,13112,福岡支店,レンタル法人,60,新規,12ヶ月以上
B25018602,5,2025/12/31,14989,0,11920,1192,0,13112,福岡支店,レンタル法人,60,新規,12ヶ月以上
B25018602,6,2026/1/31,14989,0,11920,1192,0,13112,福岡支店,レンタル法人,60,新規,12ヶ月以上
B25018602,7,2026/2/28,14989,0,11920,1192,0,13112,福岡支店,レンタル法人,60,新規,12ヶ月以上
B25018602,8,2026/3/31,14989,0,11920,1192,0,13112,福岡支店,レンタル法人,60,新規,12ヶ月以上
B25018602,9,2026/4/30,14989,0,11920,1192,0,13112,福岡支店,レンタル法人,60,新規,12ヶ月以上
B25018602,10,2026/5/31,14989,0,11920,1192,0,13112,福岡支店,レンタル法人,60,新規,12ヶ月以上
B25018602,11,2026/6/30,14989,0,11920,1192,0,13112,福岡支店,レンタル法人,60,新規,12ヶ月以上
B25018602,12,2026/7/31,14989,0,11920,1192,0,13112,福岡支店,レンタル法人,60,新規,12ヶ月以上
B25018602,13,2026/8/31,14989,0,11920,1192,0,13112,福岡支店,レンタル法人,60,新規,12ヶ月以上
B25018603,2,2025/9/30,14989,0,8000,800,0,8800,福岡支店,レンタル法人,60,新規,12ヶ月以上
B25018603,3,2025/10/31,14989,0,8000,800,0,8800,福岡支店,レンタル法人,60,新規,12ヶ月以上
B25018603,4,2025/11/30,14989,0,8000,800,0,8800,福岡支店,レンタル法人,60,新規,12ヶ月以上
B25018603,5,2025/12/31,14989,0,8000,800,0,8800,福岡支店,レンタル法人,60,新規,12ヶ月以上
B25018603,6,2026/1/31,14989,0,8000,800,0,8800,福岡支店,レンタル法人,60,新規,12ヶ月以上
B25018603,7,2026/2/28,14989,0,8000,800,0,8800,福岡支店,レンタル法人,60,新規,12ヶ月以上
B25018603,8,2026/3/31,14989,0,8000,800,0,8800,福岡支店,レンタル法人,60,新規,12ヶ月以上
B25018603,9,2026/4/30,14989,0,8000,800,0,8800,福岡支店,レンタル法人,60,新規,12ヶ月以上
B25018603,10,2026/5/31,14989,0,8000,800,0,8800,福岡支店,レンタル法人,60,新規,12ヶ月以上
B25018603,11,2026/6/30,14989,0,8000,800,0,8800,福岡支店,レンタル法人,60,新規,12ヶ月以上
B25018603,12,2026/7/31,14989,0,8000,800,0,8800,福岡支店,レンタル法人,60,新規,12ヶ月以上
B25018603,13,2026/8/31,14989,0,8000,800,0,8800,福岡支店,レンタル法人,60,新規,12ヶ月以上
B25018641,3,2025/9/30,10190,0,36800,3680,0,40480,福岡支店,レンタル法人,60,新規,12ヶ月以上
B25018641,4,2025/10/31,10190,0,36800,3680,0,40480,福岡支店,レンタル法人,60,新規,12ヶ月以上
B25018641,5,2025/11/30,10190,0,36800,3680,0,40480,福岡支店,レンタル法人,60,新規,12ヶ月以上
B25018641,6,2025/12/31,10190,0,36800,3680,0,40480,福岡支店,レンタル法人,60,新規,12ヶ月以上
B25018641,7,2026/1/31,10190,0,36800,3680,0,40480,福岡支店,レンタル法人,60,新規,12ヶ月以上
B25018641,8,2026/2/28,10190,0,36800,3680,0,40480,福岡支店,レンタル法人,60,新規,12ヶ月以上
B25018641,9,2026/3/31,10190,0,36800,3680,0,40480,福岡支店,レンタル法人,60,新規,12ヶ月以上
B25018641,10,2026/4/30,10190,0,36800,3680,0,40480,福岡支店,レンタル法人,60,新規,12ヶ月以上
B25018641,11,2026/5/31,10190,0,36800,3680,0,40480,福岡支店,レンタル法人,60,新規,12ヶ月以上
B25018641,12,2026/6/30,10190,0,36800,3680,0,40480,福岡支店,レンタル法人,60,新規,12ヶ月以上
B25018641,13,2026/7/31,10190,0,36800,3680,0,40480,福岡支店,レンタル法人,60,新規,12ヶ月以上
B25018641,14,2026/8/31,10190,0,36800,3680,0,40480,福岡支店,レンタル法人,60,新規,12ヶ月以上
B25018642,3,2025/9/30,10190,0,54050,5405,0,59455,福岡支店,レンタル法人,60,新規,12ヶ月以上
B25018642,4,2025/10/31,10190,0,54050,5405,0,59455,福岡支店,レンタル法人,60,新規,12ヶ月以上
B25018642,5,2025/11/30,10190,0,54050,5405,0,59455,福岡支店,レンタル法人,60,新規,12ヶ月以上
B25018642,6,2025/12/31,10190,0,54050,5405,0,59455,福岡支店,レンタル法人,60,新規,12ヶ月以上
B25018642,7,2026/1/31,10190,0,54050,5405,0,59455,福岡支店,レンタル法人,60,新規,12ヶ月以上
B25018642,8,2026/2/28,10190,0,54050,5405,0,59455,福岡支店,レンタル法人,60,新規,12ヶ月以上
B25018642,9,2026/3/31,10190,0,54050,5405,0,59455,福岡支店,レンタル法人,60,新規,12ヶ月以上
B25018642,10,2026/4/30,10190,0,54050,5405,0,59455,福岡支店,レンタル法人,60,新規,12ヶ月以上
B25018642,11,2026/5/31,10190,0,54050,5405,0,59455,福岡支店,レンタル法人,60,新規,12ヶ月以上
B25018642,12,2026/6/30,10190,0,54050,5405,0,59455,福岡支店,レンタル法人,60,新規,12ヶ月以上
B25018642,13,2026/7/31,10190,0,54050,5405,0,59455,福岡支店,レンタル法人,60,新規,12ヶ月以上
B25018642,14,2026/8/31,10190,0,54050,5405,0,59455,福岡支店,レンタル法人,60,新規,12ヶ月以上
B25018643,3,2025/9/30,10190,0,74750,7475,0,82225,福岡支店,レンタル法人,60,新規,12ヶ月以上
B25018643,4,2025/10/31,10190,0,74750,7475,0,82225,福岡支店,レンタル法人,60,新規,12ヶ月以上
B25018643,5,2025/11/30,10190,0,74750,7475,0,82225,福岡支店,レンタル法人,60,新規,12ヶ月以上
B25018643,6,2025/12/31,10190,0,74750,7475,0,82225,福岡支店,レンタル法人,60,新規,12ヶ月以上
B25018643,7,2026/1/31,10190,0,74750,7475,0,82225,福岡支店,レンタル法人,60,新規,12ヶ月以上
B25018643,8,2026/2/28,10190,0,74750,7475,0,82225,福岡支店,レンタル法人,60,新規,12ヶ月以上
B25018643,9,2026/3/31,10190,0,74750,7475,0,82225,福岡支店,レンタル法人,60,新規,12ヶ月以上
B25018643,10,2026/4/30,10190,0,74750,7475,0,82225,福岡支店,レンタル法人,60,新規,12ヶ月以上
B25018643,11,2026/5/31,10190,0,74750,7475,0,82225,福岡支店,レンタル法人,60,新規,12ヶ月以上
B25018643,12,2026/6/30,10190,0,74750,7475,0,82225,福岡支店,レンタル法人,60,新規,12ヶ月以上
B25018643,13,2026/7/31,10190,0,74750,7475,0,82225,福岡支店,レンタル法人,60,新規,12ヶ月以上
B25018643,14,2026/8/31,10190,0,74750,7475,0,82225,福岡支店,レンタル法人,60,新規,12ヶ月以上
B25018722,3,2025/9/30,10191,0,41400,4140,0,45540,福岡支店,レンタル法人,3,延長,12ヶ月未満
B25018724,3,2025/9/30,10191,0,9200,920,0,10120,福岡支店,レンタル法人,3,延長,12ヶ月未満
B25018725,3,2025/9/30,10191,0,16100,1610,0,17710,福岡支店,レンタル法人,3,延長,12ヶ月未満
B25018726,3,2025/9/30,10191,0,27600,2760,0,30360,福岡支店,レンタル法人,3,延長,12ヶ月未満
B25018727,3,2025/9/30,10191,0,46000,4600,0,50600,福岡支店,レンタル法人,3,延長,12ヶ月未満
B25018728,3,2025/9/30,10191,0,28750,2875,0,31625,福岡支店,レンタル法人,3,延長,12ヶ月未満
B25018731,3,2025/9/30,10191,0,63250,6325,0,69575,福岡支店,レンタル法人,3,延長,12ヶ月未満
B25018732,3,2025/9/30,10191,0,92000,9200,0,101200,福岡支店,レンタル法人,3,延長,12ヶ月未満
B25018733,3,2025/9/30,10191,0,103500,10350,0,113850,福岡支店,レンタル法人,3,延長,12ヶ月未満
B25018735,3,2025/9/30,10191,0,63250,6325,0,69575,福岡支店,レンタル法人,3,延長,12ヶ月未満
B25018736,3,2025/9/30,10191,0,92000,9200,0,101200,福岡支店,レンタル法人,3,延長,12ヶ月未満
B25018737,3,2025/9/30,10191,0,69000,6900,0,75900,福岡支店,レンタル法人,3,延長,12ヶ月未満
B25018738,3,2025/9/30,10191,0,69000,6900,0,75900,福岡支店,レンタル法人,3,延長,12ヶ月未満
B25018740,3,2025/9/30,10191,0,46000,4600,0,50600,福岡支店,レンタル法人,3,延長,12ヶ月未満
B25018742,3,2025/9/30,10191,0,57500,5750,0,63250,福岡支店,レンタル法人,3,延長,12ヶ月未満
B25018743,3,2025/9/30,10191,0,132250,13225,0,145475,福岡支店,レンタル法人,3,延長,12ヶ月未満
B25018744,3,2025/9/30,10191,0,134550,13455,0,148005,福岡支店,レンタル法人,3,延長,12ヶ月未満
B25018745,3,2025/9/30,10191,0,34500,3450,0,37950,福岡支店,レンタル法人,3,延長,12ヶ月未満
B25018746,3,2025/9/30,10191,0,272550,27255,0,299805,福岡支店,レンタル法人,3,延長,12ヶ月未満
B25018747,3,2025/9/30,10191,0,70150,7015,0,77165,福岡支店,レンタル法人,3,延長,12ヶ月未満
B25018749,3,2025/9/30,10191,0,79350,7935,0,87285,福岡支店,レンタル法人,3,延長,12ヶ月未満
B25018750,3,2025/9/30,10191,0,57500,5750,0,63250,福岡支店,レンタル法人,3,延長,12ヶ月未満
B25018751,3,2025/9/30,10191,0,120750,12075,0,132825,福岡支店,レンタル法人,3,延長,12ヶ月未満
B25018752,3,2025/9/30,10191,0,149500,14950,0,164450,福岡支店,レンタル法人,3,延長,12ヶ月未満
B25018754,3,2025/9/30,10191,0,195500,19550,0,215050,福岡支店,レンタル法人,3,延長,12ヶ月未満
B25018755,3,2025/9/30,10191,0,57500,5750,0,63250,福岡支店,レンタル法人,3,延長,12ヶ月未満
B25018771,2,2025/9/30,16903,0,21750,2175,0,23925,福岡支店,レンタル法人,60,新規,12ヶ月以上
B25018771,3,2025/10/31,16903,0,21750,2175,0,23925,福岡支店,レンタル法人,60,新規,12ヶ月以上
B25018771,4,2025/11/30,16903,0,21750,2175,0,23925,福岡支店,レンタル法人,60,新規,12ヶ月以上
B25018771,5,2025/12/31,16903,0,21750,2175,0,23925,福岡支店,レンタル法人,60,新規,12ヶ月以上
B25018771,6,2026/1/31,16903,0,21750,2175,0,23925,福岡支店,レンタル法人,60,新規,12ヶ月以上
B25018771,7,2026/2/28,16903,0,21750,2175,0,23925,福岡支店,レンタル法人,60,新規,12ヶ月以上
B25018771,8,2026/3/31,16903,0,21750,2175,0,23925,福岡支店,レンタル法人,60,新規,12ヶ月以上
B25018771,9,2026/4/30,16903,0,21750,2175,0,23925,福岡支店,レンタル法人,60,新規,12ヶ月以上
B25018771,10,2026/5/31,16903,0,21750,2175,0,23925,福岡支店,レンタル法人,60,新規,12ヶ月以上
B25018771,11,2026/6/30,16903,0,21750,2175,0,23925,福岡支店,レンタル法人,60,新規,12ヶ月以上
B25018771,12,2026/7/31,16903,0,21750,2175,0,23925,福岡支店,レンタル法人,60,新規,12ヶ月以上
B25018771,13,2026/8/31,16903,0,21750,2175,0,23925,福岡支店,レンタル法人,60,新規,12ヶ月以上
B25018815,2,2025/9/30,12987,0,1700,170,0,1870,福岡支店,レンタル法人,60,新規,12ヶ月以上
B25018815,3,2025/10/31,12987,0,1700,170,0,1870,福岡支店,レンタル法人,60,新規,12ヶ月以上
B25018815,4,2025/11/30,12987,0,1700,170,0,1870,福岡支店,レンタル法人,60,新規,12ヶ月以上
B25018815,5,2025/12/31,12987,0,1700,170,0,1870,福岡支店,レンタル法人,60,新規,12ヶ月以上
B25018815,6,2026/1/31,12987,0,1700,170,0,1870,福岡支店,レンタル法人,60,新規,12ヶ月以上
B25018815,7,2026/2/28,12987,0,1700,170,0,1870,福岡支店,レンタル法人,60,新規,12ヶ月以上
B25018815,8,2026/3/31,12987,0,1700,170,0,1870,福岡支店,レンタル法人,60,新規,12ヶ月以上
B25018815,9,2026/4/30,12987,0,1700,170,0,1870,福岡支店,レンタル法人,60,新規,12ヶ月以上
B25018815,10,2026/5/31,12987,0,1700,170,0,1870,福岡支店,レンタル法人,60,新規,12ヶ月以上
B25018815,11,2026/6/30,12987,0,1700,170,0,1870,福岡支店,レンタル法人,60,新規,12ヶ月以上
B25018815,12,2026/7/31,12987,0,1700,170,0,1870,福岡支店,レンタル法人,60,新規,12ヶ月以上
B25018815,13,2026/8/31,12987,0,1700,170,0,1870,福岡支店,レンタル法人,60,新規,12ヶ月以上
B25018827,1,2025/9/30,5759,0,10000,1000,0,11000,福岡支店,レンタル法人,0,新規,12ヶ月未満
B25018976,2,2025/9/30,16907,0,60636,6063,0,66699,福岡支店,レンタル法人,60,新規,12ヶ月以上
B25018976,3,2025/10/31,16907,0,60636,6063,0,66699,福岡支店,レンタル法人,60,新規,12ヶ月以上
B25018976,4,2025/11/30,16907,0,60636,6063,0,66699,福岡支店,レンタル法人,60,新規,12ヶ月以上
B25018976,5,2025/12/31,16907,0,60636,6063,0,66699,福岡支店,レンタル法人,60,新規,12ヶ月以上
B25018976,6,2026/1/31,16907,0,60636,6063,0,66699,福岡支店,レンタル法人,60,新規,12ヶ月以上
B25018976,7,2026/2/28,16907,0,60636,6063,0,66699,福岡支店,レンタル法人,60,新規,12ヶ月以上
B25018976,8,2026/3/31,16907,0,60636,6063,0,66699,福岡支店,レンタル法人,60,新規,12ヶ月以上
B25018976,9,2026/4/30,16907,0,60636,6063,0,66699,福岡支店,レンタル法人,60,新規,12ヶ月以上
B25018976,10,2026/5/31,16907,0,60636,6063,0,66699,福岡支店,レンタル法人,60,新規,12ヶ月以上
B25018976,11,2026/6/30,16907,0,60636,6063,0,66699,福岡支店,レンタル法人,60,新規,12ヶ月以上
B25018976,12,2026/7/31,16907,0,60636,6063,0,66699,福岡支店,レンタル法人,60,新規,12ヶ月以上
B25018976,13,2026/8/31,16907,0,60636,6063,0,66699,福岡支店,レンタル法人,60,新規,12ヶ月以上
B25018981,2,2025/9/30,12987,0,1700,170,0,1870,福岡支店,レンタル法人,60,新規,12ヶ月以上
B25018981,3,2025/10/31,12987,0,1700,170,0,1870,福岡支店,レンタル法人,60,新規,12ヶ月以上
B25018981,4,2025/11/30,12987,0,1700,170,0,1870,福岡支店,レンタル法人,60,新規,12ヶ月以上
B25018981,5,2025/12/31,12987,0,1700,170,0,1870,福岡支店,レンタル法人,60,新規,12ヶ月以上
B25018981,6,2026/1/31,12987,0,1700,170,0,1870,福岡支店,レンタル法人,60,新規,12ヶ月以上
B25018981,7,2026/2/28,12987,0,1700,170,0,1870,福岡支店,レンタル法人,60,新規,12ヶ月以上
B25018981,8,2026/3/31,12987,0,1700,170,0,1870,福岡支店,レンタル法人,60,新規,12ヶ月以上
B25018981,9,2026/4/30,12987,0,1700,170,0,1870,福岡支店,レンタル法人,60,新規,12ヶ月以上
B25018981,10,2026/5/31,12987,0,1700,170,0,1870,福岡支店,レンタル法人,60,新規,12ヶ月以上
B25018981,11,2026/6/30,12987,0,1700,170,0,1870,福岡支店,レンタル法人,60,新規,12ヶ月以上
B25018981,12,2026/7/31,12987,0,1700,170,0,1870,福岡支店,レンタル法人,60,新規,12ヶ月以上
B25018981,13,2026/8/31,12987,0,1700,170,0,1870,福岡支店,レンタル法人,60,新規,12ヶ月以上
B25019391,2,2025/9/30,14989,0,87720,8772,0,96492,福岡支店,レンタル法人,60,新規,12ヶ月以上
B25019391,3,2025/10/31,14989,0,87720,8772,0,96492,福岡支店,レンタル法人,60,新規,12ヶ月以上
B25019391,4,2025/11/30,14989,0,87720,8772,0,96492,福岡支店,レンタル法人,60,新規,12ヶ月以上
B25019391,5,2025/12/31,14989,0,87720,8772,0,96492,福岡支店,レンタル法人,60,新規,12ヶ月以上
B25019391,6,2026/1/31,14989,0,87720,8772,0,96492,福岡支店,レンタル法人,60,新規,12ヶ月以上
B25019391,7,2026/2/28,14989,0,87720,8772,0,96492,福岡支店,レンタル法人,60,新規,12ヶ月以上
B25019391,8,2026/3/31,14989,0,87720,8772,0,96492,福岡支店,レンタル法人,60,新規,12ヶ月以上
B25019391,9,2026/4/30,14989,0,87720,8772,0,96492,福岡支店,レンタル法人,60,新規,12ヶ月以上
B25019391,10,2026/5/31,14989,0,87720,8772,0,96492,福岡支店,レンタル法人,60,新規,12ヶ月以上
B25019391,11,2026/6/30,14989,0,87720,8772,0,96492,福岡支店,レンタル法人,60,新規,12ヶ月以上
B25019391,12,2026/7/31,14989,0,87720,8772,0,96492,福岡支店,レンタル法人,60,新規,12ヶ月以上
B25019391,13,2026/8/31,14989,0,87720,8772,0,96492,福岡支店,レンタル法人,60,新規,12ヶ月以上
B25019481,3,2025/9/30,12130,0,2500,250,0,2750,福岡支店,レンタル法人,12,延長,12ヶ月未満
B25019481,4,2025/10/31,12130,0,2500,250,0,2750,福岡支店,レンタル法人,12,延長,12ヶ月未満
B25019481,5,2025/11/30,12130,0,2500,250,0,2750,福岡支店,レンタル法人,12,延長,12ヶ月未満
B25019481,6,2025/12/31,12130,0,2500,250,0,2750,福岡支店,レンタル法人,12,延長,12ヶ月未満
B25019481,7,2026/1/31,12130,0,2500,250,0,2750,福岡支店,レンタル法人,12,延長,12ヶ月未満
B25019481,8,2026/2/28,12130,0,2500,250,0,2750,福岡支店,レンタル法人,12,延長,12ヶ月未満
B25019481,9,2026/3/31,12130,0,2500,250,0,2750,福岡支店,レンタル法人,12,延長,12ヶ月未満
B25019481,10,2026/4/30,12130,0,2500,250,0,2750,福岡支店,レンタル法人,12,延長,12ヶ月未満
B25019481,11,2026/5/31,12130,0,2500,250,0,2750,福岡支店,レンタル法人,12,延長,12ヶ月未満
B25019481,12,2026/6/30,12130,0,2500,250,0,2750,福岡支店,レンタル法人,12,延長,12ヶ月未満
B25019482,3,2025/9/30,12130,0,81000,8100,0,89100,福岡支店,レンタル法人,6,延長,12ヶ月未満
B25019482,4,2025/10/31,12130,0,81000,8100,0,89100,福岡支店,レンタル法人,6,延長,12ヶ月未満
B25019482,5,2025/11/30,12130,0,81000,8100,0,89100,福岡支店,レンタル法人,6,延長,12ヶ月未満
B25019482,6,2025/12/31,12130,0,81000,8100,0,89100,福岡支店,レンタル法人,6,延長,12ヶ月未満
B25019805,3,2025/9/30,10190,0,5400,540,0,5940,福岡支店,レンタル法人,12,新規,12ヶ月未満
B25019805,4,2025/10/31,10190,0,5400,540,0,5940,福岡支店,レンタル法人,12,新規,12ヶ月未満
B25019805,5,2025/11/30,10190,0,5400,540,0,5940,福岡支店,レンタル法人,12,新規,12ヶ月未満
B25019805,6,2025/12/31,10190,0,5400,540,0,5940,福岡支店,レンタル法人,12,新規,12ヶ月未満
B25019805,7,2026/1/31,10190,0,5400,540,0,5940,福岡支店,レンタル法人,12,新規,12ヶ月未満
B25019805,8,2026/2/28,10190,0,5400,540,0,5940,福岡支店,レンタル法人,12,新規,12ヶ月未満
B25019805,9,2026/3/31,10190,0,5400,540,0,5940,福岡支店,レンタル法人,12,新規,12ヶ月未満
B25019805,10,2026/4/30,10190,0,5400,540,0,5940,福岡支店,レンタル法人,12,新規,12ヶ月未満
B25019805,11,2026/5/31,10190,0,5400,540,0,5940,福岡支店,レンタル法人,12,新規,12ヶ月未満
B25019805,12,2026/6/30,10190,0,5400,540,0,5940,福岡支店,レンタル法人,12,新規,12ヶ月未満
B25019806,3,2025/9/30,10190,0,3500,350,0,3850,福岡支店,レンタル法人,12,新規,12ヶ月未満
B25019806,4,2025/10/31,10190,0,3500,350,0,3850,福岡支店,レンタル法人,12,新規,12ヶ月未満
B25019806,5,2025/11/30,10190,0,3500,350,0,3850,福岡支店,レンタル法人,12,新規,12ヶ月未満
B25019806,6,2025/12/31,10190,0,3500,350,0,3850,福岡支店,レンタル法人,12,新規,12ヶ月未満
B25019806,7,2026/1/31,10190,0,3500,350,0,3850,福岡支店,レンタル法人,12,新規,12ヶ月未満
B25019806,8,2026/2/28,10190,0,3500,350,0,3850,福岡支店,レンタル法人,12,新規,12ヶ月未満
B25019806,9,2026/3/31,10190,0,3500,350,0,3850,福岡支店,レンタル法人,12,新規,12ヶ月未満
B25019806,10,2026/4/30,10190,0,3500,350,0,3850,福岡支店,レンタル法人,12,新規,12ヶ月未満
B25019806,11,2026/5/31,10190,0,3500,350,0,3850,福岡支店,レンタル法人,12,新規,12ヶ月未満
B25019806,12,2026/6/30,10190,0,3500,350,0,3850,福岡支店,レンタル法人,12,新規,12ヶ月未満
B25019808,3,2025/9/30,10190,0,3500,350,0,3850,福岡支店,レンタル法人,12,新規,12ヶ月未満
B25019808,4,2025/10/31,10190,0,3500,350,0,3850,福岡支店,レンタル法人,12,新規,12ヶ月未満
B25019808,5,2025/11/30,10190,0,3500,350,0,3850,福岡支店,レンタル法人,12,新規,12ヶ月未満
B25019808,6,2025/12/31,10190,0,3500,350,0,3850,福岡支店,レンタル法人,12,新規,12ヶ月未満
B25019808,7,2026/1/31,10190,0,3500,350,0,3850,福岡支店,レンタル法人,12,新規,12ヶ月未満
B25019808,8,2026/2/28,10190,0,3500,350,0,3850,福岡支店,レンタル法人,12,新規,12ヶ月未満
B25019808,9,2026/3/31,10190,0,3500,350,0,3850,福岡支店,レンタル法人,12,新規,12ヶ月未満
B25019808,10,2026/4/30,10190,0,3500,350,0,3850,福岡支店,レンタル法人,12,新規,12ヶ月未満
B25019808,11,2026/5/31,10190,0,3500,350,0,3850,福岡支店,レンタル法人,12,新規,12ヶ月未満
B25019808,12,2026/6/30,10190,0,3500,350,0,3850,福岡支店,レンタル法人,12,新規,12ヶ月未満
B25019809,3,2025/9/30,10190,0,3500,350,0,3850,福岡支店,レンタル法人,12,新規,12ヶ月未満
B25019809,4,2025/10/31,10190,0,3500,350,0,3850,福岡支店,レンタル法人,12,新規,12ヶ月未満
B25019809,5,2025/11/30,10190,0,3500,350,0,3850,福岡支店,レンタル法人,12,新規,12ヶ月未満
B25019809,6,2025/12/31,10190,0,3500,350,0,3850,福岡支店,レンタル法人,12,新規,12ヶ月未満
B25019809,7,2026/1/31,10190,0,3500,350,0,3850,福岡支店,レンタル法人,12,新規,12ヶ月未満
B25019809,8,2026/2/28,10190,0,3500,350,0,3850,福岡支店,レンタル法人,12,新規,12ヶ月未満
B25019809,9,2026/3/31,10190,0,3500,350,0,3850,福岡支店,レンタル法人,12,新規,12ヶ月未満
B25019809,10,2026/4/30,10190,0,3500,350,0,3850,福岡支店,レンタル法人,12,新規,12ヶ月未満
B25019809,11,2026/5/31,10190,0,3500,350,0,3850,福岡支店,レンタル法人,12,新規,12ヶ月未満
B25019809,12,2026/6/30,10190,0,3500,350,0,3850,福岡支店,レンタル法人,12,新規,12ヶ月未満
B25019810,3,2025/9/30,10190,0,3500,350,0,3850,福岡支店,レンタル法人,12,新規,12ヶ月未満
B25019810,4,2025/10/31,10190,0,3500,350,0,3850,福岡支店,レンタル法人,12,新規,12ヶ月未満
B25019810,5,2025/11/30,10190,0,3500,350,0,3850,福岡支店,レンタル法人,12,新規,12ヶ月未満
B25019810,6,2025/12/31,10190,0,3500,350,0,3850,福岡支店,レンタル法人,12,新規,12ヶ月未満
B25019810,7,2026/1/31,10190,0,3500,350,0,3850,福岡支店,レンタル法人,12,新規,12ヶ月未満
B25019810,8,2026/2/28,10190,0,3500,350,0,3850,福岡支店,レンタル法人,12,新規,12ヶ月未満
B25019810,9,2026/3/31,10190,0,3500,350,0,3850,福岡支店,レンタル法人,12,新規,12ヶ月未満
B25019810,10,2026/4/30,10190,0,3500,350,0,3850,福岡支店,レンタル法人,12,新規,12ヶ月未満
B25019810,11,2026/5/31,10190,0,3500,350,0,3850,福岡支店,レンタル法人,12,新規,12ヶ月未満
B25019810,12,2026/6/30,10190,0,3500,350,0,3850,福岡支店,レンタル法人,12,新規,12ヶ月未満
B25019814,3,2025/9/30,10190,0,3500,350,0,3850,福岡支店,レンタル法人,12,新規,12ヶ月未満
B25019814,4,2025/10/31,10190,0,3500,350,0,3850,福岡支店,レンタル法人,12,新規,12ヶ月未満
B25019814,5,2025/11/30,10190,0,3500,350,0,3850,福岡支店,レンタル法人,12,新規,12ヶ月未満
B25019814,6,2025/12/31,10190,0,3500,350,0,3850,福岡支店,レンタル法人,12,新規,12ヶ月未満
B25019814,7,2026/1/31,10190,0,3500,350,0,3850,福岡支店,レンタル法人,12,新規,12ヶ月未満
B25019814,8,2026/2/28,10190,0,3500,350,0,3850,福岡支店,レンタル法人,12,新規,12ヶ月未満
B25019814,9,2026/3/31,10190,0,3500,350,0,3850,福岡支店,レンタル法人,12,新規,12ヶ月未満
B25019814,10,2026/4/30,10190,0,3500,350,0,3850,福岡支店,レンタル法人,12,新規,12ヶ月未満
B25019814,11,2026/5/31,10190,0,3500,350,0,3850,福岡支店,レンタル法人,12,新規,12ヶ月未満
B25019814,12,2026/6/30,10190,0,3500,350,0,3850,福岡支店,レンタル法人,12,新規,12ヶ月未満
B25019828,3,2025/9/30,10190,0,3500,350,0,3850,福岡支店,レンタル法人,12,新規,12ヶ月未満
B25019828,4,2025/10/31,10190,0,3500,350,0,3850,福岡支店,レンタル法人,12,新規,12ヶ月未満
B25019828,5,2025/11/30,10190,0,3500,350,0,3850,福岡支店,レンタル法人,12,新規,12ヶ月未満
B25019828,6,2025/12/31,10190,0,3500,350,0,3850,福岡支店,レンタル法人,12,新規,12ヶ月未満
B25019828,7,2026/1/31,10190,0,3500,350,0,3850,福岡支店,レンタル法人,12,新規,12ヶ月未満
B25019828,8,2026/2/28,10190,0,3500,350,0,3850,福岡支店,レンタル法人,12,新規,12ヶ月未満
B25019828,9,2026/3/31,10190,0,3500,350,0,3850,福岡支店,レンタル法人,12,新規,12ヶ月未満
B25019828,10,2026/4/30,10190,0,3500,350,0,3850,福岡支店,レンタル法人,12,新規,12ヶ月未満
B25019828,11,2026/5/31,10190,0,3500,350,0,3850,福岡支店,レンタル法人,12,新規,12ヶ月未満
B25019828,12,2026/6/30,10190,0,3500,350,0,3850,福岡支店,レンタル法人,12,新規,12ヶ月未満
B25019829,3,2025/9/30,10190,0,3500,350,0,3850,福岡支店,レンタル法人,12,新規,12ヶ月未満
B25019829,4,2025/10/31,10190,0,3500,350,0,3850,福岡支店,レンタル法人,12,新規,12ヶ月未満
B25019829,5,2025/11/30,10190,0,3500,350,0,3850,福岡支店,レンタル法人,12,新規,12ヶ月未満
B25019829,6,2025/12/31,10190,0,3500,350,0,3850,福岡支店,レンタル法人,12,新規,12ヶ月未満
B25019829,7,2026/1/31,10190,0,3500,350,0,3850,福岡支店,レンタル法人,12,新規,12ヶ月未満
B25019829,8,2026/2/28,10190,0,3500,350,0,3850,福岡支店,レンタル法人,12,新規,12ヶ月未満
B25019829,9,2026/3/31,10190,0,3500,350,0,3850,福岡支店,レンタル法人,12,新規,12ヶ月未満
B25019829,10,2026/4/30,10190,0,3500,350,0,3850,福岡支店,レンタル法人,12,新規,12ヶ月未満
B25019829,11,2026/5/31,10190,0,3500,350,0,3850,福岡支店,レンタル法人,12,新規,12ヶ月未満
B25019829,12,2026/6/30,10190,0,3500,350,0,3850,福岡支店,レンタル法人,12,新規,12ヶ月未満
B25019886,1,2025/10/31,14736,0,11700,1170,0,12870,福岡支店,レンタル法人,60,新規,12ヶ月以上
B25019886,2,2025/11/30,14736,0,2700,270,0,2970,福岡支店,レンタル法人,60,新規,12ヶ月以上
B25019886,3,2025/12/31,14736,0,2700,270,0,2970,福岡支店,レンタル法人,60,新規,12ヶ月以上
B25019886,4,2026/1/31,14736,0,2700,270,0,2970,福岡支店,レンタル法人,60,新規,12ヶ月以上
B25019886,5,2026/2/28,14736,0,2700,270,0,2970,福岡支店,レンタル法人,60,新規,12ヶ月以上
B25019886,6,2026/3/31,14736,0,2700,270,0,2970,福岡支店,レンタル法人,60,新規,12ヶ月以上
B25019886,7,2026/4/30,14736,0,2700,270,0,2970,福岡支店,レンタル法人,60,新規,12ヶ月以上
B25019886,8,2026/5/31,14736,0,2700,270,0,2970,福岡支店,レンタル法人,60,新規,12ヶ月以上
B25019886,9,2026/6/30,14736,0,2700,270,0,2970,福岡支店,レンタル法人,60,新規,12ヶ月以上
B25019886,10,2026/7/31,14736,0,2700,270,0,2970,福岡支店,レンタル法人,60,新規,12ヶ月以上
B25019886,11,2026/8/31,14736,0,2700,270,0,2970,福岡支店,レンタル法人,60,新規,12ヶ月以上
B25019990,1,2025/9/30,10190,0,40500,4050,0,44550,福岡支店,レンタル法人,0,新規,12ヶ月未満
B25019991,1,2025/10/31,10190,0,36000,3600,0,39600,福岡支店,レンタル法人,0,新規,12ヶ月未満
B25019994,2,2025/9/30,10190,0,34500,3450,0,37950,福岡支店,レンタル法人,12,新規,12ヶ月未満
B25019994,3,2025/10/31,10190,0,34500,3450,0,37950,福岡支店,レンタル法人,12,新規,12ヶ月未満
B25019994,4,2025/11/30,10190,0,34500,3450,0,37950,福岡支店,レンタル法人,12,新規,12ヶ月未満
B25019994,5,2025/12/31,10190,0,34500,3450,0,37950,福岡支店,レンタル法人,12,新規,12ヶ月未満
B25019994,6,2026/1/31,10190,0,34500,3450,0,37950,福岡支店,レンタル法人,12,新規,12ヶ月未満
B25019994,7,2026/2/28,10190,0,34500,3450,0,37950,福岡支店,レンタル法人,12,新規,12ヶ月未満
B25019994,8,2026/3/31,10190,0,34500,3450,0,37950,福岡支店,レンタル法人,12,新規,12ヶ月未満
B25019994,9,2026/4/30,10190,0,34500,3450,0,37950,福岡支店,レンタル法人,12,新規,12ヶ月未満
B25019994,10,2026/5/31,10190,0,34500,3450,0,37950,福岡支店,レンタル法人,12,新規,12ヶ月未満
B25019994,11,2026/6/30,10190,0,34500,3450,0,37950,福岡支店,レンタル法人,12,新規,12ヶ月未満
B25019994,12,2026/7/31,10190,0,34500,3450,0,37950,福岡支店,レンタル法人,12,新規,12ヶ月未満
B25020039,2,2025/9/30,8818,0,36000,3600,0,39600,福岡支店,レンタル法人,2,新規,12ヶ月未満
B25020040,2,2025/9/30,12131,0,3360,336,0,3696,福岡支店,レンタル法人,1,新規,12ヶ月未満
B25020042,3,2025/9/30,10190,0,6400,640,0,7040,福岡支店,レンタル法人,12,新規,12ヶ月未満
B25020042,4,2025/10/31,10190,0,6400,640,0,7040,福岡支店,レンタル法人,12,新規,12ヶ月未満
B25020042,5,2025/11/30,10190,0,6400,640,0,7040,福岡支店,レンタル法人,12,新規,12ヶ月未満
B25020042,6,2025/12/31,10190,0,6400,640,0,7040,福岡支店,レンタル法人,12,新規,12ヶ月未満
B25020042,7,2026/1/31,10190,0,6400,640,0,7040,福岡支店,レンタル法人,12,新規,12ヶ月未満
B25020042,8,2026/2/28,10190,0,6400,640,0,7040,福岡支店,レンタル法人,12,新規,12ヶ月未満
B25020042,9,2026/3/31,10190,0,6400,640,0,7040,福岡支店,レンタル法人,12,新規,12ヶ月未満
B25020042,10,2026/4/30,10190,0,6400,640,0,7040,福岡支店,レンタル法人,12,新規,12ヶ月未満
B25020042,11,2026/5/31,10190,0,6400,640,0,7040,福岡支店,レンタル法人,12,新規,12ヶ月未満
B25020042,12,2026/6/30,10190,0,6400,640,0,7040,福岡支店,レンタル法人,12,新規,12ヶ月未満
B25020123,2,2025/9/30,12987,0,6000,600,0,6600,福岡支店,レンタル法人,60,新規,12ヶ月以上
B25020123,3,2025/10/31,12987,0,6000,600,0,6600,福岡支店,レンタル法人,60,新規,12ヶ月以上
B25020123,4,2025/11/30,12987,0,6000,600,0,6600,福岡支店,レンタル法人,60,新規,12ヶ月以上
B25020123,5,2025/12/31,12987,0,6000,600,0,6600,福岡支店,レンタル法人,60,新規,12ヶ月以上
B25020123,6,2026/1/31,12987,0,6000,600,0,6600,福岡支店,レンタル法人,60,新規,12ヶ月以上
B25020123,7,2026/2/28,12987,0,6000,600,0,6600,福岡支店,レンタル法人,60,新規,12ヶ月以上
B25020123,8,2026/3/31,12987,0,6000,600,0,6600,福岡支店,レンタル法人,60,新規,12ヶ月以上
B25020123,9,2026/4/30,12987,0,6000,600,0,6600,福岡支店,レンタル法人,60,新規,12ヶ月以上
B25020123,10,2026/5/31,12987,0,6000,600,0,6600,福岡支店,レンタル法人,60,新規,12ヶ月以上
B25020123,11,2026/6/30,12987,0,6000,600,0,6600,福岡支店,レンタル法人,60,新規,12ヶ月以上
B25020123,12,2026/7/31,12987,0,6000,600,0,6600,福岡支店,レンタル法人,60,新規,12ヶ月以上
B25020123,13,2026/8/31,12987,0,6000,600,0,6600,福岡支店,レンタル法人,60,新規,12ヶ月以上
B25020244,2,2025/9/30,12987,0,1650,165,0,1815,福岡支店,レンタル法人,60,新規,12ヶ月以上
B25020244,3,2025/10/31,12987,0,1650,165,0,1815,福岡支店,レンタル法人,60,新規,12ヶ月以上
B25020244,4,2025/11/30,12987,0,1650,165,0,1815,福岡支店,レンタル法人,60,新規,12ヶ月以上
B25020244,5,2025/12/31,12987,0,1650,165,0,1815,福岡支店,レンタル法人,60,新規,12ヶ月以上
B25020244,6,2026/1/31,12987,0,1650,165,0,1815,福岡支店,レンタル法人,60,新規,12ヶ月以上
B25020244,7,2026/2/28,12987,0,1650,165,0,1815,福岡支店,レンタル法人,60,新規,12ヶ月以上
B25020244,8,2026/3/31,12987,0,1650,165,0,1815,福岡支店,レンタル法人,60,新規,12ヶ月以上
B25020244,9,2026/4/30,12987,0,1650,165,0,1815,福岡支店,レンタル法人,60,新規,12ヶ月以上
B25020244,10,2026/5/31,12987,0,1650,165,0,1815,福岡支店,レンタル法人,60,新規,12ヶ月以上
B25020244,11,2026/6/30,12987,0,1650,165,0,1815,福岡支店,レンタル法人,60,新規,12ヶ月以上
B25020244,12,2026/7/31,12987,0,1650,165,0,1815,福岡支店,レンタル法人,60,新規,12ヶ月以上
B25020244,13,2026/8/31,12987,0,1650,165,0,1815,福岡支店,レンタル法人,60,新規,12ヶ月以上
B25020250,2,2025/9/30,15899,0,12100,1210,0,13310,福岡支店,レンタル法人,48,新規,12ヶ月以上
B25020250,3,2025/10/31,15899,0,12100,1210,0,13310,福岡支店,レンタル法人,48,新規,12ヶ月以上
B25020250,4,2025/11/30,15899,0,12100,1210,0,13310,福岡支店,レンタル法人,48,新規,12ヶ月以上
B25020250,5,2025/12/31,15899,0,12100,1210,0,13310,福岡支店,レンタル法人,48,新規,12ヶ月以上
B25020250,6,2026/1/31,15899,0,12100,1210,0,13310,福岡支店,レンタル法人,48,新規,12ヶ月以上
B25020250,7,2026/2/28,15899,0,12100,1210,0,13310,福岡支店,レンタル法人,48,新規,12ヶ月以上
B25020250,8,2026/3/31,15899,0,12100,1210,0,13310,福岡支店,レンタル法人,48,新規,12ヶ月以上
B25020250,9,2026/4/30,15899,0,12100,1210,0,13310,福岡支店,レンタル法人,48,新規,12ヶ月以上
B25020250,10,2026/5/31,15899,0,12100,1210,0,13310,福岡支店,レンタル法人,48,新規,12ヶ月以上
B25020250,11,2026/6/30,15899,0,12100,1210,0,13310,福岡支店,レンタル法人,48,新規,12ヶ月以上
B25020250,12,2026/7/31,15899,0,12100,1210,0,13310,福岡支店,レンタル法人,48,新規,12ヶ月以上
B25020250,13,2026/8/31,15899,0,12100,1210,0,13310,福岡支店,レンタル法人,48,新規,12ヶ月以上
B25020480,3,2025/9/30,9322,0,11880,1188,0,13068,福岡支店,レンタル法人,12,延長,12ヶ月未満
B25020480,4,2025/10/31,9322,0,11880,1188,0,13068,福岡支店,レンタル法人,12,延長,12ヶ月未満
B25020480,5,2025/11/30,9322,0,11880,1188,0,13068,福岡支店,レンタル法人,12,延長,12ヶ月未満
B25020480,6,2025/12/31,9322,0,11880,1188,0,13068,福岡支店,レンタル法人,12,延長,12ヶ月未満
B25020480,7,2026/1/31,9322,0,11880,1188,0,13068,福岡支店,レンタル法人,12,延長,12ヶ月未満
B25020480,8,2026/2/28,9322,0,11880,1188,0,13068,福岡支店,レンタル法人,12,延長,12ヶ月未満
B25020480,9,2026/3/31,9322,0,11880,1188,0,13068,福岡支店,レンタル法人,12,延長,12ヶ月未満
B25020480,10,2026/4/30,9322,0,11880,1188,0,13068,福岡支店,レンタル法人,12,延長,12ヶ月未満
B25020480,11,2026/5/31,9322,0,11880,1188,0,13068,福岡支店,レンタル法人,12,延長,12ヶ月未満
B25020480,12,2026/6/30,9322,0,11880,1188,0,13068,福岡支店,レンタル法人,12,延長,12ヶ月未満
B25020482,3,2025/9/30,9322,0,7635,763,0,8398,福岡支店,レンタル法人,12,延長,12ヶ月未満
B25020482,4,2025/10/31,9322,0,7635,763,0,8398,福岡支店,レンタル法人,12,延長,12ヶ月未満
B25020482,5,2025/11/30,9322,0,7635,763,0,8398,福岡支店,レンタル法人,12,延長,12ヶ月未満
B25020482,6,2025/12/31,9322,0,7635,763,0,8398,福岡支店,レンタル法人,12,延長,12ヶ月未満
B25020482,7,2026/1/31,9322,0,7635,763,0,8398,福岡支店,レンタル法人,12,延長,12ヶ月未満
B25020482,8,2026/2/28,9322,0,7635,763,0,8398,福岡支店,レンタル法人,12,延長,12ヶ月未満
B25020482,9,2026/3/31,9322,0,7635,763,0,8398,福岡支店,レンタル法人,12,延長,12ヶ月未満
B25020482,10,2026/4/30,9322,0,7635,763,0,8398,福岡支店,レンタル法人,12,延長,12ヶ月未満
B25020482,11,2026/5/31,9322,0,7635,763,0,8398,福岡支店,レンタル法人,12,延長,12ヶ月未満
B25020482,12,2026/6/30,9322,0,7635,763,0,8398,福岡支店,レンタル法人,12,延長,12ヶ月未満
B25020551,1,2025/9/30,14736,0,52700,5270,0,57970,福岡支店,レンタル法人,60,新規,12ヶ月以上
B25020551,2,2025/10/31,14736,0,1400,140,0,1540,福岡支店,レンタル法人,60,新規,12ヶ月以上
B25020551,3,2025/11/30,14736,0,1400,140,0,1540,福岡支店,レンタル法人,60,新規,12ヶ月以上
B25020551,4,2025/12/31,14736,0,1400,140,0,1540,福岡支店,レンタル法人,60,新規,12ヶ月以上
B25020551,5,2026/1/31,14736,0,1400,140,0,1540,福岡支店,レンタル法人,60,新規,12ヶ月以上
B25020551,6,2026/2/28,14736,0,1400,140,0,1540,福岡支店,レンタル法人,60,新規,12ヶ月以上
B25020551,7,2026/3/31,14736,0,1400,140,0,1540,福岡支店,レンタル法人,60,新規,12ヶ月以上
B25020551,8,2026/4/30,14736,0,1400,140,0,1540,福岡支店,レンタル法人,60,新規,12ヶ月以上
B25020551,9,2026/5/31,14736,0,1400,140,0,1540,福岡支店,レンタル法人,60,新規,12ヶ月以上
B25020551,10,2026/6/30,14736,0,1400,140,0,1540,福岡支店,レンタル法人,60,新規,12ヶ月以上
B25020551,11,2026/7/31,14736,0,1400,140,0,1540,福岡支店,レンタル法人,60,新規,12ヶ月以上
B25020551,12,2026/8/31,14736,0,1400,140,0,1540,福岡支店,レンタル法人,60,新規,12ヶ月以上
B25020667,3,2025/9/30,10190,0,12800,1280,0,14080,福岡支店,レンタル法人,12,新規,12ヶ月未満
B25020667,4,2025/10/31,10190,0,12800,1280,0,14080,福岡支店,レンタル法人,12,新規,12ヶ月未満
B25020667,5,2025/11/30,10190,0,12800,1280,0,14080,福岡支店,レンタル法人,12,新規,12ヶ月未満
B25020667,6,2025/12/31,10190,0,12800,1280,0,14080,福岡支店,レンタル法人,12,新規,12ヶ月未満
B25020667,7,2026/1/31,10190,0,12800,1280,0,14080,福岡支店,レンタル法人,12,新規,12ヶ月未満
B25020667,8,2026/2/28,10190,0,12800,1280,0,14080,福岡支店,レンタル法人,12,新規,12ヶ月未満
B25020667,9,2026/3/31,10190,0,12800,1280,0,14080,福岡支店,レンタル法人,12,新規,12ヶ月未満
B25020667,10,2026/4/30,10190,0,12800,1280,0,14080,福岡支店,レンタル法人,12,新規,12ヶ月未満
B25020667,11,2026/5/31,10190,0,12800,1280,0,14080,福岡支店,レンタル法人,12,新規,12ヶ月未満
B25020667,12,2026/6/30,10190,0,12800,1280,0,14080,福岡支店,レンタル法人,12,新規,12ヶ月未満
B25020670,3,2025/9/30,10190,0,8000,800,0,8800,福岡支店,レンタル法人,12,新規,12ヶ月未満
B25020670,4,2025/10/31,10190,0,8000,800,0,8800,福岡支店,レンタル法人,12,新規,12ヶ月未満
B25020670,5,2025/11/30,10190,0,8000,800,0,8800,福岡支店,レンタル法人,12,新規,12ヶ月未満
B25020670,6,2025/12/31,10190,0,8000,800,0,8800,福岡支店,レンタル法人,12,新規,12ヶ月未満
B25020670,7,2026/1/31,10190,0,8000,800,0,8800,福岡支店,レンタル法人,12,新規,12ヶ月未満
B25020670,8,2026/2/28,10190,0,8000,800,0,8800,福岡支店,レンタル法人,12,新規,12ヶ月未満
B25020670,9,2026/3/31,10190,0,8000,800,0,8800,福岡支店,レンタル法人,12,新規,12ヶ月未満
B25020670,10,2026/4/30,10190,0,8000,800,0,8800,福岡支店,レンタル法人,12,新規,12ヶ月未満
B25020670,11,2026/5/31,10190,0,8000,800,0,8800,福岡支店,レンタル法人,12,新規,12ヶ月未満
B25020670,12,2026/6/30,10190,0,8000,800,0,8800,福岡支店,レンタル法人,12,新規,12ヶ月未満
B25020674,3,2025/9/30,10190,0,6400,640,0,7040,福岡支店,レンタル法人,12,新規,12ヶ月未満
B25020674,4,2025/10/31,10190,0,6400,640,0,7040,福岡支店,レンタル法人,12,新規,12ヶ月未満
B25020674,5,2025/11/30,10190,0,6400,640,0,7040,福岡支店,レンタル法人,12,新規,12ヶ月未満
B25020674,6,2025/12/31,10190,0,6400,640,0,7040,福岡支店,レンタル法人,12,新規,12ヶ月未満
B25020674,7,2026/1/31,10190,0,6400,640,0,7040,福岡支店,レンタル法人,12,新規,12ヶ月未満
B25020674,8,2026/2/28,10190,0,6400,640,0,7040,福岡支店,レンタル法人,12,新規,12ヶ月未満
B25020674,9,2026/3/31,10190,0,6400,640,0,7040,福岡支店,レンタル法人,12,新規,12ヶ月未満
B25020674,10,2026/4/30,10190,0,6400,640,0,7040,福岡支店,レンタル法人,12,新規,12ヶ月未満
B25020674,11,2026/5/31,10190,0,6400,640,0,7040,福岡支店,レンタル法人,12,新規,12ヶ月未満
B25020674,12,2026/6/30,10190,0,6400,640,0,7040,福岡支店,レンタル法人,12,新規,12ヶ月未満
B25020677,3,2025/9/30,10190,0,6400,640,0,7040,福岡支店,レンタル法人,12,新規,12ヶ月未満
B25020677,4,2025/10/31,10190,0,6400,640,0,7040,福岡支店,レンタル法人,12,新規,12ヶ月未満
B25020677,5,2025/11/30,10190,0,6400,640,0,7040,福岡支店,レンタル法人,12,新規,12ヶ月未満
B25020677,6,2025/12/31,10190,0,6400,640,0,7040,福岡支店,レンタル法人,12,新規,12ヶ月未満
B25020677,7,2026/1/31,10190,0,6400,640,0,7040,福岡支店,レンタル法人,12,新規,12ヶ月未満
B25020677,8,2026/2/28,10190,0,6400,640,0,7040,福岡支店,レンタル法人,12,新規,12ヶ月未満
B25020677,9,2026/3/31,10190,0,6400,640,0,7040,福岡支店,レンタル法人,12,新規,12ヶ月未満
B25020677,10,2026/4/30,10190,0,6400,640,0,7040,福岡支店,レンタル法人,12,新規,12ヶ月未満
B25020677,11,2026/5/31,10190,0,6400,640,0,7040,福岡支店,レンタル法人,12,新規,12ヶ月未満
B25020677,12,2026/6/30,10190,0,6400,640,0,7040,福岡支店,レンタル法人,12,新規,12ヶ月未満
B25020678,3,2025/9/30,10190,0,6400,640,0,7040,福岡支店,レンタル法人,12,新規,12ヶ月未満
B25020678,4,2025/10/31,10190,0,6400,640,0,7040,福岡支店,レンタル法人,12,新規,12ヶ月未満
B25020678,5,2025/11/30,10190,0,6400,640,0,7040,福岡支店,レンタル法人,12,新規,12ヶ月未満
B25020678,6,2025/12/31,10190,0,6400,640,0,7040,福岡支店,レンタル法人,12,新規,12ヶ月未満
B25020678,7,2026/1/31,10190,0,6400,640,0,7040,福岡支店,レンタル法人,12,新規,12ヶ月未満
B25020678,8,2026/2/28,10190,0,6400,640,0,7040,福岡支店,レンタル法人,12,新規,12ヶ月未満
B25020678,9,2026/3/31,10190,0,6400,640,0,7040,福岡支店,レンタル法人,12,新規,12ヶ月未満
B25020678,10,2026/4/30,10190,0,6400,640,0,7040,福岡支店,レンタル法人,12,新規,12ヶ月未満
B25020678,11,2026/5/31,10190,0,6400,640,0,7040,福岡支店,レンタル法人,12,新規,12ヶ月未満
B25020678,12,2026/6/30,10190,0,6400,640,0,7040,福岡支店,レンタル法人,12,新規,12ヶ月未満
B25020680,3,2025/9/30,10190,0,8000,800,0,8800,福岡支店,レンタル法人,12,新規,12ヶ月未満
B25020680,4,2025/10/31,10190,0,8000,800,0,8800,福岡支店,レンタル法人,12,新規,12ヶ月未満
B25020680,5,2025/11/30,10190,0,8000,800,0,8800,福岡支店,レンタル法人,12,新規,12ヶ月未満
B25020680,6,2025/12/31,10190,0,8000,800,0,8800,福岡支店,レンタル法人,12,新規,12ヶ月未満
B25020680,7,2026/1/31,10190,0,8000,800,0,8800,福岡支店,レンタル法人,12,新規,12ヶ月未満
B25020680,8,2026/2/28,10190,0,8000,800,0,8800,福岡支店,レンタル法人,12,新規,12ヶ月未満
B25020680,9,2026/3/31,10190,0,8000,800,0,8800,福岡支店,レンタル法人,12,新規,12ヶ月未満
B25020680,10,2026/4/30,10190,0,8000,800,0,8800,福岡支店,レンタル法人,12,新規,12ヶ月未満
B25020680,11,2026/5/31,10190,0,8000,800,0,8800,福岡支店,レンタル法人,12,新規,12ヶ月未満
B25020680,12,2026/6/30,10190,0,8000,800,0,8800,福岡支店,レンタル法人,12,新規,12ヶ月未満
B25020681,3,2025/9/30,10190,0,12800,1280,0,14080,福岡支店,レンタル法人,12,新規,12ヶ月未満
B25020681,4,2025/10/31,10190,0,12800,1280,0,14080,福岡支店,レンタル法人,12,新規,12ヶ月未満
B25020681,5,2025/11/30,10190,0,12800,1280,0,14080,福岡支店,レンタル法人,12,新規,12ヶ月未満
B25020681,6,2025/12/31,10190,0,12800,1280,0,14080,福岡支店,レンタル法人,12,新規,12ヶ月未満
B25020681,7,2026/1/31,10190,0,12800,1280,0,14080,福岡支店,レンタル法人,12,新規,12ヶ月未満
B25020681,8,2026/2/28,10190,0,12800,1280,0,14080,福岡支店,レンタル法人,12,新規,12ヶ月未満
B25020681,9,2026/3/31,10190,0,12800,1280,0,14080,福岡支店,レンタル法人,12,新規,12ヶ月未満
B25020681,10,2026/4/30,10190,0,12800,1280,0,14080,福岡支店,レンタル法人,12,新規,12ヶ月未満
B25020681,11,2026/5/31,10190,0,12800,1280,0,14080,福岡支店,レンタル法人,12,新規,12ヶ月未満
B25020681,12,2026/6/30,10190,0,12800,1280,0,14080,福岡支店,レンタル法人,12,新規,12ヶ月未満
B25020683,3,2025/9/30,10190,0,9600,960,0,10560,福岡支店,レンタル法人,12,新規,12ヶ月未満
B25020683,4,2025/10/31,10190,0,9600,960,0,10560,福岡支店,レンタル法人,12,新規,12ヶ月未満
B25020683,5,2025/11/30,10190,0,9600,960,0,10560,福岡支店,レンタル法人,12,新規,12ヶ月未満
B25020683,6,2025/12/31,10190,0,9600,960,0,10560,福岡支店,レンタル法人,12,新規,12ヶ月未満
B25020683,7,2026/1/31,10190,0,9600,960,0,10560,福岡支店,レンタル法人,12,新規,12ヶ月未満
B25020683,8,2026/2/28,10190,0,9600,960,0,10560,福岡支店,レンタル法人,12,新規,12ヶ月未満
B25020683,9,2026/3/31,10190,0,9600,960,0,10560,福岡支店,レンタル法人,12,新規,12ヶ月未満
B25020683,10,2026/4/30,10190,0,9600,960,0,10560,福岡支店,レンタル法人,12,新規,12ヶ月未満
B25020683,11,2026/5/31,10190,0,9600,960,0,10560,福岡支店,レンタル法人,12,新規,12ヶ月未満
B25020683,12,2026/6/30,10190,0,9600,960,0,10560,福岡支店,レンタル法人,12,新規,12ヶ月未満
B25020684,3,2025/9/30,10190,0,4800,480,0,5280,福岡支店,レンタル法人,12,新規,12ヶ月未満
B25020684,4,2025/10/31,10190,0,4800,480,0,5280,福岡支店,レンタル法人,12,新規,12ヶ月未満
B25020684,5,2025/11/30,10190,0,4800,480,0,5280,福岡支店,レンタル法人,12,新規,12ヶ月未満
B25020684,6,2025/12/31,10190,0,4800,480,0,5280,福岡支店,レンタル法人,12,新規,12ヶ月未満
B25020684,7,2026/1/31,10190,0,4800,480,0,5280,福岡支店,レンタル法人,12,新規,12ヶ月未満
B25020684,8,2026/2/28,10190,0,4800,480,0,5280,福岡支店,レンタル法人,12,新規,12ヶ月未満
B25020684,9,2026/3/31,10190,0,4800,480,0,5280,福岡支店,レンタル法人,12,新規,12ヶ月未満
B25020684,10,2026/4/30,10190,0,4800,480,0,5280,福岡支店,レンタル法人,12,新規,12ヶ月未満
B25020684,11,2026/5/31,10190,0,4800,480,0,5280,福岡支店,レンタル法人,12,新規,12ヶ月未満
B25020684,12,2026/6/30,10190,0,4800,480,0,5280,福岡支店,レンタル法人,12,新規,12ヶ月未満
B25020685,3,2025/9/30,10190,0,4800,480,0,5280,福岡支店,レンタル法人,12,新規,12ヶ月未満
B25020685,4,2025/10/31,10190,0,4800,480,0,5280,福岡支店,レンタル法人,12,新規,12ヶ月未満
B25020685,5,2025/11/30,10190,0,4800,480,0,5280,福岡支店,レンタル法人,12,新規,12ヶ月未満
B25020685,6,2025/12/31,10190,0,4800,480,0,5280,福岡支店,レンタル法人,12,新規,12ヶ月未満
B25020685,7,2026/1/31,10190,0,4800,480,0,5280,福岡支店,レンタル法人,12,新規,12ヶ月未満
B25020685,8,2026/2/28,10190,0,4800,480,0,5280,福岡支店,レンタル法人,12,新規,12ヶ月未満
B25020685,9,2026/3/31,10190,0,4800,480,0,5280,福岡支店,レンタル法人,12,新規,12ヶ月未満
B25020685,10,2026/4/30,10190,0,4800,480,0,5280,福岡支店,レンタル法人,12,新規,12ヶ月未満
B25020685,11,2026/5/31,10190,0,4800,480,0,5280,福岡支店,レンタル法人,12,新規,12ヶ月未満
B25020685,12,2026/6/30,10190,0,4800,480,0,5280,福岡支店,レンタル法人,12,新規,12ヶ月未満
B25020752,1,2025/9/30,296,0,3314800,331480,0,3646280,福岡支店,販売,0,新規,12ヶ月未満
B25020753,1,2025/9/30,296,0,3314800,331480,0,3646280,福岡支店,販売,0,新規,12ヶ月未満
B25020755,3,2025/9/30,10190,0,21850,2185,0,24035,福岡支店,レンタル法人,12,延長,12ヶ月未満
B25020755,4,2025/10/31,10190,0,21850,2185,0,24035,福岡支店,レンタル法人,12,延長,12ヶ月未満
B25020755,5,2025/11/30,10190,0,21850,2185,0,24035,福岡支店,レンタル法人,12,延長,12ヶ月未満
B25020755,6,2025/12/31,10190,0,21850,2185,0,24035,福岡支店,レンタル法人,12,延長,12ヶ月未満
B25020755,7,2026/1/31,10190,0,21850,2185,0,24035,福岡支店,レンタル法人,12,延長,12ヶ月未満
B25020755,8,2026/2/28,10190,0,21850,2185,0,24035,福岡支店,レンタル法人,12,延長,12ヶ月未満
B25020755,9,2026/3/31,10190,0,21850,2185,0,24035,福岡支店,レンタル法人,12,延長,12ヶ月未満
B25020755,10,2026/4/30,10190,0,21850,2185,0,24035,福岡支店,レンタル法人,12,延長,12ヶ月未満
B25020755,11,2026/5/31,10190,0,21850,2185,0,24035,福岡支店,レンタル法人,12,延長,12ヶ月未満
B25020755,12,2026/6/30,10190,0,21850,2185,0,24035,福岡支店,レンタル法人,12,延長,12ヶ月未満
B25020941,2,2025/9/30,14445,0,23900,2390,0,26290,福岡支店,レンタル法人,60,新規,12ヶ月以上
B25020941,3,2025/10/31,14445,0,23900,2390,0,26290,福岡支店,レンタル法人,60,新規,12ヶ月以上
B25020941,4,2025/11/30,14445,0,23900,2390,0,26290,福岡支店,レンタル法人,60,新規,12ヶ月以上
B25020941,5,2025/12/31,14445,0,23900,2390,0,26290,福岡支店,レンタル法人,60,新規,12ヶ月以上
B25020941,6,2026/1/31,14445,0,23900,2390,0,26290,福岡支店,レンタル法人,60,新規,12ヶ月以上
B25020941,7,2026/2/28,14445,0,23900,2390,0,26290,福岡支店,レンタル法人,60,新規,12ヶ月以上
B25020941,8,2026/3/31,14445,0,23900,2390,0,26290,福岡支店,レンタル法人,60,新規,12ヶ月以上
B25020941,9,2026/4/30,14445,0,23900,2390,0,26290,福岡支店,レンタル法人,60,新規,12ヶ月以上
B25020941,10,2026/5/31,14445,0,23900,2390,0,26290,福岡支店,レンタル法人,60,新規,12ヶ月以上
B25020941,11,2026/6/30,14445,0,23900,2390,0,26290,福岡支店,レンタル法人,60,新規,12ヶ月以上
B25020941,12,2026/7/31,14445,0,23900,2390,0,26290,福岡支店,レンタル法人,60,新規,12ヶ月以上
B25020941,13,2026/8/31,14445,0,23900,2390,0,26290,福岡支店,レンタル法人,60,新規,12ヶ月以上
B25021057,1,2025/9/30,5759,0,293000,29300,0,322300,福岡支店,レンタル法人,0,新規,12ヶ月未満
B25021120,2,2025/9/30,11894,0,6500,650,0,7150,福岡支店,レンタル法人,5,新規,12ヶ月未満
B25021120,3,2025/10/31,11894,0,6500,650,0,7150,福岡支店,レンタル法人,5,新規,12ヶ月未満
B25021120,4,2025/11/30,11894,0,6500,650,0,7150,福岡支店,レンタル法人,5,新規,12ヶ月未満
B25021120,5,2025/12/31,11894,0,6500,650,0,7150,福岡支店,レンタル法人,5,新規,12ヶ月未満
B25021120,6,2026/1/31,11894,0,6500,650,0,7150,福岡支店,レンタル法人,5,新規,12ヶ月未満
B25021315,1,2025/9/30,12498,0,45500,4550,0,50050,福岡支店,レンタル法人,2,新規,12ヶ月未満
B25021315,2,2025/10/31,12498,0,33200,3320,0,36520,福岡支店,レンタル法人,2,新規,12ヶ月未満
B25021316,1,2025/9/30,12498,0,45500,4550,0,50050,福岡支店,レンタル法人,0,新規,12ヶ月未満
B25021440,1,2025/9/30,14736,0,0,0,0,0,福岡支店,レンタル法人,1,新規,12ヶ月未満
B25021511,1,2025/9/30,5759,0,144000,14400,0,158400,福岡支店,レンタル法人,12,新規,12ヶ月未満
B25021709,1,2025/9/20,13818,0,29700,2970,0,32670,福岡支店,レンタル法人,3,新規,12ヶ月未満
B25021709,2,2025/10/20,13818,0,25500,2550,0,28050,福岡支店,レンタル法人,3,新規,12ヶ月未満
B25021709,3,2025/11/20,13818,0,25500,2550,0,28050,福岡支店,レンタル法人,3,新規,12ヶ月未満
B25021709,4,2025/12/20,13818,0,25500,2550,0,28050,福岡支店,レンタル法人,3,新規,12ヶ月未満
B25021711,1,2025/9/20,13818,0,53800,5380,0,59180,福岡支店,レンタル法人,3,新規,12ヶ月未満
B25021711,2,2025/10/20,13818,0,50000,5000,0,55000,福岡支店,レンタル法人,3,新規,12ヶ月未満
B25021711,3,2025/11/20,13818,0,50000,5000,0,55000,福岡支店,レンタル法人,3,新規,12ヶ月未満
B25021711,4,2025/12/20,13818,0,50000,5000,0,55000,福岡支店,レンタル法人,3,新規,12ヶ月未満
B25021752,1,2025/9/30,14989,0,49000,4900,0,53900,福岡支店,レンタル法人,60,新規,12ヶ月以上
B25021752,2,2025/10/31,14989,0,15400,1540,0,16940,福岡支店,レンタル法人,60,新規,12ヶ月以上
B25021752,3,2025/11/30,14989,0,15400,1540,0,16940,福岡支店,レンタル法人,60,新規,12ヶ月以上
B25021752,4,2025/12/31,14989,0,15400,1540,0,16940,福岡支店,レンタル法人,60,新規,12ヶ月以上
B25021752,5,2026/1/31,14989,0,15400,1540,0,16940,福岡支店,レンタル法人,60,新規,12ヶ月以上
B25021752,6,2026/2/28,14989,0,15400,1540,0,16940,福岡支店,レンタル法人,60,新規,12ヶ月以上
B25021752,7,2026/3/31,14989,0,15400,1540,0,16940,福岡支店,レンタル法人,60,新規,12ヶ月以上
B25021752,8,2026/4/30,14989,0,15400,1540,0,16940,福岡支店,レンタル法人,60,新規,12ヶ月以上
B25021752,9,2026/5/31,14989,0,15400,1540,0,16940,福岡支店,レンタル法人,60,新規,12ヶ月以上
B25021752,10,2026/6/30,14989,0,15400,1540,0,16940,福岡支店,レンタル法人,60,新規,12ヶ月以上
B25021752,11,2026/7/31,14989,0,15400,1540,0,16940,福岡支店,レンタル法人,60,新規,12ヶ月以上
B25021752,12,2026/8/31,14989,0,15400,1540,0,16940,福岡支店,レンタル法人,60,新規,12ヶ月以上
B25021789,1,2025/9/30,4294,0,16820,1682,0,18502,福岡支店,レンタル法人,6,新規,12ヶ月未満
B25021789,2,2025/10/31,4294,0,9920,992,0,10912,福岡支店,レンタル法人,6,新規,12ヶ月未満
B25021789,3,2025/11/30,4294,0,9920,992,0,10912,福岡支店,レンタル法人,6,新規,12ヶ月未満
B25021789,4,2025/12/31,4294,0,9920,992,0,10912,福岡支店,レンタル法人,6,新規,12ヶ月未満
B25021789,5,2026/1/31,4294,0,9920,992,0,10912,福岡支店,レンタル法人,6,新規,12ヶ月未満
B25021789,6,2026/2/28,4294,0,9920,992,0,10912,福岡支店,レンタル法人,6,新規,12ヶ月未満
B25022062,1,2025/9/30,4294,0,21800,2180,0,23980,福岡支店,販売,0,新規,12ヶ月未満
B25022128,1,2025/9/30,16345,0,56660,5666,0,62326,福岡支店,レンタル法人,36,新規,12ヶ月以上
B25022129,1,2025/9/30,16345,0,56660,5666,0,62326,福岡支店,レンタル法人,36,新規,12ヶ月以上
B25022130,1,2025/9/30,16345,0,56660,5666,0,62326,福岡支店,レンタル法人,36,新規,12ヶ月以上
B25022292,2,2025/9/30,10190,0,3200,320,0,3520,福岡支店,レンタル法人,12,延長,12ヶ月未満
B25022292,3,2025/10/31,10190,0,3200,320,0,3520,福岡支店,レンタル法人,12,延長,12ヶ月未満
B25022292,4,2025/11/30,10190,0,3200,320,0,3520,福岡支店,レンタル法人,12,延長,12ヶ月未満
B25022292,5,2025/12/31,10190,0,3200,320,0,3520,福岡支店,レンタル法人,12,延長,12ヶ月未満
B25022292,6,2026/1/31,10190,0,3200,320,0,3520,福岡支店,レンタル法人,12,延長,12ヶ月未満
B25022292,7,2026/2/28,10190,0,3200,320,0,3520,福岡支店,レンタル法人,12,延長,12ヶ月未満
B25022292,8,2026/3/31,10190,0,3200,320,0,3520,福岡支店,レンタル法人,12,延長,12ヶ月未満
B25022292,9,2026/4/30,10190,0,3200,320,0,3520,福岡支店,レンタル法人,12,延長,12ヶ月未満
B25022292,10,2026/5/31,10190,0,3200,320,0,3520,福岡支店,レンタル法人,12,延長,12ヶ月未満
B25022292,11,2026/6/30,10190,0,3200,320,0,3520,福岡支店,レンタル法人,12,延長,12ヶ月未満
B25022292,12,2026/7/31,10190,0,3200,320,0,3520,福岡支店,レンタル法人,12,延長,12ヶ月未満
B25022331,1,2025/9/30,5759,0,108000,10800,0,118800,福岡支店,レンタル法人,3,新規,12ヶ月未満
B25022473,1,2025/9/30,5759,0,260000,26000,0,286000,福岡支店,レンタル法人,5,延長,12ヶ月未満
B25022776,1,2025/10/31,17124,0,18900,1890,0,20790,福岡支店,レンタル法人,0,新規,12ヶ月未満
B25022921,1,2025/9/20,14953,0,5600,560,0,6160,福岡支店,レンタル法人,1,延長,12ヶ月未満
B25022924,1,2025/9/30,7602,0,7200,720,0,7920,福岡支店,レンタル法人,1,延長,12ヶ月未満
B25022926,1,2025/9/30,4909,0,21000,2100,0,23100,福岡支店,レンタル法人,1,延長,12ヶ月未満
B25022934,2,2025/9/30,10550,0,19000,1900,0,20900,福岡支店,レンタル法人,2,延長,12ヶ月未満
B25022934,3,2025/10/31,10550,0,19000,1900,0,20900,福岡支店,レンタル法人,2,延長,12ヶ月未満
B25022981,2,2025/9/30,10190,0,17600,1760,0,19360,福岡支店,レンタル法人,12,新規,12ヶ月未満
B25022981,3,2025/10/31,10190,0,17600,1760,0,19360,福岡支店,レンタル法人,12,新規,12ヶ月未満
B25022981,4,2025/11/30,10190,0,17600,1760,0,19360,福岡支店,レンタル法人,12,新規,12ヶ月未満
B25022981,5,2025/12/31,10190,0,17600,1760,0,19360,福岡支店,レンタル法人,12,新規,12ヶ月未満
B25022981,6,2026/1/31,10190,0,17600,1760,0,19360,福岡支店,レンタル法人,12,新規,12ヶ月未満
B25022981,7,2026/2/28,10190,0,17600,1760,0,19360,福岡支店,レンタル法人,12,新規,12ヶ月未満
B25022981,8,2026/3/31,10190,0,17600,1760,0,19360,福岡支店,レンタル法人,12,新規,12ヶ月未満
B25022981,9,2026/4/30,10190,0,17600,1760,0,19360,福岡支店,レンタル法人,12,新規,12ヶ月未満
B25022981,10,2026/5/31,10190,0,17600,1760,0,19360,福岡支店,レンタル法人,12,新規,12ヶ月未満
B25022981,11,2026/6/30,10190,0,17600,1760,0,19360,福岡支店,レンタル法人,12,新規,12ヶ月未満
B25022981,12,2026/7/31,10190,0,17600,1760,0,19360,福岡支店,レンタル法人,12,新規,12ヶ月未満
B25022982,2,2025/9/30,10190,0,3200,320,0,3520,福岡支店,レンタル法人,12,新規,12ヶ月未満
B25022982,3,2025/10/31,10190,0,3200,320,0,3520,福岡支店,レンタル法人,12,新規,12ヶ月未満
B25022982,4,2025/11/30,10190,0,3200,320,0,3520,福岡支店,レンタル法人,12,新規,12ヶ月未満
B25022982,5,2025/12/31,10190,0,3200,320,0,3520,福岡支店,レンタル法人,12,新規,12ヶ月未満
B25022982,6,2026/1/31,10190,0,3200,320,0,3520,福岡支店,レンタル法人,12,新規,12ヶ月未満
B25022982,7,2026/2/28,10190,0,3200,320,0,3520,福岡支店,レンタル法人,12,新規,12ヶ月未満
B25022982,8,2026/3/31,10190,0,3200,320,0,3520,福岡支店,レンタル法人,12,新規,12ヶ月未満
B25022982,9,2026/4/30,10190,0,3200,320,0,3520,福岡支店,レンタル法人,12,新規,12ヶ月未満
B25022982,10,2026/5/31,10190,0,3200,320,0,3520,福岡支店,レンタル法人,12,新規,12ヶ月未満
B25022982,11,2026/6/30,10190,0,3200,320,0,3520,福岡支店,レンタル法人,12,新規,12ヶ月未満
B25022982,12,2026/7/31,10190,0,3200,320,0,3520,福岡支店,レンタル法人,12,新規,12ヶ月未満
B25023007,2,2025/9/30,10190,0,6400,640,0,7040,福岡支店,レンタル法人,12,新規,12ヶ月未満
B25023007,3,2025/10/31,10190,0,6400,640,0,7040,福岡支店,レンタル法人,12,新規,12ヶ月未満
B25023007,4,2025/11/30,10190,0,6400,640,0,7040,福岡支店,レンタル法人,12,新規,12ヶ月未満
B25023007,5,2025/12/31,10190,0,6400,640,0,7040,福岡支店,レンタル法人,12,新規,12ヶ月未満
B25023007,6,2026/1/31,10190,0,6400,640,0,7040,福岡支店,レンタル法人,12,新規,12ヶ月未満
B25023007,7,2026/2/28,10190,0,6400,640,0,7040,福岡支店,レンタル法人,12,新規,12ヶ月未満
B25023007,8,2026/3/31,10190,0,6400,640,0,7040,福岡支店,レンタル法人,12,新規,12ヶ月未満
B25023007,9,2026/4/30,10190,0,6400,640,0,7040,福岡支店,レンタル法人,12,新規,12ヶ月未満
B25023007,10,2026/5/31,10190,0,6400,640,0,7040,福岡支店,レンタル法人,12,新規,12ヶ月未満
B25023007,11,2026/6/30,10190,0,6400,640,0,7040,福岡支店,レンタル法人,12,新規,12ヶ月未満
B25023007,12,2026/7/31,10190,0,6400,640,0,7040,福岡支店,レンタル法人,12,新規,12ヶ月未満
B25023009,2,2025/9/30,10190,0,11200,1120,0,12320,福岡支店,レンタル法人,12,新規,12ヶ月未満
B25023009,3,2025/10/31,10190,0,11200,1120,0,12320,福岡支店,レンタル法人,12,新規,12ヶ月未満
B25023009,4,2025/11/30,10190,0,11200,1120,0,12320,福岡支店,レンタル法人,12,新規,12ヶ月未満
B25023009,5,2025/12/31,10190,0,11200,1120,0,12320,福岡支店,レンタル法人,12,新規,12ヶ月未満
B25023009,6,2026/1/31,10190,0,11200,1120,0,12320,福岡支店,レンタル法人,12,新規,12ヶ月未満
B25023009,7,2026/2/28,10190,0,11200,1120,0,12320,福岡支店,レンタル法人,12,新規,12ヶ月未満
B25023009,8,2026/3/31,10190,0,11200,1120,0,12320,福岡支店,レンタル法人,12,新規,12ヶ月未満
B25023009,9,2026/4/30,10190,0,11200,1120,0,12320,福岡支店,レンタル法人,12,新規,12ヶ月未満
B25023009,10,2026/5/31,10190,0,11200,1120,0,12320,福岡支店,レンタル法人,12,新規,12ヶ月未満
B25023009,11,2026/6/30,10190,0,11200,1120,0,12320,福岡支店,レンタル法人,12,新規,12ヶ月未満
B25023009,12,2026/7/31,10190,0,11200,1120,0,12320,福岡支店,レンタル法人,12,新規,12ヶ月未満
B25023026,2,2025/9/30,10190,0,43700,4370,0,48070,福岡支店,レンタル法人,12,新規,12ヶ月未満
B25023026,3,2025/10/31,10190,0,43700,4370,0,48070,福岡支店,レンタル法人,12,新規,12ヶ月未満
B25023026,4,2025/11/30,10190,0,43700,4370,0,48070,福岡支店,レンタル法人,12,新規,12ヶ月未満
B25023026,5,2025/12/31,10190,0,43700,4370,0,48070,福岡支店,レンタル法人,12,新規,12ヶ月未満
B25023026,6,2026/1/31,10190,0,43700,4370,0,48070,福岡支店,レンタル法人,12,新規,12ヶ月未満
B25023026,7,2026/2/28,10190,0,43700,4370,0,48070,福岡支店,レンタル法人,12,新規,12ヶ月未満
B25023026,8,2026/3/31,10190,0,43700,4370,0,48070,福岡支店,レンタル法人,12,新規,12ヶ月未満
B25023026,9,2026/4/30,10190,0,43700,4370,0,48070,福岡支店,レンタル法人,12,新規,12ヶ月未満
B25023026,10,2026/5/31,10190,0,43700,4370,0,48070,福岡支店,レンタル法人,12,新規,12ヶ月未満
B25023026,11,2026/6/30,10190,0,43700,4370,0,48070,福岡支店,レンタル法人,12,新規,12ヶ月未満
B25023026,12,2026/7/31,10190,0,43700,4370,0,48070,福岡支店,レンタル法人,12,新規,12ヶ月未満
B25023107,2,2025/9/30,14340,0,1110,111,0,1221,福岡支店,レンタル法人,57,新規,12ヶ月以上
B25023107,3,2025/10/31,14340,0,1110,111,0,1221,福岡支店,レンタル法人,57,新規,12ヶ月以上
B25023107,4,2025/11/30,14340,0,1110,111,0,1221,福岡支店,レンタル法人,57,新規,12ヶ月以上
B25023107,5,2025/12/31,14340,0,1110,111,0,1221,福岡支店,レンタル法人,57,新規,12ヶ月以上
B25023107,6,2026/1/31,14340,0,1110,111,0,1221,福岡支店,レンタル法人,57,新規,12ヶ月以上
B25023107,7,2026/2/28,14340,0,1110,111,0,1221,福岡支店,レンタル法人,57,新規,12ヶ月以上
B25023107,8,2026/3/31,14340,0,1110,111,0,1221,福岡支店,レンタル法人,57,新規,12ヶ月以上
B25023107,9,2026/4/30,14340,0,1110,111,0,1221,福岡支店,レンタル法人,57,新規,12ヶ月以上
B25023107,10,2026/5/31,14340,0,1110,111,0,1221,福岡支店,レンタル法人,57,新規,12ヶ月以上
B25023107,11,2026/6/30,14340,0,1110,111,0,1221,福岡支店,レンタル法人,57,新規,12ヶ月以上
B25023107,12,2026/7/31,14340,0,1110,111,0,1221,福岡支店,レンタル法人,57,新規,12ヶ月以上
B25023107,13,2026/8/31,14340,0,1110,111,0,1221,福岡支店,レンタル法人,57,新規,12ヶ月以上
B25023165,1,2025/9/30,14736,0,6000,600,0,6600,福岡支店,レンタル法人,7,延長,12ヶ月未満
B25023165,2,2025/10/31,14736,0,6000,600,0,6600,福岡支店,レンタル法人,7,延長,12ヶ月未満
B25023165,3,2025/11/30,14736,0,6000,600,0,6600,福岡支店,レンタル法人,7,延長,12ヶ月未満
B25023165,4,2025/12/31,14736,0,6000,600,0,6600,福岡支店,レンタル法人,7,延長,12ヶ月未満
B25023165,5,2026/1/31,14736,0,6000,600,0,6600,福岡支店,レンタル法人,7,延長,12ヶ月未満
B25023165,6,2026/2/28,14736,0,6000,600,0,6600,福岡支店,レンタル法人,7,延長,12ヶ月未満
B25023165,7,2026/3/31,14736,0,6000,600,0,6600,福岡支店,レンタル法人,7,延長,12ヶ月未満
B25023176,2,2025/9/30,17138,0,15980,1598,0,17578,福岡支店,レンタル法人,60,新規,12ヶ月以上
B25023176,3,2025/10/31,17138,0,15980,1598,0,17578,福岡支店,レンタル法人,60,新規,12ヶ月以上
B25023176,4,2025/11/30,17138,0,15980,1598,0,17578,福岡支店,レンタル法人,60,新規,12ヶ月以上
B25023176,5,2025/12/31,17138,0,15980,1598,0,17578,福岡支店,レンタル法人,60,新規,12ヶ月以上
B25023176,6,2026/1/31,17138,0,15980,1598,0,17578,福岡支店,レンタル法人,60,新規,12ヶ月以上
B25023176,7,2026/2/28,17138,0,15980,1598,0,17578,福岡支店,レンタル法人,60,新規,12ヶ月以上
B25023176,8,2026/3/31,17138,0,15980,1598,0,17578,福岡支店,レンタル法人,60,新規,12ヶ月以上
B25023176,9,2026/4/30,17138,0,15980,1598,0,17578,福岡支店,レンタル法人,60,新規,12ヶ月以上
B25023176,10,2026/5/31,17138,0,15980,1598,0,17578,福岡支店,レンタル法人,60,新規,12ヶ月以上
B25023176,11,2026/6/30,17138,0,15980,1598,0,17578,福岡支店,レンタル法人,60,新規,12ヶ月以上
B25023176,12,2026/7/31,17138,0,15980,1598,0,17578,福岡支店,レンタル法人,60,新規,12ヶ月以上
B25023176,13,2026/8/31,17138,0,15980,1598,0,17578,福岡支店,レンタル法人,60,新規,12ヶ月以上
B25023181,2,2025/9/30,17139,0,25909,2590,0,28499,福岡支店,レンタル法人,60,新規,12ヶ月以上
B25023181,3,2025/10/31,17139,0,25909,2590,0,28499,福岡支店,レンタル法人,60,新規,12ヶ月以上
B25023181,4,2025/11/30,17139,0,25909,2590,0,28499,福岡支店,レンタル法人,60,新規,12ヶ月以上
B25023181,5,2025/12/31,17139,0,25909,2590,0,28499,福岡支店,レンタル法人,60,新規,12ヶ月以上
B25023181,6,2026/1/31,17139,0,25909,2590,0,28499,福岡支店,レンタル法人,60,新規,12ヶ月以上
B25023181,7,2026/2/28,17139,0,25909,2590,0,28499,福岡支店,レンタル法人,60,新規,12ヶ月以上
B25023181,8,2026/3/31,17139,0,25909,2590,0,28499,福岡支店,レンタル法人,60,新規,12ヶ月以上
B25023181,9,2026/4/30,17139,0,25909,2590,0,28499,福岡支店,レンタル法人,60,新規,12ヶ月以上
B25023181,10,2026/5/31,17139,0,25909,2590,0,28499,福岡支店,レンタル法人,60,新規,12ヶ月以上
B25023181,11,2026/6/30,17139,0,25909,2590,0,28499,福岡支店,レンタル法人,60,新規,12ヶ月以上
B25023181,12,2026/7/31,17139,0,25909,2590,0,28499,福岡支店,レンタル法人,60,新規,12ヶ月以上
B25023181,13,2026/8/31,17139,0,25909,2590,0,28499,福岡支店,レンタル法人,60,新規,12ヶ月以上
B25023259,1,2025/9/30,5759,0,132000,13200,0,145200,福岡支店,レンタル法人,0,新規,12ヶ月未満
B25023436,2,2025/9/30,11894,0,345,34,0,379,福岡支店,レンタル法人,49,新規,12ヶ月以上
B25023436,3,2025/10/31,11894,0,345,34,0,379,福岡支店,レンタル法人,49,新規,12ヶ月以上
B25023436,4,2025/11/30,11894,0,345,34,0,379,福岡支店,レンタル法人,49,新規,12ヶ月以上
B25023436,5,2025/12/31,11894,0,345,34,0,379,福岡支店,レンタル法人,49,新規,12ヶ月以上
B25023436,6,2026/1/31,11894,0,345,34,0,379,福岡支店,レンタル法人,49,新規,12ヶ月以上
B25023436,7,2026/2/28,11894,0,345,34,0,379,福岡支店,レンタル法人,49,新規,12ヶ月以上
B25023436,8,2026/3/31,11894,0,345,34,0,379,福岡支店,レンタル法人,49,新規,12ヶ月以上
B25023436,9,2026/4/30,11894,0,345,34,0,379,福岡支店,レンタル法人,49,新規,12ヶ月以上
B25023436,10,2026/5/31,11894,0,345,34,0,379,福岡支店,レンタル法人,49,新規,12ヶ月以上
B25023436,11,2026/6/30,11894,0,345,34,0,379,福岡支店,レンタル法人,49,新規,12ヶ月以上
B25023436,12,2026/7/31,11894,0,345,34,0,379,福岡支店,レンタル法人,49,新規,12ヶ月以上
B25023436,13,2026/8/31,11894,0,345,34,0,379,福岡支店,レンタル法人,49,新規,12ヶ月以上
B25023437,2,2025/9/30,11894,0,350,35,0,385,福岡支店,レンタル法人,48,新規,12ヶ月以上
B25023437,3,2025/10/31,11894,0,350,35,0,385,福岡支店,レンタル法人,48,新規,12ヶ月以上
B25023437,4,2025/11/30,11894,0,350,35,0,385,福岡支店,レンタル法人,48,新規,12ヶ月以上
B25023437,5,2025/12/31,11894,0,350,35,0,385,福岡支店,レンタル法人,48,新規,12ヶ月以上
B25023437,6,2026/1/31,11894,0,350,35,0,385,福岡支店,レンタル法人,48,新規,12ヶ月以上
B25023437,7,2026/2/28,11894,0,350,35,0,385,福岡支店,レンタル法人,48,新規,12ヶ月以上
B25023437,8,2026/3/31,11894,0,350,35,0,385,福岡支店,レンタル法人,48,新規,12ヶ月以上
B25023437,9,2026/4/30,11894,0,350,35,0,385,福岡支店,レンタル法人,48,新規,12ヶ月以上
B25023437,10,2026/5/31,11894,0,350,35,0,385,福岡支店,レンタル法人,48,新規,12ヶ月以上
B25023437,11,2026/6/30,11894,0,350,35,0,385,福岡支店,レンタル法人,48,新規,12ヶ月以上
B25023437,12,2026/7/31,11894,0,350,35,0,385,福岡支店,レンタル法人,48,新規,12ヶ月以上
B25023437,13,2026/8/31,11894,0,350,35,0,385,福岡支店,レンタル法人,48,新規,12ヶ月以上
B25023440,1,2025/9/30,11894,0,390,39,0,429,福岡支店,レンタル法人,34,新規,12ヶ月以上
B25023440,2,2025/10/31,11894,0,390,39,0,429,福岡支店,レンタル法人,34,新規,12ヶ月以上
B25023440,3,2025/11/30,11894,0,390,39,0,429,福岡支店,レンタル法人,34,新規,12ヶ月以上
B25023440,4,2025/12/31,11894,0,390,39,0,429,福岡支店,レンタル法人,34,新規,12ヶ月以上
B25023440,5,2026/1/31,11894,0,390,39,0,429,福岡支店,レンタル法人,34,新規,12ヶ月以上
B25023440,6,2026/2/28,11894,0,390,39,0,429,福岡支店,レンタル法人,34,新規,12ヶ月以上
B25023440,7,2026/3/31,11894,0,390,39,0,429,福岡支店,レンタル法人,34,新規,12ヶ月以上
B25023440,8,2026/4/30,11894,0,390,39,0,429,福岡支店,レンタル法人,34,新規,12ヶ月以上
B25023440,9,2026/5/31,11894,0,390,39,0,429,福岡支店,レンタル法人,34,新規,12ヶ月以上
B25023440,10,2026/6/30,11894,0,390,39,0,429,福岡支店,レンタル法人,34,新規,12ヶ月以上
B25023440,11,2026/7/31,11894,0,390,39,0,429,福岡支店,レンタル法人,34,新規,12ヶ月以上
B25023440,12,2026/8/31,11894,0,390,39,0,429,福岡支店,レンタル法人,34,新規,12ヶ月以上
B25023520,1,2025/9/30,17007,0,4900,490,0,5390,福岡支店,レンタル法人,60,新規,12ヶ月以上
B25023520,2,2025/10/31,17007,0,4900,490,0,5390,福岡支店,レンタル法人,60,新規,12ヶ月以上
B25023520,3,2025/11/30,17007,0,4900,490,0,5390,福岡支店,レンタル法人,60,新規,12ヶ月以上
B25023520,4,2025/12/31,17007,0,4900,490,0,5390,福岡支店,レンタル法人,60,新規,12ヶ月以上
B25023520,5,2026/1/31,17007,0,4900,490,0,5390,福岡支店,レンタル法人,60,新規,12ヶ月以上
B25023520,6,2026/2/28,17007,0,4900,490,0,5390,福岡支店,レンタル法人,60,新規,12ヶ月以上
B25023520,7,2026/3/31,17007,0,4900,490,0,5390,福岡支店,レンタル法人,60,新規,12ヶ月以上
B25023520,8,2026/4/30,17007,0,4900,490,0,5390,福岡支店,レンタル法人,60,新規,12ヶ月以上
B25023520,9,2026/5/31,17007,0,4900,490,0,5390,福岡支店,レンタル法人,60,新規,12ヶ月以上
B25023520,10,2026/6/30,17007,0,4900,490,0,5390,福岡支店,レンタル法人,60,新規,12ヶ月以上
B25023520,11,2026/7/31,17007,0,4900,490,0,5390,福岡支店,レンタル法人,60,新規,12ヶ月以上
B25023520,12,2026/8/31,17007,0,4900,490,0,5390,福岡支店,レンタル法人,60,新規,12ヶ月以上
B25023605,1,2025/9/30,17007,0,9160,916,0,10076,福岡支店,レンタル法人,36,新規,12ヶ月以上
B25023605,2,2025/10/31,17007,0,2160,216,0,2376,福岡支店,レンタル法人,36,新規,12ヶ月以上
B25023605,3,2025/11/30,17007,0,2160,216,0,2376,福岡支店,レンタル法人,36,新規,12ヶ月以上
B25023605,4,2025/12/31,17007,0,2160,216,0,2376,福岡支店,レンタル法人,36,新規,12ヶ月以上
B25023605,5,2026/1/31,17007,0,2160,216,0,2376,福岡支店,レンタル法人,36,新規,12ヶ月以上
B25023605,6,2026/2/28,17007,0,2160,216,0,2376,福岡支店,レンタル法人,36,新規,12ヶ月以上
B25023605,7,2026/3/31,17007,0,2160,216,0,2376,福岡支店,レンタル法人,36,新規,12ヶ月以上
B25023605,8,2026/4/30,17007,0,2160,216,0,2376,福岡支店,レンタル法人,36,新規,12ヶ月以上
B25023605,9,2026/5/31,17007,0,2160,216,0,2376,福岡支店,レンタル法人,36,新規,12ヶ月以上
B25023605,10,2026/6/30,17007,0,2160,216,0,2376,福岡支店,レンタル法人,36,新規,12ヶ月以上
B25023605,11,2026/7/31,17007,0,2160,216,0,2376,福岡支店,レンタル法人,36,新規,12ヶ月以上
B25023605,12,2026/8/31,17007,0,2160,216,0,2376,福岡支店,レンタル法人,36,新規,12ヶ月以上
B25023817,1,2025/9/30,14073,0,19800,1980,0,21780,福岡支店,レンタル法人,60,新規,12ヶ月以上
B25023817,2,2025/10/31,14073,0,19800,1980,0,21780,福岡支店,レンタル法人,60,新規,12ヶ月以上
B25023817,3,2025/11/30,14073,0,19800,1980,0,21780,福岡支店,レンタル法人,60,新規,12ヶ月以上
B25023817,4,2025/12/31,14073,0,19800,1980,0,21780,福岡支店,レンタル法人,60,新規,12ヶ月以上
B25023817,5,2026/1/31,14073,0,19800,1980,0,21780,福岡支店,レンタル法人,60,新規,12ヶ月以上
B25023817,6,2026/2/28,14073,0,19800,1980,0,21780,福岡支店,レンタル法人,60,新規,12ヶ月以上
B25023817,7,2026/3/31,14073,0,19800,1980,0,21780,福岡支店,レンタル法人,60,新規,12ヶ月以上
B25023817,8,2026/4/30,14073,0,19800,1980,0,21780,福岡支店,レンタル法人,60,新規,12ヶ月以上
B25023817,9,2026/5/31,14073,0,19800,1980,0,21780,福岡支店,レンタル法人,60,新規,12ヶ月以上
B25023817,10,2026/6/30,14073,0,19800,1980,0,21780,福岡支店,レンタル法人,60,新規,12ヶ月以上
B25023817,11,2026/7/31,14073,0,19800,1980,0,21780,福岡支店,レンタル法人,60,新規,12ヶ月以上
B25023817,12,2026/8/31,14073,0,19800,1980,0,21780,福岡支店,レンタル法人,60,新規,12ヶ月以上
B25023839,1,2025/9/30,5759,0,9600,960,0,10560,福岡支店,レンタル法人,1,延長,12ヶ月未満
B25024032,1,2025/9/30,10190,0,40000,4000,0,44000,福岡支店,レンタル法人,0,新規,12ヶ月未満
B25024033,1,2025/9/30,5759,0,80000,8000,0,88000,福岡支店,レンタル法人,2,新規,12ヶ月未満
B25024035,1,2025/9/30,12987,0,7800,780,0,8580,福岡支店,レンタル法人,60,新規,12ヶ月以上
B25024035,2,2025/10/31,12987,0,3300,330,0,3630,福岡支店,レンタル法人,60,新規,12ヶ月以上
B25024035,3,2025/11/30,12987,0,3300,330,0,3630,福岡支店,レンタル法人,60,新規,12ヶ月以上
B25024035,4,2025/12/31,12987,0,3300,330,0,3630,福岡支店,レンタル法人,60,新規,12ヶ月以上
B25024035,5,2026/1/31,12987,0,3300,330,0,3630,福岡支店,レンタル法人,60,新規,12ヶ月以上
B25024035,6,2026/2/28,12987,0,3300,330,0,3630,福岡支店,レンタル法人,60,新規,12ヶ月以上
B25024035,7,2026/3/31,12987,0,3300,330,0,3630,福岡支店,レンタル法人,60,新規,12ヶ月以上
B25024035,8,2026/4/30,12987,0,3300,330,0,3630,福岡支店,レンタル法人,60,新規,12ヶ月以上
B25024035,9,2026/5/31,12987,0,3300,330,0,3630,福岡支店,レンタル法人,60,新規,12ヶ月以上
B25024035,10,2026/6/30,12987,0,3300,330,0,3630,福岡支店,レンタル法人,60,新規,12ヶ月以上
B25024035,11,2026/7/31,12987,0,3300,330,0,3630,福岡支店,レンタル法人,60,新規,12ヶ月以上
B25024035,12,2026/8/31,12987,0,3300,330,0,3630,福岡支店,レンタル法人,60,新規,12ヶ月以上
B25024037,1,2025/9/30,16184,0,7700,770,0,8470,福岡支店,レンタル法人,37,新規,12ヶ月以上
B25024037,2,2025/10/31,16184,0,3900,390,0,4290,福岡支店,レンタル法人,37,新規,12ヶ月以上
B25024037,3,2025/11/30,16184,0,3900,390,0,4290,福岡支店,レンタル法人,37,新規,12ヶ月以上
B25024037,4,2025/12/31,16184,0,3900,390,0,4290,福岡支店,レンタル法人,37,新規,12ヶ月以上
B25024037,5,2026/1/31,16184,0,3900,390,0,4290,福岡支店,レンタル法人,37,新規,12ヶ月以上
B25024037,6,2026/2/28,16184,0,3900,390,0,4290,福岡支店,レンタル法人,37,新規,12ヶ月以上
B25024037,7,2026/3/31,16184,0,3900,390,0,4290,福岡支店,レンタル法人,37,新規,12ヶ月以上
B25024037,8,2026/4/30,16184,0,3900,390,0,4290,福岡支店,レンタル法人,37,新規,12ヶ月以上
B25024037,9,2026/5/31,16184,0,3900,390,0,4290,福岡支店,レンタル法人,37,新規,12ヶ月以上
B25024037,10,2026/6/30,16184,0,3900,390,0,4290,福岡支店,レンタル法人,37,新規,12ヶ月以上
B25024037,11,2026/7/31,16184,0,3900,390,0,4290,福岡支店,レンタル法人,37,新規,12ヶ月以上
B25024037,12,2026/8/31,16184,0,3900,390,0,4290,福岡支店,レンタル法人,37,新規,12ヶ月以上
B25024050,1,2025/9/30,8253,0,125500,12550,0,138050,福岡支店,レンタル法人,0,新規,12ヶ月未満
B25024107,1,2025/9/30,10190,0,13800,1380,0,15180,福岡支店,販売,0,新規,12ヶ月未満
B25024125,1,2025/9/30,14901,0,4080,408,0,4488,福岡支店,レンタル法人,1,延長,12ヶ月未満
B25024126,1,2025/9/30,14901,0,4080,408,0,4488,福岡支店,レンタル法人,0,延長,12ヶ月未満
B25024127,1,2025/9/30,14901,0,4080,408,0,4488,福岡支店,レンタル法人,0,延長,12ヶ月未満
B25024129,1,2025/9/30,14901,0,4080,408,0,4488,福岡支店,レンタル法人,0,延長,12ヶ月未満
B25024130,1,2025/9/30,14901,0,4080,408,0,4488,福岡支店,レンタル法人,0,延長,12ヶ月未満
B25024133,1,2025/9/30,14901,0,4080,408,0,4488,福岡支店,レンタル法人,1,延長,12ヶ月未満
B25024134,1,2025/9/30,14901,0,4080,408,0,4488,福岡支店,レンタル法人,1,延長,12ヶ月未満
B25024224,0,2025/9/19,17235,36300,0,0,0,36300,福岡支店,販売,0,新規,12ヶ月未満
B25024224,1,2025/9/30,17235,0,33000,3300,36300,0,福岡支店,販売,0,新規,12ヶ月未満
B25024225,0,2025/9/19,17236,36300,0,0,0,36300,福岡支店,販売,0,新規,12ヶ月未満
B25024225,1,2025/9/30,17236,0,33000,3300,36300,0,福岡支店,販売,0,新規,12ヶ月未満
B25024226,0,2025/9/19,17237,36300,0,0,0,36300,福岡支店,販売,0,新規,12ヶ月未満
B25024226,1,2025/9/30,17237,0,33000,3300,36300,0,福岡支店,販売,0,新規,12ヶ月未満
B25024227,0,2025/9/19,17238,36300,0,0,0,36300,福岡支店,販売,0,新規,12ヶ月未満
B25024227,1,2025/9/30,17238,0,33000,3300,36300,0,福岡支店,販売,0,新規,12ヶ月未満
B25024308,1,2025/10/31,10190,0,17250,1725,0,18975,福岡支店,レンタル法人,60,新規,12ヶ月以上
B25024308,2,2025/11/30,10190,0,17250,1725,0,18975,福岡支店,レンタル法人,60,新規,12ヶ月以上
B25024308,3,2025/12/31,10190,0,17250,1725,0,18975,福岡支店,レンタル法人,60,新規,12ヶ月以上
B25024308,4,2026/1/31,10190,0,17250,1725,0,18975,福岡支店,レンタル法人,60,新規,12ヶ月以上
B25024308,5,2026/2/28,10190,0,17250,1725,0,18975,福岡支店,レンタル法人,60,新規,12ヶ月以上
B25024308,6,2026/3/31,10190,0,17250,1725,0,18975,福岡支店,レンタル法人,60,新規,12ヶ月以上
B25024308,7,2026/4/30,10190,0,17250,1725,0,18975,福岡支店,レンタル法人,60,新規,12ヶ月以上
B25024308,8,2026/5/31,10190,0,17250,1725,0,18975,福岡支店,レンタル法人,60,新規,12ヶ月以上
B25024308,9,2026/6/30,10190,0,17250,1725,0,18975,福岡支店,レンタル法人,60,新規,12ヶ月以上
B25024308,10,2026/7/31,10190,0,17250,1725,0,18975,福岡支店,レンタル法人,60,新規,12ヶ月以上
B25024308,11,2026/8/31,10190,0,17250,1725,0,18975,福岡支店,レンタル法人,60,新規,12ヶ月以上
B25024330,1,2025/9/30,5759,0,141000,14100,0,155100,福岡支店,レンタル法人,5,新規,12ヶ月未満
B25024376,1,2025/9/30,296,0,1139800,113980,0,1253780,福岡支店,販売,0,新規,12ヶ月未満
B25024388,1,2025/9/30,10190,0,480000,48000,0,528000,福岡支店,役務,0,新規,12ヶ月未満
B25024665,1,2025/9/30,5759,0,72000,7200,0,79200,福岡支店,レンタル法人,4,新規,12ヶ月未満
B25024738,1,2025/9/30,11182,0,10200,1020,0,11220,福岡支店,レンタル法人,36,新規,12ヶ月以上
B25024738,2,2025/10/31,11182,0,6200,620,0,6820,福岡支店,レンタル法人,36,新規,12ヶ月以上
B25024738,3,2025/11/30,11182,0,6200,620,0,6820,福岡支店,レンタル法人,36,新規,12ヶ月以上
B25024738,4,2025/12/31,11182,0,6200,620,0,6820,福岡支店,レンタル法人,36,新規,12ヶ月以上
B25024738,5,2026/1/31,11182,0,6200,620,0,6820,福岡支店,レンタル法人,36,新規,12ヶ月以上
B25024738,6,2026/2/28,11182,0,6200,620,0,6820,福岡支店,レンタル法人,36,新規,12ヶ月以上
B25024738,7,2026/3/31,11182,0,6200,620,0,6820,福岡支店,レンタル法人,36,新規,12ヶ月以上
B25024738,8,2026/4/30,11182,0,6200,620,0,6820,福岡支店,レンタル法人,36,新規,12ヶ月以上
B25024738,9,2026/5/31,11182,0,6200,620,0,6820,福岡支店,レンタル法人,36,新規,12ヶ月以上
B25024738,10,2026/6/30,11182,0,6200,620,0,6820,福岡支店,レンタル法人,36,新規,12ヶ月以上
B25024738,11,2026/7/31,11182,0,6200,620,0,6820,福岡支店,レンタル法人,36,新規,12ヶ月以上
B25024738,12,2026/8/31,11182,0,6200,620,0,6820,福岡支店,レンタル法人,36,新規,12ヶ月以上
B25024740,1,2025/9/30,5759,0,27000,2700,0,29700,福岡支店,レンタル法人,0,新規,12ヶ月未満
B25024807,1,2025/9/30,12987,0,6150,615,0,6765,福岡支店,レンタル法人,60,新規,12ヶ月以上
B25024807,2,2025/10/31,12987,0,1650,165,0,1815,福岡支店,レンタル法人,60,新規,12ヶ月以上
B25024807,3,2025/11/30,12987,0,1650,165,0,1815,福岡支店,レンタル法人,60,新規,12ヶ月以上
B25024807,4,2025/12/31,12987,0,1650,165,0,1815,福岡支店,レンタル法人,60,新規,12ヶ月以上
B25024807,5,2026/1/31,12987,0,1650,165,0,1815,福岡支店,レンタル法人,60,新規,12ヶ月以上
B25024807,6,2026/2/28,12987,0,1650,165,0,1815,福岡支店,レンタル法人,60,新規,12ヶ月以上
B25024807,7,2026/3/31,12987,0,1650,165,0,1815,福岡支店,レンタル法人,60,新規,12ヶ月以上
B25024807,8,2026/4/30,12987,0,1650,165,0,1815,福岡支店,レンタル法人,60,新規,12ヶ月以上
B25024807,9,2026/5/31,12987,0,1650,165,0,1815,福岡支店,レンタル法人,60,新規,12ヶ月以上
B25024807,10,2026/6/30,12987,0,1650,165,0,1815,福岡支店,レンタル法人,60,新規,12ヶ月以上
B25024807,11,2026/7/31,12987,0,1650,165,0,1815,福岡支店,レンタル法人,60,新規,12ヶ月以上
B25024807,12,2026/8/31,12987,0,1650,165,0,1815,福岡支店,レンタル法人,60,新規,12ヶ月以上
B25024810,1,2025/11/30,5759,0,36200,3620,0,39820,福岡支店,レンタル法人,1,新規,12ヶ月未満
B25024823,1,2025/9/30,5759,0,70000,7000,0,77000,福岡支店,レンタル法人,0,新規,12ヶ月未満
B25024847,1,2025/9/30,14901,0,8080,808,0,8888,福岡支店,レンタル法人,3,新規,12ヶ月未満
B25024847,2,2025/10/31,14901,0,4080,408,0,4488,福岡支店,レンタル法人,3,新規,12ヶ月未満
B25024847,3,2025/11/30,14901,0,4080,408,0,4488,福岡支店,レンタル法人,3,新規,12ヶ月未満
B25024860,1,2025/9/30,11235,0,12800,1280,0,14080,福岡支店,レンタル法人,1,延長,12ヶ月未満
B25024880,1,2025/10/31,5759,0,5000,500,0,5500,福岡支店,レンタル法人,1,新規,12ヶ月未満
B25024992,1,2025/12/31,12130,0,7600,760,0,8360,福岡支店,レンタル法人,12,新規,12ヶ月未満
B25024992,2,2026/1/31,12130,0,4000,400,0,4400,福岡支店,レンタル法人,12,新規,12ヶ月未満
B25024992,3,2026/2/28,12130,0,4000,400,0,4400,福岡支店,レンタル法人,12,新規,12ヶ月未満
B25024992,4,2026/3/31,12130,0,4000,400,0,4400,福岡支店,レンタル法人,12,新規,12ヶ月未満
B25024992,5,2026/4/30,12130,0,4000,400,0,4400,福岡支店,レンタル法人,12,新規,12ヶ月未満
B25024992,6,2026/5/31,12130,0,4000,400,0,4400,福岡支店,レンタル法人,12,新規,12ヶ月未満
B25024992,7,2026/6/30,12130,0,4000,400,0,4400,福岡支店,レンタル法人,12,新規,12ヶ月未満
B25024992,8,2026/7/31,12130,0,4000,400,0,4400,福岡支店,レンタル法人,12,新規,12ヶ月未満
B25024992,9,2026/8/31,12130,0,4000,400,0,4400,福岡支店,レンタル法人,12,新規,12ヶ月未満
B25025128,1,2025/9/30,5759,0,45000,4500,0,49500,福岡支店,レンタル法人,0,新規,12ヶ月未満
B25025159,1,2025/9/30,14220,0,2200,220,0,2420,福岡支店,レンタル法人,1,延長,12ヶ月未満
B25025160,1,2025/9/30,14220,0,6600,660,0,7260,福岡支店,レンタル法人,1,延長,12ヶ月未満
B25025161,1,2025/9/30,14215,0,15000,1500,0,16500,福岡支店,レンタル法人,1,延長,12ヶ月未満
B25025162,1,2025/9/30,4294,0,15600,1560,0,17160,福岡支店,レンタル法人,1,延長,12ヶ月未満
B25025189,1,2025/9/30,11140,0,3000,300,0,3300,福岡支店,レンタル法人,12,延長,12ヶ月未満
B25025189,2,2025/10/31,11140,0,3000,300,0,3300,福岡支店,レンタル法人,12,延長,12ヶ月未満
B25025189,3,2025/11/30,11140,0,3000,300,0,3300,福岡支店,レンタル法人,12,延長,12ヶ月未満
B25025189,4,2025/12/31,11140,0,3000,300,0,3300,福岡支店,レンタル法人,12,延長,12ヶ月未満
B25025189,5,2026/1/31,11140,0,3000,300,0,3300,福岡支店,レンタル法人,12,延長,12ヶ月未満
B25025189,6,2026/2/28,11140,0,3000,300,0,3300,福岡支店,レンタル法人,12,延長,12ヶ月未満
B25025189,7,2026/3/31,11140,0,3000,300,0,3300,福岡支店,レンタル法人,12,延長,12ヶ月未満
B25025189,8,2026/4/30,11140,0,3000,300,0,3300,福岡支店,レンタル法人,12,延長,12ヶ月未満
B25025189,9,2026/5/31,11140,0,3000,300,0,3300,福岡支店,レンタル法人,12,延長,12ヶ月未満
B25025189,10,2026/6/30,11140,0,3000,300,0,3300,福岡支店,レンタル法人,12,延長,12ヶ月未満
B25025189,11,2026/7/31,11140,0,3000,300,0,3300,福岡支店,レンタル法人,12,延長,12ヶ月未満
B25025189,12,2026/8/31,11140,0,3000,300,0,3300,福岡支店,レンタル法人,12,延長,12ヶ月未満
B25025356,1,2025/10/31,5759,0,55000,5500,0,60500,福岡支店,レンタル法人,1,新規,12ヶ月未満
B25025374,1,2025/10/31,14989,0,173780,17378,0,191158,福岡支店,レンタル法人,60,新規,12ヶ月以上
B25025374,2,2025/11/30,14989,0,92380,9238,0,101618,福岡支店,レンタル法人,60,新規,12ヶ月以上
B25025374,3,2025/12/31,14989,0,92380,9238,0,101618,福岡支店,レンタル法人,60,新規,12ヶ月以上
B25025374,4,2026/1/31,14989,0,92380,9238,0,101618,福岡支店,レンタル法人,60,新規,12ヶ月以上
B25025374,5,2026/2/28,14989,0,92380,9238,0,101618,福岡支店,レンタル法人,60,新規,12ヶ月以上
B25025374,6,2026/3/31,14989,0,92380,9238,0,101618,福岡支店,レンタル法人,60,新規,12ヶ月以上
B25025374,7,2026/4/30,14989,0,92380,9238,0,101618,福岡支店,レンタル法人,60,新規,12ヶ月以上
B25025374,8,2026/5/31,14989,0,92380,9238,0,101618,福岡支店,レンタル法人,60,新規,12ヶ月以上
B25025374,9,2026/6/30,14989,0,92380,9238,0,101618,福岡支店,レンタル法人,60,新規,12ヶ月以上
B25025374,10,2026/7/31,14989,0,92380,9238,0,101618,福岡支店,レンタル法人,60,新規,12ヶ月以上
B25025374,11,2026/8/31,14989,0,92380,9238,0,101618,福岡支店,レンタル法人,60,新規,12ヶ月以上
B25025375,1,2025/10/31,14989,0,10780,1078,0,11858,福岡支店,レンタル法人,60,新規,12ヶ月以上
B25025375,2,2025/11/30,14989,0,3080,308,0,3388,福岡支店,レンタル法人,60,新規,12ヶ月以上
B25025375,3,2025/12/31,14989,0,3080,308,0,3388,福岡支店,レンタル法人,60,新規,12ヶ月以上
B25025375,4,2026/1/31,14989,0,3080,308,0,3388,福岡支店,レンタル法人,60,新規,12ヶ月以上
B25025375,5,2026/2/28,14989,0,3080,308,0,3388,福岡支店,レンタル法人,60,新規,12ヶ月以上
B25025375,6,2026/3/31,14989,0,3080,308,0,3388,福岡支店,レンタル法人,60,新規,12ヶ月以上
B25025375,7,2026/4/30,14989,0,3080,308,0,3388,福岡支店,レンタル法人,60,新規,12ヶ月以上
B25025375,8,2026/5/31,14989,0,3080,308,0,3388,福岡支店,レンタル法人,60,新規,12ヶ月以上
B25025375,9,2026/6/30,14989,0,3080,308,0,3388,福岡支店,レンタル法人,60,新規,12ヶ月以上
B25025375,10,2026/7/31,14989,0,3080,308,0,3388,福岡支店,レンタル法人,60,新規,12ヶ月以上
B25025375,11,2026/8/31,14989,0,3080,308,0,3388,福岡支店,レンタル法人,60,新規,12ヶ月以上
B25025383,0,2025/9/30,17325,36300,0,0,0,36300,福岡支店,レンタル法人,0,新規,12ヶ月未満
B25025383,1,2025/9/30,17325,0,33000,3300,36300,0,福岡支店,レンタル法人,0,新規,12ヶ月未満
B25025395,1,2025/9/30,17329,0,15800,1580,0,17380,福岡支店,レンタル法人,36,新規,12ヶ月以上
B25025395,2,2025/10/31,17329,0,15800,1580,0,17380,福岡支店,レンタル法人,36,新規,12ヶ月以上
B25025395,3,2025/11/30,17329,0,15800,1580,0,17380,福岡支店,レンタル法人,36,新規,12ヶ月以上
B25025395,4,2025/12/31,17329,0,15800,1580,0,17380,福岡支店,レンタル法人,36,新規,12ヶ月以上
B25025395,5,2026/1/31,17329,0,15800,1580,0,17380,福岡支店,レンタル法人,36,新規,12ヶ月以上
B25025395,6,2026/2/28,17329,0,15800,1580,0,17380,福岡支店,レンタル法人,36,新規,12ヶ月以上
B25025395,7,2026/3/31,17329,0,15800,1580,0,17380,福岡支店,レンタル法人,36,新規,12ヶ月以上
B25025395,8,2026/4/30,17329,0,15800,1580,0,17380,福岡支店,レンタル法人,36,新規,12ヶ月以上
B25025395,9,2026/5/31,17329,0,15800,1580,0,17380,福岡支店,レンタル法人,36,新規,12ヶ月以上
B25025395,10,2026/6/30,17329,0,15800,1580,0,17380,福岡支店,レンタル法人,36,新規,12ヶ月以上
B25025395,11,2026/7/31,17329,0,15800,1580,0,17380,福岡支店,レンタル法人,36,新規,12ヶ月以上
B25025395,12,2026/8/31,17329,0,15800,1580,0,17380,福岡支店,レンタル法人,36,新規,12ヶ月以上
B25025404,1,2025/9/30,17330,0,10690,1069,0,11759,福岡支店,レンタル法人,36,新規,12ヶ月以上
B25025404,2,2025/10/31,17330,0,5790,579,0,6369,福岡支店,レンタル法人,36,新規,12ヶ月以上
B25025404,3,2025/11/30,17330,0,5790,579,0,6369,福岡支店,レンタル法人,36,新規,12ヶ月以上
B25025404,4,2025/12/31,17330,0,5790,579,0,6369,福岡支店,レンタル法人,36,新規,12ヶ月以上
B25025404,5,2026/1/31,17330,0,5790,579,0,6369,福岡支店,レンタル法人,36,新規,12ヶ月以上
B25025404,6,2026/2/28,17330,0,5790,579,0,6369,福岡支店,レンタル法人,36,新規,12ヶ月以上
B25025404,7,2026/3/31,17330,0,5790,579,0,6369,福岡支店,レンタル法人,36,新規,12ヶ月以上
B25025404,8,2026/4/30,17330,0,5790,579,0,6369,福岡支店,レンタル法人,36,新規,12ヶ月以上
B25025404,9,2026/5/31,17330,0,5790,579,0,6369,福岡支店,レンタル法人,36,新規,12ヶ月以上
B25025404,10,2026/6/30,17330,0,5790,579,0,6369,福岡支店,レンタル法人,36,新規,12ヶ月以上
B25025404,11,2026/7/31,17330,0,5790,579,0,6369,福岡支店,レンタル法人,36,新規,12ヶ月以上
B25025404,12,2026/8/31,17330,0,5790,579,0,6369,福岡支店,レンタル法人,36,新規,12ヶ月以上
B25025457,1,2025/10/31,14220,0,10100,1010,0,11110,福岡支店,レンタル法人,60,新規,12ヶ月以上
B25025457,2,2025/11/30,14220,0,5200,520,0,5720,福岡支店,レンタル法人,60,新規,12ヶ月以上
B25025457,3,2025/12/31,14220,0,5200,520,0,5720,福岡支店,レンタル法人,60,新規,12ヶ月以上
B25025457,4,2026/1/31,14220,0,5200,520,0,5720,福岡支店,レンタル法人,60,新規,12ヶ月以上
B25025457,5,2026/2/28,14220,0,5200,520,0,5720,福岡支店,レンタル法人,60,新規,12ヶ月以上
B25025457,6,2026/3/31,14220,0,5200,520,0,5720,福岡支店,レンタル法人,60,新規,12ヶ月以上
B25025457,7,2026/4/30,14220,0,5200,520,0,5720,福岡支店,レンタル法人,60,新規,12ヶ月以上
B25025457,8,2026/5/31,14220,0,5200,520,0,5720,福岡支店,レンタル法人,60,新規,12ヶ月以上
B25025457,9,2026/6/30,14220,0,5200,520,0,5720,福岡支店,レンタル法人,60,新規,12ヶ月以上
B25025457,10,2026/7/31,14220,0,5200,520,0,5720,福岡支店,レンタル法人,60,新規,12ヶ月以上
B25025457,11,2026/8/31,14220,0,5200,520,0,5720,福岡支店,レンタル法人,60,新規,12ヶ月以上
B25025534,1,2025/10/31,5759,0,90000,9000,0,99000,福岡支店,レンタル法人,0,新規,12ヶ月未満
B25025570,1,2025/9/20,14953,0,27000,2700,0,29700,福岡支店,レンタル法人,1,延長,12ヶ月未満
B25025571,1,2025/10/31,2134,0,13480,1348,0,14828,福岡支店,レンタル法人,36,新規,12ヶ月以上
B25025571,2,2025/11/30,2134,0,4080,408,0,4488,福岡支店,レンタル法人,36,新規,12ヶ月以上
B25025571,3,2025/12/31,2134,0,4080,408,0,4488,福岡支店,レンタル法人,36,新規,12ヶ月以上
B25025571,4,2026/1/31,2134,0,4080,408,0,4488,福岡支店,レンタル法人,36,新規,12ヶ月以上
B25025571,5,2026/2/28,2134,0,4080,408,0,4488,福岡支店,レンタル法人,36,新規,12ヶ月以上
B25025571,6,2026/3/31,2134,0,4080,408,0,4488,福岡支店,レンタル法人,36,新規,12ヶ月以上
B25025571,7,2026/4/30,2134,0,4080,408,0,4488,福岡支店,レンタル法人,36,新規,12ヶ月以上
B25025571,8,2026/5/31,2134,0,4080,408,0,4488,福岡支店,レンタル法人,36,新規,12ヶ月以上
B25025571,9,2026/6/30,2134,0,4080,408,0,4488,福岡支店,レンタル法人,36,新規,12ヶ月以上
B25025571,10,2026/7/31,2134,0,4080,408,0,4488,福岡支店,レンタル法人,36,新規,12ヶ月以上
B25025571,11,2026/8/31,2134,0,4080,408,0,4488,福岡支店,レンタル法人,36,新規,12ヶ月以上
B25025572,1,2025/10/31,2134,0,23720,2372,0,26092,福岡支店,レンタル法人,36,新規,12ヶ月以上
B25025572,2,2025/11/30,2134,0,13920,1392,0,15312,福岡支店,レンタル法人,36,新規,12ヶ月以上
B25025572,3,2025/12/31,2134,0,13920,1392,0,15312,福岡支店,レンタル法人,36,新規,12ヶ月以上
B25025572,4,2026/1/31,2134,0,13920,1392,0,15312,福岡支店,レンタル法人,36,新規,12ヶ月以上
B25025572,5,2026/2/28,2134,0,13920,1392,0,15312,福岡支店,レンタル法人,36,新規,12ヶ月以上
B25025572,6,2026/3/31,2134,0,13920,1392,0,15312,福岡支店,レンタル法人,36,新規,12ヶ月以上
B25025572,7,2026/4/30,2134,0,13920,1392,0,15312,福岡支店,レンタル法人,36,新規,12ヶ月以上
B25025572,8,2026/5/31,2134,0,13920,1392,0,15312,福岡支店,レンタル法人,36,新規,12ヶ月以上
B25025572,9,2026/6/30,2134,0,13920,1392,0,15312,福岡支店,レンタル法人,36,新規,12ヶ月以上
B25025572,10,2026/7/31,2134,0,13920,1392,0,15312,福岡支店,レンタル法人,36,新規,12ヶ月以上
B25025572,11,2026/8/31,2134,0,13920,1392,0,15312,福岡支店,レンタル法人,36,新規,12ヶ月以上
B25025577,1,2025/9/30,12130,0,2500,250,0,2750,福岡支店,レンタル法人,12,延長,12ヶ月未満
B25025577,2,2025/10/31,12130,0,2500,250,0,2750,福岡支店,レンタル法人,12,延長,12ヶ月未満
B25025577,3,2025/11/30,12130,0,2500,250,0,2750,福岡支店,レンタル法人,12,延長,12ヶ月未満
B25025577,4,2025/12/31,12130,0,2500,250,0,2750,福岡支店,レンタル法人,12,延長,12ヶ月未満
B25025577,5,2026/1/31,12130,0,2500,250,0,2750,福岡支店,レンタル法人,12,延長,12ヶ月未満
B25025577,6,2026/2/28,12130,0,2500,250,0,2750,福岡支店,レンタル法人,12,延長,12ヶ月未満
B25025577,7,2026/3/31,12130,0,2500,250,0,2750,福岡支店,レンタル法人,12,延長,12ヶ月未満
B25025577,8,2026/4/30,12130,0,2500,250,0,2750,福岡支店,レンタル法人,12,延長,12ヶ月未満
B25025577,9,2026/5/31,12130,0,2500,250,0,2750,福岡支店,レンタル法人,12,延長,12ヶ月未満
B25025577,10,2026/6/30,12130,0,2500,250,0,2750,福岡支店,レンタル法人,12,延長,12ヶ月未満
B25025577,11,2026/7/31,12130,0,2500,250,0,2750,福岡支店,レンタル法人,12,延長,12ヶ月未満
B25025577,12,2026/8/31,12130,0,2500,250,0,2750,福岡支店,レンタル法人,12,延長,12ヶ月未満
B25025581,1,2025/9/30,12130,0,2500,250,0,2750,福岡支店,レンタル法人,12,延長,12ヶ月未満
B25025581,2,2025/10/31,12130,0,2500,250,0,2750,福岡支店,レンタル法人,12,延長,12ヶ月未満
B25025581,3,2025/11/30,12130,0,2500,250,0,2750,福岡支店,レンタル法人,12,延長,12ヶ月未満
B25025581,4,2025/12/31,12130,0,2500,250,0,2750,福岡支店,レンタル法人,12,延長,12ヶ月未満
B25025581,5,2026/1/31,12130,0,2500,250,0,2750,福岡支店,レンタル法人,12,延長,12ヶ月未満
B25025581,6,2026/2/28,12130,0,2500,250,0,2750,福岡支店,レンタル法人,12,延長,12ヶ月未満
B25025581,7,2026/3/31,12130,0,2500,250,0,2750,福岡支店,レンタル法人,12,延長,12ヶ月未満
B25025581,8,2026/4/30,12130,0,2500,250,0,2750,福岡支店,レンタル法人,12,延長,12ヶ月未満
B25025581,9,2026/5/31,12130,0,2500,250,0,2750,福岡支店,レンタル法人,12,延長,12ヶ月未満
B25025581,10,2026/6/30,12130,0,2500,250,0,2750,福岡支店,レンタル法人,12,延長,12ヶ月未満
B25025581,11,2026/7/31,12130,0,2500,250,0,2750,福岡支店,レンタル法人,12,延長,12ヶ月未満
B25025581,12,2026/8/31,12130,0,2500,250,0,2750,福岡支店,レンタル法人,12,延長,12ヶ月未満
B25025599,1,2025/10/31,5759,0,4000,400,0,4400,福岡支店,レンタル法人,0,新規,12ヶ月未満
B25025601,1,2025/9/30,5759,0,40000,4000,0,44000,福岡支店,レンタル法人,1,新規,12ヶ月未満
B25025620,1,2025/11/30,12130,0,6800,680,0,7480,福岡支店,レンタル法人,12,新規,12ヶ月未満
B25025620,2,2025/12/31,12130,0,3200,320,0,3520,福岡支店,レンタル法人,12,新規,12ヶ月未満
B25025620,3,2026/1/31,12130,0,3200,320,0,3520,福岡支店,レンタル法人,12,新規,12ヶ月未満
B25025620,4,2026/2/28,12130,0,3200,320,0,3520,福岡支店,レンタル法人,12,新規,12ヶ月未満
B25025620,5,2026/3/31,12130,0,3200,320,0,3520,福岡支店,レンタル法人,12,新規,12ヶ月未満
B25025620,6,2026/4/30,12130,0,3200,320,0,3520,福岡支店,レンタル法人,12,新規,12ヶ月未満
B25025620,7,2026/5/31,12130,0,3200,320,0,3520,福岡支店,レンタル法人,12,新規,12ヶ月未満
B25025620,8,2026/6/30,12130,0,3200,320,0,3520,福岡支店,レンタル法人,12,新規,12ヶ月未満
B25025620,9,2026/7/31,12130,0,3200,320,0,3520,福岡支店,レンタル法人,12,新規,12ヶ月未満
B25025620,10,2026/8/31,12130,0,3200,320,0,3520,福岡支店,レンタル法人,12,新規,12ヶ月未満
B25025623,1,2025/9/30,13451,0,57600,5760,0,63360,福岡支店,レンタル法人,0,新規,12ヶ月未満
B25025912,1,2025/9/30,10190,0,224273,22427,0,246700,福岡支店,販売,0,新規,12ヶ月未満
B25025999,1,2025/9/30,10190,0,1912700,191270,0,2103970,福岡支店,レンタル法人,1,新規,12ヶ月未満
B25026055,1,2025/10/31,14989,0,10780,1078,0,11858,福岡支店,レンタル法人,60,新規,12ヶ月以上
B25026055,2,2025/11/30,14989,0,3080,308,0,3388,福岡支店,レンタル法人,60,新規,12ヶ月以上
B25026055,3,2025/12/31,14989,0,3080,308,0,3388,福岡支店,レンタル法人,60,新規,12ヶ月以上
B25026055,4,2026/1/31,14989,0,3080,308,0,3388,福岡支店,レンタル法人,60,新規,12ヶ月以上
B25026055,5,2026/2/28,14989,0,3080,308,0,3388,福岡支店,レンタル法人,60,新規,12ヶ月以上
B25026055,6,2026/3/31,14989,0,3080,308,0,3388,福岡支店,レンタル法人,60,新規,12ヶ月以上
B25026055,7,2026/4/30,14989,0,3080,308,0,3388,福岡支店,レンタル法人,60,新規,12ヶ月以上
B25026055,8,2026/5/31,14989,0,3080,308,0,3388,福岡支店,レンタル法人,60,新規,12ヶ月以上
B25026055,9,2026/6/30,14989,0,3080,308,0,3388,福岡支店,レンタル法人,60,新規,12ヶ月以上
B25026055,10,2026/7/31,14989,0,3080,308,0,3388,福岡支店,レンタル法人,60,新規,12ヶ月以上
B25026055,11,2026/8/31,14989,0,3080,308,0,3388,福岡支店,レンタル法人,60,新規,12ヶ月以上
B25026090,1,2025/10/31,17287,0,6160,616,0,6776,福岡支店,レンタル法人,36,新規,12ヶ月以上
B25026090,2,2025/11/30,17287,0,2160,216,0,2376,福岡支店,レンタル法人,36,新規,12ヶ月以上
B25026090,3,2025/12/31,17287,0,2160,216,0,2376,福岡支店,レンタル法人,36,新規,12ヶ月以上
B25026090,4,2026/1/31,17287,0,2160,216,0,2376,福岡支店,レンタル法人,36,新規,12ヶ月以上
B25026090,5,2026/2/28,17287,0,2160,216,0,2376,福岡支店,レンタル法人,36,新規,12ヶ月以上
B25026090,6,2026/3/31,17287,0,2160,216,0,2376,福岡支店,レンタル法人,36,新規,12ヶ月以上
B25026090,7,2026/4/30,17287,0,2160,216,0,2376,福岡支店,レンタル法人,36,新規,12ヶ月以上
B25026090,8,2026/5/31,17287,0,2160,216,0,2376,福岡支店,レンタル法人,36,新規,12ヶ月以上
B25026090,9,2026/6/30,17287,0,2160,216,0,2376,福岡支店,レンタル法人,36,新規,12ヶ月以上
B25026090,10,2026/7/31,17287,0,2160,216,0,2376,福岡支店,レンタル法人,36,新規,12ヶ月以上
B25026090,11,2026/8/31,17287,0,2160,216,0,2376,福岡支店,レンタル法人,36,新規,12ヶ月以上
B25026104,1,2025/10/31,14674,0,0,0,0,0,福岡支店,レンタル法人,1,新規,12ヶ月未満
B25026128,1,2025/9/30,10190,0,2794574,279426,0,3074000,福岡支店,レンタル法人,1,新規,12ヶ月未満
B25026129,1,2025/9/30,10190,0,24150,2415,0,26565,福岡支店,レンタル法人,1,延長,12ヶ月未満
B25026130,1,2025/9/30,10190,0,9200,920,0,10120,福岡支店,レンタル法人,1,延長,12ヶ月未満
B25026131,1,2025/9/30,10190,0,54050,5405,0,59455,福岡支店,レンタル法人,1,延長,12ヶ月未満
B25026150,1,2025/9/30,5759,0,33000,3300,0,36300,福岡支店,レンタル法人,1,延長,12ヶ月未満
B25026152,1,2025/10/31,5759,0,33000,3300,0,36300,福岡支店,レンタル法人,1,延長,12ヶ月未満
B25026235,1,2025/9/30,10190,0,34200,3420,0,37620,福岡支店,レンタル法人,12,新規,12ヶ月未満
B25026235,2,2025/10/31,10190,0,34200,3420,0,37620,福岡支店,レンタル法人,12,新規,12ヶ月未満
B25026235,3,2025/11/30,10190,0,34200,3420,0,37620,福岡支店,レンタル法人,12,新規,12ヶ月未満
B25026235,4,2025/12/31,10190,0,34200,3420,0,37620,福岡支店,レンタル法人,12,新規,12ヶ月未満
B25026235,5,2026/1/31,10190,0,34200,3420,0,37620,福岡支店,レンタル法人,12,新規,12ヶ月未満
B25026235,6,2026/2/28,10190,0,34200,3420,0,37620,福岡支店,レンタル法人,12,新規,12ヶ月未満
B25026235,7,2026/3/31,10190,0,34200,3420,0,37620,福岡支店,レンタル法人,12,新規,12ヶ月未満
B25026235,8,2026/4/30,10190,0,34200,3420,0,37620,福岡支店,レンタル法人,12,新規,12ヶ月未満
B25026235,9,2026/5/31,10190,0,34200,3420,0,37620,福岡支店,レンタル法人,12,新規,12ヶ月未満
B25026235,10,2026/6/30,10190,0,34200,3420,0,37620,福岡支店,レンタル法人,12,新規,12ヶ月未満
B25026235,11,2026/7/31,10190,0,34200,3420,0,37620,福岡支店,レンタル法人,12,新規,12ヶ月未満
B25026235,12,2026/8/31,10190,0,34200,3420,0,37620,福岡支店,レンタル法人,12,新規,12ヶ月未満
B25026254,1,2025/9/30,10190,0,26600,2660,0,29260,福岡支店,レンタル法人,12,新規,12ヶ月未満
B25026254,2,2025/10/31,10190,0,26600,2660,0,29260,福岡支店,レンタル法人,12,新規,12ヶ月未満
B25026254,3,2025/11/30,10190,0,26600,2660,0,29260,福岡支店,レンタル法人,12,新規,12ヶ月未満
B25026254,4,2025/12/31,10190,0,26600,2660,0,29260,福岡支店,レンタル法人,12,新規,12ヶ月未満
B25026254,5,2026/1/31,10190,0,26600,2660,0,29260,福岡支店,レンタル法人,12,新規,12ヶ月未満
B25026254,6,2026/2/28,10190,0,26600,2660,0,29260,福岡支店,レンタル法人,12,新規,12ヶ月未満
B25026254,7,2026/3/31,10190,0,26600,2660,0,29260,福岡支店,レンタル法人,12,新規,12ヶ月未満
B25026254,8,2026/4/30,10190,0,26600,2660,0,29260,福岡支店,レンタル法人,12,新規,12ヶ月未満
B25026254,9,2026/5/31,10190,0,26600,2660,0,29260,福岡支店,レンタル法人,12,新規,12ヶ月未満
B25026254,10,2026/6/30,10190,0,26600,2660,0,29260,福岡支店,レンタル法人,12,新規,12ヶ月未満
B25026254,11,2026/7/31,10190,0,26600,2660,0,29260,福岡支店,レンタル法人,12,新規,12ヶ月未満
B25026254,12,2026/8/31,10190,0,26600,2660,0,29260,福岡支店,レンタル法人,12,新規,12ヶ月未満
B25026257,1,2025/9/30,10190,0,48000,4800,0,52800,福岡支店,レンタル法人,12,新規,12ヶ月未満
B25026257,2,2025/10/31,10190,0,48000,4800,0,52800,福岡支店,レンタル法人,12,新規,12ヶ月未満
B25026257,3,2025/11/30,10190,0,48000,4800,0,52800,福岡支店,レンタル法人,12,新規,12ヶ月未満
B25026257,4,2025/12/31,10190,0,48000,4800,0,52800,福岡支店,レンタル法人,12,新規,12ヶ月未満
B25026257,5,2026/1/31,10190,0,48000,4800,0,52800,福岡支店,レンタル法人,12,新規,12ヶ月未満
B25026257,6,2026/2/28,10190,0,48000,4800,0,52800,福岡支店,レンタル法人,12,新規,12ヶ月未満
B25026257,7,2026/3/31,10190,0,48000,4800,0,52800,福岡支店,レンタル法人,12,新規,12ヶ月未満
B25026257,8,2026/4/30,10190,0,48000,4800,0,52800,福岡支店,レンタル法人,12,新規,12ヶ月未満
B25026257,9,2026/5/31,10190,0,48000,4800,0,52800,福岡支店,レンタル法人,12,新規,12ヶ月未満
B25026257,10,2026/6/30,10190,0,48000,4800,0,52800,福岡支店,レンタル法人,12,新規,12ヶ月未満
B25026257,11,2026/7/31,10190,0,48000,4800,0,52800,福岡支店,レンタル法人,12,新規,12ヶ月未満
B25026257,12,2026/8/31,10190,0,48000,4800,0,52800,福岡支店,レンタル法人,12,新規,12ヶ月未満
B25026302,1,2025/10/31,5911,0,14000,1400,0,15400,福岡支店,レンタル法人,0,新規,12ヶ月未満
B25026317,1,2025/10/31,14736,0,8000,800,0,8800,福岡支店,レンタル法人,2,新規,12ヶ月未満
B25026317,2,2025/11/30,14736,0,6000,600,0,6600,福岡支店,レンタル法人,2,新規,12ヶ月未満
B25026430,1,2025/10/31,17330,0,9400,940,0,10340,福岡支店,レンタル法人,60,新規,12ヶ月以上
B25026430,2,2025/11/30,17330,0,9400,940,0,10340,福岡支店,レンタル法人,60,新規,12ヶ月以上
B25026430,3,2025/12/31,17330,0,9400,940,0,10340,福岡支店,レンタル法人,60,新規,12ヶ月以上
B25026430,4,2026/1/31,17330,0,9400,940,0,10340,福岡支店,レンタル法人,60,新規,12ヶ月以上
B25026430,5,2026/2/28,17330,0,9400,940,0,10340,福岡支店,レンタル法人,60,新規,12ヶ月以上
B25026430,6,2026/3/31,17330,0,9400,940,0,10340,福岡支店,レンタル法人,60,新規,12ヶ月以上
B25026430,7,2026/4/30,17330,0,9400,940,0,10340,福岡支店,レンタル法人,60,新規,12ヶ月以上
B25026430,8,2026/5/31,17330,0,9400,940,0,10340,福岡支店,レンタル法人,60,新規,12ヶ月以上
B25026430,9,2026/6/30,17330,0,9400,940,0,10340,福岡支店,レンタル法人,60,新規,12ヶ月以上
B25026430,10,2026/7/31,17330,0,9400,940,0,10340,福岡支店,レンタル法人,60,新規,12ヶ月以上
B25026430,11,2026/8/31,17330,0,9400,940,0,10340,福岡支店,レンタル法人,60,新規,12ヶ月以上
B25026431,1,2025/10/31,17330,0,9400,940,0,10340,福岡支店,レンタル法人,60,新規,12ヶ月以上
B25026431,2,2025/11/30,17330,0,9400,940,0,10340,福岡支店,レンタル法人,60,新規,12ヶ月以上
B25026431,3,2025/12/31,17330,0,9400,940,0,10340,福岡支店,レンタル法人,60,新規,12ヶ月以上
B25026431,4,2026/1/31,17330,0,9400,940,0,10340,福岡支店,レンタル法人,60,新規,12ヶ月以上
B25026431,5,2026/2/28,17330,0,9400,940,0,10340,福岡支店,レンタル法人,60,新規,12ヶ月以上
B25026431,6,2026/3/31,17330,0,9400,940,0,10340,福岡支店,レンタル法人,60,新規,12ヶ月以上
B25026431,7,2026/4/30,17330,0,9400,940,0,10340,福岡支店,レンタル法人,60,新規,12ヶ月以上
B25026431,8,2026/5/31,17330,0,9400,940,0,10340,福岡支店,レンタル法人,60,新規,12ヶ月以上
B25026431,9,2026/6/30,17330,0,9400,940,0,10340,福岡支店,レンタル法人,60,新規,12ヶ月以上
B25026431,10,2026/7/31,17330,0,9400,940,0,10340,福岡支店,レンタル法人,60,新規,12ヶ月以上
B25026431,11,2026/8/31,17330,0,9400,940,0,10340,福岡支店,レンタル法人,60,新規,12ヶ月以上
B25026453,1,2025/10/31,12248,0,29800,2980,0,32780,福岡支店,レンタル法人,0,新規,12ヶ月未満
B25026496,1,2025/10/31,5759,0,15000,1500,0,16500,福岡支店,レンタル法人,0,新規,12ヶ月未満
B25026500,1,2025/11/30,5759,0,50000,5000,0,55000,福岡支店,レンタル法人,1,新規,12ヶ月未満
B25026591,1,2025/10/31,5759,0,27000,2700,0,29700,福岡支店,レンタル法人,0,新規,12ヶ月未満
B25026701,1,2025/10/31,11235,0,81700,8170,0,89870,福岡支店,レンタル法人,1,新規,12ヶ月未満
B25026709,1,2025/10/31,11235,0,0,0,0,0,福岡支店,レンタル法人,0,新規,12ヶ月未満
B25026766,0,2025/10/14,17325,36300,0,0,0,36300,福岡支店,販売,0,新規,12ヶ月未満
B25026766,1,2025/10/31,17325,0,33000,3300,36300,0,福岡支店,販売,0,新規,12ヶ月未満
B25026818,1,2025/10/31,10190,0,590000,59000,0,649000,福岡支店,役務,0,新規,12ヶ月未満
B25027013,1,2025/9/30,10741,0,1980,198,0,2178,福岡支店,レンタル法人,12,延長,12ヶ月未満
B25027013,2,2025/10/31,10741,0,1980,198,0,2178,福岡支店,レンタル法人,12,延長,12ヶ月未満
B25027013,3,2025/11/30,10741,0,1980,198,0,2178,福岡支店,レンタル法人,12,延長,12ヶ月未満
B25027013,4,2025/12/31,10741,0,1980,198,0,2178,福岡支店,レンタル法人,12,延長,12ヶ月未満
B25027013,5,2026/1/31,10741,0,1980,198,0,2178,福岡支店,レンタル法人,12,延長,12ヶ月未満
B25027013,6,2026/2/28,10741,0,1980,198,0,2178,福岡支店,レンタル法人,12,延長,12ヶ月未満
B25027013,7,2026/3/31,10741,0,1980,198,0,2178,福岡支店,レンタル法人,12,延長,12ヶ月未満
B25027013,8,2026/4/30,10741,0,1980,198,0,2178,福岡支店,レンタル法人,12,延長,12ヶ月未満
B25027013,9,2026/5/31,10741,0,1980,198,0,2178,福岡支店,レンタル法人,12,延長,12ヶ月未満
B25027013,10,2026/6/30,10741,0,1980,198,0,2178,福岡支店,レンタル法人,12,延長,12ヶ月未満
B25027013,11,2026/7/31,10741,0,1980,198,0,2178,福岡支店,レンタル法人,12,延長,12ヶ月未満
B25027013,12,2026/8/31,10741,0,1980,198,0,2178,福岡支店,レンタル法人,12,延長,12ヶ月未満
B25027032,1,2025/9/30,15272,0,12000,1200,0,13200,福岡支店,レンタル法人,1,延長,12ヶ月未満
B25027033,1,2025/9/30,15272,0,2980,298,0,3278,福岡支店,レンタル法人,1,延長,12ヶ月未満
B25027156,1,2025/9/30,12961,0,5000,500,0,5500,福岡支店,レンタル法人,6,延長,12ヶ月未満
B25027156,2,2025/10/31,12961,0,5000,500,0,5500,福岡支店,レンタル法人,6,延長,12ヶ月未満
B25027156,3,2025/11/30,12961,0,5000,500,0,5500,福岡支店,レンタル法人,6,延長,12ヶ月未満
B25027156,4,2025/12/31,12961,0,5000,500,0,5500,福岡支店,レンタル法人,6,延長,12ヶ月未満
B25027156,5,2026/1/31,12961,0,5000,500,0,5500,福岡支店,レンタル法人,6,延長,12ヶ月未満
B25027156,6,2026/2/28,12961,0,5000,500,0,5500,福岡支店,レンタル法人,6,延長,12ヶ月未満
B25027157,1,2025/10/20,14953,0,5600,560,0,6160,福岡支店,レンタル法人,1,延長,12ヶ月未満
B25027158,1,2025/10/31,4909,0,21000,2100,0,23100,福岡支店,レンタル法人,1,延長,12ヶ月未満
B25027161,1,2025/9/30,11182,0,12270,1227,0,13497,福岡支店,レンタル法人,1,延長,12ヶ月未満
B25027165,1,2025/10/31,5759,0,12000,1200,0,13200,福岡支店,レンタル法人,0,新規,12ヶ月未満
B25027166,1,2025/10/31,5759,0,9600,960,0,10560,福岡支店,レンタル法人,1,延長,12ヶ月未満
B25027168,1,2025/10/31,7602,0,7200,720,0,7920,福岡支店,レンタル法人,1,延長,12ヶ月未満
B25027351,1,2025/9/30,14901,0,4080,408,0,4488,福岡支店,レンタル法人,1,延長,12ヶ月未満
B25027384,1,2025/10/31,7602,0,11100,1110,0,12210,福岡支店,レンタル法人,12,新規,12ヶ月未満
B25027384,2,2025/11/30,7602,0,6500,650,0,7150,福岡支店,レンタル法人,12,新規,12ヶ月未満
B25027384,3,2025/12/31,7602,0,6500,650,0,7150,福岡支店,レンタル法人,12,新規,12ヶ月未満
B25027384,4,2026/1/31,7602,0,6500,650,0,7150,福岡支店,レンタル法人,12,新規,12ヶ月未満
B25027384,5,2026/2/28,7602,0,6500,650,0,7150,福岡支店,レンタル法人,12,新規,12ヶ月未満
B25027384,6,2026/3/31,7602,0,6500,650,0,7150,福岡支店,レンタル法人,12,新規,12ヶ月未満
B25027384,7,2026/4/30,7602,0,6500,650,0,7150,福岡支店,レンタル法人,12,新規,12ヶ月未満
B25027384,8,2026/5/31,7602,0,6500,650,0,7150,福岡支店,レンタル法人,12,新規,12ヶ月未満
B25027384,9,2026/6/30,7602,0,6500,650,0,7150,福岡支店,レンタル法人,12,新規,12ヶ月未満
B25027384,10,2026/7/31,7602,0,6500,650,0,7150,福岡支店,レンタル法人,12,新規,12ヶ月未満
B25027384,11,2026/8/31,7602,0,6500,650,0,7150,福岡支店,レンタル法人,12,新規,12ヶ月未満
B25027439,1,2025/9/30,17441,0,3637,363,0,4000,福岡支店,レンタル法人,36,新規,12ヶ月以上
B25027439,2,2025/10/31,17441,0,3637,363,0,4000,福岡支店,レンタル法人,36,新規,12ヶ月以上
B25027439,3,2025/11/30,17441,0,3637,363,0,4000,福岡支店,レンタル法人,36,新規,12ヶ月以上
B25027439,4,2025/12/31,17441,0,3637,363,0,4000,福岡支店,レンタル法人,36,新規,12ヶ月以上
B25027439,5,2026/1/31,17441,0,3637,363,0,4000,福岡支店,レンタル法人,36,新規,12ヶ月以上
B25027439,6,2026/2/28,17441,0,3637,363,0,4000,福岡支店,レンタル法人,36,新規,12ヶ月以上
B25027439,7,2026/3/31,17441,0,3637,363,0,4000,福岡支店,レンタル法人,36,新規,12ヶ月以上
B25027439,8,2026/4/30,17441,0,3637,363,0,4000,福岡支店,レンタル法人,36,新規,12ヶ月以上
B25027439,9,2026/5/31,17441,0,3637,363,0,4000,福岡支店,レンタル法人,36,新規,12ヶ月以上
B25027439,10,2026/6/30,17441,0,3637,363,0,4000,福岡支店,レンタル法人,36,新規,12ヶ月以上
B25027439,11,2026/7/31,17441,0,3637,363,0,4000,福岡支店,レンタル法人,36,新規,12ヶ月以上
B25027439,12,2026/8/31,17441,0,3637,363,0,4000,福岡支店,レンタル法人,36,新規,12ヶ月以上
B25027440,1,2025/9/30,17442,0,24819,2481,0,27300,福岡支店,レンタル法人,60,新規,12ヶ月以上
B25027440,2,2025/10/31,17442,0,24819,2481,0,27300,福岡支店,レンタル法人,60,新規,12ヶ月以上
B25027440,3,2025/11/30,17442,0,24819,2481,0,27300,福岡支店,レンタル法人,60,新規,12ヶ月以上
B25027440,4,2025/12/31,17442,0,24819,2481,0,27300,福岡支店,レンタル法人,60,新規,12ヶ月以上
B25027440,5,2026/1/31,17442,0,24819,2481,0,27300,福岡支店,レンタル法人,60,新規,12ヶ月以上
B25027440,6,2026/2/28,17442,0,24819,2481,0,27300,福岡支店,レンタル法人,60,新規,12ヶ月以上
B25027440,7,2026/3/31,17442,0,24819,2481,0,27300,福岡支店,レンタル法人,60,新規,12ヶ月以上
B25027440,8,2026/4/30,17442,0,24819,2481,0,27300,福岡支店,レンタル法人,60,新規,12ヶ月以上
B25027440,9,2026/5/31,17442,0,24819,2481,0,27300,福岡支店,レンタル法人,60,新規,12ヶ月以上
B25027440,10,2026/6/30,17442,0,24819,2481,0,27300,福岡支店,レンタル法人,60,新規,12ヶ月以上
B25027440,11,2026/7/31,17442,0,24819,2481,0,27300,福岡支店,レンタル法人,60,新規,12ヶ月以上
B25027440,12,2026/8/31,17442,0,24819,2481,0,27300,福岡支店,レンタル法人,60,新規,12ヶ月以上
B25027491,1,2025/11/30,16404,0,42820,4282,0,47102,福岡支店,レンタル法人,60,新規,12ヶ月以上
B25027491,2,2025/12/31,16404,0,30820,3082,0,33902,福岡支店,レンタル法人,60,新規,12ヶ月以上
B25027491,3,2026/1/31,16404,0,30820,3082,0,33902,福岡支店,レンタル法人,60,新規,12ヶ月以上
B25027491,4,2026/2/28,16404,0,30820,3082,0,33902,福岡支店,レンタル法人,60,新規,12ヶ月以上
B25027491,5,2026/3/31,16404,0,30820,3082,0,33902,福岡支店,レンタル法人,60,新規,12ヶ月以上
B25027491,6,2026/4/30,16404,0,30820,3082,0,33902,福岡支店,レンタル法人,60,新規,12ヶ月以上
B25027491,7,2026/5/31,16404,0,30820,3082,0,33902,福岡支店,レンタル法人,60,新規,12ヶ月以上
B25027491,8,2026/6/30,16404,0,30820,3082,0,33902,福岡支店,レンタル法人,60,新規,12ヶ月以上
B25027491,9,2026/7/31,16404,0,30820,3082,0,33902,福岡支店,レンタル法人,60,新規,12ヶ月以上
B25027491,10,2026/8/31,16404,0,30820,3082,0,33902,福岡支店,レンタル法人,60,新規,12ヶ月以上
B25027559,1,2025/10/31,14901,0,8080,808,0,8888,福岡支店,レンタル法人,3,新規,12ヶ月未満
B25027559,2,2025/11/30,14901,0,4080,408,0,4488,福岡支店,レンタル法人,3,新規,12ヶ月未満
B25027559,3,2025/12/31,14901,0,4080,408,0,4488,福岡支店,レンタル法人,3,新規,12ヶ月未満
B25027725,1,2025/10/31,17459,0,7500,750,0,8250,福岡支店,レンタル法人,36,新規,12ヶ月以上
B25027725,2,2025/11/30,17459,0,5000,500,0,5500,福岡支店,レンタル法人,36,新規,12ヶ月以上
B25027725,3,2025/12/31,17459,0,5000,500,0,5500,福岡支店,レンタル法人,36,新規,12ヶ月以上
B25027725,4,2026/1/31,17459,0,5000,500,0,5500,福岡支店,レンタル法人,36,新規,12ヶ月以上
B25027725,5,2026/2/28,17459,0,5000,500,0,5500,福岡支店,レンタル法人,36,新規,12ヶ月以上
B25027725,6,2026/3/31,17459,0,5000,500,0,5500,福岡支店,レンタル法人,36,新規,12ヶ月以上
B25027725,7,2026/4/30,17459,0,5000,500,0,5500,福岡支店,レンタル法人,36,新規,12ヶ月以上
B25027725,8,2026/5/31,17459,0,5000,500,0,5500,福岡支店,レンタル法人,36,新規,12ヶ月以上
B25027725,9,2026/6/30,17459,0,5000,500,0,5500,福岡支店,レンタル法人,36,新規,12ヶ月以上
B25027725,10,2026/7/31,17459,0,5000,500,0,5500,福岡支店,レンタル法人,36,新規,12ヶ月以上
B25027725,11,2026/8/31,17459,0,5000,500,0,5500,福岡支店,レンタル法人,36,新規,12ヶ月以上
B25027782,1,2025/10/31,17330,0,14000,1400,0,15400,福岡支店,レンタル法人,60,新規,12ヶ月以上
B25027782,2,2025/11/30,17330,0,14000,1400,0,15400,福岡支店,レンタル法人,60,新規,12ヶ月以上
B25027782,3,2025/12/31,17330,0,14000,1400,0,15400,福岡支店,レンタル法人,60,新規,12ヶ月以上
B25027782,4,2026/1/31,17330,0,14000,1400,0,15400,福岡支店,レンタル法人,60,新規,12ヶ月以上
B25027782,5,2026/2/28,17330,0,14000,1400,0,15400,福岡支店,レンタル法人,60,新規,12ヶ月以上
B25027782,6,2026/3/31,17330,0,14000,1400,0,15400,福岡支店,レンタル法人,60,新規,12ヶ月以上
B25027782,7,2026/4/30,17330,0,14000,1400,0,15400,福岡支店,レンタル法人,60,新規,12ヶ月以上
B25027782,8,2026/5/31,17330,0,14000,1400,0,15400,福岡支店,レンタル法人,60,新規,12ヶ月以上
B25027782,9,2026/6/30,17330,0,14000,1400,0,15400,福岡支店,レンタル法人,60,新規,12ヶ月以上
B25027782,10,2026/7/31,17330,0,14000,1400,0,15400,福岡支店,レンタル法人,60,新規,12ヶ月以上
B25027782,11,2026/8/31,17330,0,14000,1400,0,15400,福岡支店,レンタル法人,60,新規,12ヶ月以上
B25027783,1,2025/10/31,17330,0,14000,1400,0,15400,福岡支店,レンタル法人,60,新規,12ヶ月以上
B25027783,2,2025/11/30,17330,0,14000,1400,0,15400,福岡支店,レンタル法人,60,新規,12ヶ月以上
B25027783,3,2025/12/31,17330,0,14000,1400,0,15400,福岡支店,レンタル法人,60,新規,12ヶ月以上
B25027783,4,2026/1/31,17330,0,14000,1400,0,15400,福岡支店,レンタル法人,60,新規,12ヶ月以上
B25027783,5,2026/2/28,17330,0,14000,1400,0,15400,福岡支店,レンタル法人,60,新規,12ヶ月以上
B25027783,6,2026/3/31,17330,0,14000,1400,0,15400,福岡支店,レンタル法人,60,新規,12ヶ月以上
B25027783,7,2026/4/30,17330,0,14000,1400,0,15400,福岡支店,レンタル法人,60,新規,12ヶ月以上
B25027783,8,2026/5/31,17330,0,14000,1400,0,15400,福岡支店,レンタル法人,60,新規,12ヶ月以上
B25027783,9,2026/6/30,17330,0,14000,1400,0,15400,福岡支店,レンタル法人,60,新規,12ヶ月以上
B25027783,10,2026/7/31,17330,0,14000,1400,0,15400,福岡支店,レンタル法人,60,新規,12ヶ月以上
B25027783,11,2026/8/31,17330,0,14000,1400,0,15400,福岡支店,レンタル法人,60,新規,12ヶ月以上
B25027784,1,2025/10/31,17330,0,14000,1400,0,15400,福岡支店,レンタル法人,60,新規,12ヶ月以上
B25027784,2,2025/11/30,17330,0,14000,1400,0,15400,福岡支店,レンタル法人,60,新規,12ヶ月以上
B25027784,3,2025/12/31,17330,0,14000,1400,0,15400,福岡支店,レンタル法人,60,新規,12ヶ月以上
B25027784,4,2026/1/31,17330,0,14000,1400,0,15400,福岡支店,レンタル法人,60,新規,12ヶ月以上
B25027784,5,2026/2/28,17330,0,14000,1400,0,15400,福岡支店,レンタル法人,60,新規,12ヶ月以上
B25027784,6,2026/3/31,17330,0,14000,1400,0,15400,福岡支店,レンタル法人,60,新規,12ヶ月以上
B25027784,7,2026/4/30,17330,0,14000,1400,0,15400,福岡支店,レンタル法人,60,新規,12ヶ月以上
B25027784,8,2026/5/31,17330,0,14000,1400,0,15400,福岡支店,レンタル法人,60,新規,12ヶ月以上
B25027784,9,2026/6/30,17330,0,14000,1400,0,15400,福岡支店,レンタル法人,60,新規,12ヶ月以上
B25027784,10,2026/7/31,17330,0,14000,1400,0,15400,福岡支店,レンタル法人,60,新規,12ヶ月以上
B25027784,11,2026/8/31,17330,0,14000,1400,0,15400,福岡支店,レンタル法人,60,新規,12ヶ月以上
B25027820,1,2025/10/31,11102,0,6500,650,0,7150,福岡支店,レンタル法人,12,延長,12ヶ月未満
B25027820,2,2025/11/30,11102,0,6500,650,0,7150,福岡支店,レンタル法人,12,延長,12ヶ月未満
B25027820,3,2025/12/31,11102,0,6500,650,0,7150,福岡支店,レンタル法人,12,延長,12ヶ月未満
B25027820,4,2026/1/31,11102,0,6500,650,0,7150,福岡支店,レンタル法人,12,延長,12ヶ月未満
B25027820,5,2026/2/28,11102,0,6500,650,0,7150,福岡支店,レンタル法人,12,延長,12ヶ月未満
B25027820,6,2026/3/31,11102,0,6500,650,0,7150,福岡支店,レンタル法人,12,延長,12ヶ月未満
B25027820,7,2026/4/30,11102,0,6500,650,0,7150,福岡支店,レンタル法人,12,延長,12ヶ月未満
B25027820,8,2026/5/31,11102,0,6500,650,0,7150,福岡支店,レンタル法人,12,延長,12ヶ月未満
B25027820,9,2026/6/30,11102,0,6500,650,0,7150,福岡支店,レンタル法人,12,延長,12ヶ月未満
B25027820,10,2026/7/31,11102,0,6500,650,0,7150,福岡支店,レンタル法人,12,延長,12ヶ月未満
B25027820,11,2026/8/31,11102,0,6500,650,0,7150,福岡支店,レンタル法人,12,延長,12ヶ月未満
B25027834,1,2025/10/31,14098,0,6800,680,0,7480,福岡支店,レンタル法人,36,新規,12ヶ月以上
B25027834,2,2025/11/30,14098,0,2300,230,0,2530,福岡支店,レンタル法人,36,新規,12ヶ月以上
B25027834,3,2025/12/31,14098,0,2300,230,0,2530,福岡支店,レンタル法人,36,新規,12ヶ月以上
B25027834,4,2026/1/31,14098,0,2300,230,0,2530,福岡支店,レンタル法人,36,新規,12ヶ月以上
B25027834,5,2026/2/28,14098,0,2300,230,0,2530,福岡支店,レンタル法人,36,新規,12ヶ月以上
B25027834,6,2026/3/31,14098,0,2300,230,0,2530,福岡支店,レンタル法人,36,新規,12ヶ月以上
B25027834,7,2026/4/30,14098,0,2300,230,0,2530,福岡支店,レンタル法人,36,新規,12ヶ月以上
B25027834,8,2026/5/31,14098,0,2300,230,0,2530,福岡支店,レンタル法人,36,新規,12ヶ月以上
B25027834,9,2026/6/30,14098,0,2300,230,0,2530,福岡支店,レンタル法人,36,新規,12ヶ月以上
B25027834,10,2026/7/31,14098,0,2300,230,0,2530,福岡支店,レンタル法人,36,新規,12ヶ月以上
B25027834,11,2026/8/31,14098,0,2300,230,0,2530,福岡支店,レンタル法人,36,新規,12ヶ月以上
B25027854,1,2025/10/31,14674,0,31500,3150,0,34650,福岡支店,レンタル法人,60,新規,12ヶ月以上
B25027854,2,2025/11/30,14674,0,7000,700,0,7700,福岡支店,レンタル法人,60,新規,12ヶ月以上
B25027854,3,2025/12/31,14674,0,7000,700,0,7700,福岡支店,レンタル法人,60,新規,12ヶ月以上
B25027854,4,2026/1/31,14674,0,7000,700,0,7700,福岡支店,レンタル法人,60,新規,12ヶ月以上
B25027854,5,2026/2/28,14674,0,7000,700,0,7700,福岡支店,レンタル法人,60,新規,12ヶ月以上
B25027854,6,2026/3/31,14674,0,7000,700,0,7700,福岡支店,レンタル法人,60,新規,12ヶ月以上
B25027854,7,2026/4/30,14674,0,7000,700,0,7700,福岡支店,レンタル法人,60,新規,12ヶ月以上
B25027854,8,2026/5/31,14674,0,7000,700,0,7700,福岡支店,レンタル法人,60,新規,12ヶ月以上
B25027854,9,2026/6/30,14674,0,7000,700,0,7700,福岡支店,レンタル法人,60,新規,12ヶ月以上
B25027854,10,2026/7/31,14674,0,7000,700,0,7700,福岡支店,レンタル法人,60,新規,12ヶ月以上
B25027854,11,2026/8/31,14674,0,7000,700,0,7700,福岡支店,レンタル法人,60,新規,12ヶ月以上
B25028189,1,2025/10/31,5759,0,102000,10200,0,112200,福岡支店,レンタル法人,0,新規,12ヶ月未満
B25028193,1,2025/12/31,5759,0,2295000,229500,0,2524500,福岡支店,レンタル法人,4,新規,12ヶ月未満
B25028200,1,2025/10/31,5759,0,60000,6000,0,66000,福岡支店,レンタル法人,0,新規,12ヶ月未満
B25028228,1,2025/10/31,16345,0,56660,5666,0,62326,福岡支店,レンタル法人,36,新規,12ヶ月以上
B25028230,1,2025/10/31,16345,0,56660,5666,0,62326,福岡支店,レンタル法人,36,新規,12ヶ月以上
B25028231,1,2025/10/31,16345,0,56660,5666,0,62326,福岡支店,レンタル法人,36,新規,12ヶ月以上
B25028236,1,2025/10/31,12987,0,6200,620,0,6820,福岡支店,レンタル法人,60,新規,12ヶ月以上
B25028236,2,2025/11/30,12987,0,1700,170,0,1870,福岡支店,レンタル法人,60,新規,12ヶ月以上
B25028236,3,2025/12/31,12987,0,1700,170,0,1870,福岡支店,レンタル法人,60,新規,12ヶ月以上
B25028236,4,2026/1/31,12987,0,1700,170,0,1870,福岡支店,レンタル法人,60,新規,12ヶ月以上
B25028236,5,2026/2/28,12987,0,1700,170,0,1870,福岡支店,レンタル法人,60,新規,12ヶ月以上
B25028236,6,2026/3/31,12987,0,1700,170,0,1870,福岡支店,レンタル法人,60,新規,12ヶ月以上
B25028236,7,2026/4/30,12987,0,1700,170,0,1870,福岡支店,レンタル法人,60,新規,12ヶ月以上
B25028236,8,2026/5/31,12987,0,1700,170,0,1870,福岡支店,レンタル法人,60,新規,12ヶ月以上
B25028236,9,2026/6/30,12987,0,1700,170,0,1870,福岡支店,レンタル法人,60,新規,12ヶ月以上
B25028236,10,2026/7/31,12987,0,1700,170,0,1870,福岡支店,レンタル法人,60,新規,12ヶ月以上
B25028236,11,2026/8/31,12987,0,1700,170,0,1870,福岡支店,レンタル法人,60,新規,12ヶ月以上
B25028297,1,2025/10/31,5759,0,130000,13000,0,143000,福岡支店,レンタル法人,1,新規,12ヶ月未満
B25028340,1,2025/10/31,5759,0,27000,2700,0,29700,福岡支店,レンタル法人,0,新規,12ヶ月未満
B25028354,1,2025/10/31,14213,0,256800,25680,0,282480,福岡支店,レンタル法人,1,新規,12ヶ月未満
B25028395,1,2025/10/31,17505,0,26909,2690,0,29599,福岡支店,レンタル法人,60,新規,12ヶ月以上
B25028395,2,2025/11/30,17505,0,26909,2690,0,29599,福岡支店,レンタル法人,60,新規,12ヶ月以上
B25028395,3,2025/12/31,17505,0,26909,2690,0,29599,福岡支店,レンタル法人,60,新規,12ヶ月以上
B25028395,4,2026/1/31,17505,0,26909,2690,0,29599,福岡支店,レンタル法人,60,新規,12ヶ月以上
B25028395,5,2026/2/28,17505,0,26909,2690,0,29599,福岡支店,レンタル法人,60,新規,12ヶ月以上
B25028395,6,2026/3/31,17505,0,26909,2690,0,29599,福岡支店,レンタル法人,60,新規,12ヶ月以上
B25028395,7,2026/4/30,17505,0,26909,2690,0,29599,福岡支店,レンタル法人,60,新規,12ヶ月以上
B25028395,8,2026/5/31,17505,0,26909,2690,0,29599,福岡支店,レンタル法人,60,新規,12ヶ月以上
B25028395,9,2026/6/30,17505,0,26909,2690,0,29599,福岡支店,レンタル法人,60,新規,12ヶ月以上
B25028395,10,2026/7/31,17505,0,26909,2690,0,29599,福岡支店,レンタル法人,60,新規,12ヶ月以上
B25028395,11,2026/8/31,17505,0,26909,2690,0,29599,福岡支店,レンタル法人,60,新規,12ヶ月以上
B25028461,1,2025/10/31,5759,0,270000,27000,0,297000,福岡支店,レンタル法人,6,新規,12ヶ月未満
B25028463,1,2025/10/31,7602,0,10800,1080,0,11880,福岡支店,レンタル法人,12,新規,12ヶ月未満
B25028463,2,2025/11/30,7602,0,6200,620,0,6820,福岡支店,レンタル法人,12,新規,12ヶ月未満
B25028463,3,2025/12/31,7602,0,6200,620,0,6820,福岡支店,レンタル法人,12,新規,12ヶ月未満
B25028463,4,2026/1/31,7602,0,6200,620,0,6820,福岡支店,レンタル法人,12,新規,12ヶ月未満
B25028463,5,2026/2/28,7602,0,6200,620,0,6820,福岡支店,レンタル法人,12,新規,12ヶ月未満
B25028463,6,2026/3/31,7602,0,6200,620,0,6820,福岡支店,レンタル法人,12,新規,12ヶ月未満
B25028463,7,2026/4/30,7602,0,6200,620,0,6820,福岡支店,レンタル法人,12,新規,12ヶ月未満
B25028463,8,2026/5/31,7602,0,6200,620,0,6820,福岡支店,レンタル法人,12,新規,12ヶ月未満
B25028463,9,2026/6/30,7602,0,6200,620,0,6820,福岡支店,レンタル法人,12,新規,12ヶ月未満
B25028463,10,2026/7/31,7602,0,6200,620,0,6820,福岡支店,レンタル法人,12,新規,12ヶ月未満
B25028463,11,2026/8/31,7602,0,6200,620,0,6820,福岡支店,レンタル法人,12,新規,12ヶ月未満
B25028768,1,2025/11/30,16903,0,200,20,0,220,福岡支店,レンタル法人,57,新規,12ヶ月以上
B25028768,2,2025/12/31,16903,0,200,20,0,220,福岡支店,レンタル法人,57,新規,12ヶ月以上
B25028768,3,2026/1/31,16903,0,200,20,0,220,福岡支店,レンタル法人,57,新規,12ヶ月以上
B25028768,4,2026/2/28,16903,0,200,20,0,220,福岡支店,レンタル法人,57,新規,12ヶ月以上
B25028768,5,2026/3/31,16903,0,200,20,0,220,福岡支店,レンタル法人,57,新規,12ヶ月以上
B25028768,6,2026/4/30,16903,0,200,20,0,220,福岡支店,レンタル法人,57,新規,12ヶ月以上
B25028768,7,2026/5/31,16903,0,200,20,0,220,福岡支店,レンタル法人,57,新規,12ヶ月以上
B25028768,8,2026/6/30,16903,0,200,20,0,220,福岡支店,レンタル法人,57,新規,12ヶ月以上
B25028768,9,2026/7/31,16903,0,200,20,0,220,福岡支店,レンタル法人,57,新規,12ヶ月以上
B25028768,10,2026/8/31,16903,0,200,20,0,220,福岡支店,レンタル法人,57,新規,12ヶ月以上
B25028819,1,2025/11/30,15267,0,45150,4515,0,49665,福岡支店,レンタル法人,60,新規,12ヶ月以上
B25028819,2,2025/12/31,15267,0,36450,3645,0,40095,福岡支店,レンタル法人,60,新規,12ヶ月以上
B25028819,3,2026/1/31,15267,0,36450,3645,0,40095,福岡支店,レンタル法人,60,新規,12ヶ月以上
B25028819,4,2026/2/28,15267,0,36450,3645,0,40095,福岡支店,レンタル法人,60,新規,12ヶ月以上
B25028819,5,2026/3/31,15267,0,36450,3645,0,40095,福岡支店,レンタル法人,60,新規,12ヶ月以上
B25028819,6,2026/4/30,15267,0,36450,3645,0,40095,福岡支店,レンタル法人,60,新規,12ヶ月以上
B25028819,7,2026/5/31,15267,0,36450,3645,0,40095,福岡支店,レンタル法人,60,新規,12ヶ月以上
B25028819,8,2026/6/30,15267,0,36450,3645,0,40095,福岡支店,レンタル法人,60,新規,12ヶ月以上
B25028819,9,2026/7/31,15267,0,36450,3645,0,40095,福岡支店,レンタル法人,60,新規,12ヶ月以上
B25028819,10,2026/8/31,15267,0,36450,3645,0,40095,福岡支店,レンタル法人,60,新規,12ヶ月以上
B25028942,1,2025/11/30,10190,0,164450,16445,0,180895,福岡支店,レンタル法人,60,新規,12ヶ月以上
B25028942,2,2025/12/31,10190,0,164450,16445,0,180895,福岡支店,レンタル法人,60,新規,12ヶ月以上
B25028942,3,2026/1/31,10190,0,164450,16445,0,180895,福岡支店,レンタル法人,60,新規,12ヶ月以上
B25028942,4,2026/2/28,10190,0,164450,16445,0,180895,福岡支店,レンタル法人,60,新規,12ヶ月以上
B25028942,5,2026/3/31,10190,0,164450,16445,0,180895,福岡支店,レンタル法人,60,新規,12ヶ月以上
B25028942,6,2026/4/30,10190,0,164450,16445,0,180895,福岡支店,レンタル法人,60,新規,12ヶ月以上
B25028942,7,2026/5/31,10190,0,164450,16445,0,180895,福岡支店,レンタル法人,60,新規,12ヶ月以上
B25028942,8,2026/6/30,10190,0,164450,16445,0,180895,福岡支店,レンタル法人,60,新規,12ヶ月以上
B25028942,9,2026/7/31,10190,0,164450,16445,0,180895,福岡支店,レンタル法人,60,新規,12ヶ月以上
B25028942,10,2026/8/31,10190,0,164450,16445,0,180895,福岡支店,レンタル法人,60,新規,12ヶ月以上
B25028946,1,2025/10/31,5759,0,10000,1000,0,11000,福岡支店,レンタル法人,1,新規,12ヶ月未満
B25028947,1,2025/10/31,5759,0,20000,2000,0,22000,福岡支店,レンタル法人,1,新規,12ヶ月未満
B25028948,1,2025/10/31,5759,0,30000,3000,0,33000,福岡支店,レンタル法人,0,新規,12ヶ月未満
B25028949,1,2025/10/31,8253,0,115000,11500,0,126500,福岡支店,レンタル法人,0,新規,12ヶ月未満
B25028957,1,2025/11/30,13915,0,9500,950,0,10450,福岡支店,レンタル法人,60,新規,12ヶ月以上
B25028957,2,2025/12/31,13915,0,9500,950,0,10450,福岡支店,レンタル法人,60,新規,12ヶ月以上
B25028957,3,2026/1/31,13915,0,9500,950,0,10450,福岡支店,レンタル法人,60,新規,12ヶ月以上
B25028957,4,2026/2/28,13915,0,9500,950,0,10450,福岡支店,レンタル法人,60,新規,12ヶ月以上
B25028957,5,2026/3/31,13915,0,9500,950,0,10450,福岡支店,レンタル法人,60,新規,12ヶ月以上
B25028957,6,2026/4/30,13915,0,9500,950,0,10450,福岡支店,レンタル法人,60,新規,12ヶ月以上
B25028957,7,2026/5/31,13915,0,9500,950,0,10450,福岡支店,レンタル法人,60,新規,12ヶ月以上
B25028957,8,2026/6/30,13915,0,9500,950,0,10450,福岡支店,レンタル法人,60,新規,12ヶ月以上
B25028957,9,2026/7/31,13915,0,9500,950,0,10450,福岡支店,レンタル法人,60,新規,12ヶ月以上
B25028957,10,2026/8/31,13915,0,9500,950,0,10450,福岡支店,レンタル法人,60,新規,12ヶ月以上
B25029003,1,2025/11/30,16209,0,15460,1546,0,17006,福岡支店,レンタル法人,36,新規,12ヶ月以上
B25029003,2,2025/12/31,16209,0,10560,1056,0,11616,福岡支店,レンタル法人,36,新規,12ヶ月以上
B25029003,3,2026/1/31,16209,0,10560,1056,0,11616,福岡支店,レンタル法人,36,新規,12ヶ月以上
B25029003,4,2026/2/28,16209,0,10560,1056,0,11616,福岡支店,レンタル法人,36,新規,12ヶ月以上
B25029003,5,2026/3/31,16209,0,10560,1056,0,11616,福岡支店,レンタル法人,36,新規,12ヶ月以上
B25029003,6,2026/4/30,16209,0,10560,1056,0,11616,福岡支店,レンタル法人,36,新規,12ヶ月以上
B25029003,7,2026/5/31,16209,0,10560,1056,0,11616,福岡支店,レンタル法人,36,新規,12ヶ月以上
B25029003,8,2026/6/30,16209,0,10560,1056,0,11616,福岡支店,レンタル法人,36,新規,12ヶ月以上
B25029003,9,2026/7/31,16209,0,10560,1056,0,11616,福岡支店,レンタル法人,36,新規,12ヶ月以上
B25029003,10,2026/8/31,16209,0,10560,1056,0,11616,福岡支店,レンタル法人,36,新規,12ヶ月以上
B25029213,1,2025/10/31,11102,0,200,20,0,220,福岡支店,レンタル法人,12,新規,12ヶ月未満
B25029213,2,2025/11/30,11102,0,200,20,0,220,福岡支店,レンタル法人,12,新規,12ヶ月未満
B25029213,3,2025/12/31,11102,0,200,20,0,220,福岡支店,レンタル法人,12,新規,12ヶ月未満
B25029213,4,2026/1/31,11102,0,200,20,0,220,福岡支店,レンタル法人,12,新規,12ヶ月未満
B25029213,5,2026/2/28,11102,0,200,20,0,220,福岡支店,レンタル法人,12,新規,12ヶ月未満
B25029213,6,2026/3/31,11102,0,200,20,0,220,福岡支店,レンタル法人,12,新規,12ヶ月未満
B25029213,7,2026/4/30,11102,0,200,20,0,220,福岡支店,レンタル法人,12,新規,12ヶ月未満
B25029213,8,2026/5/31,11102,0,200,20,0,220,福岡支店,レンタル法人,12,新規,12ヶ月未満
B25029213,9,2026/6/30,11102,0,200,20,0,220,福岡支店,レンタル法人,12,新規,12ヶ月未満
B25029213,10,2026/7/31,11102,0,200,20,0,220,福岡支店,レンタル法人,12,新規,12ヶ月未満
B25029213,11,2026/8/31,11102,0,200,20,0,220,福岡支店,レンタル法人,12,新規,12ヶ月未満
B25029332,1,2026/1/31,14452,0,308800,30880,0,339680,福岡支店,レンタル法人,0,新規,12ヶ月未満
B25029339,1,2025/10/31,5759,0,14400,1440,0,15840,福岡支店,レンタル法人,0,新規,12ヶ月未満
B25029422,1,2025/10/31,14122,0,95310,9531,0,104841,福岡支店,販売,0,新規,12ヶ月未満
B25029423,1,2025/11/30,12130,0,18300,1830,0,20130,福岡支店,レンタル法人,12,新規,12ヶ月未満
B25029423,2,2025/12/31,12130,0,7500,750,0,8250,福岡支店,レンタル法人,12,新規,12ヶ月未満
B25029423,3,2026/1/31,12130,0,7500,750,0,8250,福岡支店,レンタル法人,12,新規,12ヶ月未満
B25029423,4,2026/2/28,12130,0,7500,750,0,8250,福岡支店,レンタル法人,12,新規,12ヶ月未満
B25029423,5,2026/3/31,12130,0,7500,750,0,8250,福岡支店,レンタル法人,12,新規,12ヶ月未満
B25029423,6,2026/4/30,12130,0,7500,750,0,8250,福岡支店,レンタル法人,12,新規,12ヶ月未満
B25029423,7,2026/5/31,12130,0,7500,750,0,8250,福岡支店,レンタル法人,12,新規,12ヶ月未満
B25029423,8,2026/6/30,12130,0,7500,750,0,8250,福岡支店,レンタル法人,12,新規,12ヶ月未満
B25029423,9,2026/7/31,12130,0,7500,750,0,8250,福岡支店,レンタル法人,12,新規,12ヶ月未満
B25029423,10,2026/8/31,12130,0,7500,750,0,8250,福岡支店,レンタル法人,12,新規,12ヶ月未満
B25029430,1,2025/11/30,17571,0,8340,834,0,9174,福岡支店,レンタル法人,36,新規,12ヶ月以上
B25029430,2,2025/12/31,17571,0,3840,384,0,4224,福岡支店,レンタル法人,36,新規,12ヶ月以上
B25029430,3,2026/1/31,17571,0,3840,384,0,4224,福岡支店,レンタル法人,36,新規,12ヶ月以上
B25029430,4,2026/2/28,17571,0,3840,384,0,4224,福岡支店,レンタル法人,36,新規,12ヶ月以上
B25029430,5,2026/3/31,17571,0,3840,384,0,4224,福岡支店,レンタル法人,36,新規,12ヶ月以上
B25029430,6,2026/4/30,17571,0,3840,384,0,4224,福岡支店,レンタル法人,36,新規,12ヶ月以上
B25029430,7,2026/5/31,17571,0,3840,384,0,4224,福岡支店,レンタル法人,36,新規,12ヶ月以上
B25029430,8,2026/6/30,17571,0,3840,384,0,4224,福岡支店,レンタル法人,36,新規,12ヶ月以上
B25029430,9,2026/7/31,17571,0,3840,384,0,4224,福岡支店,レンタル法人,36,新規,12ヶ月以上
B25029430,10,2026/8/31,17571,0,3840,384,0,4224,福岡支店,レンタル法人,36,新規,12ヶ月以上
B25029488,1,2025/11/30,5759,0,20000,2000,0,22000,福岡支店,レンタル法人,0,新規,12ヶ月未満
B25029493,1,2025/10/31,13287,0,86400,8640,0,95040,福岡支店,レンタル法人,0,新規,12ヶ月未満
B25029653,1,2025/10/31,13345,0,10000,1000,0,11000,福岡支店,役務,0,新規,12ヶ月未満
B25029772,1,2025/10/31,10190,0,21819,2181,0,24000,福岡支店,販売,0,新規,12ヶ月未満
B25029773,1,2025/10/31,10190,0,1821400,182140,0,2003540,福岡支店,販売,0,新規,12ヶ月未満
B25029774,1,2025/10/31,10190,0,400000,40000,0,440000,福岡支店,役務,0,新規,12ヶ月未満
B25029776,1,2025/10/31,10190,0,636900,63690,0,700590,福岡支店,販売,0,新規,12ヶ月未満
B25029786,1,2025/10/31,10191,0,41400,4140,0,45540,福岡支店,レンタル法人,6,延長,12ヶ月未満
B25029786,2,2025/11/30,10191,0,41400,4140,0,45540,福岡支店,レンタル法人,6,延長,12ヶ月未満
B25029786,3,2025/12/31,10191,0,41400,4140,0,45540,福岡支店,レンタル法人,6,延長,12ヶ月未満
B25029786,4,2026/1/31,10191,0,41400,4140,0,45540,福岡支店,レンタル法人,6,延長,12ヶ月未満
B25029786,5,2026/2/28,10191,0,41400,4140,0,45540,福岡支店,レンタル法人,6,延長,12ヶ月未満
B25029786,6,2026/3/31,10191,0,41400,4140,0,45540,福岡支店,レンタル法人,6,延長,12ヶ月未満
B25029788,1,2025/10/31,10191,0,9200,920,0,10120,福岡支店,レンタル法人,6,延長,12ヶ月未満
B25029788,2,2025/11/30,10191,0,9200,920,0,10120,福岡支店,レンタル法人,6,延長,12ヶ月未満
B25029788,3,2025/12/31,10191,0,9200,920,0,10120,福岡支店,レンタル法人,6,延長,12ヶ月未満
B25029788,4,2026/1/31,10191,0,9200,920,0,10120,福岡支店,レンタル法人,6,延長,12ヶ月未満
B25029788,5,2026/2/28,10191,0,9200,920,0,10120,福岡支店,レンタル法人,6,延長,12ヶ月未満
B25029788,6,2026/3/31,10191,0,9200,920,0,10120,福岡支店,レンタル法人,6,延長,12ヶ月未満
B25029790,1,2025/10/31,10191,0,16100,1610,0,17710,福岡支店,レンタル法人,6,延長,12ヶ月未満
B25029790,2,2025/11/30,10191,0,16100,1610,0,17710,福岡支店,レンタル法人,6,延長,12ヶ月未満
B25029790,3,2025/12/31,10191,0,16100,1610,0,17710,福岡支店,レンタル法人,6,延長,12ヶ月未満
B25029790,4,2026/1/31,10191,0,16100,1610,0,17710,福岡支店,レンタル法人,6,延長,12ヶ月未満
B25029790,5,2026/2/28,10191,0,16100,1610,0,17710,福岡支店,レンタル法人,6,延長,12ヶ月未満
B25029790,6,2026/3/31,10191,0,16100,1610,0,17710,福岡支店,レンタル法人,6,延長,12ヶ月未満
B25029793,1,2025/10/31,10191,0,27600,2760,0,30360,福岡支店,レンタル法人,6,延長,12ヶ月未満
B25029793,2,2025/11/30,10191,0,27600,2760,0,30360,福岡支店,レンタル法人,6,延長,12ヶ月未満
B25029793,3,2025/12/31,10191,0,27600,2760,0,30360,福岡支店,レンタル法人,6,延長,12ヶ月未満
B25029793,4,2026/1/31,10191,0,27600,2760,0,30360,福岡支店,レンタル法人,6,延長,12ヶ月未満
B25029793,5,2026/2/28,10191,0,27600,2760,0,30360,福岡支店,レンタル法人,6,延長,12ヶ月未満
B25029793,6,2026/3/31,10191,0,27600,2760,0,30360,福岡支店,レンタル法人,6,延長,12ヶ月未満
B25029795,1,2025/10/31,10191,0,46000,4600,0,50600,福岡支店,レンタル法人,6,延長,12ヶ月未満
B25029795,2,2025/11/30,10191,0,46000,4600,0,50600,福岡支店,レンタル法人,6,延長,12ヶ月未満
B25029795,3,2025/12/31,10191,0,46000,4600,0,50600,福岡支店,レンタル法人,6,延長,12ヶ月未満
B25029795,4,2026/1/31,10191,0,46000,4600,0,50600,福岡支店,レンタル法人,6,延長,12ヶ月未満
B25029795,5,2026/2/28,10191,0,46000,4600,0,50600,福岡支店,レンタル法人,6,延長,12ヶ月未満
B25029795,6,2026/3/31,10191,0,46000,4600,0,50600,福岡支店,レンタル法人,6,延長,12ヶ月未満
B25029800,1,2025/10/31,10191,0,28750,2875,0,31625,福岡支店,レンタル法人,6,延長,12ヶ月未満
B25029800,2,2025/11/30,10191,0,28750,2875,0,31625,福岡支店,レンタル法人,6,延長,12ヶ月未満
B25029800,3,2025/12/31,10191,0,28750,2875,0,31625,福岡支店,レンタル法人,6,延長,12ヶ月未満
B25029800,4,2026/1/31,10191,0,28750,2875,0,31625,福岡支店,レンタル法人,6,延長,12ヶ月未満
B25029800,5,2026/2/28,10191,0,28750,2875,0,31625,福岡支店,レンタル法人,6,延長,12ヶ月未満
B25029800,6,2026/3/31,10191,0,28750,2875,0,31625,福岡支店,レンタル法人,6,延長,12ヶ月未満
B25029802,1,2025/10/31,10191,0,63250,6325,0,69575,福岡支店,レンタル法人,6,延長,12ヶ月未満
B25029802,2,2025/11/30,10191,0,63250,6325,0,69575,福岡支店,レンタル法人,6,延長,12ヶ月未満
B25029802,3,2025/12/31,10191,0,63250,6325,0,69575,福岡支店,レンタル法人,6,延長,12ヶ月未満
B25029802,4,2026/1/31,10191,0,63250,6325,0,69575,福岡支店,レンタル法人,6,延長,12ヶ月未満
B25029802,5,2026/2/28,10191,0,63250,6325,0,69575,福岡支店,レンタル法人,6,延長,12ヶ月未満
B25029802,6,2026/3/31,10191,0,63250,6325,0,69575,福岡支店,レンタル法人,6,延長,12ヶ月未満
B25029809,1,2025/10/31,10191,0,92000,9200,0,101200,福岡支店,レンタル法人,6,延長,12ヶ月未満
B25029809,2,2025/11/30,10191,0,92000,9200,0,101200,福岡支店,レンタル法人,6,延長,12ヶ月未満
B25029809,3,2025/12/31,10191,0,92000,9200,0,101200,福岡支店,レンタル法人,6,延長,12ヶ月未満
B25029809,4,2026/1/31,10191,0,92000,9200,0,101200,福岡支店,レンタル法人,6,延長,12ヶ月未満
B25029809,5,2026/2/28,10191,0,92000,9200,0,101200,福岡支店,レンタル法人,6,延長,12ヶ月未満
B25029809,6,2026/3/31,10191,0,92000,9200,0,101200,福岡支店,レンタル法人,6,延長,12ヶ月未満
B25029812,1,2025/10/31,10191,0,103500,10350,0,113850,福岡支店,レンタル法人,6,延長,12ヶ月未満
B25029812,2,2025/11/30,10191,0,103500,10350,0,113850,福岡支店,レンタル法人,6,延長,12ヶ月未満
B25029812,3,2025/12/31,10191,0,103500,10350,0,113850,福岡支店,レンタル法人,6,延長,12ヶ月未満
B25029812,4,2026/1/31,10191,0,103500,10350,0,113850,福岡支店,レンタル法人,6,延長,12ヶ月未満
B25029812,5,2026/2/28,10191,0,103500,10350,0,113850,福岡支店,レンタル法人,6,延長,12ヶ月未満
B25029812,6,2026/3/31,10191,0,103500,10350,0,113850,福岡支店,レンタル法人,6,延長,12ヶ月未満
B25029813,1,2025/10/31,10191,0,63250,6325,0,69575,福岡支店,レンタル法人,6,延長,12ヶ月未満
B25029813,2,2025/11/30,10191,0,63250,6325,0,69575,福岡支店,レンタル法人,6,延長,12ヶ月未満
B25029813,3,2025/12/31,10191,0,63250,6325,0,69575,福岡支店,レンタル法人,6,延長,12ヶ月未満
B25029813,4,2026/1/31,10191,0,63250,6325,0,69575,福岡支店,レンタル法人,6,延長,12ヶ月未満
B25029813,5,2026/2/28,10191,0,63250,6325,0,69575,福岡支店,レンタル法人,6,延長,12ヶ月未満
B25029813,6,2026/3/31,10191,0,63250,6325,0,69575,福岡支店,レンタル法人,6,延長,12ヶ月未満
B25029815,1,2025/10/31,10191,0,92000,9200,0,101200,福岡支店,レンタル法人,6,延長,12ヶ月未満
B25029815,2,2025/11/30,10191,0,92000,9200,0,101200,福岡支店,レンタル法人,6,延長,12ヶ月未満
B25029815,3,2025/12/31,10191,0,92000,9200,0,101200,福岡支店,レンタル法人,6,延長,12ヶ月未満
B25029815,4,2026/1/31,10191,0,92000,9200,0,101200,福岡支店,レンタル法人,6,延長,12ヶ月未満
B25029815,5,2026/2/28,10191,0,92000,9200,0,101200,福岡支店,レンタル法人,6,延長,12ヶ月未満
B25029815,6,2026/3/31,10191,0,92000,9200,0,101200,福岡支店,レンタル法人,6,延長,12ヶ月未満
B25029816,1,2025/10/31,10191,0,69000,6900,0,75900,福岡支店,レンタル法人,6,延長,12ヶ月未満
B25029816,2,2025/11/30,10191,0,69000,6900,0,75900,福岡支店,レンタル法人,6,延長,12ヶ月未満
B25029816,3,2025/12/31,10191,0,69000,6900,0,75900,福岡支店,レンタル法人,6,延長,12ヶ月未満
B25029816,4,2026/1/31,10191,0,69000,6900,0,75900,福岡支店,レンタル法人,6,延長,12ヶ月未満
B25029816,5,2026/2/28,10191,0,69000,6900,0,75900,福岡支店,レンタル法人,6,延長,12ヶ月未満
B25029816,6,2026/3/31,10191,0,69000,6900,0,75900,福岡支店,レンタル法人,6,延長,12ヶ月未満
B25029817,1,2025/10/31,10191,0,69000,6900,0,75900,福岡支店,レンタル法人,6,延長,12ヶ月未満
B25029817,2,2025/11/30,10191,0,69000,6900,0,75900,福岡支店,レンタル法人,6,延長,12ヶ月未満
B25029817,3,2025/12/31,10191,0,69000,6900,0,75900,福岡支店,レンタル法人,6,延長,12ヶ月未満
B25029817,4,2026/1/31,10191,0,69000,6900,0,75900,福岡支店,レンタル法人,6,延長,12ヶ月未満
B25029817,5,2026/2/28,10191,0,69000,6900,0,75900,福岡支店,レンタル法人,6,延長,12ヶ月未満
B25029817,6,2026/3/31,10191,0,69000,6900,0,75900,福岡支店,レンタル法人,6,延長,12ヶ月未満
B25029818,1,2025/10/31,10191,0,46000,4600,0,50600,福岡支店,レンタル法人,6,延長,12ヶ月未満
B25029818,2,2025/11/30,10191,0,46000,4600,0,50600,福岡支店,レンタル法人,6,延長,12ヶ月未満
B25029818,3,2025/12/31,10191,0,46000,4600,0,50600,福岡支店,レンタル法人,6,延長,12ヶ月未満
B25029818,4,2026/1/31,10191,0,46000,4600,0,50600,福岡支店,レンタル法人,6,延長,12ヶ月未満
B25029818,5,2026/2/28,10191,0,46000,4600,0,50600,福岡支店,レンタル法人,6,延長,12ヶ月未満
B25029818,6,2026/3/31,10191,0,46000,4600,0,50600,福岡支店,レンタル法人,6,延長,12ヶ月未満
B25029819,1,2025/10/31,10191,0,57500,5750,0,63250,福岡支店,レンタル法人,6,延長,12ヶ月未満
B25029819,2,2025/11/30,10191,0,57500,5750,0,63250,福岡支店,レンタル法人,6,延長,12ヶ月未満
B25029819,3,2025/12/31,10191,0,57500,5750,0,63250,福岡支店,レンタル法人,6,延長,12ヶ月未満
B25029819,4,2026/1/31,10191,0,57500,5750,0,63250,福岡支店,レンタル法人,6,延長,12ヶ月未満
B25029819,5,2026/2/28,10191,0,57500,5750,0,63250,福岡支店,レンタル法人,6,延長,12ヶ月未満
B25029819,6,2026/3/31,10191,0,57500,5750,0,63250,福岡支店,レンタル法人,6,延長,12ヶ月未満
B25029820,1,2025/10/31,10191,0,132250,13225,0,145475,福岡支店,レンタル法人,6,延長,12ヶ月未満
B25029820,2,2025/11/30,10191,0,132250,13225,0,145475,福岡支店,レンタル法人,6,延長,12ヶ月未満
B25029820,3,2025/12/31,10191,0,132250,13225,0,145475,福岡支店,レンタル法人,6,延長,12ヶ月未満
B25029820,4,2026/1/31,10191,0,132250,13225,0,145475,福岡支店,レンタル法人,6,延長,12ヶ月未満
B25029820,5,2026/2/28,10191,0,132250,13225,0,145475,福岡支店,レンタル法人,6,延長,12ヶ月未満
B25029820,6,2026/3/31,10191,0,132250,13225,0,145475,福岡支店,レンタル法人,6,延長,12ヶ月未満
B25029824,1,2025/10/31,10191,0,134550,13455,0,148005,福岡支店,レンタル法人,6,延長,12ヶ月未満
B25029824,2,2025/11/30,10191,0,134550,13455,0,148005,福岡支店,レンタル法人,6,延長,12ヶ月未満
B25029824,3,2025/12/31,10191,0,134550,13455,0,148005,福岡支店,レンタル法人,6,延長,12ヶ月未満
B25029824,4,2026/1/31,10191,0,134550,13455,0,148005,福岡支店,レンタル法人,6,延長,12ヶ月未満
B25029824,5,2026/2/28,10191,0,134550,13455,0,148005,福岡支店,レンタル法人,6,延長,12ヶ月未満
B25029824,6,2026/3/31,10191,0,134550,13455,0,148005,福岡支店,レンタル法人,6,延長,12ヶ月未満
B25029825,1,2025/10/31,10191,0,34500,3450,0,37950,福岡支店,レンタル法人,6,延長,12ヶ月未満
B25029825,2,2025/11/30,10191,0,34500,3450,0,37950,福岡支店,レンタル法人,6,延長,12ヶ月未満
B25029825,3,2025/12/31,10191,0,34500,3450,0,37950,福岡支店,レンタル法人,6,延長,12ヶ月未満
B25029825,4,2026/1/31,10191,0,34500,3450,0,37950,福岡支店,レンタル法人,6,延長,12ヶ月未満
B25029825,5,2026/2/28,10191,0,34500,3450,0,37950,福岡支店,レンタル法人,6,延長,12ヶ月未満
B25029825,6,2026/3/31,10191,0,34500,3450,0,37950,福岡支店,レンタル法人,6,延長,12ヶ月未満
B25029826,1,2025/10/31,10191,0,272550,27255,0,299805,福岡支店,レンタル法人,6,延長,12ヶ月未満
B25029826,2,2025/11/30,10191,0,272550,27255,0,299805,福岡支店,レンタル法人,6,延長,12ヶ月未満
B25029826,3,2025/12/31,10191,0,272550,27255,0,299805,福岡支店,レンタル法人,6,延長,12ヶ月未満
B25029826,4,2026/1/31,10191,0,272550,27255,0,299805,福岡支店,レンタル法人,6,延長,12ヶ月未満
B25029826,5,2026/2/28,10191,0,272550,27255,0,299805,福岡支店,レンタル法人,6,延長,12ヶ月未満
B25029826,6,2026/3/31,10191,0,272550,27255,0,299805,福岡支店,レンタル法人,6,延長,12ヶ月未満
B25029828,1,2025/10/31,10191,0,70150,7015,0,77165,福岡支店,レンタル法人,6,延長,12ヶ月未満
B25029828,2,2025/11/30,10191,0,70150,7015,0,77165,福岡支店,レンタル法人,6,延長,12ヶ月未満
B25029828,3,2025/12/31,10191,0,70150,7015,0,77165,福岡支店,レンタル法人,6,延長,12ヶ月未満
B25029828,4,2026/1/31,10191,0,70150,7015,0,77165,福岡支店,レンタル法人,6,延長,12ヶ月未満
B25029828,5,2026/2/28,10191,0,70150,7015,0,77165,福岡支店,レンタル法人,6,延長,12ヶ月未満
B25029828,6,2026/3/31,10191,0,70150,7015,0,77165,福岡支店,レンタル法人,6,延長,12ヶ月未満
B25029829,1,2025/10/31,10191,0,79350,7935,0,87285,福岡支店,レンタル法人,6,延長,12ヶ月未満
B25029829,2,2025/11/30,10191,0,79350,7935,0,87285,福岡支店,レンタル法人,6,延長,12ヶ月未満
B25029829,3,2025/12/31,10191,0,79350,7935,0,87285,福岡支店,レンタル法人,6,延長,12ヶ月未満
B25029829,4,2026/1/31,10191,0,79350,7935,0,87285,福岡支店,レンタル法人,6,延長,12ヶ月未満
B25029829,5,2026/2/28,10191,0,79350,7935,0,87285,福岡支店,レンタル法人,6,延長,12ヶ月未満
B25029829,6,2026/3/31,10191,0,79350,7935,0,87285,福岡支店,レンタル法人,6,延長,12ヶ月未満
B25029830,1,2025/10/31,10191,0,57500,5750,0,63250,福岡支店,レンタル法人,6,延長,12ヶ月未満
B25029830,2,2025/11/30,10191,0,57500,5750,0,63250,福岡支店,レンタル法人,6,延長,12ヶ月未満
B25029830,3,2025/12/31,10191,0,57500,5750,0,63250,福岡支店,レンタル法人,6,延長,12ヶ月未満
B25029830,4,2026/1/31,10191,0,57500,5750,0,63250,福岡支店,レンタル法人,6,延長,12ヶ月未満
B25029830,5,2026/2/28,10191,0,57500,5750,0,63250,福岡支店,レンタル法人,6,延長,12ヶ月未満
B25029830,6,2026/3/31,10191,0,57500,5750,0,63250,福岡支店,レンタル法人,6,延長,12ヶ月未満
B25029835,1,2025/10/31,10191,0,120750,12075,0,132825,福岡支店,レンタル法人,6,延長,12ヶ月未満
B25029835,2,2025/11/30,10191,0,120750,12075,0,132825,福岡支店,レンタル法人,6,延長,12ヶ月未満
B25029835,3,2025/12/31,10191,0,120750,12075,0,132825,福岡支店,レンタル法人,6,延長,12ヶ月未満
B25029835,4,2026/1/31,10191,0,120750,12075,0,132825,福岡支店,レンタル法人,6,延長,12ヶ月未満
B25029835,5,2026/2/28,10191,0,120750,12075,0,132825,福岡支店,レンタル法人,6,延長,12ヶ月未満
B25029835,6,2026/3/31,10191,0,120750,12075,0,132825,福岡支店,レンタル法人,6,延長,12ヶ月未満
B25029836,1,2025/10/31,10191,0,149500,14950,0,164450,福岡支店,レンタル法人,6,延長,12ヶ月未満
B25029836,2,2025/11/30,10191,0,149500,14950,0,164450,福岡支店,レンタル法人,6,延長,12ヶ月未満
B25029836,3,2025/12/31,10191,0,149500,14950,0,164450,福岡支店,レンタル法人,6,延長,12ヶ月未満
B25029836,4,2026/1/31,10191,0,149500,14950,0,164450,福岡支店,レンタル法人,6,延長,12ヶ月未満
B25029836,5,2026/2/28,10191,0,149500,14950,0,164450,福岡支店,レンタル法人,6,延長,12ヶ月未満
B25029836,6,2026/3/31,10191,0,149500,14950,0,164450,福岡支店,レンタル法人,6,延長,12ヶ月未満
B25029838,1,2025/10/31,10191,0,195500,19550,0,215050,福岡支店,レンタル法人,6,延長,12ヶ月未満
B25029838,2,2025/11/30,10191,0,195500,19550,0,215050,福岡支店,レンタル法人,6,延長,12ヶ月未満
B25029838,3,2025/12/31,10191,0,195500,19550,0,215050,福岡支店,レンタル法人,6,延長,12ヶ月未満
B25029838,4,2026/1/31,10191,0,195500,19550,0,215050,福岡支店,レンタル法人,6,延長,12ヶ月未満
B25029838,5,2026/2/28,10191,0,195500,19550,0,215050,福岡支店,レンタル法人,6,延長,12ヶ月未満
B25029838,6,2026/3/31,10191,0,195500,19550,0,215050,福岡支店,レンタル法人,6,延長,12ヶ月未満
B25029842,1,2025/10/31,10191,0,57500,5750,0,63250,福岡支店,レンタル法人,6,延長,12ヶ月未満
B25029842,2,2025/11/30,10191,0,57500,5750,0,63250,福岡支店,レンタル法人,6,延長,12ヶ月未満
B25029842,3,2025/12/31,10191,0,57500,5750,0,63250,福岡支店,レンタル法人,6,延長,12ヶ月未満
B25029842,4,2026/1/31,10191,0,57500,5750,0,63250,福岡支店,レンタル法人,6,延長,12ヶ月未満
B25029842,5,2026/2/28,10191,0,57500,5750,0,63250,福岡支店,レンタル法人,6,延長,12ヶ月未満
B25029842,6,2026/3/31,10191,0,57500,5750,0,63250,福岡支店,レンタル法人,6,延長,12ヶ月未満
B25029849,1,2025/10/31,10982,0,30880,3088,0,33968,福岡支店,レンタル法人,0,新規,12ヶ月未満
B25029873,1,2025/10/31,10190,0,6700,670,0,7370,福岡支店,レンタル法人,12,新規,12ヶ月未満
B25029873,2,2025/11/30,10190,0,6700,670,0,7370,福岡支店,レンタル法人,12,新規,12ヶ月未満
B25029873,3,2025/12/31,10190,0,6700,670,0,7370,福岡支店,レンタル法人,12,新規,12ヶ月未満
B25029873,4,2026/1/31,10190,0,6700,670,0,7370,福岡支店,レンタル法人,12,新規,12ヶ月未満
B25029873,5,2026/2/28,10190,0,6700,670,0,7370,福岡支店,レンタル法人,12,新規,12ヶ月未満
B25029873,6,2026/3/31,10190,0,6700,670,0,7370,福岡支店,レンタル法人,12,新規,12ヶ月未満
B25029873,7,2026/4/30,10190,0,6700,670,0,7370,福岡支店,レンタル法人,12,新規,12ヶ月未満
B25029873,8,2026/5/31,10190,0,6700,670,0,7370,福岡支店,レンタル法人,12,新規,12ヶ月未満
B25029873,9,2026/6/30,10190,0,6700,670,0,7370,福岡支店,レンタル法人,12,新規,12ヶ月未満
B25029873,10,2026/7/31,10190,0,6700,670,0,7370,福岡支店,レンタル法人,12,新規,12ヶ月未満
B25029873,11,2026/8/31,10190,0,6700,670,0,7370,福岡支店,レンタル法人,12,新規,12ヶ月未満
B25029918,1,2025/11/30,17587,0,6660,666,0,7326,福岡支店,レンタル法人,60,新規,12ヶ月以上
B25029918,2,2025/12/31,17587,0,2160,216,0,2376,福岡支店,レンタル法人,60,新規,12ヶ月以上
B25029918,3,2026/1/31,17587,0,2160,216,0,2376,福岡支店,レンタル法人,60,新規,12ヶ月以上
B25029918,4,2026/2/28,17587,0,2160,216,0,2376,福岡支店,レンタル法人,60,新規,12ヶ月以上
B25029918,5,2026/3/31,17587,0,2160,216,0,2376,福岡支店,レンタル法人,60,新規,12ヶ月以上
B25029918,6,2026/4/30,17587,0,2160,216,0,2376,福岡支店,レンタル法人,60,新規,12ヶ月以上
B25029918,7,2026/5/31,17587,0,2160,216,0,2376,福岡支店,レンタル法人,60,新規,12ヶ月以上
B25029918,8,2026/6/30,17587,0,2160,216,0,2376,福岡支店,レンタル法人,60,新規,12ヶ月以上
B25029918,9,2026/7/31,17587,0,2160,216,0,2376,福岡支店,レンタル法人,60,新規,12ヶ月以上
B25029918,10,2026/8/31,17587,0,2160,216,0,2376,福岡支店,レンタル法人,60,新規,12ヶ月以上
B25029937,1,2025/10/31,10190,0,2794574,279426,0,3074000,福岡支店,レンタル法人,1,新規,12ヶ月未満
B25029940,1,2025/10/31,10190,0,24150,2415,0,26565,福岡支店,レンタル法人,1,延長,12ヶ月未満
B25029942,1,2025/10/31,10190,0,9200,920,0,10120,福岡支店,レンタル法人,1,延長,12ヶ月未満
B25029950,1,2025/10/31,10190,0,995900,99590,0,1095490,福岡支店,レンタル法人,1,新規,12ヶ月未満
B25029951,1,2025/10/31,10190,0,28000,2800,0,30800,福岡支店,レンタル法人,1,延長,12ヶ月未満
B25029961,1,2025/10/31,12130,0,2500,250,0,2750,福岡支店,レンタル法人,12,延長,12ヶ月未満
B25029961,2,2025/11/30,12130,0,2500,250,0,2750,福岡支店,レンタル法人,12,延長,12ヶ月未満
B25029961,3,2025/12/31,12130,0,2500,250,0,2750,福岡支店,レンタル法人,12,延長,12ヶ月未満
B25029961,4,2026/1/31,12130,0,2500,250,0,2750,福岡支店,レンタル法人,12,延長,12ヶ月未満
B25029961,5,2026/2/28,12130,0,2500,250,0,2750,福岡支店,レンタル法人,12,延長,12ヶ月未満
B25029961,6,2026/3/31,12130,0,2500,250,0,2750,福岡支店,レンタル法人,12,延長,12ヶ月未満
B25029961,7,2026/4/30,12130,0,2500,250,0,2750,福岡支店,レンタル法人,12,延長,12ヶ月未満
B25029961,8,2026/5/31,12130,0,2500,250,0,2750,福岡支店,レンタル法人,12,延長,12ヶ月未満
B25029961,9,2026/6/30,12130,0,2500,250,0,2750,福岡支店,レンタル法人,12,延長,12ヶ月未満
B25029961,10,2026/7/31,12130,0,2500,250,0,2750,福岡支店,レンタル法人,12,延長,12ヶ月未満
B25029961,11,2026/8/31,12130,0,2500,250,0,2750,福岡支店,レンタル法人,12,延長,12ヶ月未満
B25029962,1,2025/10/31,12130,0,2500,250,0,2750,福岡支店,レンタル法人,12,延長,12ヶ月未満
B25029962,2,2025/11/30,12130,0,2500,250,0,2750,福岡支店,レンタル法人,12,延長,12ヶ月未満
B25029962,3,2025/12/31,12130,0,2500,250,0,2750,福岡支店,レンタル法人,12,延長,12ヶ月未満
B25029962,4,2026/1/31,12130,0,2500,250,0,2750,福岡支店,レンタル法人,12,延長,12ヶ月未満
B25029962,5,2026/2/28,12130,0,2500,250,0,2750,福岡支店,レンタル法人,12,延長,12ヶ月未満
B25029962,6,2026/3/31,12130,0,2500,250,0,2750,福岡支店,レンタル法人,12,延長,12ヶ月未満
B25029962,7,2026/4/30,12130,0,2500,250,0,2750,福岡支店,レンタル法人,12,延長,12ヶ月未満
B25029962,8,2026/5/31,12130,0,2500,250,0,2750,福岡支店,レンタル法人,12,延長,12ヶ月未満
B25029962,9,2026/6/30,12130,0,2500,250,0,2750,福岡支店,レンタル法人,12,延長,12ヶ月未満
B25029962,10,2026/7/31,12130,0,2500,250,0,2750,福岡支店,レンタル法人,12,延長,12ヶ月未満
B25029962,11,2026/8/31,12130,0,2500,250,0,2750,福岡支店,レンタル法人,12,延長,12ヶ月未満
B25029963,1,2025/10/31,11235,0,12800,1280,0,14080,福岡支店,レンタル法人,1,延長,12ヶ月未満
B25030076,1,2025/11/30,5759,0,0,0,0,0,福岡支店,レンタル法人,0,新規,12ヶ月未満
B25030126,1,2025/10/31,10190,0,54050,5405,0,59455,福岡支店,レンタル法人,1,延長,12ヶ月未満
B25030128,1,2025/11/30,13915,0,3120,312,0,3432,福岡支店,レンタル法人,60,新規,12ヶ月以上
B25030128,2,2025/12/31,13915,0,3120,312,0,3432,福岡支店,レンタル法人,60,新規,12ヶ月以上
B25030128,3,2026/1/31,13915,0,3120,312,0,3432,福岡支店,レンタル法人,60,新規,12ヶ月以上
B25030128,4,2026/2/28,13915,0,3120,312,0,3432,福岡支店,レンタル法人,60,新規,12ヶ月以上
B25030128,5,2026/3/31,13915,0,3120,312,0,3432,福岡支店,レンタル法人,60,新規,12ヶ月以上
B25030128,6,2026/4/30,13915,0,3120,312,0,3432,福岡支店,レンタル法人,60,新規,12ヶ月以上
B25030128,7,2026/5/31,13915,0,3120,312,0,3432,福岡支店,レンタル法人,60,新規,12ヶ月以上
B25030128,8,2026/6/30,13915,0,3120,312,0,3432,福岡支店,レンタル法人,60,新規,12ヶ月以上
B25030128,9,2026/7/31,13915,0,3120,312,0,3432,福岡支店,レンタル法人,60,新規,12ヶ月以上
B25030128,10,2026/8/31,13915,0,3120,312,0,3432,福岡支店,レンタル法人,60,新規,12ヶ月以上
B25030138,1,2025/10/31,10190,0,1600,160,0,1760,福岡支店,レンタル法人,12,延長,12ヶ月未満
B25030138,2,2025/11/30,10190,0,1600,160,0,1760,福岡支店,レンタル法人,12,延長,12ヶ月未満
B25030138,3,2025/12/31,10190,0,1600,160,0,1760,福岡支店,レンタル法人,12,延長,12ヶ月未満
B25030138,4,2026/1/31,10190,0,1600,160,0,1760,福岡支店,レンタル法人,12,延長,12ヶ月未満
B25030138,5,2026/2/28,10190,0,1600,160,0,1760,福岡支店,レンタル法人,12,延長,12ヶ月未満
B25030138,6,2026/3/31,10190,0,1600,160,0,1760,福岡支店,レンタル法人,12,延長,12ヶ月未満
B25030138,7,2026/4/30,10190,0,1600,160,0,1760,福岡支店,レンタル法人,12,延長,12ヶ月未満
B25030138,8,2026/5/31,10190,0,1600,160,0,1760,福岡支店,レンタル法人,12,延長,12ヶ月未満
B25030138,9,2026/6/30,10190,0,1600,160,0,1760,福岡支店,レンタル法人,12,延長,12ヶ月未満
B25030138,10,2026/7/31,10190,0,1600,160,0,1760,福岡支店,レンタル法人,12,延長,12ヶ月未満
B25030138,11,2026/8/31,10190,0,1600,160,0,1760,福岡支店,レンタル法人,12,延長,12ヶ月未満
B25030151,1,2025/11/30,12166,0,90700,9070,0,99770,福岡支店,レンタル法人,0,新規,12ヶ月未満
B25030182,1,2025/12/31,10234,0,7900,790,0,8690,福岡支店,レンタル法人,12,新規,12ヶ月未満
B25030182,2,2026/1/31,10234,0,4000,400,0,4400,福岡支店,レンタル法人,12,新規,12ヶ月未満
B25030182,3,2026/2/28,10234,0,4000,400,0,4400,福岡支店,レンタル法人,12,新規,12ヶ月未満
B25030182,4,2026/3/31,10234,0,4000,400,0,4400,福岡支店,レンタル法人,12,新規,12ヶ月未満
B25030182,5,2026/4/30,10234,0,4000,400,0,4400,福岡支店,レンタル法人,12,新規,12ヶ月未満
B25030182,6,2026/5/31,10234,0,4000,400,0,4400,福岡支店,レンタル法人,12,新規,12ヶ月未満
B25030182,7,2026/6/30,10234,0,4000,400,0,4400,福岡支店,レンタル法人,12,新規,12ヶ月未満
B25030182,8,2026/7/31,10234,0,4000,400,0,4400,福岡支店,レンタル法人,12,新規,12ヶ月未満
B25030182,9,2026/8/31,10234,0,4000,400,0,4400,福岡支店,レンタル法人,12,新規,12ヶ月未満
B25030258,1,2025/10/31,8253,0,60000,6000,0,66000,福岡支店,レンタル法人,0,新規,12ヶ月未満
B25030314,1,2025/11/30,14989,0,20560,2056,0,22616,福岡支店,レンタル法人,60,新規,12ヶ月以上
B25030314,2,2025/12/31,14989,0,6160,616,0,6776,福岡支店,レンタル法人,60,新規,12ヶ月以上
B25030314,3,2026/1/31,14989,0,6160,616,0,6776,福岡支店,レンタル法人,60,新規,12ヶ月以上
B25030314,4,2026/2/28,14989,0,6160,616,0,6776,福岡支店,レンタル法人,60,新規,12ヶ月以上
B25030314,5,2026/3/31,14989,0,6160,616,0,6776,福岡支店,レンタル法人,60,新規,12ヶ月以上
B25030314,6,2026/4/30,14989,0,6160,616,0,6776,福岡支店,レンタル法人,60,新規,12ヶ月以上
B25030314,7,2026/5/31,14989,0,6160,616,0,6776,福岡支店,レンタル法人,60,新規,12ヶ月以上
B25030314,8,2026/6/30,14989,0,6160,616,0,6776,福岡支店,レンタル法人,60,新規,12ヶ月以上
B25030314,9,2026/7/31,14989,0,6160,616,0,6776,福岡支店,レンタル法人,60,新規,12ヶ月以上
B25030314,10,2026/8/31,14989,0,6160,616,0,6776,福岡支店,レンタル法人,60,新規,12ヶ月以上
B25030408,1,2025/11/30,5759,0,50000,5000,0,55000,福岡支店,レンタル法人,0,新規,12ヶ月未満
B25030410,1,2025/12/31,5759,0,2500,250,0,2750,福岡支店,レンタル法人,0,新規,12ヶ月未満
B25030413,1,2026/1/31,5759,0,22500,2250,0,24750,福岡支店,レンタル法人,0,新規,12ヶ月未満
B25030443,1,2025/10/31,10190,0,249270,24927,0,274197,福岡支店,レンタル法人,60,新規,12ヶ月以上
B25030443,2,2025/11/30,10190,0,249270,24927,0,274197,福岡支店,レンタル法人,60,新規,12ヶ月以上
B25030443,3,2025/12/31,10190,0,249270,24927,0,274197,福岡支店,レンタル法人,60,新規,12ヶ月以上
B25030443,4,2026/1/31,10190,0,249270,24927,0,274197,福岡支店,レンタル法人,60,新規,12ヶ月以上
B25030443,5,2026/2/28,10190,0,249270,24927,0,274197,福岡支店,レンタル法人,60,新規,12ヶ月以上
B25030443,6,2026/3/31,10190,0,249270,24927,0,274197,福岡支店,レンタル法人,60,新規,12ヶ月以上
B25030443,7,2026/4/30,10190,0,249270,24927,0,274197,福岡支店,レンタル法人,60,新規,12ヶ月以上
B25030443,8,2026/5/31,10190,0,249270,24927,0,274197,福岡支店,レンタル法人,60,新規,12ヶ月以上
B25030443,9,2026/6/30,10190,0,249270,24927,0,274197,福岡支店,レンタル法人,60,新規,12ヶ月以上
B25030443,10,2026/7/31,10190,0,249270,24927,0,274197,福岡支店,レンタル法人,60,新規,12ヶ月以上
B25030443,11,2026/8/31,10190,0,249270,24927,0,274197,福岡支店,レンタル法人,60,新規,12ヶ月以上
B25030448,1,2025/10/31,10190,0,201230,20123,0,221353,福岡支店,レンタル法人,60,新規,12ヶ月以上
B25030448,2,2025/11/30,10190,0,201230,20123,0,221353,福岡支店,レンタル法人,60,新規,12ヶ月以上
B25030448,3,2025/12/31,10190,0,201230,20123,0,221353,福岡支店,レンタル法人,60,新規,12ヶ月以上
B25030448,4,2026/1/31,10190,0,201230,20123,0,221353,福岡支店,レンタル法人,60,新規,12ヶ月以上
B25030448,5,2026/2/28,10190,0,201230,20123,0,221353,福岡支店,レンタル法人,60,新規,12ヶ月以上
B25030448,6,2026/3/31,10190,0,201230,20123,0,221353,福岡支店,レンタル法人,60,新規,12ヶ月以上
B25030448,7,2026/4/30,10190,0,201230,20123,0,221353,福岡支店,レンタル法人,60,新規,12ヶ月以上
B25030448,8,2026/5/31,10190,0,201230,20123,0,221353,福岡支店,レンタル法人,60,新規,12ヶ月以上
B25030448,9,2026/6/30,10190,0,201230,20123,0,221353,福岡支店,レンタル法人,60,新規,12ヶ月以上
B25030448,10,2026/7/31,10190,0,201230,20123,0,221353,福岡支店,レンタル法人,60,新規,12ヶ月以上
B25030448,11,2026/8/31,10190,0,201230,20123,0,221353,福岡支店,レンタル法人,60,新規,12ヶ月以上
B25030450,1,2025/10/31,10190,0,214090,21409,0,235499,福岡支店,レンタル法人,60,新規,12ヶ月以上
B25030450,2,2025/11/30,10190,0,214090,21409,0,235499,福岡支店,レンタル法人,60,新規,12ヶ月以上
B25030450,3,2025/12/31,10190,0,214090,21409,0,235499,福岡支店,レンタル法人,60,新規,12ヶ月以上
B25030450,4,2026/1/31,10190,0,214090,21409,0,235499,福岡支店,レンタル法人,60,新規,12ヶ月以上
B25030450,5,2026/2/28,10190,0,214090,21409,0,235499,福岡支店,レンタル法人,60,新規,12ヶ月以上
B25030450,6,2026/3/31,10190,0,214090,21409,0,235499,福岡支店,レンタル法人,60,新規,12ヶ月以上
B25030450,7,2026/4/30,10190,0,214090,21409,0,235499,福岡支店,レンタル法人,60,新規,12ヶ月以上
B25030450,8,2026/5/31,10190,0,214090,21409,0,235499,福岡支店,レンタル法人,60,新規,12ヶ月以上
B25030450,9,2026/6/30,10190,0,214090,21409,0,235499,福岡支店,レンタル法人,60,新規,12ヶ月以上
B25030450,10,2026/7/31,10190,0,214090,21409,0,235499,福岡支店,レンタル法人,60,新規,12ヶ月以上
B25030450,11,2026/8/31,10190,0,214090,21409,0,235499,福岡支店,レンタル法人,60,新規,12ヶ月以上
B25030455,1,2025/10/31,10190,0,168850,16885,0,185735,福岡支店,レンタル法人,60,新規,12ヶ月以上
B25030455,2,2025/11/30,10190,0,168850,16885,0,185735,福岡支店,レンタル法人,60,新規,12ヶ月以上
B25030455,3,2025/12/31,10190,0,168850,16885,0,185735,福岡支店,レンタル法人,60,新規,12ヶ月以上
B25030455,4,2026/1/31,10190,0,168850,16885,0,185735,福岡支店,レンタル法人,60,新規,12ヶ月以上
B25030455,5,2026/2/28,10190,0,168850,16885,0,185735,福岡支店,レンタル法人,60,新規,12ヶ月以上
B25030455,6,2026/3/31,10190,0,168850,16885,0,185735,福岡支店,レンタル法人,60,新規,12ヶ月以上
B25030455,7,2026/4/30,10190,0,168850,16885,0,185735,福岡支店,レンタル法人,60,新規,12ヶ月以上
B25030455,8,2026/5/31,10190,0,168850,16885,0,185735,福岡支店,レンタル法人,60,新規,12ヶ月以上
B25030455,9,2026/6/30,10190,0,168850,16885,0,185735,福岡支店,レンタル法人,60,新規,12ヶ月以上
B25030455,10,2026/7/31,10190,0,168850,16885,0,185735,福岡支店,レンタル法人,60,新規,12ヶ月以上
B25030455,11,2026/8/31,10190,0,168850,16885,0,185735,福岡支店,レンタル法人,60,新規,12ヶ月以上
B25030461,1,2025/10/31,10190,0,247150,24715,0,271865,福岡支店,レンタル法人,60,新規,12ヶ月以上
B25030461,2,2025/11/30,10190,0,247150,24715,0,271865,福岡支店,レンタル法人,60,新規,12ヶ月以上
B25030461,3,2025/12/31,10190,0,247150,24715,0,271865,福岡支店,レンタル法人,60,新規,12ヶ月以上
B25030461,4,2026/1/31,10190,0,247150,24715,0,271865,福岡支店,レンタル法人,60,新規,12ヶ月以上
B25030461,5,2026/2/28,10190,0,247150,24715,0,271865,福岡支店,レンタル法人,60,新規,12ヶ月以上
B25030461,6,2026/3/31,10190,0,247150,24715,0,271865,福岡支店,レンタル法人,60,新規,12ヶ月以上
B25030461,7,2026/4/30,10190,0,247150,24715,0,271865,福岡支店,レンタル法人,60,新規,12ヶ月以上
B25030461,8,2026/5/31,10190,0,247150,24715,0,271865,福岡支店,レンタル法人,60,新規,12ヶ月以上
B25030461,9,2026/6/30,10190,0,247150,24715,0,271865,福岡支店,レンタル法人,60,新規,12ヶ月以上
B25030461,10,2026/7/31,10190,0,247150,24715,0,271865,福岡支店,レンタル法人,60,新規,12ヶ月以上
B25030461,11,2026/8/31,10190,0,247150,24715,0,271865,福岡支店,レンタル法人,60,新規,12ヶ月以上
B25030472,1,2025/10/31,10190,0,184360,18436,0,202796,福岡支店,レンタル法人,60,新規,12ヶ月以上
B25030472,2,2025/11/30,10190,0,184360,18436,0,202796,福岡支店,レンタル法人,60,新規,12ヶ月以上
B25030472,3,2025/12/31,10190,0,184360,18436,0,202796,福岡支店,レンタル法人,60,新規,12ヶ月以上
B25030472,4,2026/1/31,10190,0,184360,18436,0,202796,福岡支店,レンタル法人,60,新規,12ヶ月以上
B25030472,5,2026/2/28,10190,0,184360,18436,0,202796,福岡支店,レンタル法人,60,新規,12ヶ月以上
B25030472,6,2026/3/31,10190,0,184360,18436,0,202796,福岡支店,レンタル法人,60,新規,12ヶ月以上
B25030472,7,2026/4/30,10190,0,184360,18436,0,202796,福岡支店,レンタル法人,60,新規,12ヶ月以上
B25030472,8,2026/5/31,10190,0,184360,18436,0,202796,福岡支店,レンタル法人,60,新規,12ヶ月以上
B25030472,9,2026/6/30,10190,0,184360,18436,0,202796,福岡支店,レンタル法人,60,新規,12ヶ月以上
B25030472,10,2026/7/31,10190,0,184360,18436,0,202796,福岡支店,レンタル法人,60,新規,12ヶ月以上
B25030472,11,2026/8/31,10190,0,184360,18436,0,202796,福岡支店,レンタル法人,60,新規,12ヶ月以上
B25030474,1,2025/10/31,10190,0,67860,6786,0,74646,福岡支店,レンタル法人,60,新規,12ヶ月以上
B25030474,2,2025/11/30,10190,0,67860,6786,0,74646,福岡支店,レンタル法人,60,新規,12ヶ月以上
B25030474,3,2025/12/31,10190,0,67860,6786,0,74646,福岡支店,レンタル法人,60,新規,12ヶ月以上
B25030474,4,2026/1/31,10190,0,67860,6786,0,74646,福岡支店,レンタル法人,60,新規,12ヶ月以上
B25030474,5,2026/2/28,10190,0,67860,6786,0,74646,福岡支店,レンタル法人,60,新規,12ヶ月以上
B25030474,6,2026/3/31,10190,0,67860,6786,0,74646,福岡支店,レンタル法人,60,新規,12ヶ月以上
B25030474,7,2026/4/30,10190,0,67860,6786,0,74646,福岡支店,レンタル法人,60,新規,12ヶ月以上
B25030474,8,2026/5/31,10190,0,67860,6786,0,74646,福岡支店,レンタル法人,60,新規,12ヶ月以上
B25030474,9,2026/6/30,10190,0,67860,6786,0,74646,福岡支店,レンタル法人,60,新規,12ヶ月以上
B25030474,10,2026/7/31,10190,0,67860,6786,0,74646,福岡支店,レンタル法人,60,新規,12ヶ月以上
B25030474,11,2026/8/31,10190,0,67860,6786,0,74646,福岡支店,レンタル法人,60,新規,12ヶ月以上
B25030645,1,2025/11/30,17007,0,9160,916,0,10076,福岡支店,レンタル法人,36,新規,12ヶ月以上
B25030645,2,2025/12/31,17007,0,2160,216,0,2376,福岡支店,レンタル法人,36,新規,12ヶ月以上
B25030645,3,2026/1/31,17007,0,2160,216,0,2376,福岡支店,レンタル法人,36,新規,12ヶ月以上
B25030645,4,2026/2/28,17007,0,2160,216,0,2376,福岡支店,レンタル法人,36,新規,12ヶ月以上
B25030645,5,2026/3/31,17007,0,2160,216,0,2376,福岡支店,レンタル法人,36,新規,12ヶ月以上
B25030645,6,2026/4/30,17007,0,2160,216,0,2376,福岡支店,レンタル法人,36,新規,12ヶ月以上
B25030645,7,2026/5/31,17007,0,2160,216,0,2376,福岡支店,レンタル法人,36,新規,12ヶ月以上
B25030645,8,2026/6/30,17007,0,2160,216,0,2376,福岡支店,レンタル法人,36,新規,12ヶ月以上
B25030645,9,2026/7/31,17007,0,2160,216,0,2376,福岡支店,レンタル法人,36,新規,12ヶ月以上
B25030645,10,2026/8/31,17007,0,2160,216,0,2376,福岡支店,レンタル法人,36,新規,12ヶ月以上
B25030731,1,2025/11/30,14672,0,60000,6000,0,66000,福岡支店,レンタル法人,60,新規,12ヶ月以上
B25030731,2,2025/12/31,14672,0,60000,6000,0,66000,福岡支店,レンタル法人,60,新規,12ヶ月以上
B25030731,3,2026/1/31,14672,0,60000,6000,0,66000,福岡支店,レンタル法人,60,新規,12ヶ月以上
B25030731,4,2026/2/28,14672,0,60000,6000,0,66000,福岡支店,レンタル法人,60,新規,12ヶ月以上
B25030731,5,2026/3/31,14672,0,60000,6000,0,66000,福岡支店,レンタル法人,60,新規,12ヶ月以上
B25030731,6,2026/4/30,14672,0,60000,6000,0,66000,福岡支店,レンタル法人,60,新規,12ヶ月以上
B25030731,7,2026/5/31,14672,0,60000,6000,0,66000,福岡支店,レンタル法人,60,新規,12ヶ月以上
B25030731,8,2026/6/30,14672,0,60000,6000,0,66000,福岡支店,レンタル法人,60,新規,12ヶ月以上
B25030731,9,2026/7/31,14672,0,60000,6000,0,66000,福岡支店,レンタル法人,60,新規,12ヶ月以上
B25030731,10,2026/8/31,14672,0,60000,6000,0,66000,福岡支店,レンタル法人,60,新規,12ヶ月以上
B25030743,1,2025/11/30,10190,0,1450000,145000,0,1595000,福岡支店,役務,0,新規,12ヶ月未満
B25030866,1,2025/10/31,15272,0,12000,1200,0,13200,福岡支店,レンタル法人,1,延長,12ヶ月未満
B25030867,1,2025/10/31,15272,0,2980,298,0,3278,福岡支店,レンタル法人,1,延長,12ヶ月未満
B25030894,1,2025/10/31,11182,0,12270,1227,0,13497,福岡支店,レンタル法人,1,延長,12ヶ月未満
B25030895,1,2025/11/30,4909,0,21000,2100,0,23100,福岡支店,レンタル法人,1,延長,12ヶ月未満
B25030896,1,2025/11/20,14953,0,5600,560,0,6160,福岡支店,レンタル法人,1,延長,12ヶ月未満
B25030901,1,2025/11/30,5759,0,9600,960,0,10560,福岡支店,レンタル法人,1,延長,12ヶ月未満
B25030902,1,2025/10/31,14215,0,15000,1500,0,16500,福岡支店,レンタル法人,1,延長,12ヶ月未満
B25030905,1,2025/10/31,14220,0,6600,660,0,7260,福岡支店,レンタル法人,1,延長,12ヶ月未満
B25030906,1,2025/10/31,14220,0,2200,220,0,2420,福岡支店,レンタル法人,1,延長,12ヶ月未満
B25030913,1,2025/10/31,14215,0,7000,700,0,7700,福岡支店,レンタル法人,1,延長,12ヶ月未満
B25030918,1,2025/11/30,15947,0,96000,9600,0,105600,福岡支店,販売,0,新規,12ヶ月未満
B25030919,1,2025/10/31,17637,0,24091,2409,0,26500,福岡支店,レンタル法人,60,新規,12ヶ月以上
B25030919,2,2025/11/30,17637,0,24091,2409,0,26500,福岡支店,レンタル法人,60,新規,12ヶ月以上
B25030919,3,2025/12/31,17637,0,24091,2409,0,26500,福岡支店,レンタル法人,60,新規,12ヶ月以上
B25030919,4,2026/1/31,17637,0,24091,2409,0,26500,福岡支店,レンタル法人,60,新規,12ヶ月以上
B25030919,5,2026/2/28,17637,0,24091,2409,0,26500,福岡支店,レンタル法人,60,新規,12ヶ月以上
B25030919,6,2026/3/31,17637,0,24091,2409,0,26500,福岡支店,レンタル法人,60,新規,12ヶ月以上
B25030919,7,2026/4/30,17637,0,24091,2409,0,26500,福岡支店,レンタル法人,60,新規,12ヶ月以上
B25030919,8,2026/5/31,17637,0,24091,2409,0,26500,福岡支店,レンタル法人,60,新規,12ヶ月以上
B25030919,9,2026/6/30,17637,0,24091,2409,0,26500,福岡支店,レンタル法人,60,新規,12ヶ月以上
B25030919,10,2026/7/31,17637,0,24091,2409,0,26500,福岡支店,レンタル法人,60,新規,12ヶ月以上
B25030919,11,2026/8/31,17637,0,24091,2409,0,26500,福岡支店,レンタル法人,60,新規,12ヶ月以上
B25030922,1,2025/10/31,14073,0,8100,810,0,8910,福岡支店,レンタル法人,60,新規,12ヶ月以上
B25030922,2,2025/11/30,14073,0,8100,810,0,8910,福岡支店,レンタル法人,60,新規,12ヶ月以上
B25030922,3,2025/12/31,14073,0,8100,810,0,8910,福岡支店,レンタル法人,60,新規,12ヶ月以上
B25030922,4,2026/1/31,14073,0,8100,810,0,8910,福岡支店,レンタル法人,60,新規,12ヶ月以上
B25030922,5,2026/2/28,14073,0,8100,810,0,8910,福岡支店,レンタル法人,60,新規,12ヶ月以上
B25030922,6,2026/3/31,14073,0,8100,810,0,8910,福岡支店,レンタル法人,60,新規,12ヶ月以上
B25030922,7,2026/4/30,14073,0,8100,810,0,8910,福岡支店,レンタル法人,60,新規,12ヶ月以上
B25030922,8,2026/5/31,14073,0,8100,810,0,8910,福岡支店,レンタル法人,60,新規,12ヶ月以上
B25030922,9,2026/6/30,14073,0,8100,810,0,8910,福岡支店,レンタル法人,60,新規,12ヶ月以上
B25030922,10,2026/7/31,14073,0,8100,810,0,8910,福岡支店,レンタル法人,60,新規,12ヶ月以上
B25030922,11,2026/8/31,14073,0,8100,810,0,8910,福岡支店,レンタル法人,60,新規,12ヶ月以上
B25030923,1,2025/11/30,10550,0,19000,1900,0,20900,福岡支店,レンタル法人,2,延長,12ヶ月未満
B25030923,2,2025/12/31,10550,0,19000,1900,0,20900,福岡支店,レンタル法人,2,延長,12ヶ月未満
B25030925,1,2025/11/30,17638,0,63000,6300,0,69300,福岡支店,レンタル法人,60,新規,12ヶ月以上
B25030925,2,2025/12/31,17638,0,63000,6300,0,69300,福岡支店,レンタル法人,60,新規,12ヶ月以上
B25030925,3,2026/1/31,17638,0,63000,6300,0,69300,福岡支店,レンタル法人,60,新規,12ヶ月以上
B25030925,4,2026/2/28,17638,0,63000,6300,0,69300,福岡支店,レンタル法人,60,新規,12ヶ月以上
B25030925,5,2026/3/31,17638,0,63000,6300,0,69300,福岡支店,レンタル法人,60,新規,12ヶ月以上
B25030925,6,2026/4/30,17638,0,63000,6300,0,69300,福岡支店,レンタル法人,60,新規,12ヶ月以上
B25030925,7,2026/5/31,17638,0,63000,6300,0,69300,福岡支店,レンタル法人,60,新規,12ヶ月以上
B25030925,8,2026/6/30,17638,0,63000,6300,0,69300,福岡支店,レンタル法人,60,新規,12ヶ月以上
B25030925,9,2026/7/31,17638,0,63000,6300,0,69300,福岡支店,レンタル法人,60,新規,12ヶ月以上
B25030925,10,2026/8/31,17638,0,63000,6300,0,69300,福岡支店,レンタル法人,60,新規,12ヶ月以上
B25030931,1,2025/11/30,17330,0,9400,940,0,10340,福岡支店,レンタル法人,60,新規,12ヶ月以上
B25030931,2,2025/12/31,17330,0,9400,940,0,10340,福岡支店,レンタル法人,60,新規,12ヶ月以上
B25030931,3,2026/1/31,17330,0,9400,940,0,10340,福岡支店,レンタル法人,60,新規,12ヶ月以上
B25030931,4,2026/2/28,17330,0,9400,940,0,10340,福岡支店,レンタル法人,60,新規,12ヶ月以上
B25030931,5,2026/3/31,17330,0,9400,940,0,10340,福岡支店,レンタル法人,60,新規,12ヶ月以上
B25030931,6,2026/4/30,17330,0,9400,940,0,10340,福岡支店,レンタル法人,60,新規,12ヶ月以上
B25030931,7,2026/5/31,17330,0,9400,940,0,10340,福岡支店,レンタル法人,60,新規,12ヶ月以上
B25030931,8,2026/6/30,17330,0,9400,940,0,10340,福岡支店,レンタル法人,60,新規,12ヶ月以上
B25030931,9,2026/7/31,17330,0,9400,940,0,10340,福岡支店,レンタル法人,60,新規,12ヶ月以上
B25030931,10,2026/8/31,17330,0,9400,940,0,10340,福岡支店,レンタル法人,60,新規,12ヶ月以上
B25030932,1,2025/11/30,17330,0,9400,940,0,10340,福岡支店,レンタル法人,60,新規,12ヶ月以上
B25030932,2,2025/12/31,17330,0,9400,940,0,10340,福岡支店,レンタル法人,60,新規,12ヶ月以上
B25030932,3,2026/1/31,17330,0,9400,940,0,10340,福岡支店,レンタル法人,60,新規,12ヶ月以上
B25030932,4,2026/2/28,17330,0,9400,940,0,10340,福岡支店,レンタル法人,60,新規,12ヶ月以上
B25030932,5,2026/3/31,17330,0,9400,940,0,10340,福岡支店,レンタル法人,60,新規,12ヶ月以上
B25030932,6,2026/4/30,17330,0,9400,940,0,10340,福岡支店,レンタル法人,60,新規,12ヶ月以上
B25030932,7,2026/5/31,17330,0,9400,940,0,10340,福岡支店,レンタル法人,60,新規,12ヶ月以上
B25030932,8,2026/6/30,17330,0,9400,940,0,10340,福岡支店,レンタル法人,60,新規,12ヶ月以上
B25030932,9,2026/7/31,17330,0,9400,940,0,10340,福岡支店,レンタル法人,60,新規,12ヶ月以上
B25030932,10,2026/8/31,17330,0,9400,940,0,10340,福岡支店,レンタル法人,60,新規,12ヶ月以上
B25030947,1,2025/11/30,12131,0,7260,726,0,7986,福岡支店,レンタル法人,2,新規,12ヶ月未満
B25030947,2,2025/12/31,12131,0,3360,336,0,3696,福岡支店,レンタル法人,2,新規,12ヶ月未満
B25030947,3,2026/1/31,12131,0,3360,336,0,3696,福岡支店,レンタル法人,2,新規,12ヶ月未満
B25030989,1,2025/11/30,10734,0,2000,200,0,2200,福岡支店,レンタル法人,12,延長,12ヶ月未満
B25030989,2,2025/12/31,10734,0,2000,200,0,2200,福岡支店,レンタル法人,12,延長,12ヶ月未満
B25030989,3,2026/1/31,10734,0,2000,200,0,2200,福岡支店,レンタル法人,12,延長,12ヶ月未満
B25030989,4,2026/2/28,10734,0,2000,200,0,2200,福岡支店,レンタル法人,12,延長,12ヶ月未満
B25030989,5,2026/3/31,10734,0,2000,200,0,2200,福岡支店,レンタル法人,12,延長,12ヶ月未満
B25030989,6,2026/4/30,10734,0,2000,200,0,2200,福岡支店,レンタル法人,12,延長,12ヶ月未満
B25030989,7,2026/5/31,10734,0,2000,200,0,2200,福岡支店,レンタル法人,12,延長,12ヶ月未満
B25030989,8,2026/6/30,10734,0,2000,200,0,2200,福岡支店,レンタル法人,12,延長,12ヶ月未満
B25030989,9,2026/7/31,10734,0,2000,200,0,2200,福岡支店,レンタル法人,12,延長,12ヶ月未満
B25030989,10,2026/8/31,10734,0,2000,200,0,2200,福岡支店,レンタル法人,12,延長,12ヶ月未満
B25031018,1,2025/10/31,14901,0,4080,408,0,4488,福岡支店,レンタル法人,1,延長,12ヶ月未満
B25031019,1,2025/10/31,14901,0,4080,408,0,4488,福岡支店,レンタル法人,1,延長,12ヶ月未満
B25031022,1,2025/10/31,14901,0,4080,408,0,4488,福岡支店,レンタル法人,1,延長,12ヶ月未満
B25031023,1,2025/10/31,14901,0,4080,408,0,4488,福岡支店,レンタル法人,1,延長,12ヶ月未満
B25031025,1,2025/10/31,14901,0,4080,408,0,4488,福岡支店,レンタル法人,1,延長,12ヶ月未満
B25031026,1,2025/10/31,14901,0,4080,408,0,4488,福岡支店,レンタル法人,1,延長,12ヶ月未満
B25031028,1,2025/10/31,14901,0,4080,408,0,4488,福岡支店,レンタル法人,1,延長,12ヶ月未満
B25031105,1,2025/11/30,17643,0,15400,1540,0,16940,福岡支店,レンタル法人,24,新規,12ヶ月以上
B25031105,2,2025/12/31,17643,0,11200,1120,0,12320,福岡支店,レンタル法人,24,新規,12ヶ月以上
B25031105,3,2026/1/31,17643,0,11200,1120,0,12320,福岡支店,レンタル法人,24,新規,12ヶ月以上
B25031105,4,2026/2/28,17643,0,11200,1120,0,12320,福岡支店,レンタル法人,24,新規,12ヶ月以上
B25031105,5,2026/3/31,17643,0,11200,1120,0,12320,福岡支店,レンタル法人,24,新規,12ヶ月以上
B25031105,6,2026/4/30,17643,0,11200,1120,0,12320,福岡支店,レンタル法人,24,新規,12ヶ月以上
B25031105,7,2026/5/31,17643,0,11200,1120,0,12320,福岡支店,レンタル法人,24,新規,12ヶ月以上
B25031105,8,2026/6/30,17643,0,11200,1120,0,12320,福岡支店,レンタル法人,24,新規,12ヶ月以上
B25031105,9,2026/7/31,17643,0,11200,1120,0,12320,福岡支店,レンタル法人,24,新規,12ヶ月以上
B25031105,10,2026/8/31,17643,0,11200,1120,0,12320,福岡支店,レンタル法人,24,新規,12ヶ月以上
B25031109,1,2025/10/31,12619,0,0,0,0,0,福岡支店,レンタル法人,29,新規,12ヶ月以上
B25031121,1,2025/11/20,14953,0,19200,1920,0,21120,福岡支店,レンタル法人,17,新規,12ヶ月以上
B25031121,2,2025/12/20,14953,0,14700,1470,0,16170,福岡支店,レンタル法人,17,新規,12ヶ月以上
B25031121,3,2026/1/20,14953,0,14700,1470,0,16170,福岡支店,レンタル法人,17,新規,12ヶ月以上
B25031121,4,2026/2/20,14953,0,14700,1470,0,16170,福岡支店,レンタル法人,17,新規,12ヶ月以上
B25031121,5,2026/3/20,14953,0,14700,1470,0,16170,福岡支店,レンタル法人,17,新規,12ヶ月以上
B25031121,6,2026/4/20,14953,0,14700,1470,0,16170,福岡支店,レンタル法人,17,新規,12ヶ月以上
B25031121,7,2026/5/20,14953,0,14700,1470,0,16170,福岡支店,レンタル法人,17,新規,12ヶ月以上
B25031121,8,2026/6/20,14953,0,14700,1470,0,16170,福岡支店,レンタル法人,17,新規,12ヶ月以上
B25031121,9,2026/7/20,14953,0,14700,1470,0,16170,福岡支店,レンタル法人,17,新規,12ヶ月以上
B25031121,10,2026/8/20,14953,0,14700,1470,0,16170,福岡支店,レンタル法人,17,新規,12ヶ月以上
B25031173,1,2025/10/31,5911,0,13200,1320,0,14520,福岡支店,レンタル法人,2,延長,12ヶ月未満
B25031236,1,2025/10/31,12729,0,92900,9290,0,102190,福岡支店,レンタル法人,60,新規,12ヶ月以上
B25031236,2,2025/11/30,12729,0,92900,9290,0,102190,福岡支店,レンタル法人,60,新規,12ヶ月以上
B25031236,3,2025/12/31,12729,0,92900,9290,0,102190,福岡支店,レンタル法人,60,新規,12ヶ月以上
B25031236,4,2026/1/31,12729,0,92900,9290,0,102190,福岡支店,レンタル法人,60,新規,12ヶ月以上
B25031236,5,2026/2/28,12729,0,92900,9290,0,102190,福岡支店,レンタル法人,60,新規,12ヶ月以上
B25031236,6,2026/3/31,12729,0,92900,9290,0,102190,福岡支店,レンタル法人,60,新規,12ヶ月以上
B25031236,7,2026/4/30,12729,0,92900,9290,0,102190,福岡支店,レンタル法人,60,新規,12ヶ月以上
B25031236,8,2026/5/31,12729,0,92900,9290,0,102190,福岡支店,レンタル法人,60,新規,12ヶ月以上
B25031236,9,2026/6/30,12729,0,92900,9290,0,102190,福岡支店,レンタル法人,60,新規,12ヶ月以上
B25031236,10,2026/7/31,12729,0,92900,9290,0,102190,福岡支店,レンタル法人,60,新規,12ヶ月以上
B25031236,11,2026/8/31,12729,0,92900,9290,0,102190,福岡支店,レンタル法人,60,新規,12ヶ月以上
B25031351,1,2025/11/30,12987,0,6150,615,0,6765,福岡支店,レンタル法人,60,新規,12ヶ月以上
B25031351,2,2025/12/31,12987,0,1650,165,0,1815,福岡支店,レンタル法人,60,新規,12ヶ月以上
B25031351,3,2026/1/31,12987,0,1650,165,0,1815,福岡支店,レンタル法人,60,新規,12ヶ月以上
B25031351,4,2026/2/28,12987,0,1650,165,0,1815,福岡支店,レンタル法人,60,新規,12ヶ月以上
B25031351,5,2026/3/31,12987,0,1650,165,0,1815,福岡支店,レンタル法人,60,新規,12ヶ月以上
B25031351,6,2026/4/30,12987,0,1650,165,0,1815,福岡支店,レンタル法人,60,新規,12ヶ月以上
B25031351,7,2026/5/31,12987,0,1650,165,0,1815,福岡支店,レンタル法人,60,新規,12ヶ月以上
B25031351,8,2026/6/30,12987,0,1650,165,0,1815,福岡支店,レンタル法人,60,新規,12ヶ月以上
B25031351,9,2026/7/31,12987,0,1650,165,0,1815,福岡支店,レンタル法人,60,新規,12ヶ月以上
B25031351,10,2026/8/31,12987,0,1650,165,0,1815,福岡支店,レンタル法人,60,新規,12ヶ月以上
B25031360,1,2025/11/30,17330,0,9400,940,0,10340,福岡支店,レンタル法人,60,新規,12ヶ月以上
B25031360,2,2025/12/31,17330,0,9400,940,0,10340,福岡支店,レンタル法人,60,新規,12ヶ月以上
B25031360,3,2026/1/31,17330,0,9400,940,0,10340,福岡支店,レンタル法人,60,新規,12ヶ月以上
B25031360,4,2026/2/28,17330,0,9400,940,0,10340,福岡支店,レンタル法人,60,新規,12ヶ月以上
B25031360,5,2026/3/31,17330,0,9400,940,0,10340,福岡支店,レンタル法人,60,新規,12ヶ月以上
B25031360,6,2026/4/30,17330,0,9400,940,0,10340,福岡支店,レンタル法人,60,新規,12ヶ月以上
B25031360,7,2026/5/31,17330,0,9400,940,0,10340,福岡支店,レンタル法人,60,新規,12ヶ月以上
B25031360,8,2026/6/30,17330,0,9400,940,0,10340,福岡支店,レンタル法人,60,新規,12ヶ月以上
B25031360,9,2026/7/31,17330,0,9400,940,0,10340,福岡支店,レンタル法人,60,新規,12ヶ月以上
B25031360,10,2026/8/31,17330,0,9400,940,0,10340,福岡支店,レンタル法人,60,新規,12ヶ月以上
B25031407,1,2025/11/30,17660,0,77000,7700,0,84700,福岡支店,役務,0,新規,12ヶ月未満
B25031421,1,2025/11/30,5759,0,142500,14250,0,156750,福岡支店,レンタル法人,0,新規,12ヶ月未満
B25031516,1,2025/11/30,10190,0,750000,75000,0,825000,福岡支店,役務,0,新規,12ヶ月未満
B25031535,1,2025/11/30,10190,0,750000,75000,0,825000,福岡支店,役務,0,新規,12ヶ月未満
B25031537,1,2025/11/30,10190,0,1590000,159000,0,1749000,福岡支店,役務,0,新規,12ヶ月未満
B25031545,1,2025/11/30,10190,0,1100000,110000,0,1210000,福岡支店,役務,0,新規,12ヶ月未満
B25031564,1,2025/11/30,14145,0,27273,2727,0,30000,福岡支店,販売,0,新規,12ヶ月未満
B25031571,1,2025/11/30,14340,0,7480,748,0,8228,福岡支店,レンタル法人,60,新規,12ヶ月以上
B25031571,2,2025/12/31,14340,0,2980,298,0,3278,福岡支店,レンタル法人,60,新規,12ヶ月以上
B25031571,3,2026/1/31,14340,0,2980,298,0,3278,福岡支店,レンタル法人,60,新規,12ヶ月以上
B25031571,4,2026/2/28,14340,0,2980,298,0,3278,福岡支店,レンタル法人,60,新規,12ヶ月以上
B25031571,5,2026/3/31,14340,0,2980,298,0,3278,福岡支店,レンタル法人,60,新規,12ヶ月以上
B25031571,6,2026/4/30,14340,0,2980,298,0,3278,福岡支店,レンタル法人,60,新規,12ヶ月以上
B25031571,7,2026/5/31,14340,0,2980,298,0,3278,福岡支店,レンタル法人,60,新規,12ヶ月以上
B25031571,8,2026/6/30,14340,0,2980,298,0,3278,福岡支店,レンタル法人,60,新規,12ヶ月以上
B25031571,9,2026/7/31,14340,0,2980,298,0,3278,福岡支店,レンタル法人,60,新規,12ヶ月以上
B25031571,10,2026/8/31,14340,0,2980,298,0,3278,福岡支店,レンタル法人,60,新規,12ヶ月以上
B25031642,1,2025/11/30,8253,0,107500,10750,0,118250,福岡支店,レンタル法人,0,新規,12ヶ月未満
B25031727,1,2026/1/20,14953,0,16500,1650,0,18150,福岡支店,レンタル法人,18,新規,12ヶ月以上
B25031727,2,2026/2/20,14953,0,12000,1200,0,13200,福岡支店,レンタル法人,18,新規,12ヶ月以上
B25031727,3,2026/3/20,14953,0,12000,1200,0,13200,福岡支店,レンタル法人,18,新規,12ヶ月以上
B25031727,4,2026/4/20,14953,0,12000,1200,0,13200,福岡支店,レンタル法人,18,新規,12ヶ月以上
B25031727,5,2026/5/20,14953,0,12000,1200,0,13200,福岡支店,レンタル法人,18,新規,12ヶ月以上
B25031727,6,2026/6/20,14953,0,12000,1200,0,13200,福岡支店,レンタル法人,18,新規,12ヶ月以上
B25031727,7,2026/7/20,14953,0,12000,1200,0,13200,福岡支店,レンタル法人,18,新規,12ヶ月以上
B25031727,8,2026/8/20,14953,0,12000,1200,0,13200,福岡支店,レンタル法人,18,新規,12ヶ月以上
B25031747,1,2025/11/30,17643,0,25000,2500,0,27500,福岡支店,レンタル法人,36,新規,12ヶ月以上
B25031747,2,2025/12/31,17643,0,17000,1700,0,18700,福岡支店,レンタル法人,36,新規,12ヶ月以上
B25031747,3,2026/1/31,17643,0,17000,1700,0,18700,福岡支店,レンタル法人,36,新規,12ヶ月以上
B25031747,4,2026/2/28,17643,0,17000,1700,0,18700,福岡支店,レンタル法人,36,新規,12ヶ月以上
B25031747,5,2026/3/31,17643,0,17000,1700,0,18700,福岡支店,レンタル法人,36,新規,12ヶ月以上
B25031747,6,2026/4/30,17643,0,17000,1700,0,18700,福岡支店,レンタル法人,36,新規,12ヶ月以上
B25031747,7,2026/5/31,17643,0,17000,1700,0,18700,福岡支店,レンタル法人,36,新規,12ヶ月以上
B25031747,8,2026/6/30,17643,0,17000,1700,0,18700,福岡支店,レンタル法人,36,新規,12ヶ月以上
B25031747,9,2026/7/31,17643,0,17000,1700,0,18700,福岡支店,レンタル法人,36,新規,12ヶ月以上
B25031747,10,2026/8/31,17643,0,17000,1700,0,18700,福岡支店,レンタル法人,36,新規,12ヶ月以上
B25031761,1,2025/11/30,296,0,0,0,0,0,福岡支店,レンタル法人,0,新規,12ヶ月未満
B25031848,1,2025/11/30,15668,0,690000,69000,0,759000,福岡支店,販売,0,新規,12ヶ月未満
B25031937,1,2025/11/30,17697,0,15900,1590,0,17490,福岡支店,レンタル法人,60,新規,12ヶ月以上
B25031937,2,2025/12/31,17697,0,15900,1590,0,17490,福岡支店,レンタル法人,60,新規,12ヶ月以上
B25031937,3,2026/1/31,17697,0,15900,1590,0,17490,福岡支店,レンタル法人,60,新規,12ヶ月以上
B25031937,4,2026/2/28,17697,0,15900,1590,0,17490,福岡支店,レンタル法人,60,新規,12ヶ月以上
B25031937,5,2026/3/31,17697,0,15900,1590,0,17490,福岡支店,レンタル法人,60,新規,12ヶ月以上
B25031937,6,2026/4/30,17697,0,15900,1590,0,17490,福岡支店,レンタル法人,60,新規,12ヶ月以上
B25031937,7,2026/5/31,17697,0,15900,1590,0,17490,福岡支店,レンタル法人,60,新規,12ヶ月以上
B25031937,8,2026/6/30,17697,0,15900,1590,0,17490,福岡支店,レンタル法人,60,新規,12ヶ月以上
B25031937,9,2026/7/31,17697,0,15900,1590,0,17490,福岡支店,レンタル法人,60,新規,12ヶ月以上
B25031937,10,2026/8/31,17697,0,15900,1590,0,17490,福岡支店,レンタル法人,60,新規,12ヶ月以上
B25032029,1,2025/11/30,5759,0,29000,2900,0,31900,福岡支店,レンタル法人,1,新規,12ヶ月未満
B25032104,1,2025/11/30,5759,0,120000,12000,0,132000,福岡支店,レンタル法人,0,新規,12ヶ月未満
B25032111,1,2025/11/30,8253,0,40000,4000,0,44000,福岡支店,レンタル法人,0,新規,12ヶ月未満
B25032112,1,2025/11/30,8253,0,110000,11000,0,121000,福岡支店,レンタル法人,0,新規,12ヶ月未満
B25032152,1,2025/11/30,10190,0,12800,1280,0,14080,福岡支店,レンタル法人,12,新規,12ヶ月未満
B25032152,2,2025/12/31,10190,0,12800,1280,0,14080,福岡支店,レンタル法人,12,新規,12ヶ月未満
B25032152,3,2026/1/31,10190,0,12800,1280,0,14080,福岡支店,レンタル法人,12,新規,12ヶ月未満
B25032152,4,2026/2/28,10190,0,12800,1280,0,14080,福岡支店,レンタル法人,12,新規,12ヶ月未満
B25032152,5,2026/3/31,10190,0,12800,1280,0,14080,福岡支店,レンタル法人,12,新規,12ヶ月未満
B25032152,6,2026/4/30,10190,0,12800,1280,0,14080,福岡支店,レンタル法人,12,新規,12ヶ月未満
B25032152,7,2026/5/31,10190,0,12800,1280,0,14080,福岡支店,レンタル法人,12,新規,12ヶ月未満
B25032152,8,2026/6/30,10190,0,12800,1280,0,14080,福岡支店,レンタル法人,12,新規,12ヶ月未満
B25032152,9,2026/7/31,10190,0,12800,1280,0,14080,福岡支店,レンタル法人,12,新規,12ヶ月未満
B25032152,10,2026/8/31,10190,0,12800,1280,0,14080,福岡支店,レンタル法人,12,新規,12ヶ月未満
B25032154,1,2025/11/30,10190,0,4800,480,0,5280,福岡支店,レンタル法人,12,新規,12ヶ月未満
B25032154,2,2025/12/31,10190,0,4800,480,0,5280,福岡支店,レンタル法人,12,新規,12ヶ月未満
B25032154,3,2026/1/31,10190,0,4800,480,0,5280,福岡支店,レンタル法人,12,新規,12ヶ月未満
B25032154,4,2026/2/28,10190,0,4800,480,0,5280,福岡支店,レンタル法人,12,新規,12ヶ月未満
B25032154,5,2026/3/31,10190,0,4800,480,0,5280,福岡支店,レンタル法人,12,新規,12ヶ月未満
B25032154,6,2026/4/30,10190,0,4800,480,0,5280,福岡支店,レンタル法人,12,新規,12ヶ月未満
B25032154,7,2026/5/31,10190,0,4800,480,0,5280,福岡支店,レンタル法人,12,新規,12ヶ月未満
B25032154,8,2026/6/30,10190,0,4800,480,0,5280,福岡支店,レンタル法人,12,新規,12ヶ月未満
B25032154,9,2026/7/31,10190,0,4800,480,0,5280,福岡支店,レンタル法人,12,新規,12ヶ月未満
B25032154,10,2026/8/31,10190,0,4800,480,0,5280,福岡支店,レンタル法人,12,新規,12ヶ月未満
B25032155,1,2025/11/30,10190,0,4800,480,0,5280,福岡支店,レンタル法人,12,新規,12ヶ月未満
B25032155,2,2025/12/31,10190,0,4800,480,0,5280,福岡支店,レンタル法人,12,新規,12ヶ月未満
B25032155,3,2026/1/31,10190,0,4800,480,0,5280,福岡支店,レンタル法人,12,新規,12ヶ月未満
B25032155,4,2026/2/28,10190,0,4800,480,0,5280,福岡支店,レンタル法人,12,新規,12ヶ月未満
B25032155,5,2026/3/31,10190,0,4800,480,0,5280,福岡支店,レンタル法人,12,新規,12ヶ月未満
B25032155,6,2026/4/30,10190,0,4800,480,0,5280,福岡支店,レンタル法人,12,新規,12ヶ月未満
B25032155,7,2026/5/31,10190,0,4800,480,0,5280,福岡支店,レンタル法人,12,新規,12ヶ月未満
B25032155,8,2026/6/30,10190,0,4800,480,0,5280,福岡支店,レンタル法人,12,新規,12ヶ月未満
B25032155,9,2026/7/31,10190,0,4800,480,0,5280,福岡支店,レンタル法人,12,新規,12ヶ月未満
B25032155,10,2026/8/31,10190,0,4800,480,0,5280,福岡支店,レンタル法人,12,新規,12ヶ月未満
B25032301,1,2025/11/30,14780,0,2900000,290000,0,3190000,福岡支店,販売,0,新規,12ヶ月未満
B25032308,1,2025/11/30,17722,0,15980,1598,0,17578,福岡支店,レンタル法人,60,新規,12ヶ月以上
B25032308,2,2025/12/31,17722,0,15980,1598,0,17578,福岡支店,レンタル法人,60,新規,12ヶ月以上
B25032308,3,2026/1/31,17722,0,15980,1598,0,17578,福岡支店,レンタル法人,60,新規,12ヶ月以上
B25032308,4,2026/2/28,17722,0,15980,1598,0,17578,福岡支店,レンタル法人,60,新規,12ヶ月以上
B25032308,5,2026/3/31,17722,0,15980,1598,0,17578,福岡支店,レンタル法人,60,新規,12ヶ月以上
B25032308,6,2026/4/30,17722,0,15980,1598,0,17578,福岡支店,レンタル法人,60,新規,12ヶ月以上
B25032308,7,2026/5/31,17722,0,15980,1598,0,17578,福岡支店,レンタル法人,60,新規,12ヶ月以上
B25032308,8,2026/6/30,17722,0,15980,1598,0,17578,福岡支店,レンタル法人,60,新規,12ヶ月以上
B25032308,9,2026/7/31,17722,0,15980,1598,0,17578,福岡支店,レンタル法人,60,新規,12ヶ月以上
B25032308,10,2026/8/31,17722,0,15980,1598,0,17578,福岡支店,レンタル法人,60,新規,12ヶ月以上
B25032359,1,2025/12/31,11660,0,5980,598,0,6578,福岡支店,レンタル法人,36,新規,12ヶ月以上
B25032359,2,2026/1/31,11660,0,3980,398,0,4378,福岡支店,レンタル法人,36,新規,12ヶ月以上
B25032359,3,2026/2/28,11660,0,3980,398,0,4378,福岡支店,レンタル法人,36,新規,12ヶ月以上
B25032359,4,2026/3/31,11660,0,3980,398,0,4378,福岡支店,レンタル法人,36,新規,12ヶ月以上
B25032359,5,2026/4/30,11660,0,3980,398,0,4378,福岡支店,レンタル法人,36,新規,12ヶ月以上
B25032359,6,2026/5/31,11660,0,3980,398,0,4378,福岡支店,レンタル法人,36,新規,12ヶ月以上
B25032359,7,2026/6/30,11660,0,3980,398,0,4378,福岡支店,レンタル法人,36,新規,12ヶ月以上
B25032359,8,2026/7/31,11660,0,3980,398,0,4378,福岡支店,レンタル法人,36,新規,12ヶ月以上
B25032359,9,2026/8/31,11660,0,3980,398,0,4378,福岡支店,レンタル法人,36,新規,12ヶ月以上
B25032376,1,2025/11/30,5759,0,60000,6000,0,66000,福岡支店,レンタル法人,0,新規,12ヶ月未満
B25032562,1,2025/12/31,5759,0,108000,10800,0,118800,福岡支店,レンタル法人,6,新規,12ヶ月未満
B25032631,1,2025/11/30,11235,0,57600,5760,0,63360,福岡支店,レンタル法人,1,延長,12ヶ月未満
B25032632,1,2025/11/30,11235,0,12800,1280,0,14080,福岡支店,レンタル法人,1,延長,12ヶ月未満
B25032634,1,2025/11/30,12130,0,5000,500,0,5500,福岡支店,レンタル法人,12,延長,12ヶ月未満
B25032634,2,2025/12/31,12130,0,5000,500,0,5500,福岡支店,レンタル法人,12,延長,12ヶ月未満
B25032634,3,2026/1/31,12130,0,5000,500,0,5500,福岡支店,レンタル法人,12,延長,12ヶ月未満
B25032634,4,2026/2/28,12130,0,5000,500,0,5500,福岡支店,レンタル法人,12,延長,12ヶ月未満
B25032634,5,2026/3/31,12130,0,5000,500,0,5500,福岡支店,レンタル法人,12,延長,12ヶ月未満
B25032634,6,2026/4/30,12130,0,5000,500,0,5500,福岡支店,レンタル法人,12,延長,12ヶ月未満
B25032634,7,2026/5/31,12130,0,5000,500,0,5500,福岡支店,レンタル法人,12,延長,12ヶ月未満
B25032634,8,2026/6/30,12130,0,5000,500,0,5500,福岡支店,レンタル法人,12,延長,12ヶ月未満
B25032634,9,2026/7/31,12130,0,5000,500,0,5500,福岡支店,レンタル法人,12,延長,12ヶ月未満
B25032634,10,2026/8/31,12130,0,5000,500,0,5500,福岡支店,レンタル法人,12,延長,12ヶ月未満
B25032635,1,2025/11/30,12130,0,2500,250,0,2750,福岡支店,レンタル法人,12,延長,12ヶ月未満
B25032635,2,2025/12/31,12130,0,2500,250,0,2750,福岡支店,レンタル法人,12,延長,12ヶ月未満
B25032635,3,2026/1/31,12130,0,2500,250,0,2750,福岡支店,レンタル法人,12,延長,12ヶ月未満
B25032635,4,2026/2/28,12130,0,2500,250,0,2750,福岡支店,レンタル法人,12,延長,12ヶ月未満
B25032635,5,2026/3/31,12130,0,2500,250,0,2750,福岡支店,レンタル法人,12,延長,12ヶ月未満
B25032635,6,2026/4/30,12130,0,2500,250,0,2750,福岡支店,レンタル法人,12,延長,12ヶ月未満
B25032635,7,2026/5/31,12130,0,2500,250,0,2750,福岡支店,レンタル法人,12,延長,12ヶ月未満
B25032635,8,2026/6/30,12130,0,2500,250,0,2750,福岡支店,レンタル法人,12,延長,12ヶ月未満
B25032635,9,2026/7/31,12130,0,2500,250,0,2750,福岡支店,レンタル法人,12,延長,12ヶ月未満
B25032635,10,2026/8/31,12130,0,2500,250,0,2750,福岡支店,レンタル法人,12,延長,12ヶ月未満
B25032668,1,2025/11/30,7602,0,7200,720,0,7920,福岡支店,レンタル法人,1,延長,12ヶ月未満
B25032671,1,2025/12/31,12402,0,42000,4200,0,46200,福岡支店,レンタル法人,60,新規,12ヶ月以上
B25032671,2,2026/1/31,12402,0,2000,200,0,2200,福岡支店,レンタル法人,60,新規,12ヶ月以上
B25032671,3,2026/2/28,12402,0,2000,200,0,2200,福岡支店,レンタル法人,60,新規,12ヶ月以上
B25032671,4,2026/3/31,12402,0,2000,200,0,2200,福岡支店,レンタル法人,60,新規,12ヶ月以上
B25032671,5,2026/4/30,12402,0,2000,200,0,2200,福岡支店,レンタル法人,60,新規,12ヶ月以上
B25032671,6,2026/5/31,12402,0,2000,200,0,2200,福岡支店,レンタル法人,60,新規,12ヶ月以上
B25032671,7,2026/6/30,12402,0,2000,200,0,2200,福岡支店,レンタル法人,60,新規,12ヶ月以上
B25032671,8,2026/7/31,12402,0,2000,200,0,2200,福岡支店,レンタル法人,60,新規,12ヶ月以上
B25032671,9,2026/8/31,12402,0,2000,200,0,2200,福岡支店,レンタル法人,60,新規,12ヶ月以上
B25032680,1,2025/12/31,14736,0,2000,200,0,2200,福岡支店,販売,0,新規,12ヶ月未満
B25032681,1,2025/12/31,7602,0,7200,720,0,7920,福岡支店,レンタル法人,1,延長,12ヶ月未満
B25032748,1,2025/11/30,15947,0,48000,4800,0,52800,福岡支店,レンタル法人,0,新規,12ヶ月未満
B25032750,1,2025/12/31,14445,0,7180,718,0,7898,福岡支店,レンタル法人,60,新規,12ヶ月以上
B25032750,2,2026/1/31,14445,0,4880,488,0,5368,福岡支店,レンタル法人,60,新規,12ヶ月以上
B25032750,3,2026/2/28,14445,0,4880,488,0,5368,福岡支店,レンタル法人,60,新規,12ヶ月以上
B25032750,4,2026/3/31,14445,0,4880,488,0,5368,福岡支店,レンタル法人,60,新規,12ヶ月以上
B25032750,5,2026/4/30,14445,0,4880,488,0,5368,福岡支店,レンタル法人,60,新規,12ヶ月以上
B25032750,6,2026/5/31,14445,0,4880,488,0,5368,福岡支店,レンタル法人,60,新規,12ヶ月以上
B25032750,7,2026/6/30,14445,0,4880,488,0,5368,福岡支店,レンタル法人,60,新規,12ヶ月以上
B25032750,8,2026/7/31,14445,0,4880,488,0,5368,福岡支店,レンタル法人,60,新規,12ヶ月以上
B25032750,9,2026/8/31,14445,0,4880,488,0,5368,福岡支店,レンタル法人,60,新規,12ヶ月以上
B25032769,1,2025/11/30,14901,0,4080,408,0,4488,福岡支店,レンタル法人,1,延長,12ヶ月未満
B25032770,1,2025/11/30,14901,0,4080,408,0,4488,福岡支店,レンタル法人,1,延長,12ヶ月未満
B25032771,1,2025/11/30,14901,0,4080,408,0,4488,福岡支店,レンタル法人,1,延長,12ヶ月未満
B25032772,1,2025/11/30,14901,0,4080,408,0,4488,福岡支店,レンタル法人,1,延長,12ヶ月未満
B25032773,1,2025/11/30,14901,0,4080,408,0,4488,福岡支店,レンタル法人,1,延長,12ヶ月未満
B25032774,1,2025/11/30,14901,0,4080,408,0,4488,福岡支店,レンタル法人,1,延長,12ヶ月未満
B25032776,1,2025/11/30,14901,0,4080,408,0,4488,福岡支店,レンタル法人,1,延長,12ヶ月未満
B25032869,1,2025/11/30,14098,0,200,20,0,220,福岡支店,レンタル法人,35,延長,12ヶ月以上
B25032869,2,2025/12/31,14098,0,200,20,0,220,福岡支店,レンタル法人,35,延長,12ヶ月以上
B25032869,3,2026/1/31,14098,0,200,20,0,220,福岡支店,レンタル法人,35,延長,12ヶ月以上
B25032869,4,2026/2/28,14098,0,200,20,0,220,福岡支店,レンタル法人,35,延長,12ヶ月以上
B25032869,5,2026/3/31,14098,0,200,20,0,220,福岡支店,レンタル法人,35,延長,12ヶ月以上
B25032869,6,2026/4/30,14098,0,200,20,0,220,福岡支店,レンタル法人,35,延長,12ヶ月以上
B25032869,7,2026/5/31,14098,0,200,20,0,220,福岡支店,レンタル法人,35,延長,12ヶ月以上
B25032869,8,2026/6/30,14098,0,200,20,0,220,福岡支店,レンタル法人,35,延長,12ヶ月以上
B25032869,9,2026/7/31,14098,0,200,20,0,220,福岡支店,レンタル法人,35,延長,12ヶ月以上
B25032869,10,2026/8/31,14098,0,200,20,0,220,福岡支店,レンタル法人,35,延長,12ヶ月以上
B25032971,1,2025/12/31,17758,0,12500,1250,0,13750,福岡支店,レンタル法人,36,新規,12ヶ月以上
B25032971,2,2026/1/31,17758,0,8500,850,0,9350,福岡支店,レンタル法人,36,新規,12ヶ月以上
B25032971,3,2026/2/28,17758,0,8500,850,0,9350,福岡支店,レンタル法人,36,新規,12ヶ月以上
B25032971,4,2026/3/31,17758,0,8500,850,0,9350,福岡支店,レンタル法人,36,新規,12ヶ月以上
B25032971,5,2026/4/30,17758,0,8500,850,0,9350,福岡支店,レンタル法人,36,新規,12ヶ月以上
B25032971,6,2026/5/31,17758,0,8500,850,0,9350,福岡支店,レンタル法人,36,新規,12ヶ月以上
B25032971,7,2026/6/30,17758,0,8500,850,0,9350,福岡支店,レンタル法人,36,新規,12ヶ月以上
B25032971,8,2026/7/31,17758,0,8500,850,0,9350,福岡支店,レンタル法人,36,新規,12ヶ月以上
B25032971,9,2026/8/31,17758,0,8500,850,0,9350,福岡支店,レンタル法人,36,新規,12ヶ月以上
B25033058,1,2025/12/31,12987,0,7800,780,0,8580,福岡支店,レンタル法人,60,新規,12ヶ月以上
B25033058,2,2026/1/31,12987,0,3300,330,0,3630,福岡支店,レンタル法人,60,新規,12ヶ月以上
B25033058,3,2026/2/28,12987,0,3300,330,0,3630,福岡支店,レンタル法人,60,新規,12ヶ月以上
B25033058,4,2026/3/31,12987,0,3300,330,0,3630,福岡支店,レンタル法人,60,新規,12ヶ月以上
B25033058,5,2026/4/30,12987,0,3300,330,0,3630,福岡支店,レンタル法人,60,新規,12ヶ月以上
B25033058,6,2026/5/31,12987,0,3300,330,0,3630,福岡支店,レンタル法人,60,新規,12ヶ月以上
B25033058,7,2026/6/30,12987,0,3300,330,0,3630,福岡支店,レンタル法人,60,新規,12ヶ月以上
B25033058,8,2026/7/31,12987,0,3300,330,0,3630,福岡支店,レンタル法人,60,新規,12ヶ月以上
B25033058,9,2026/8/31,12987,0,3300,330,0,3630,福岡支店,レンタル法人,60,新規,12ヶ月以上
B25033075,1,2025/11/30,13555,0,23200,2320,0,25520,福岡支店,レンタル法人,0,新規,12ヶ月未満
B25033110,1,2025/11/30,5759,0,11500,1150,0,12650,福岡支店,レンタル法人,1,新規,12ヶ月未満
B25033173,1,2025/12/31,11894,0,59000,5900,0,64900,福岡支店,レンタル法人,60,新規,12ヶ月以上
B25033173,2,2026/1/31,11894,0,59000,5900,0,64900,福岡支店,レンタル法人,60,新規,12ヶ月以上
B25033173,3,2026/2/28,11894,0,59000,5900,0,64900,福岡支店,レンタル法人,60,新規,12ヶ月以上
B25033173,4,2026/3/31,11894,0,59000,5900,0,64900,福岡支店,レンタル法人,60,新規,12ヶ月以上
B25033173,5,2026/4/30,11894,0,59000,5900,0,64900,福岡支店,レンタル法人,60,新規,12ヶ月以上
B25033173,6,2026/5/31,11894,0,59000,5900,0,64900,福岡支店,レンタル法人,60,新規,12ヶ月以上
B25033173,7,2026/6/30,11894,0,59000,5900,0,64900,福岡支店,レンタル法人,60,新規,12ヶ月以上
B25033173,8,2026/7/31,11894,0,59000,5900,0,64900,福岡支店,レンタル法人,60,新規,12ヶ月以上
B25033173,9,2026/8/31,11894,0,59000,5900,0,64900,福岡支店,レンタル法人,60,新規,12ヶ月以上
B25033184,1,2025/11/30,14901,0,9580,958,0,10538,福岡支店,レンタル法人,3,新規,12ヶ月未満
B25033184,2,2025/12/31,14901,0,5580,558,0,6138,福岡支店,レンタル法人,3,新規,12ヶ月未満
B25033184,3,2026/1/31,14901,0,5580,558,0,6138,福岡支店,レンタル法人,3,新規,12ヶ月未満
B25033196,1,2025/11/30,5759,0,28500,2850,0,31350,福岡支店,レンタル法人,0,新規,12ヶ月未満
B25033263,1,2025/12/31,10274,0,23800,2380,0,26180,福岡支店,レンタル法人,0,新規,12ヶ月未満
B25033320,1,2025/11/30,12729,0,12180,1218,0,13398,福岡支店,レンタル法人,59,新規,12ヶ月以上
B25033320,2,2025/12/31,12729,0,12180,1218,0,13398,福岡支店,レンタル法人,59,新規,12ヶ月以上
B25033320,3,2026/1/31,12729,0,12180,1218,0,13398,福岡支店,レンタル法人,59,新規,12ヶ月以上
B25033320,4,2026/2/28,12729,0,12180,1218,0,13398,福岡支店,レンタル法人,59,新規,12ヶ月以上
B25033320,5,2026/3/31,12729,0,12180,1218,0,13398,福岡支店,レンタル法人,59,新規,12ヶ月以上
B25033320,6,2026/4/30,12729,0,12180,1218,0,13398,福岡支店,レンタル法人,59,新規,12ヶ月以上
B25033320,7,2026/5/31,12729,0,12180,1218,0,13398,福岡支店,レンタル法人,59,新規,12ヶ月以上
B25033320,8,2026/6/30,12729,0,12180,1218,0,13398,福岡支店,レンタル法人,59,新規,12ヶ月以上
B25033320,9,2026/7/31,12729,0,12180,1218,0,13398,福岡支店,レンタル法人,59,新規,12ヶ月以上
B25033320,10,2026/8/31,12729,0,12180,1218,0,13398,福岡支店,レンタル法人,59,新規,12ヶ月以上
B25033341,1,2025/11/30,11578,0,156610,15661,0,172271,福岡支店,販売,0,新規,12ヶ月未満
B25033400,1,2025/12/31,5759,0,60000,6000,0,66000,福岡支店,レンタル法人,0,新規,12ヶ月未満
B25033424,1,2025/12/31,17330,0,10500,1050,0,11550,福岡支店,レンタル法人,60,新規,12ヶ月以上
B25033424,2,2026/1/31,17330,0,10500,1050,0,11550,福岡支店,レンタル法人,60,新規,12ヶ月以上
B25033424,3,2026/2/28,17330,0,10500,1050,0,11550,福岡支店,レンタル法人,60,新規,12ヶ月以上
B25033424,4,2026/3/31,17330,0,10500,1050,0,11550,福岡支店,レンタル法人,60,新規,12ヶ月以上
B25033424,5,2026/4/30,17330,0,10500,1050,0,11550,福岡支店,レンタル法人,60,新規,12ヶ月以上
B25033424,6,2026/5/31,17330,0,10500,1050,0,11550,福岡支店,レンタル法人,60,新規,12ヶ月以上
B25033424,7,2026/6/30,17330,0,10500,1050,0,11550,福岡支店,レンタル法人,60,新規,12ヶ月以上
B25033424,8,2026/7/31,17330,0,10500,1050,0,11550,福岡支店,レンタル法人,60,新規,12ヶ月以上
B25033424,9,2026/8/31,17330,0,10500,1050,0,11550,福岡支店,レンタル法人,60,新規,12ヶ月以上
B25033425,1,2025/12/31,17330,0,11700,1170,0,12870,福岡支店,レンタル法人,60,新規,12ヶ月以上
B25033425,2,2026/1/31,17330,0,11700,1170,0,12870,福岡支店,レンタル法人,60,新規,12ヶ月以上
B25033425,3,2026/2/28,17330,0,11700,1170,0,12870,福岡支店,レンタル法人,60,新規,12ヶ月以上
B25033425,4,2026/3/31,17330,0,11700,1170,0,12870,福岡支店,レンタル法人,60,新規,12ヶ月以上
B25033425,5,2026/4/30,17330,0,11700,1170,0,12870,福岡支店,レンタル法人,60,新規,12ヶ月以上
B25033425,6,2026/5/31,17330,0,11700,1170,0,12870,福岡支店,レンタル法人,60,新規,12ヶ月以上
B25033425,7,2026/6/30,17330,0,11700,1170,0,12870,福岡支店,レンタル法人,60,新規,12ヶ月以上
B25033425,8,2026/7/31,17330,0,11700,1170,0,12870,福岡支店,レンタル法人,60,新規,12ヶ月以上
B25033425,9,2026/8/31,17330,0,11700,1170,0,12870,福岡支店,レンタル法人,60,新規,12ヶ月以上
B25033522,1,2025/11/30,17784,0,11900,1190,0,13090,福岡支店,レンタル法人,1,新規,12ヶ月未満
B25033745,1,2025/12/31,12987,0,6150,615,0,6765,福岡支店,レンタル法人,60,新規,12ヶ月以上
B25033745,2,2026/1/31,12987,0,1650,165,0,1815,福岡支店,レンタル法人,60,新規,12ヶ月以上
B25033745,3,2026/2/28,12987,0,1650,165,0,1815,福岡支店,レンタル法人,60,新規,12ヶ月以上
B25033745,4,2026/3/31,12987,0,1650,165,0,1815,福岡支店,レンタル法人,60,新規,12ヶ月以上
B25033745,5,2026/4/30,12987,0,1650,165,0,1815,福岡支店,レンタル法人,60,新規,12ヶ月以上
B25033745,6,2026/5/31,12987,0,1650,165,0,1815,福岡支店,レンタル法人,60,新規,12ヶ月以上
B25033745,7,2026/6/30,12987,0,1650,165,0,1815,福岡支店,レンタル法人,60,新規,12ヶ月以上
B25033745,8,2026/7/31,12987,0,1650,165,0,1815,福岡支店,レンタル法人,60,新規,12ヶ月以上
B25033745,9,2026/8/31,12987,0,1650,165,0,1815,福岡支店,レンタル法人,60,新規,12ヶ月以上
B25033949,1,2025/11/30,14215,0,15800,1580,0,17380,福岡支店,レンタル法人,1,延長,12ヶ月未満
B25033950,1,2025/11/30,11182,0,12270,1227,0,13497,福岡支店,レンタル法人,1,延長,12ヶ月未満
B25033951,1,2025/12/31,4909,0,21000,2100,0,23100,福岡支店,レンタル法人,1,延長,12ヶ月未満
B25033952,1,2025/12/20,14953,0,5600,560,0,6160,福岡支店,レンタル法人,1,延長,12ヶ月未満
B25033954,1,2025/12/31,5759,0,9600,960,0,10560,福岡支店,レンタル法人,1,延長,12ヶ月未満
B25033956,1,2025/11/30,14215,0,15000,1500,0,16500,福岡支店,レンタル法人,1,延長,12ヶ月未満
B25033966,1,2025/11/30,14220,0,6600,660,0,7260,福岡支店,レンタル法人,1,延長,12ヶ月未満
B25033967,1,2025/11/30,14220,0,2200,220,0,2420,福岡支店,レンタル法人,1,延長,12ヶ月未満
B25033969,1,2025/11/30,14215,0,7000,700,0,7700,福岡支店,レンタル法人,1,延長,12ヶ月未満
B25033970,1,2025/12/31,14169,0,12350,1235,0,13585,福岡支店,レンタル法人,1,延長,12ヶ月未満
B25034054,1,2025/11/30,15272,0,12000,1200,0,13200,福岡支店,レンタル法人,1,延長,12ヶ月未満
B25034056,1,2025/11/30,15272,0,2980,298,0,3278,福岡支店,レンタル法人,1,延長,12ヶ月未満
B25034126,1,2025/11/30,10190,0,120000,12000,0,132000,福岡支店,役務,0,新規,12ヶ月未満
B25034127,1,2025/11/30,10190,0,255000,25500,0,280500,福岡支店,販売,0,新規,12ヶ月未満
B25034128,1,2025/11/30,10190,0,1160000,116000,0,1276000,福岡支店,役務,0,新規,12ヶ月未満
B25034129,1,2025/11/30,10190,0,480000,48000,0,528000,福岡支店,役務,0,新規,12ヶ月未満
B25034131,1,2025/11/30,10190,0,2674573,267427,0,2942000,福岡支店,レンタル法人,1,新規,12ヶ月未満
B25034132,1,2025/11/30,10190,0,995900,99590,0,1095490,福岡支店,レンタル法人,1,新規,12ヶ月未満
B25034134,1,2025/11/30,10190,0,28000,2800,0,30800,福岡支店,レンタル法人,1,延長,12ヶ月未満
B25034135,1,2025/11/30,10190,0,24150,2415,0,26565,福岡支店,レンタル法人,1,延長,12ヶ月未満
B25034137,1,2025/11/30,10190,0,9200,920,0,10120,福岡支店,レンタル法人,1,延長,12ヶ月未満
B25034139,1,2025/11/30,10190,0,54050,5405,0,59455,福岡支店,レンタル法人,1,延長,12ヶ月未満
B25034287,1,2025/12/31,14315,0,2700,270,0,2970,福岡支店,レンタル法人,2,延長,12ヶ月未満
B25034287,2,2026/1/31,14315,0,2700,270,0,2970,福岡支店,レンタル法人,2,延長,12ヶ月未満
B25034290,1,2025/11/30,14465,0,27000,2700,0,29700,福岡支店,販売,0,新規,12ヶ月未満
B25034302,1,2025/12/31,14220,0,6600,660,0,7260,福岡支店,レンタル法人,1,延長,12ヶ月未満
B25034303,1,2026/1/31,4909,0,21000,2100,0,23100,福岡支店,レンタル法人,1,延長,12ヶ月未満
B25034304,1,2025/12/31,14215,0,15000,1500,0,16500,福岡支店,レンタル法人,1,延長,12ヶ月未満
B25034370,1,2025/12/31,5759,0,48000,4800,0,52800,福岡支店,レンタル法人,0,新規,12ヶ月未満
B25034400,1,2025/12/31,16321,0,10080,1008,0,11088,福岡支店,レンタル法人,36,新規,12ヶ月以上
B25034400,2,2026/1/31,16321,0,3180,318,0,3498,福岡支店,レンタル法人,36,新規,12ヶ月以上
B25034400,3,2026/2/28,16321,0,3180,318,0,3498,福岡支店,レンタル法人,36,新規,12ヶ月以上
B25034400,4,2026/3/31,16321,0,3180,318,0,3498,福岡支店,レンタル法人,36,新規,12ヶ月以上
B25034400,5,2026/4/30,16321,0,3180,318,0,3498,福岡支店,レンタル法人,36,新規,12ヶ月以上
B25034400,6,2026/5/31,16321,0,3180,318,0,3498,福岡支店,レンタル法人,36,新規,12ヶ月以上
B25034400,7,2026/6/30,16321,0,3180,318,0,3498,福岡支店,レンタル法人,36,新規,12ヶ月以上
B25034400,8,2026/7/31,16321,0,3180,318,0,3498,福岡支店,レンタル法人,36,新規,12ヶ月以上
B25034400,9,2026/8/31,16321,0,3180,318,0,3498,福岡支店,レンタル法人,36,新規,12ヶ月以上
B25034605,1,2025/12/31,12987,0,9850,985,0,10835,福岡支店,レンタル法人,60,新規,12ヶ月以上
B25034605,2,2026/1/31,12987,0,4950,495,0,5445,福岡支店,レンタル法人,60,新規,12ヶ月以上
B25034605,3,2026/2/28,12987,0,4950,495,0,5445,福岡支店,レンタル法人,60,新規,12ヶ月以上
B25034605,4,2026/3/31,12987,0,4950,495,0,5445,福岡支店,レンタル法人,60,新規,12ヶ月以上
B25034605,5,2026/4/30,12987,0,4950,495,0,5445,福岡支店,レンタル法人,60,新規,12ヶ月以上
B25034605,6,2026/5/31,12987,0,4950,495,0,5445,福岡支店,レンタル法人,60,新規,12ヶ月以上
B25034605,7,2026/6/30,12987,0,4950,495,0,5445,福岡支店,レンタル法人,60,新規,12ヶ月以上
B25034605,8,2026/7/31,12987,0,4950,495,0,5445,福岡支店,レンタル法人,60,新規,12ヶ月以上
B25034605,9,2026/8/31,12987,0,4950,495,0,5445,福岡支店,レンタル法人,60,新規,12ヶ月以上
B25034740,1,2025/12/31,12729,0,2650,265,0,2915,福岡支店,レンタル法人,58,新規,12ヶ月以上
B25034740,2,2026/1/31,12729,0,2650,265,0,2915,福岡支店,レンタル法人,58,新規,12ヶ月以上
B25034740,3,2026/2/28,12729,0,2650,265,0,2915,福岡支店,レンタル法人,58,新規,12ヶ月以上
B25034740,4,2026/3/31,12729,0,2650,265,0,2915,福岡支店,レンタル法人,58,新規,12ヶ月以上
B25034740,5,2026/4/30,12729,0,2650,265,0,2915,福岡支店,レンタル法人,58,新規,12ヶ月以上
B25034740,6,2026/5/31,12729,0,2650,265,0,2915,福岡支店,レンタル法人,58,新規,12ヶ月以上
B25034740,7,2026/6/30,12729,0,2650,265,0,2915,福岡支店,レンタル法人,58,新規,12ヶ月以上
B25034740,8,2026/7/31,12729,0,2650,265,0,2915,福岡支店,レンタル法人,58,新規,12ヶ月以上
B25034740,9,2026/8/31,12729,0,2650,265,0,2915,福岡支店,レンタル法人,58,新規,12ヶ月以上
B25034742,1,2025/12/31,12729,0,2950,295,0,3245,福岡支店,レンタル法人,58,新規,12ヶ月以上
B25034742,2,2026/1/31,12729,0,2950,295,0,3245,福岡支店,レンタル法人,58,新規,12ヶ月以上
B25034742,3,2026/2/28,12729,0,2950,295,0,3245,福岡支店,レンタル法人,58,新規,12ヶ月以上
B25034742,4,2026/3/31,12729,0,2950,295,0,3245,福岡支店,レンタル法人,58,新規,12ヶ月以上
B25034742,5,2026/4/30,12729,0,2950,295,0,3245,福岡支店,レンタル法人,58,新規,12ヶ月以上
B25034742,6,2026/5/31,12729,0,2950,295,0,3245,福岡支店,レンタル法人,58,新規,12ヶ月以上
B25034742,7,2026/6/30,12729,0,2950,295,0,3245,福岡支店,レンタル法人,58,新規,12ヶ月以上
B25034742,8,2026/7/31,12729,0,2950,295,0,3245,福岡支店,レンタル法人,58,新規,12ヶ月以上
B25034742,9,2026/8/31,12729,0,2950,295,0,3245,福岡支店,レンタル法人,58,新規,12ヶ月以上
B25034803,1,2025/12/31,12729,0,1740,174,0,1914,福岡支店,レンタル法人,58,新規,12ヶ月以上
B25034803,2,2026/1/31,12729,0,1740,174,0,1914,福岡支店,レンタル法人,58,新規,12ヶ月以上
B25034803,3,2026/2/28,12729,0,1740,174,0,1914,福岡支店,レンタル法人,58,新規,12ヶ月以上
B25034803,4,2026/3/31,12729,0,1740,174,0,1914,福岡支店,レンタル法人,58,新規,12ヶ月以上
B25034803,5,2026/4/30,12729,0,1740,174,0,1914,福岡支店,レンタル法人,58,新規,12ヶ月以上
B25034803,6,2026/5/31,12729,0,1740,174,0,1914,福岡支店,レンタル法人,58,新規,12ヶ月以上
B25034803,7,2026/6/30,12729,0,1740,174,0,1914,福岡支店,レンタル法人,58,新規,12ヶ月以上
B25034803,8,2026/7/31,12729,0,1740,174,0,1914,福岡支店,レンタル法人,58,新規,12ヶ月以上
B25034803,9,2026/8/31,12729,0,1740,174,0,1914,福岡支店,レンタル法人,58,新規,12ヶ月以上
B25034824,1,2025/12/31,17330,0,9400,940,0,10340,福岡支店,レンタル法人,60,新規,12ヶ月以上
B25034824,2,2026/1/31,17330,0,9400,940,0,10340,福岡支店,レンタル法人,60,新規,12ヶ月以上
B25034824,3,2026/2/28,17330,0,9400,940,0,10340,福岡支店,レンタル法人,60,新規,12ヶ月以上
B25034824,4,2026/3/31,17330,0,9400,940,0,10340,福岡支店,レンタル法人,60,新規,12ヶ月以上
B25034824,5,2026/4/30,17330,0,9400,940,0,10340,福岡支店,レンタル法人,60,新規,12ヶ月以上
B25034824,6,2026/5/31,17330,0,9400,940,0,10340,福岡支店,レンタル法人,60,新規,12ヶ月以上
B25034824,7,2026/6/30,17330,0,9400,940,0,10340,福岡支店,レンタル法人,60,新規,12ヶ月以上
B25034824,8,2026/7/31,17330,0,9400,940,0,10340,福岡支店,レンタル法人,60,新規,12ヶ月以上
B25034824,9,2026/8/31,17330,0,9400,940,0,10340,福岡支店,レンタル法人,60,新規,12ヶ月以上
B25034875,1,2025/12/31,12987,0,3950,395,0,4345,福岡支店,レンタル法人,60,新規,12ヶ月以上
B25034875,2,2026/1/31,12987,0,1650,165,0,1815,福岡支店,レンタル法人,60,新規,12ヶ月以上
B25034875,3,2026/2/28,12987,0,1650,165,0,1815,福岡支店,レンタル法人,60,新規,12ヶ月以上
B25034875,4,2026/3/31,12987,0,1650,165,0,1815,福岡支店,レンタル法人,60,新規,12ヶ月以上
B25034875,5,2026/4/30,12987,0,1650,165,0,1815,福岡支店,レンタル法人,60,新規,12ヶ月以上
B25034875,6,2026/5/31,12987,0,1650,165,0,1815,福岡支店,レンタル法人,60,新規,12ヶ月以上
B25034875,7,2026/6/30,12987,0,1650,165,0,1815,福岡支店,レンタル法人,60,新規,12ヶ月以上
B25034875,8,2026/7/31,12987,0,1650,165,0,1815,福岡支店,レンタル法人,60,新規,12ヶ月以上
B25034875,9,2026/8/31,12987,0,1650,165,0,1815,福岡支店,レンタル法人,60,新規,12ヶ月以上
B25034903,1,2026/1/31,12166,0,19900,1990,0,21890,福岡支店,レンタル法人,0,新規,12ヶ月未満
B25034905,1,2026/1/31,10190,0,13800,1380,0,15180,福岡支店,レンタル法人,60,新規,12ヶ月以上
B25034905,2,2026/2/28,10190,0,13800,1380,0,15180,福岡支店,レンタル法人,60,新規,12ヶ月以上
B25034905,3,2026/3/31,10190,0,13800,1380,0,15180,福岡支店,レンタル法人,60,新規,12ヶ月以上
B25034905,4,2026/4/30,10190,0,13800,1380,0,15180,福岡支店,レンタル法人,60,新規,12ヶ月以上
B25034905,5,2026/5/31,10190,0,13800,1380,0,15180,福岡支店,レンタル法人,60,新規,12ヶ月以上
B25034905,6,2026/6/30,10190,0,13800,1380,0,15180,福岡支店,レンタル法人,60,新規,12ヶ月以上
B25034905,7,2026/7/31,10190,0,13800,1380,0,15180,福岡支店,レンタル法人,60,新規,12ヶ月以上
B25034905,8,2026/8/31,10190,0,13800,1380,0,15180,福岡支店,レンタル法人,60,新規,12ヶ月以上
B25035031,1,2025/12/31,14220,0,8500,850,0,9350,福岡支店,レンタル法人,60,新規,12ヶ月以上
B25035031,2,2026/1/31,14220,0,6000,600,0,6600,福岡支店,レンタル法人,60,新規,12ヶ月以上
B25035031,3,2026/2/28,14220,0,6000,600,0,6600,福岡支店,レンタル法人,60,新規,12ヶ月以上
B25035031,4,2026/3/31,14220,0,6000,600,0,6600,福岡支店,レンタル法人,60,新規,12ヶ月以上
B25035031,5,2026/4/30,14220,0,6000,600,0,6600,福岡支店,レンタル法人,60,新規,12ヶ月以上
B25035031,6,2026/5/31,14220,0,6000,600,0,6600,福岡支店,レンタル法人,60,新規,12ヶ月以上
B25035031,7,2026/6/30,14220,0,6000,600,0,6600,福岡支店,レンタル法人,60,新規,12ヶ月以上
B25035031,8,2026/7/31,14220,0,6000,600,0,6600,福岡支店,レンタル法人,60,新規,12ヶ月以上
B25035031,9,2026/8/31,14220,0,6000,600,0,6600,福岡支店,レンタル法人,60,新規,12ヶ月以上
B25035040,1,2026/1/31,14736,0,72000,7200,0,79200,福岡支店,レンタル法人,60,新規,12ヶ月以上
B25035040,2,2026/2/28,14736,0,15000,1500,0,16500,福岡支店,レンタル法人,60,新規,12ヶ月以上
B25035040,3,2026/3/31,14736,0,15000,1500,0,16500,福岡支店,レンタル法人,60,新規,12ヶ月以上
B25035040,4,2026/4/30,14736,0,15000,1500,0,16500,福岡支店,レンタル法人,60,新規,12ヶ月以上
B25035040,5,2026/5/31,14736,0,15000,1500,0,16500,福岡支店,レンタル法人,60,新規,12ヶ月以上
B25035040,6,2026/6/30,14736,0,15000,1500,0,16500,福岡支店,レンタル法人,60,新規,12ヶ月以上
B25035040,7,2026/7/31,14736,0,15000,1500,0,16500,福岡支店,レンタル法人,60,新規,12ヶ月以上
B25035040,8,2026/8/31,14736,0,15000,1500,0,16500,福岡支店,レンタル法人,60,新規,12ヶ月以上
B25035068,1,2025/12/31,8253,0,125000,12500,0,137500,福岡支店,レンタル法人,0,新規,12ヶ月未満
B25035084,1,2025/12/31,2134,0,6780,678,0,7458,福岡支店,レンタル法人,36,新規,12ヶ月以上
B25035084,2,2026/1/31,2134,0,2280,228,0,2508,福岡支店,レンタル法人,36,新規,12ヶ月以上
B25035084,3,2026/2/28,2134,0,2280,228,0,2508,福岡支店,レンタル法人,36,新規,12ヶ月以上
B25035084,4,2026/3/31,2134,0,2280,228,0,2508,福岡支店,レンタル法人,36,新規,12ヶ月以上
B25035084,5,2026/4/30,2134,0,2280,228,0,2508,福岡支店,レンタル法人,36,新規,12ヶ月以上
B25035084,6,2026/5/31,2134,0,2280,228,0,2508,福岡支店,レンタル法人,36,新規,12ヶ月以上
B25035084,7,2026/6/30,2134,0,2280,228,0,2508,福岡支店,レンタル法人,36,新規,12ヶ月以上
B25035084,8,2026/7/31,2134,0,2280,228,0,2508,福岡支店,レンタル法人,36,新規,12ヶ月以上
B25035084,9,2026/8/31,2134,0,2280,228,0,2508,福岡支店,レンタル法人,36,新規,12ヶ月以上
B25035092,1,2025/12/31,16107,0,43000,4300,0,47300,福岡支店,レンタル法人,0,新規,12ヶ月未満
B25035122,1,2025/12/31,12729,0,1740,174,0,1914,福岡支店,レンタル法人,58,新規,12ヶ月以上
B25035122,2,2026/1/31,12729,0,1740,174,0,1914,福岡支店,レンタル法人,58,新規,12ヶ月以上
B25035122,3,2026/2/28,12729,0,1740,174,0,1914,福岡支店,レンタル法人,58,新規,12ヶ月以上
B25035122,4,2026/3/31,12729,0,1740,174,0,1914,福岡支店,レンタル法人,58,新規,12ヶ月以上
B25035122,5,2026/4/30,12729,0,1740,174,0,1914,福岡支店,レンタル法人,58,新規,12ヶ月以上
B25035122,6,2026/5/31,12729,0,1740,174,0,1914,福岡支店,レンタル法人,58,新規,12ヶ月以上
B25035122,7,2026/6/30,12729,0,1740,174,0,1914,福岡支店,レンタル法人,58,新規,12ヶ月以上
B25035122,8,2026/7/31,12729,0,1740,174,0,1914,福岡支店,レンタル法人,58,新規,12ヶ月以上
B25035122,9,2026/8/31,12729,0,1740,174,0,1914,福岡支店,レンタル法人,58,新規,12ヶ月以上
B25035374,1,2025/12/31,10190,0,995900,99590,0,1095490,福岡支店,レンタル法人,1,新規,12ヶ月未満
B25035382,1,2025/12/31,10190,0,2673664,267336,0,2941000,福岡支店,レンタル法人,1,新規,12ヶ月未満
B25035385,1,2025/12/31,11102,0,6800,680,0,7480,福岡支店,レンタル法人,36,新規,12ヶ月以上
B25035385,2,2026/1/31,11102,0,2300,230,0,2530,福岡支店,レンタル法人,36,新規,12ヶ月以上
B25035385,3,2026/2/28,11102,0,2300,230,0,2530,福岡支店,レンタル法人,36,新規,12ヶ月以上
B25035385,4,2026/3/31,11102,0,2300,230,0,2530,福岡支店,レンタル法人,36,新規,12ヶ月以上
B25035385,5,2026/4/30,11102,0,2300,230,0,2530,福岡支店,レンタル法人,36,新規,12ヶ月以上
B25035385,6,2026/5/31,11102,0,2300,230,0,2530,福岡支店,レンタル法人,36,新規,12ヶ月以上
B25035385,7,2026/6/30,11102,0,2300,230,0,2530,福岡支店,レンタル法人,36,新規,12ヶ月以上
B25035385,8,2026/7/31,11102,0,2300,230,0,2530,福岡支店,レンタル法人,36,新規,12ヶ月以上
B25035385,9,2026/8/31,11102,0,2300,230,0,2530,福岡支店,レンタル法人,36,新規,12ヶ月以上
B25035412,1,2025/12/31,14901,0,4080,408,0,4488,福岡支店,レンタル法人,1,延長,12ヶ月未満
B25035413,1,2025/12/31,14901,0,4080,408,0,4488,福岡支店,レンタル法人,1,延長,12ヶ月未満
B25035414,1,2025/12/31,14901,0,4080,408,0,4488,福岡支店,レンタル法人,1,延長,12ヶ月未満
B25035416,1,2025/12/31,14901,0,4080,408,0,4488,福岡支店,レンタル法人,1,延長,12ヶ月未満
B25035417,1,2025/12/31,14901,0,4080,408,0,4488,福岡支店,レンタル法人,1,延長,12ヶ月未満
B25035419,1,2025/12/31,14901,0,4080,408,0,4488,福岡支店,レンタル法人,1,延長,12ヶ月未満
B25035420,1,2025/12/31,14901,0,4080,408,0,4488,福岡支店,レンタル法人,1,延長,12ヶ月未満
B25035457,1,2026/1/20,14953,0,13100,1310,0,14410,福岡支店,レンタル法人,18,新規,12ヶ月以上
B25035457,2,2026/2/20,14953,0,10800,1080,0,11880,福岡支店,レンタル法人,18,新規,12ヶ月以上
B25035457,3,2026/3/20,14953,0,10800,1080,0,11880,福岡支店,レンタル法人,18,新規,12ヶ月以上
B25035457,4,2026/4/20,14953,0,10800,1080,0,11880,福岡支店,レンタル法人,18,新規,12ヶ月以上
B25035457,5,2026/5/20,14953,0,10800,1080,0,11880,福岡支店,レンタル法人,18,新規,12ヶ月以上
B25035457,6,2026/6/20,14953,0,10800,1080,0,11880,福岡支店,レンタル法人,18,新規,12ヶ月以上
B25035457,7,2026/7/20,14953,0,10800,1080,0,11880,福岡支店,レンタル法人,18,新規,12ヶ月以上
B25035457,8,2026/8/20,14953,0,10800,1080,0,11880,福岡支店,レンタル法人,18,新規,12ヶ月以上
B25035656,1,2025/12/31,5759,0,8000,800,0,8800,福岡支店,レンタル法人,0,新規,12ヶ月未満
B25035657,1,2025/12/31,5759,0,39200,3920,0,43120,福岡支店,レンタル法人,0,新規,12ヶ月未満
B25035787,1,2025/12/31,11235,0,12800,1280,0,14080,福岡支店,レンタル法人,1,延長,12ヶ月未満
B25035789,1,2025/12/31,11235,0,57600,5760,0,63360,福岡支店,レンタル法人,1,延長,12ヶ月未満
B25035816,1,2025/12/31,12248,0,59600,5960,0,65560,福岡支店,販売,0,新規,12ヶ月未満
B25035846,1,2025/12/31,17881,0,10400,1040,0,11440,福岡支店,レンタル法人,0,新規,12ヶ月未満
B25035860,1,2025/12/31,10190,0,6700,670,0,7370,福岡支店,レンタル法人,12,新規,12ヶ月未満
B25035860,2,2026/1/31,10190,0,6700,670,0,7370,福岡支店,レンタル法人,12,新規,12ヶ月未満
B25035860,3,2026/2/28,10190,0,6700,670,0,7370,福岡支店,レンタル法人,12,新規,12ヶ月未満
B25035860,4,2026/3/31,10190,0,6700,670,0,7370,福岡支店,レンタル法人,12,新規,12ヶ月未満
B25035860,5,2026/4/30,10190,0,6700,670,0,7370,福岡支店,レンタル法人,12,新規,12ヶ月未満
B25035860,6,2026/5/31,10190,0,6700,670,0,7370,福岡支店,レンタル法人,12,新規,12ヶ月未満
B25035860,7,2026/6/30,10190,0,6700,670,0,7370,福岡支店,レンタル法人,12,新規,12ヶ月未満
B25035860,8,2026/7/31,10190,0,6700,670,0,7370,福岡支店,レンタル法人,12,新規,12ヶ月未満
B25035860,9,2026/8/31,10190,0,6700,670,0,7370,福岡支店,レンタル法人,12,新規,12ヶ月未満
B25035870,1,2025/12/31,10190,0,8000,800,0,8800,福岡支店,レンタル法人,12,新規,12ヶ月未満
B25035870,2,2026/1/31,10190,0,8000,800,0,8800,福岡支店,レンタル法人,12,新規,12ヶ月未満
B25035870,3,2026/2/28,10190,0,8000,800,0,8800,福岡支店,レンタル法人,12,新規,12ヶ月未満
B25035870,4,2026/3/31,10190,0,8000,800,0,8800,福岡支店,レンタル法人,12,新規,12ヶ月未満
B25035870,5,2026/4/30,10190,0,8000,800,0,8800,福岡支店,レンタル法人,12,新規,12ヶ月未満
B25035870,6,2026/5/31,10190,0,8000,800,0,8800,福岡支店,レンタル法人,12,新規,12ヶ月未満
B25035870,7,2026/6/30,10190,0,8000,800,0,8800,福岡支店,レンタル法人,12,新規,12ヶ月未満
B25035870,8,2026/7/31,10190,0,8000,800,0,8800,福岡支店,レンタル法人,12,新規,12ヶ月未満
B25035870,9,2026/8/31,10190,0,8000,800,0,8800,福岡支店,レンタル法人,12,新規,12ヶ月未満
B25035956,1,2026/1/31,17886,0,15900,1590,0,17490,福岡支店,レンタル法人,2,新規,12ヶ月未満
B25035956,2,2026/2/28,17886,0,13600,1360,0,14960,福岡支店,レンタル法人,2,新規,12ヶ月未満
B25035967,1,2026/1/31,12987,0,5600,560,0,6160,福岡支店,レンタル法人,60,新規,12ヶ月以上
B25035967,2,2026/2/28,12987,0,3300,330,0,3630,福岡支店,レンタル法人,60,新規,12ヶ月以上
B25035967,3,2026/3/31,12987,0,3300,330,0,3630,福岡支店,レンタル法人,60,新規,12ヶ月以上
B25035967,4,2026/4/30,12987,0,3300,330,0,3630,福岡支店,レンタル法人,60,新規,12ヶ月以上
B25035967,5,2026/5/31,12987,0,3300,330,0,3630,福岡支店,レンタル法人,60,新規,12ヶ月以上
B25035967,6,2026/6/30,12987,0,3300,330,0,3630,福岡支店,レンタル法人,60,新規,12ヶ月以上
B25035967,7,2026/7/31,12987,0,3300,330,0,3630,福岡支店,レンタル法人,60,新規,12ヶ月以上
B25035967,8,2026/8/31,12987,0,3300,330,0,3630,福岡支店,レンタル法人,60,新規,12ヶ月以上
B25036136,1,2025/12/31,5759,0,45500,4550,0,50050,福岡支店,レンタル法人,0,新規,12ヶ月未満
B25036230,1,2026/1/31,14901,0,8080,808,0,8888,福岡支店,レンタル法人,3,新規,12ヶ月未満
B25036230,2,2026/2/28,14901,0,4080,408,0,4488,福岡支店,レンタル法人,3,新規,12ヶ月未満
B25036230,3,2026/3/31,14901,0,4080,408,0,4488,福岡支店,レンタル法人,3,新規,12ヶ月未満
B25036251,1,2025/12/31,15272,0,12000,1200,0,13200,福岡支店,レンタル法人,1,延長,12ヶ月未満
B25036252,1,2025/12/31,15272,0,2980,298,0,3278,福岡支店,レンタル法人,1,延長,12ヶ月未満
B25036254,1,2025/12/31,10741,0,1980,198,0,2178,福岡支店,レンタル法人,12,延長,12ヶ月未満
B25036254,2,2026/1/31,10741,0,1980,198,0,2178,福岡支店,レンタル法人,12,延長,12ヶ月未満
B25036254,3,2026/2/28,10741,0,1980,198,0,2178,福岡支店,レンタル法人,12,延長,12ヶ月未満
B25036254,4,2026/3/31,10741,0,1980,198,0,2178,福岡支店,レンタル法人,12,延長,12ヶ月未満
B25036254,5,2026/4/30,10741,0,1980,198,0,2178,福岡支店,レンタル法人,12,延長,12ヶ月未満
B25036254,6,2026/5/31,10741,0,1980,198,0,2178,福岡支店,レンタル法人,12,延長,12ヶ月未満
B25036254,7,2026/6/30,10741,0,1980,198,0,2178,福岡支店,レンタル法人,12,延長,12ヶ月未満
B25036254,8,2026/7/31,10741,0,1980,198,0,2178,福岡支店,レンタル法人,12,延長,12ヶ月未満
B25036254,9,2026/8/31,10741,0,1980,198,0,2178,福岡支店,レンタル法人,12,延長,12ヶ月未満
B25036260,1,2026/1/31,14853,0,2200,220,0,2420,福岡支店,レンタル法人,36,新規,12ヶ月以上
B25036260,2,2026/2/28,14853,0,2200,220,0,2420,福岡支店,レンタル法人,36,新規,12ヶ月以上
B25036260,3,2026/3/31,14853,0,2200,220,0,2420,福岡支店,レンタル法人,36,新規,12ヶ月以上
B25036260,4,2026/4/30,14853,0,2200,220,0,2420,福岡支店,レンタル法人,36,新規,12ヶ月以上
B25036260,5,2026/5/31,14853,0,2200,220,0,2420,福岡支店,レンタル法人,36,新規,12ヶ月以上
B25036260,6,2026/6/30,14853,0,2200,220,0,2420,福岡支店,レンタル法人,36,新規,12ヶ月以上
B25036260,7,2026/7/31,14853,0,2200,220,0,2420,福岡支店,レンタル法人,36,新規,12ヶ月以上
B25036260,8,2026/8/31,14853,0,2200,220,0,2420,福岡支店,レンタル法人,36,新規,12ヶ月以上
B25036338,1,2026/2/28,16907,0,40273,4027,0,44300,福岡支店,レンタル法人,60,新規,12ヶ月以上
B25036338,2,2026/3/31,16907,0,40273,4027,0,44300,福岡支店,レンタル法人,60,新規,12ヶ月以上
B25036338,3,2026/4/30,16907,0,40273,4027,0,44300,福岡支店,レンタル法人,60,新規,12ヶ月以上
B25036338,4,2026/5/31,16907,0,40273,4027,0,44300,福岡支店,レンタル法人,60,新規,12ヶ月以上
B25036338,5,2026/6/30,16907,0,40273,4027,0,44300,福岡支店,レンタル法人,60,新規,12ヶ月以上
B25036338,6,2026/7/31,16907,0,40273,4027,0,44300,福岡支店,レンタル法人,60,新規,12ヶ月以上
B25036338,7,2026/8/31,16907,0,40273,4027,0,44300,福岡支店,レンタル法人,60,新規,12ヶ月以上
B25036500,1,2025/12/31,10190,0,1900,190,0,2090,福岡支店,役務,12,新規,12ヶ月未満
B25036500,2,2026/1/31,10190,0,1900,190,0,2090,福岡支店,役務,12,新規,12ヶ月未満
B25036500,3,2026/2/28,10190,0,1900,190,0,2090,福岡支店,役務,12,新規,12ヶ月未満
B25036500,4,2026/3/31,10190,0,1900,190,0,2090,福岡支店,役務,12,新規,12ヶ月未満
B25036500,5,2026/4/30,10190,0,1900,190,0,2090,福岡支店,役務,12,新規,12ヶ月未満
B25036500,6,2026/5/31,10190,0,1900,190,0,2090,福岡支店,役務,12,新規,12ヶ月未満
B25036500,7,2026/6/30,10190,0,1900,190,0,2090,福岡支店,役務,12,新規,12ヶ月未満
B25036500,8,2026/7/31,10190,0,1900,190,0,2090,福岡支店,役務,12,新規,12ヶ月未満
B25036500,9,2026/8/31,10190,0,1900,190,0,2090,福岡支店,役務,12,新規,12ヶ月未満
B25036523,1,2025/12/31,14215,0,15800,1580,0,17380,福岡支店,レンタル法人,1,延長,12ヶ月未満
B25036524,1,2025/12/31,11182,0,12270,1227,0,13497,福岡支店,レンタル法人,1,延長,12ヶ月未満
B25036525,1,2025/12/31,14215,0,7000,700,0,7700,福岡支店,レンタル法人,1,延長,12ヶ月未満
B25036526,1,2026/1/31,10550,0,19000,1900,0,20900,福岡支店,レンタル法人,1,延長,12ヶ月未満
B25036530,1,2026/1/31,5759,0,9600,960,0,10560,福岡支店,レンタル法人,1,延長,12ヶ月未満
B25036621,1,2025/12/31,14901,0,4080,408,0,4488,福岡支店,レンタル法人,1,延長,12ヶ月未満
B25036629,1,2025/12/31,15236,0,5300,530,0,5830,福岡支店,レンタル法人,60,新規,12ヶ月以上
B25036629,2,2026/1/31,15236,0,3300,330,0,3630,福岡支店,レンタル法人,60,新規,12ヶ月以上
B25036629,3,2026/2/28,15236,0,3300,330,0,3630,福岡支店,レンタル法人,60,新規,12ヶ月以上
B25036629,4,2026/3/31,15236,0,3300,330,0,3630,福岡支店,レンタル法人,60,新規,12ヶ月以上
B25036629,5,2026/4/30,15236,0,3300,330,0,3630,福岡支店,レンタル法人,60,新規,12ヶ月以上
B25036629,6,2026/5/31,15236,0,3300,330,0,3630,福岡支店,レンタル法人,60,新規,12ヶ月以上
B25036629,7,2026/6/30,15236,0,3300,330,0,3630,福岡支店,レンタル法人,60,新規,12ヶ月以上
B25036629,8,2026/7/31,15236,0,3300,330,0,3630,福岡支店,レンタル法人,60,新規,12ヶ月以上
B25036629,9,2026/8/31,15236,0,3300,330,0,3630,福岡支店,レンタル法人,60,新規,12ヶ月以上
B25036640,1,2026/1/31,12987,0,3950,395,0,4345,福岡支店,レンタル法人,60,新規,12ヶ月以上
B25036640,2,2026/2/28,12987,0,1650,165,0,1815,福岡支店,レンタル法人,60,新規,12ヶ月以上
B25036640,3,2026/3/31,12987,0,1650,165,0,1815,福岡支店,レンタル法人,60,新規,12ヶ月以上
B25036640,4,2026/4/30,12987,0,1650,165,0,1815,福岡支店,レンタル法人,60,新規,12ヶ月以上
B25036640,5,2026/5/31,12987,0,1650,165,0,1815,福岡支店,レンタル法人,60,新規,12ヶ月以上
B25036640,6,2026/6/30,12987,0,1650,165,0,1815,福岡支店,レンタル法人,60,新規,12ヶ月以上
B25036640,7,2026/7/31,12987,0,1650,165,0,1815,福岡支店,レンタル法人,60,新規,12ヶ月以上
B25036640,8,2026/8/31,12987,0,1650,165,0,1815,福岡支店,レンタル法人,60,新規,12ヶ月以上
B25036667,1,2026/1/31,7602,0,7200,720,0,7920,福岡支店,レンタル法人,1,延長,12ヶ月未満
B25036785,1,2025/12/31,10190,0,359091,35909,0,395000,福岡支店,販売,0,新規,12ヶ月未満
B25036793,1,2025/12/31,10190,0,201818,20181,0,221999,福岡支店,販売,0,新規,12ヶ月未満
B25036799,1,2025/12/31,10190,0,359091,35909,0,395000,福岡支店,販売,0,新規,12ヶ月未満
B25036806,1,2025/12/31,10190,0,200000,20000,0,220000,福岡支店,販売,0,新規,12ヶ月未満
B25036811,1,2025/12/31,10190,0,144545,14454,0,158999,福岡支店,販売,0,新規,12ヶ月未満
B25036819,1,2025/12/31,10190,0,200000,20000,0,220000,福岡支店,販売,0,新規,12ヶ月未満
B25036867,1,2025/12/31,10190,0,9200,920,0,10120,福岡支店,レンタル法人,1,延長,12ヶ月未満
B25036868,1,2025/12/31,10190,0,54050,5405,0,59455,福岡支店,レンタル法人,1,延長,12ヶ月未満
B25036870,1,2025/12/31,10190,0,24150,2415,0,26565,福岡支店,レンタル法人,1,延長,12ヶ月未満
B25036871,1,2025/12/31,10190,0,28000,2800,0,30800,福岡支店,レンタル法人,1,延長,12ヶ月未満
B25036877,1,2026/3/31,16588,0,156800,15680,0,172480,福岡支店,レンタル法人,36,新規,12ヶ月以上
B25036877,2,2026/4/30,16588,0,156800,15680,0,172480,福岡支店,レンタル法人,36,新規,12ヶ月以上
B25036877,3,2026/5/31,16588,0,156800,15680,0,172480,福岡支店,レンタル法人,36,新規,12ヶ月以上
B25036877,4,2026/6/30,16588,0,156800,15680,0,172480,福岡支店,レンタル法人,36,新規,12ヶ月以上
B25036877,5,2026/7/31,16588,0,156800,15680,0,172480,福岡支店,レンタル法人,36,新規,12ヶ月以上
B25036877,6,2026/8/31,16588,0,156800,15680,0,172480,福岡支店,レンタル法人,36,新規,12ヶ月以上
B25036878,1,2025/12/31,10190,0,12800,1280,0,14080,福岡支店,レンタル法人,12,延長,12ヶ月未満
B25036878,2,2026/1/31,10190,0,12800,1280,0,14080,福岡支店,レンタル法人,12,延長,12ヶ月未満
B25036878,3,2026/2/28,10190,0,12800,1280,0,14080,福岡支店,レンタル法人,12,延長,12ヶ月未満
B25036878,4,2026/3/31,10190,0,12800,1280,0,14080,福岡支店,レンタル法人,12,延長,12ヶ月未満
B25036878,5,2026/4/30,10190,0,12800,1280,0,14080,福岡支店,レンタル法人,12,延長,12ヶ月未満
B25036878,6,2026/5/31,10190,0,12800,1280,0,14080,福岡支店,レンタル法人,12,延長,12ヶ月未満
B25036878,7,2026/6/30,10190,0,12800,1280,0,14080,福岡支店,レンタル法人,12,延長,12ヶ月未満
B25036878,8,2026/7/31,10190,0,12800,1280,0,14080,福岡支店,レンタル法人,12,延長,12ヶ月未満
B25036878,9,2026/8/31,10190,0,12800,1280,0,14080,福岡支店,レンタル法人,12,延長,12ヶ月未満
B25036918,1,2025/12/31,12130,0,6100,610,0,6710,福岡支店,レンタル法人,12,新規,12ヶ月未満
B25036918,2,2026/1/31,12130,0,2500,250,0,2750,福岡支店,レンタル法人,12,新規,12ヶ月未満
B25036918,3,2026/2/28,12130,0,2500,250,0,2750,福岡支店,レンタル法人,12,新規,12ヶ月未満
B25036918,4,2026/3/31,12130,0,2500,250,0,2750,福岡支店,レンタル法人,12,新規,12ヶ月未満
B25036918,5,2026/4/30,12130,0,2500,250,0,2750,福岡支店,レンタル法人,12,新規,12ヶ月未満
B25036918,6,2026/5/31,12130,0,2500,250,0,2750,福岡支店,レンタル法人,12,新規,12ヶ月未満
B25036918,7,2026/6/30,12130,0,2500,250,0,2750,福岡支店,レンタル法人,12,新規,12ヶ月未満
B25036918,8,2026/7/31,12130,0,2500,250,0,2750,福岡支店,レンタル法人,12,新規,12ヶ月未満
B25036918,9,2026/8/31,12130,0,2500,250,0,2750,福岡支店,レンタル法人,12,新規,12ヶ月未満
B25036934,1,2026/1/31,5759,0,30000,3000,0,33000,福岡支店,レンタル法人,0,新規,12ヶ月未満
B26000004,1,2026/1/31,14220,0,14700,1470,0,16170,福岡支店,レンタル法人,60,新規,12ヶ月以上
B26000004,2,2026/2/28,14220,0,10000,1000,0,11000,福岡支店,レンタル法人,60,新規,12ヶ月以上
B26000004,3,2026/3/31,14220,0,10000,1000,0,11000,福岡支店,レンタル法人,60,新規,12ヶ月以上
B26000004,4,2026/4/30,14220,0,10000,1000,0,11000,福岡支店,レンタル法人,60,新規,12ヶ月以上
B26000004,5,2026/5/31,14220,0,10000,1000,0,11000,福岡支店,レンタル法人,60,新規,12ヶ月以上
B26000004,6,2026/6/30,14220,0,10000,1000,0,11000,福岡支店,レンタル法人,60,新規,12ヶ月以上
B26000004,7,2026/7/31,14220,0,10000,1000,0,11000,福岡支店,レンタル法人,60,新規,12ヶ月以上
B26000004,8,2026/8/31,14220,0,10000,1000,0,11000,福岡支店,レンタル法人,60,新規,12ヶ月以上
B26000124,1,2026/1/31,15668,0,465000,46500,0,511500,福岡支店,販売,0,新規,12ヶ月未満
B26000153,1,2026/1/31,11235,0,12000,1200,0,13200,福岡支店,レンタル法人,4,新規,12ヶ月未満
B26000155,1,2025/12/31,17784,0,8400,840,0,9240,福岡支店,レンタル法人,2,延長,12ヶ月未満
B26000155,2,2026/1/31,17784,0,8400,840,0,9240,福岡支店,レンタル法人,2,延長,12ヶ月未満
B26000186,1,2026/2/28,5759,0,80000,8000,0,88000,福岡支店,レンタル法人,0,新規,12ヶ月未満
B26000207,1,2026/1/31,14169,0,12350,1235,0,13585,福岡支店,レンタル法人,1,延長,12ヶ月未満
B26000378,1,2026/1/31,5759,0,11500,1150,0,12650,福岡支店,レンタル法人,3,新規,12ヶ月未満
B26000378,2,2026/2/28,5759,0,11500,1150,0,12650,福岡支店,レンタル法人,3,新規,12ヶ月未満
B26000378,3,2026/3/31,5759,0,11500,1150,0,12650,福岡支店,レンタル法人,3,新規,12ヶ月未満
B26000378,4,2026/4/30,5759,0,11500,1150,0,12650,福岡支店,レンタル法人,3,新規,12ヶ月未満
B26000380,1,2026/1/31,13345,0,34465,3446,0,37911,福岡支店,レンタル法人,60,新規,12ヶ月以上
B26000380,2,2026/2/28,13345,0,4465,446,0,4911,福岡支店,レンタル法人,60,新規,12ヶ月以上
B26000380,3,2026/3/31,13345,0,4465,446,0,4911,福岡支店,レンタル法人,60,新規,12ヶ月以上
B26000380,4,2026/4/30,13345,0,4465,446,0,4911,福岡支店,レンタル法人,60,新規,12ヶ月以上
B26000380,5,2026/5/31,13345,0,4465,446,0,4911,福岡支店,レンタル法人,60,新規,12ヶ月以上
B26000380,6,2026/6/30,13345,0,4465,446,0,4911,福岡支店,レンタル法人,60,新規,12ヶ月以上
B26000380,7,2026/7/31,13345,0,4465,446,0,4911,福岡支店,レンタル法人,60,新規,12ヶ月以上
B26000380,8,2026/8/31,13345,0,4465,446,0,4911,福岡支店,レンタル法人,60,新規,12ヶ月以上
B26000418,1,2026/3/31,5759,0,260000,26000,0,286000,福岡支店,レンタル法人,5,新規,12ヶ月未満
B26000420,1,2026/1/31,5759,0,30000,3000,0,33000,福岡支店,販売,0,新規,12ヶ月未満
B26000453,1,2026/1/31,10190,0,270000,27000,0,297000,福岡支店,販売,0,新規,12ヶ月未満
B26000568,1,2026/1/31,15236,0,8600,860,0,9460,福岡支店,レンタル法人,60,新規,12ヶ月以上
B26000568,2,2026/2/28,15236,0,6600,660,0,7260,福岡支店,レンタル法人,60,新規,12ヶ月以上
B26000568,3,2026/3/31,15236,0,6600,660,0,7260,福岡支店,レンタル法人,60,新規,12ヶ月以上
B26000568,4,2026/4/30,15236,0,6600,660,0,7260,福岡支店,レンタル法人,60,新規,12ヶ月以上
B26000568,5,2026/5/31,15236,0,6600,660,0,7260,福岡支店,レンタル法人,60,新規,12ヶ月以上
B26000568,6,2026/6/30,15236,0,6600,660,0,7260,福岡支店,レンタル法人,60,新規,12ヶ月以上
B26000568,7,2026/7/31,15236,0,6600,660,0,7260,福岡支店,レンタル法人,60,新規,12ヶ月以上
B26000568,8,2026/8/31,15236,0,6600,660,0,7260,福岡支店,レンタル法人,60,新規,12ヶ月以上
B26000585,1,2025/11/30,11579,0,20600,2060,0,22660,福岡支店,レンタル法人,1,延長,12ヶ月未満
B26000596,1,2026/1/31,10190,0,464546,46454,0,511000,福岡支店,販売,0,新規,12ヶ月未満
B26000653,1,2026/1/31,12837,0,175400,17540,0,192940,福岡支店,販売,0,新規,12ヶ月未満
B26000679,1,2026/1/31,14736,0,29000,2900,0,31900,福岡支店,レンタル法人,1,新規,12ヶ月未満
B26000706,1,2026/1/31,5759,0,105000,10500,0,115500,福岡支店,レンタル法人,3,新規,12ヶ月未満
B26000990,1,2026/2/28,7602,0,7200,720,0,7920,福岡支店,レンタル法人,1,延長,12ヶ月未満
B26001032,1,2026/1/31,5759,0,121000,12100,0,133100,福岡支店,レンタル法人,1,新規,12ヶ月未満
B26001058,1,2026/2/28,17758,0,17400,1740,0,19140,福岡支店,レンタル法人,34,新規,12ヶ月以上
B26001058,2,2026/3/31,17758,0,7400,740,0,8140,福岡支店,レンタル法人,34,新規,12ヶ月以上
B26001058,3,2026/4/30,17758,0,7400,740,0,8140,福岡支店,レンタル法人,34,新規,12ヶ月以上
B26001058,4,2026/5/31,17758,0,7400,740,0,8140,福岡支店,レンタル法人,34,新規,12ヶ月以上
B26001058,5,2026/6/30,17758,0,7400,740,0,8140,福岡支店,レンタル法人,34,新規,12ヶ月以上
B26001058,6,2026/7/31,17758,0,7400,740,0,8140,福岡支店,レンタル法人,34,新規,12ヶ月以上
B26001058,7,2026/8/31,17758,0,7400,740,0,8140,福岡支店,レンタル法人,34,新規,12ヶ月以上
B26001131,1,2026/2/28,12166,0,24300,2430,0,26730,福岡支店,レンタル法人,0,新規,12ヶ月未満
B26001447,1,2026/1/20,14953,0,5600,560,0,6160,福岡支店,レンタル法人,1,延長,12ヶ月未満
B26001455,1,2026/1/31,5759,0,70000,7000,0,77000,福岡支店,レンタル法人,0,新規,12ヶ月未満
B26001457,1,2026/1/20,14953,0,5600,560,0,6160,福岡支店,レンタル法人,1,延長,12ヶ月未満
B26001464,1,2026/3/31,17991,0,9520,952,0,10472,福岡支店,レンタル法人,24,新規,12ヶ月以上
B26001464,2,2026/4/30,17991,0,7020,702,0,7722,福岡支店,レンタル法人,24,新規,12ヶ月以上
B26001464,3,2026/5/31,17991,0,7020,702,0,7722,福岡支店,レンタル法人,24,新規,12ヶ月以上
B26001464,4,2026/6/30,17991,0,7020,702,0,7722,福岡支店,レンタル法人,24,新規,12ヶ月以上
B26001464,5,2026/7/31,17991,0,7020,702,0,7722,福岡支店,レンタル法人,24,新規,12ヶ月以上
B26001464,6,2026/8/31,17991,0,7020,702,0,7722,福岡支店,レンタル法人,24,新規,12ヶ月以上
B26001481,1,2026/1/31,5759,0,70000,7000,0,77000,福岡支店,レンタル法人,2,新規,12ヶ月未満
B26001481,2,2026/2/28,5759,0,70000,7000,0,77000,福岡支店,レンタル法人,2,新規,12ヶ月未満
B26001566,1,2026/2/28,5911,0,13900,1390,0,15290,福岡支店,レンタル法人,0,新規,12ヶ月未満
B26001571,1,2026/1/31,17998,0,126500,12650,0,139150,福岡支店,レンタル法人,1,新規,12ヶ月未満
B26001643,1,2026/1/31,14315,0,200,20,0,220,福岡支店,レンタル法人,24,延長,12ヶ月以上
B26001643,2,2026/2/28,14315,0,200,20,0,220,福岡支店,レンタル法人,24,延長,12ヶ月以上
B26001643,3,2026/3/31,14315,0,200,20,0,220,福岡支店,レンタル法人,24,延長,12ヶ月以上
B26001643,4,2026/4/30,14315,0,200,20,0,220,福岡支店,レンタル法人,24,延長,12ヶ月以上
B26001643,5,2026/5/31,14315,0,200,20,0,220,福岡支店,レンタル法人,24,延長,12ヶ月以上
B26001643,6,2026/6/30,14315,0,200,20,0,220,福岡支店,レンタル法人,24,延長,12ヶ月以上
B26001643,7,2026/7/31,14315,0,200,20,0,220,福岡支店,レンタル法人,24,延長,12ヶ月以上
B26001643,8,2026/8/31,14315,0,200,20,0,220,福岡支店,レンタル法人,24,延長,12ヶ月以上
B26001686,1,2026/1/31,12130,0,81000,8100,0,89100,福岡支店,レンタル法人,6,延長,12ヶ月未満
B26001686,2,2026/2/28,12130,0,81000,8100,0,89100,福岡支店,レンタル法人,6,延長,12ヶ月未満
B26001686,3,2026/3/31,12130,0,81000,8100,0,89100,福岡支店,レンタル法人,6,延長,12ヶ月未満
B26001686,4,2026/4/30,12130,0,81000,8100,0,89100,福岡支店,レンタル法人,6,延長,12ヶ月未満
B26001686,5,2026/5/31,12130,0,81000,8100,0,89100,福岡支店,レンタル法人,6,延長,12ヶ月未満
B26001686,6,2026/6/30,12130,0,81000,8100,0,89100,福岡支店,レンタル法人,6,延長,12ヶ月未満
B26001760,1,2026/1/31,11235,0,12800,1280,0,14080,福岡支店,レンタル法人,1,延長,12ヶ月未満
B26001762,1,2026/1/31,11235,0,57600,5760,0,63360,福岡支店,レンタル法人,1,延長,12ヶ月未満
B26001822,1,2026/2/28,5759,0,20000,2000,0,22000,福岡支店,レンタル法人,1,新規,12ヶ月未満
B26001835,1,2026/2/28,12987,0,5600,560,0,6160,福岡支店,レンタル法人,60,新規,12ヶ月以上
B26001835,2,2026/3/31,12987,0,3300,330,0,3630,福岡支店,レンタル法人,60,新規,12ヶ月以上
B26001835,3,2026/4/30,12987,0,3300,330,0,3630,福岡支店,レンタル法人,60,新規,12ヶ月以上
B26001835,4,2026/5/31,12987,0,3300,330,0,3630,福岡支店,レンタル法人,60,新規,12ヶ月以上
B26001835,5,2026/6/30,12987,0,3300,330,0,3630,福岡支店,レンタル法人,60,新規,12ヶ月以上
B26001835,6,2026/7/31,12987,0,3300,330,0,3630,福岡支店,レンタル法人,60,新規,12ヶ月以上
B26001835,7,2026/8/31,12987,0,3300,330,0,3630,福岡支店,レンタル法人,60,新規,12ヶ月以上
B26001870,1,2026/3/31,8207,0,9600000,960000,0,10560000,福岡支店,レンタル法人,12,新規,12ヶ月未満
B26001879,1,2026/1/31,10190,0,1740,174,0,1914,福岡支店,レンタル法人,56,新規,12ヶ月以上
B26001879,2,2026/2/28,10190,0,1740,174,0,1914,福岡支店,レンタル法人,56,新規,12ヶ月以上
B26001879,3,2026/3/31,10190,0,1740,174,0,1914,福岡支店,レンタル法人,56,新規,12ヶ月以上
B26001879,4,2026/4/30,10190,0,1740,174,0,1914,福岡支店,レンタル法人,56,新規,12ヶ月以上
B26001879,5,2026/5/31,10190,0,1740,174,0,1914,福岡支店,レンタル法人,56,新規,12ヶ月以上
B26001879,6,2026/6/30,10190,0,1740,174,0,1914,福岡支店,レンタル法人,56,新規,12ヶ月以上
B26001879,7,2026/7/31,10190,0,1740,174,0,1914,福岡支店,レンタル法人,56,新規,12ヶ月以上
B26001879,8,2026/8/31,10190,0,1740,174,0,1914,福岡支店,レンタル法人,56,新規,12ヶ月以上
B26002174,1,2026/2/28,4909,0,21000,2100,0,23100,福岡支店,レンタル法人,1,延長,12ヶ月未満
B26002176,1,2026/1/31,11182,0,12270,1227,0,13497,福岡支店,レンタル法人,1,延長,12ヶ月未満
B26002178,1,2026/1/31,14215,0,7000,700,0,7700,福岡支店,レンタル法人,1,延長,12ヶ月未満
B26002180,1,2026/1/31,14215,0,15800,1580,0,17380,福岡支店,レンタル法人,1,延長,12ヶ月未満
B26002182,1,2026/1/31,14215,0,15000,1500,0,16500,福岡支店,レンタル法人,1,延長,12ヶ月未満
B26002186,1,2026/1/31,14220,0,6600,660,0,7260,福岡支店,レンタル法人,1,延長,12ヶ月未満
B26002190,1,2026/2/28,12130,0,2500,250,0,2750,福岡支店,レンタル法人,12,延長,12ヶ月未満
B26002190,2,2026/3/31,12130,0,2500,250,0,2750,福岡支店,レンタル法人,12,延長,12ヶ月未満
B26002190,3,2026/4/30,12130,0,2500,250,0,2750,福岡支店,レンタル法人,12,延長,12ヶ月未満
B26002190,4,2026/5/31,12130,0,2500,250,0,2750,福岡支店,レンタル法人,12,延長,12ヶ月未満
B26002190,5,2026/6/30,12130,0,2500,250,0,2750,福岡支店,レンタル法人,12,延長,12ヶ月未満
B26002190,6,2026/7/31,12130,0,2500,250,0,2750,福岡支店,レンタル法人,12,延長,12ヶ月未満
B26002190,7,2026/8/31,12130,0,2500,250,0,2750,福岡支店,レンタル法人,12,延長,12ヶ月未満
B26002192,1,2026/2/28,12130,0,2500,250,0,2750,福岡支店,レンタル法人,12,延長,12ヶ月未満
B26002192,2,2026/3/31,12130,0,2500,250,0,2750,福岡支店,レンタル法人,12,延長,12ヶ月未満
B26002192,3,2026/4/30,12130,0,2500,250,0,2750,福岡支店,レンタル法人,12,延長,12ヶ月未満
B26002192,4,2026/5/31,12130,0,2500,250,0,2750,福岡支店,レンタル法人,12,延長,12ヶ月未満
B26002192,5,2026/6/30,12130,0,2500,250,0,2750,福岡支店,レンタル法人,12,延長,12ヶ月未満
B26002192,6,2026/7/31,12130,0,2500,250,0,2750,福岡支店,レンタル法人,12,延長,12ヶ月未満
B26002192,7,2026/8/31,12130,0,2500,250,0,2750,福岡支店,レンタル法人,12,延長,12ヶ月未満
B26002251,1,2026/1/31,17330,0,11700,1170,0,12870,福岡支店,レンタル法人,60,新規,12ヶ月以上
B26002251,2,2026/2/28,17330,0,11700,1170,0,12870,福岡支店,レンタル法人,60,新規,12ヶ月以上
B26002251,3,2026/3/31,17330,0,11700,1170,0,12870,福岡支店,レンタル法人,60,新規,12ヶ月以上
B26002251,4,2026/4/30,17330,0,11700,1170,0,12870,福岡支店,レンタル法人,60,新規,12ヶ月以上
B26002251,5,2026/5/31,17330,0,11700,1170,0,12870,福岡支店,レンタル法人,60,新規,12ヶ月以上
B26002251,6,2026/6/30,17330,0,11700,1170,0,12870,福岡支店,レンタル法人,60,新規,12ヶ月以上
B26002251,7,2026/7/31,17330,0,11700,1170,0,12870,福岡支店,レンタル法人,60,新規,12ヶ月以上
B26002251,8,2026/8/31,17330,0,11700,1170,0,12870,福岡支店,レンタル法人,60,新規,12ヶ月以上
B26002252,1,2026/2/28,17330,0,11700,1170,0,12870,福岡支店,レンタル法人,60,新規,12ヶ月以上
B26002252,2,2026/3/31,17330,0,11700,1170,0,12870,福岡支店,レンタル法人,60,新規,12ヶ月以上
B26002252,3,2026/4/30,17330,0,11700,1170,0,12870,福岡支店,レンタル法人,60,新規,12ヶ月以上
B26002252,4,2026/5/31,17330,0,11700,1170,0,12870,福岡支店,レンタル法人,60,新規,12ヶ月以上
B26002252,5,2026/6/30,17330,0,11700,1170,0,12870,福岡支店,レンタル法人,60,新規,12ヶ月以上
B26002252,6,2026/7/31,17330,0,11700,1170,0,12870,福岡支店,レンタル法人,60,新規,12ヶ月以上
B26002252,7,2026/8/31,17330,0,11700,1170,0,12870,福岡支店,レンタル法人,60,新規,12ヶ月以上
B26002253,1,2026/2/28,17330,0,11700,1170,0,12870,福岡支店,レンタル法人,60,新規,12ヶ月以上
B26002253,2,2026/3/31,17330,0,11700,1170,0,12870,福岡支店,レンタル法人,60,新規,12ヶ月以上
B26002253,3,2026/4/30,17330,0,11700,1170,0,12870,福岡支店,レンタル法人,60,新規,12ヶ月以上
B26002253,4,2026/5/31,17330,0,11700,1170,0,12870,福岡支店,レンタル法人,60,新規,12ヶ月以上
B26002253,5,2026/6/30,17330,0,11700,1170,0,12870,福岡支店,レンタル法人,60,新規,12ヶ月以上
B26002253,6,2026/7/31,17330,0,11700,1170,0,12870,福岡支店,レンタル法人,60,新規,12ヶ月以上
B26002253,7,2026/8/31,17330,0,11700,1170,0,12870,福岡支店,レンタル法人,60,新規,12ヶ月以上
B26002291,1,2026/1/31,14901,0,4080,408,0,4488,福岡支店,レンタル法人,3,延長,12ヶ月未満
B26002291,2,2026/2/28,14901,0,4080,408,0,4488,福岡支店,レンタル法人,3,延長,12ヶ月未満
B26002291,3,2026/3/31,14901,0,4080,408,0,4488,福岡支店,レンタル法人,3,延長,12ヶ月未満
B26002292,1,2026/1/31,14901,0,4080,408,0,4488,福岡支店,レンタル法人,3,延長,12ヶ月未満
B26002292,2,2026/2/28,14901,0,4080,408,0,4488,福岡支店,レンタル法人,3,延長,12ヶ月未満
B26002292,3,2026/3/31,14901,0,4080,408,0,4488,福岡支店,レンタル法人,3,延長,12ヶ月未満
B26002293,1,2026/1/31,14901,0,4080,408,0,4488,福岡支店,レンタル法人,3,延長,12ヶ月未満
B26002293,2,2026/2/28,14901,0,4080,408,0,4488,福岡支店,レンタル法人,3,延長,12ヶ月未満
B26002293,3,2026/3/31,14901,0,4080,408,0,4488,福岡支店,レンタル法人,3,延長,12ヶ月未満
B26002294,1,2026/1/31,14901,0,4080,408,0,4488,福岡支店,レンタル法人,3,延長,12ヶ月未満
B26002294,2,2026/2/28,14901,0,4080,408,0,4488,福岡支店,レンタル法人,3,延長,12ヶ月未満
B26002294,3,2026/3/31,14901,0,4080,408,0,4488,福岡支店,レンタル法人,3,延長,12ヶ月未満
B26002295,1,2026/1/31,14901,0,4080,408,0,4488,福岡支店,レンタル法人,3,延長,12ヶ月未満
B26002295,2,2026/2/28,14901,0,4080,408,0,4488,福岡支店,レンタル法人,3,延長,12ヶ月未満
B26002295,3,2026/3/31,14901,0,4080,408,0,4488,福岡支店,レンタル法人,3,延長,12ヶ月未満
B26002296,1,2026/1/31,14901,0,4080,408,0,4488,福岡支店,レンタル法人,1,延長,12ヶ月未満
B26002297,1,2026/1/31,14901,0,4080,408,0,4488,福岡支店,レンタル法人,1,延長,12ヶ月未満
B26002298,1,2026/1/31,14901,0,4080,408,0,4488,福岡支店,レンタル法人,1,延長,12ヶ月未満
B26002345,1,2026/2/28,18033,0,5700,570,0,6270,福岡支店,レンタル法人,6,新規,12ヶ月未満
B26002345,2,2026/3/31,18033,0,1800,180,0,1980,福岡支店,レンタル法人,6,新規,12ヶ月未満
B26002345,3,2026/4/30,18033,0,1800,180,0,1980,福岡支店,レンタル法人,6,新規,12ヶ月未満
B26002345,4,2026/5/31,18033,0,1800,180,0,1980,福岡支店,レンタル法人,6,新規,12ヶ月未満
B26002345,5,2026/6/30,18033,0,1800,180,0,1980,福岡支店,レンタル法人,6,新規,12ヶ月未満
B26002345,6,2026/7/31,18033,0,1800,180,0,1980,福岡支店,レンタル法人,6,新規,12ヶ月未満
B26002383,1,2026/1/31,17330,0,9400,940,0,10340,福岡支店,レンタル法人,60,新規,12ヶ月以上
B26002383,2,2026/2/28,17330,0,9400,940,0,10340,福岡支店,レンタル法人,60,新規,12ヶ月以上
B26002383,3,2026/3/31,17330,0,9400,940,0,10340,福岡支店,レンタル法人,60,新規,12ヶ月以上
B26002383,4,2026/4/30,17330,0,9400,940,0,10340,福岡支店,レンタル法人,60,新規,12ヶ月以上
B26002383,5,2026/5/31,17330,0,9400,940,0,10340,福岡支店,レンタル法人,60,新規,12ヶ月以上
B26002383,6,2026/6/30,17330,0,9400,940,0,10340,福岡支店,レンタル法人,60,新規,12ヶ月以上
B26002383,7,2026/7/31,17330,0,9400,940,0,10340,福岡支店,レンタル法人,60,新規,12ヶ月以上
B26002383,8,2026/8/31,17330,0,9400,940,0,10340,福岡支店,レンタル法人,60,新規,12ヶ月以上
B26002384,1,2026/1/31,17330,0,9400,940,0,10340,福岡支店,レンタル法人,60,新規,12ヶ月以上
B26002384,2,2026/2/28,17330,0,9400,940,0,10340,福岡支店,レンタル法人,60,新規,12ヶ月以上
B26002384,3,2026/3/31,17330,0,9400,940,0,10340,福岡支店,レンタル法人,60,新規,12ヶ月以上
B26002384,4,2026/4/30,17330,0,9400,940,0,10340,福岡支店,レンタル法人,60,新規,12ヶ月以上
B26002384,5,2026/5/31,17330,0,9400,940,0,10340,福岡支店,レンタル法人,60,新規,12ヶ月以上
B26002384,6,2026/6/30,17330,0,9400,940,0,10340,福岡支店,レンタル法人,60,新規,12ヶ月以上
B26002384,7,2026/7/31,17330,0,9400,940,0,10340,福岡支店,レンタル法人,60,新規,12ヶ月以上
B26002384,8,2026/8/31,17330,0,9400,940,0,10340,福岡支店,レンタル法人,60,新規,12ヶ月以上
B26002552,1,2026/1/31,12729,0,1740,174,0,1914,福岡支店,レンタル法人,57,新規,12ヶ月以上
B26002552,2,2026/2/28,12729,0,1740,174,0,1914,福岡支店,レンタル法人,57,新規,12ヶ月以上
B26002552,3,2026/3/31,12729,0,1740,174,0,1914,福岡支店,レンタル法人,57,新規,12ヶ月以上
B26002552,4,2026/4/30,12729,0,1740,174,0,1914,福岡支店,レンタル法人,57,新規,12ヶ月以上
B26002552,5,2026/5/31,12729,0,1740,174,0,1914,福岡支店,レンタル法人,57,新規,12ヶ月以上
B26002552,6,2026/6/30,12729,0,1740,174,0,1914,福岡支店,レンタル法人,57,新規,12ヶ月以上
B26002552,7,2026/7/31,12729,0,1740,174,0,1914,福岡支店,レンタル法人,57,新規,12ヶ月以上
B26002552,8,2026/8/31,12729,0,1740,174,0,1914,福岡支店,レンタル法人,57,新規,12ヶ月以上
B26002627,1,2026/2/28,12131,0,3360,336,0,3696,福岡支店,レンタル法人,1,延長,12ヶ月未満
B26002632,1,2026/2/28,5759,0,9600,960,0,10560,福岡支店,レンタル法人,1,延長,12ヶ月未満
B26002646,1,2026/1/31,10190,0,90000,9000,0,99000,福岡支店,販売,12,新規,12ヶ月未満
B26002728,1,2026/1/31,10190,0,995900,99590,0,1095490,福岡支店,レンタル法人,1,新規,12ヶ月未満
B26002730,1,2026/1/31,10190,0,24150,2415,0,26565,福岡支店,レンタル法人,1,延長,12ヶ月未満
B26002731,1,2026/1/31,10190,0,9200,920,0,10120,福岡支店,レンタル法人,1,延長,12ヶ月未満
B26002732,1,2026/1/31,10190,0,54050,5405,0,59455,福岡支店,レンタル法人,1,延長,12ヶ月未満
B26002733,1,2026/1/31,10190,0,2673664,267336,0,2941000,福岡支店,レンタル法人,1,新規,12ヶ月未満
B26002734,1,2026/1/31,10190,0,28000,2800,0,30800,福岡支店,レンタル法人,1,延長,12ヶ月未満
B26002756,1,2026/1/31,18042,0,12800,1280,0,14080,福岡支店,レンタル法人,0,新規,12ヶ月未満
B26002826,1,2026/3/31,14073,0,47100,4710,0,51810,福岡支店,レンタル法人,36,新規,12ヶ月以上
B26002826,2,2026/4/30,14073,0,47100,4710,0,51810,福岡支店,レンタル法人,36,新規,12ヶ月以上
B26002826,3,2026/5/31,14073,0,47100,4710,0,51810,福岡支店,レンタル法人,36,新規,12ヶ月以上
B26002826,4,2026/6/30,14073,0,47100,4710,0,51810,福岡支店,レンタル法人,36,新規,12ヶ月以上
B26002826,5,2026/7/31,14073,0,47100,4710,0,51810,福岡支店,レンタル法人,36,新規,12ヶ月以上
B26002826,6,2026/8/31,14073,0,47100,4710,0,51810,福岡支店,レンタル法人,36,新規,12ヶ月以上
